:100000000040012091800000A77E0000677A000078
:10001000137C0000137C0000137C00000000000033
:10002000000000000000000000000000137C000041
:10003000137C000000000000137C0000137C000013
:10004000137C0000137C0000137C0000137C000074
:10005000137C0000137C0000137C0000137C000064
:10006000137C0000137C0000137C0000137C000054
:10007000137C0000137C0000137C0000137C000044
:10008000137C0000137C0000137C0000137C000034
:10009000137C0000137C0000137C0000137C000024
:1000A000137C0000137C0000137C0000137C000014
:1000B000137C0000137C0000137C0000137C000004
:1000C000137C0000137C0000137C0000137C0000F4
:0800D000137C0000137C00000A
:1000D800BEB008F063F808F04CFB04F08DFA04F0A9
:1000E8006AF807F045F8DFF8444D1520012101258D
:1000F800A0471E200121A0471C200121A047122053
:100108000121A04716200121A0470F200121A04767
:100118000B200121A047E94808F043FB20AC20460A
:1001280008F058FA022021460026ADF880004FF466
:10013800E1302690002003F089F9DFF8F47C386577
:100148001CAC204608F0C8F9002021468DF87860DC
:1001580003F000FF7865002005F0A4FCDFF80C4FE1
:1001680024207121A04734200021A04735200021F8
:10017800A04736200021A04737200021A0478DF84E
:10018800D46035AC0320214607F0D8F804F11501F6
:1001980004F1160214921591C8B1DFF8CC7EDFF88D
:1001A800D04E0320FF21BD72A04743203F21A04726
:1001B80044203F21A04742203F21A0474520C0219D
:1001C800A04735A9002007F0B9F8BE7102E0DFF8B2
:1001D800980E8672BA4EDFF89C4E0F203146A04723
:1001E800DFF8805E0F200121A8470B203146A04789
:1001F8000B200121A847711E1220A04712200021C0
:100208000026A84708F048FA4FF0FF354FF0AD0830
:100218000027F00734D1022F32D2DFF84C1E87F0C6
:10022800010000244872A61E18BF0126022C25D002
:100238001220214608F06CF843F6982008F0B1FA2D
:10024800DFF8240EC565002005F02CFC1F20522184
:1002580006F030F946F2A81008F0A3FA002005F0DD
:1002680059FE0134AD28DED1DFF8FC0D80F80B8093
:10027800012005F04FFE022005F04CFE0137C8E7CB
:10028800C8B1DFF8F44D2C201321A0472A20012102
:10029800A0472D202221A04744F6206008F081FACB
:1002A800DFF8D84D0B20A0472C20A0472D20A047D1
:1002B80005F062FA05E0002005F02CFEDFF8A81D25
:1002C800C872DFF8B44D2D2000214FF00008A04778
:1002D8002020FA21A04721200021A0472220042124
:1002E800A04723209621A04724200021A0472520AD
:1002F8003221A04726200021A04727203F21A047E0
:100308002C201321A0472D202221A047DFF8545D7F
:1003180016200021A847DFF8684D4FF47A70A047EF
:1003280016200121A8476748A04718200121A8479F
:1003380044F62060A047DFF84C0D07F06BFD2BA8B2
:10034800DFF83CADDFF81C9D00F10C010830199175
:1003580035A91890DFF8300D0C311A9131AE002113
:10036800022901F08B86445C16915549204608F015
:10037800C2F9204608F0E6F9322008F012FA002502
:10038800022D00F09680DFF8040D50F825703846ED
:1003980005F088FB1A9800218DF8CC80CDE93188CA
:1003A800CDE93686C0E90088C0F808800920359074
:1003B800204607F0ADFF1920D047DFF8AC0C806D60
:1003C80035A908F0C8F91920D047204608F0BAF92D
:1003D8003220D0479DF8C40000F0F000C02873D048
:1003E8002046002117972F46C8471920D0471120CB
:1003F800DFF8745C0DF1AC0B8DF8F60018985946CF
:10040800C0E90088C0E902880DF1F6002C900120AF
:100418002B90A86D08F09FF91920D047204601219C
:10042800C8473220D04720208DF8AA800021ADF897
:10043800A8001998C0E90088C0F8088029A82D905C
:100448002AA88DF8A680ADF8A4802C9003202B90C4
:100458002046C8471920D047A86D594608F07BF9AF
:100468001920D04720460121C8473220D0479DF89F
:10047800A6000138FE2847D33D46C7B9DFF8100C5F
:10048800DFF8107CB847204606F04AFCDFF8080C75
:10049800B8479DF8A60007F03BFBDFF8000CB8470B
:1004A8009DF8C40007F034FBDFF8F40BB8470135BA
:1004B80066E71699DFF8D00B013151E7A0860100F5
:1004C8000104002040420F00DFF8D80BDFF8C48B8E
:1004D800C047204606F024FCDFF8CC0BDFF8CC1B25
:1004E800002D08BF0846C047DFF8C40BC0479DF879
:1004F800C40007F00DFBDFF8BC0BC047DFF8681B32
:10050800732048730C732EE0DFF8980BDFF884AB88
:10051800D047204606F004FCDFF88C0BDFF88C1B74
:10052800002F3D4608BF0846D047DFF88C0BD04760
:100538009DF8A400DFF8849BC847DFF8848B404609
:10054800D0479DF8A500C8474046D0479DF8A6006B
:10055800C847DFF8700BD047DFF80C1B9DF8A600E2
:10056800179F0C734873DFF8600B07F053FCDFF834
:10057800F80A007B06F0D4FBDFF8500B07F04AFCC2
:10058800DFF84C4BDFF84C0B002D08BF0446DFF8B2
:10059800F0AA204607F03EFCDFF8CC8ADFF8385B8B
:1005A8001120C8F85C70A8476420D047DFF82C7B7E
:1005B8000220E021B8477D48D04701200121B847F3
:1005C80003201021B84704201021B8470520002136
:1005D8000024B84706202C21B84707200C21B8472B
:1005E80009200021B8470A208721B847182008F0B9
:1005F800A9F844F62060D0471120A8474FF47A7034
:10060800D0471A20A8476A48D0471120A8474FF476
:100618007A70D0470A200721B84742F21070D047B5
:10062800012005F03FFAD8F8580098B3ADF8BA4061
:10063800CDF8B640CDF8B240CDF8AE40CDE939445A
:10064800CDE937642BA8DFF8205A0021CDE93344DF
:10065800CDE9314436900E2035904FF43260ADF834
:10066800AC00287B07F054FE0A20D047A86D35A9B6
:1006780008F071F804460A20D047287B08F062F891
:100688001920D04734B1DFF8580AB11C0C22403089
:1006980008F08AF8DFF8480A90F84000411EFD2962
:1006A8009CBFDFF8C419487318200121012407F002
:1006B8002FFE07F0F1FF102006F0D6F807F0ECFF48
:1006C800DFF8A409407B40F0200173290AD010F01C
:1006D800700F07D1DFF8080A90F8420040F0400098
:1006E800E02802D1DFF88009847335AC1821204650
:1006F80007F0F9FD002021461722CDE92D00CDE9AC
:100708002B00ADF8C80031908A2006F091FE002831
:1007180000F0B1802BA9E1200E2206F089FE002806
:1007280000F0A98031A900200522002406F080FEEF
:10073800002800F0A0808DF8A8402AA9F020012206
:10074800012406F075FE9DF8A800159F022807D021
:10075800BDF8D81046F2A81081422CBF002401240D
:10076800DFF80419BDF8B400002C8885BDF8D40062
:10077800CC73C8859DF8D60008743DD03698DDF84E
:10078800DE10DFF8E438BDF8E220C3E90C10BDF84C
:10079800DC00A3F81120A3F81300BDF8E6001887C1
:1007A8009DF8E800587503F1160039E0A0860100AD
:1007B80020A1070000BF00BF000000000000B03EFD
:1007C800000000000000F03E000000000000703F44
:1007D800000000000000103D000000000000B03DD7
:1007E800000000000000503F000000000000103F23
:1007F800000000000000B03F3698149FC1F83A008E
:100808009DF8DC00C875DDF8DE00C1F83E00BDF8D3
:10081800E2000883DDF8E600C1F8420001F11A00A1
:100828009DF8AF40DFF840689DF8AC109DF8AD200A
:100838009DF8AE309DF8C650F4762C9CF461BDF856
:10084800B640A6F84A40BDF8B84034849DF8C44084
:1008580086F822403C780470080140EA1210A6F895
:10086800460002F00F0040EA0310A6F84800C5F35E
:10087800011086F82300DFF8F007406D002800F02B
:1008880012810021CDE93B11CDE93911CDE93711AC
:10089800032136912BA935914421ADF8EC1038216C
:1008A8008DF8AE1043F20A21ADF8AC1035A907F067
:1008B80002FDDFF8B407406D002800F0F4800C203A
:1008C80006F03CF9DFF81C48032040F60E01A0476B
:1008D80004204FF4E061A04700200021A047DFF882
:1008E8008807406D002800F0DE80DFF87C0700F103
:1008F8004C0142F20B4006F0A1F8002800F0D3802A
:10090800002443F20100ADF8AC402BA906F096F89C
:1009180068B1BDF8AC10012060F342014FF6FB70DE
:10092800ADF8AC10014043F2010006F0D1F944F6ED
:10093800206007F036FF3594ADF8C44035ACDFF8D9
:10094800A87742F20C402146B84742F20E402146B1
:10095800B84707F0EBFE1FED680B07F0B1FE41EC5E
:10096800100BDFF8045742F21040214685ED1A0BB0
:10097800B84742F212402146B84742F22440214685
:10098800B84707F0D3FE1FED720B07F099FE41EC54
:10099800100B42F22640214685ED1C0BB84707F0A4
:1009A800C5FE1FED770B07F08BFE41EC100BDFF84F
:1009B800308742F22840214688ED000BB84707F0FF
:1009C800B5FE1FED7D0B07F07BFE41EC100B42F2EC
:1009D8002A40214688ED020BB84707F0A7FE1FED15
:1009E800820B55EC106B32462B4607F0D2FE41ECD9
:1009F800100B42F22C40214688ED040BB84707F053
:100A080095FE32462B4607F0C4FE41EC100BDFF88A
:100A1800DC7642F22E4088ED060B31AD2946B84708
:100A280007F02AFE1FED920B54EC106B07F03CFE0A
:100A380041EC100B42F22F40294688ED080BB847CD
:100A480007F01AFE07F030FE41EC100B42F281402D
:100A5800294688ED0A0BB84707F00EFE1FED9E0BDE
:100A680007F02EFE41EC100B42F28240294688ED39
:100A78000C0BB84707F000FE07F016FE41EC100B10
:100A880043F2010088ED0E0B2BA9B84738B1BDF829
:100A9800AC0040F0060143F2010006F019F9DFF856
:100AA800C81501200872DFF8480600214FF0000A37
:100AB80006F0E6F8DFF83C96282109F1200007F057
:100AC80012FC042003F0A6F9D049172007F013FE02
:100AD800DFF82416172007F091FA172007F016FB05
:100AE8008DF86FA035A8CA4CDFEDCAAADFEDCABAE7
:100AF800DFEDCA9A9FEDCAEA1FEDC3FBB6EE00DA36
:100B0800FEEE008A4FF0000B10300F90DFF858050A
:100B18000078C00701F0E181DFF84C0580F800A0FB
:100B2800A069C00605D4BF48006801692046884707
:100B380016E0DFF83405CDF8D4A00DF16F010122DD
:100B4800006D35AB07F09AF9083004D1DFF81805C5
:100B5800006D06F0A5FD359800284AD09DF86F0075
:100B6800A0F1310103292FD9411C42D0432801D0DB
:100B7800632833D1DFF860451120A047DFF800551E
:100B88004FF47A70A8470A20872105F073FB42F2D8
:100B98001070A8471A20A047A348A8471120A047CB
:100BA8004FF47A70A8470A20072105F063FB42F248
:100BB8001070A8471020A0474FF47A70A847DFF8B4
:100BC8003C0507F027F914E0DFE801F002100406FD
:100BD80001200CE003200AE0042008E08028C0F28D
:100BE8000581DFF88414643888840CE1022003F05E
:100BF80011F900248DF86EA0CDF8ACA0CDF8C4A0F2
:100C08002BA90DF16E0031AA03F076FD002800F043
:100C180013811A94DFF8E804DFF87844A0479DF8B8
:100C28006E80404606F07CF8DFF8D8542846A04786
:100C38002B9E304607F0A4F92846A047319F384636
:100C480007F09EF9DFF8C004A0470BF1010BDFF8AD
:100C5800A00439460023CDF800904FEA8B0201F03A
:100C680065FA8246DFF800044078042849D1F9176C
:100C780016EB670241EBE6711602090241EA1263BC
:100C880099F83010B1B3D9F834E0D9E90872DC46E4
:100C98000EF10101B6EB070B1991C9F83410D9E927
:100CA8000A1563EB02094FEADB1444EA4964E419C4
:100CB8004FEAE917DFF83C947A41761AAB41760A95
:100CC80046EAC3565B1289196B41C9E90842C9E96A
:100CD8000A13611A9A41090A41EA026399F8311024
:100CE800002959D0E34613F1B50FDCBF002189F87C
:100CF800311006E00121C9E90863C9E90A6389F8E6
:100D08003010062180F0040021EA08010843B0FAF7
:100D180080F04109062007F0FBFAD34B99F80B0045
:100D28006FF022019A8C51FA80F19729144638BF46
:100D3800C4B2002A18BF14469878BAF1000F01D03F
:100D480038B114E0C1B21A9AB1FA81F149090A42DC
:100D58000BD0C54E232001210125B070072007F0D4
:100D6800D7FAF0784FF0000A0FE0002862D0BE49A9
:100D780001384FF0000A887000065DD10720002175
:100D8800002507F0C5FAB848C078062854D120468F
:100D9800294604F0B1FF4FE0B52BE346B1DB012152
:100DA80089F83110AEF2F311B1F5FA6F00F2EA8664
:100DB80099F8402099F84110199C09EB4203013237
:100DC80002F0030203291C8709F1380389F840203F
:100DD8009CBF013189F8411000220E46002E00F018
:100DE800C08633F8024B013E2244F7E742280AD076
:100DF80052287FF4FEAE9C48002400218484002001
:100E080004F07AFFF6E60124F4E600BF0240012070
:100E180000B0004000007A44E12E65420000000066
:100E280000C07944D001001020A1070019830000F8
:100E3800E00A00204FF0000A0A20BBFBF0F000EBAC
:100E48008000ABEB4000002840F09580ADF8D4A0BE
:100E5800ADF8A8A0ADF8A4A035A82AA929AA04F03D
:100E6800E7F8002800F087807F4FBDF8A8103A798E
:100E7800388D002A18BF091A08B200EE100A788DBA
:100E8800BDF8A41018BF091AB8EEC00A08B280EE5F
:100E98002A8A00EE100AF88CBDF8D410B8EEC00A01
:100EA80018BF091A08B280EE2A9A29EE090A08EE34
:100EB800080AF1EEC00A00EE100AB8EEC00A80EE89
:100EC8002AAAB1EE4A0A03F097FCB0EE40BAB0EE97
:100ED800480AF0EE490A03F08FFC0B20B0EE40CA36
:100EE80005F018F8044689486A4DA847884EB0EEC0
:100EF8004A0AB0478748A847B0EE480AB04786482C
:100F0800A847B0EE490AB0478448A8472BEE2B8A79
:100F1800B0EE480A05F074FB8148A8472CEE2B0A6E
:100F280005F06EFB7F48A847C4F3801005F0F8FE73
:100F38007D48A8477879F0B94B48C07807281AD176
:100F4800B5EE408AB0EE680A40F2E731F1EE10FAE9
:100F5800A8BFB0EE4D0A38EE000ABDEEC00A10EE8A
:100F6800100A002848BF404200B28842A8BF08467D
:100F780080B205F0B9FD1921BBFBF1F000FB11B0FF
:100F8800022840F03181FF208DF8D4003648807A5D
:100F9800012856D1002035A906F0D0F9002850D0F4
:100FA8009DF8D4003F2131EA00004AD02E498979C2
:100FB800884247D02C4A81F0FF0100EA0104907171
:100FC800A0071CD5284DDFF8202CE878013000F068
:100FD800070000EB4001E870505C0A4451789278B1
:100FE80006F036FCE878DFF8041C085C00F00F0116
:100FF800372006F03BFA0F20E87101206871E007FE
:1010080011D0194D6878411C032888BF0121C8B246
:1010180002F000FF45204321472206F019FC0F206B
:10102800E87101206871202C0ED304F0A5FB432041
:1010380041214C2206F00CFC0B49012048710F207D
:101048000CE000200849887107484079012840F0E1
:10105800AB800548C079002800F0C28002490138F9
:10106800C871C1E019830000E00A0020757400000F
:1010780001720000FF860000BD6400001D5F0000D3
:10108800AB87000060880000AA8A00004C8C000032
:10109800B68C00001D7E0000B28C0000A68C0000FB
:1010A800C28C00002C8B0000A28B0000AC8B0000CF
:1010B800E5890000A28C0000CA8B0000197B0000A3
:1010C800AE8C0000D48A0000A88900002C8C000097
:1010D800578B0000648B0000716800007D6200007F
:1010E800580B0020AD6E000019770000456A00001B
:1010F80000000020F00B0020E9850000498B00006B
:101108006A8C0000C08C0000948C0000C08A00002B
:101118008D5D0000718C0000638C0000C08B0000A6
:10112800EF8B0000348C0000AA8C000000BF00BFC9
:101138000000000000804840000000000000003F60
:10114800FCA9F1D24D62403F55C1A8A44E40633F6F
:101158000000000000007440000000000000F03FA4
:10116800000000000000503F000000000000384070
:101178000000000000001040FCA9F1D24D62603F61
:1011880000000000000039C03333333333330B40E1
:1011980000000000000000000000000000E06F40B8
:1011A800ECDD1FEF552B433F5FF84401C07806285C
:1011B8001AD15FF84C3199F80B106FF022009A8C15
:1011C80050FA81F09728104638BFC8B2002A18BFD5
:1011D80010469978002918BF012104F08DFD03E01D
:1011E800DFF8DC0E80F805A0FA21BBFBF1F000FB6C
:1011F80011B0042840F06E86DFF8C40ECDF868B050
:10120800406D002800F05281DFF8B48E98F9200074
:1012180006F00EFC53EC1F2B1192179307F0B9FA46
:101228001FED3D0B07F030FA0446B8F94A0007F005
:1012380074FA1FED3F0B53EC102BCDE9182307F080
:10124800A8FA1FED410B07F03BFA1FED410B07F021
:101258001BFA1FED410B07F033FA1FED410B59EC58
:1012680010BB5A4607F068FA07F05AF9044698F98D
:10127800210007F052FA1FED460B07F021FA1FED87
:10128800460B07F01DFA07F01FFA044698F82300EA
:1012980007F04FFA1FED4A0B57EC106B07F018FADE
:1012A80007F0BEF907F073FA07F0E2F9044698F977
:1012B800220007F032FA1FED500B07F001FA5A46E8
:1012C80007F03AFA02460B4658464946CDF854B05C
:1012D80007F05DFA07F024F91FED570B53EC108B5C
:1012E8004246139301F07DFD1FED590B07F0E8F915
:1012F8001FED590B05460C4657EC106B32463B4622
:1013080004F093FD1FED5C0B0028169718BF3C46B0
:10131800149618BF354607F003F800281CBF3C4652
:1013280035462846214605F075FEDFF8B84D0146DA
:101338005A20A04764205921A04771201021A047B6
:1013480072200121A04774205521A047674807F063
:1013580028FA35AC1121204606F0C5FF1D2021468C
:10136800112206F065F868B19DF8DA109DF8D900E9
:10137800090141EA00309DF8DB1040EA11104103F1
:1013880040F002814FF0000BB0EE698AB0EE69AA16
:10139800B0EE699ADFF8280D406D002800F09280C1
:1013A8000F99CDF848808DF8F6A0C1E900AAC1E9E7
:1013B80002AA022138912AA9ADF8A8A037910121E3
:1013C80036910DF1F60135914421ADF8EC1035A9AF
:1013D80006F071FF8046B0EE69BA58B301210220C9
:1013E8009DF8A8509DF8A9608DF8F410389029A8A8
:1013F800CDE936103DA8ADF8A4A03590DFF8C00CB3
:10140800406D35A906F057FF65F30B269DF8A4102B
:101418003202002818BF41EA0622280902FA00F021
:1014280006F0BEFD1FEDA20B07F04AF905F07AF8A9
:101438000BEE100ADFF8880C406D00284ED0DFF85C
:10144800A84C0820CDF84090A04781460920A04725
:101458000A20A0474FF6FF70B9EB000018BF012023
:1014680019900026DFF8580C007A01283AD1DFF8E5
:10147800500C406DB0B30020ADF8D40043F6FF70B7
:1014880035A905F0DBFA0028B0EE69CA00F07584CA
:10149800BDF8D460CDF86090F00740F0A983DFF87C
:1014A800200C012690ED19CA00F065BC00274FF00A
:1014B80000094FF0000BB0EE699AB0EE69AAB0EEE1
:1014C800698A02E000274FF00009B0EE69BA4FF0D0
:1014D8000008B0EE69CA002600F050BC4FF00009C1
:1014E8000027F6E7B0EE69CA00F047BC20BF02004B
:1014F8000000000000003040000000000000B44080
:10150800000000000000F03C000000000000E03B8C
:10151800000000000000903F000000000000204094
:10152800000000000000703F000000000000D0C074
:10153800000000000000203E000000000000B03E57
:10154800000000000000F03D000000000000A03D89
:10155800000000000000E03F000000000040EFC075
:10156800000000000000C03E000000000000000075
:10157800000000000000D03F000000000000F04024
:1015880000000000000030BF9DF8D7209DF8D6105D
:101598009DF8D830CDF84880CDF84090120142EA45
:1015A800013141EA13110591BDF8DC1009BA090CA3
:1015B8000A9106F0F5FC9FED320B06460F4653ECF8
:1015C800102BCDE90D3207F0E4F8DFF8F4BA044641
:1015D8000D46BBF82C0006F0E3FC9FED2B0B804674
:1015E8008A4607F06DF806F095FF0446BBF92E0011
:1015F80007F093F806F094FF9FED250B04460D467F
:101608003046394653EC102BCDE9032307F0C1F8D7
:101618009FED210B06460F464046514607F050F80D
:1016280006F0FEFF01F0DDFB02460B4607F0B1F8BD
:1016380006469BF9100007F073F81FED530B53ECA7
:10164800102BCDE9082307F0A4F806F05DFF06F09B
:1016580061FF1FED570B04460D4653EC102B07F0A6
:1016680096F881468A4604F05DFF06909BF80F00C5
:10167800CDE90BA9012840F0F88019E000BF00BFB0
:10168800000000000000103F00000000000050BFF4
:10169800000000000000E03E00000000000020BF45
:1016A800000000000000304100000000006AB8405F
:1016B800DFF80CBABBF932000390BBF9380006F02A
:1016C800B7F91FED710B54EC107B3A46234607F02F
:1016D80060F805469BF915000E4606F0A9F93A464A
:1016E800234607F056F84A46534607F052F82A466A
:1016F800334601F076FB804605988B46000106F0DC
:101708004FFC02460B46044617900D46119107F010
:1017180040F842465B4607460E4607F03AF88346CD
:1017280088463846314606F0A3FF0646DFF890099A
:101738000F4690F9160006F07BF91FED8D0B06F0A9
:10174800BFFF06F0E1FE5A46434601F04AFBCDE9E9
:101758000410039806F06CF91FED930B06F0B0FF28
:1017680006F0C6FEDFF858B904460D46BBF830004F
:1017780006F016FC1FED980B06F0A2FF06F0A4FF7A
:1017880004469BF9110006F0C8FF1FED9B0B06F0FD
:1017980097FF06F0ADFE06F0ABFE06F0BBFE044672
:1017A8009BF9120006F0B9FF06F072FF06F0A0FEE2
:1017B80006F09EFE06F09CFE06F0ACFE8046BBF8E6
:1017C8003600199106F0ECFB1FEDA90B54EC105BE9
:1017D8002A46234601F005FB1FEDAB0B06F070FF10
:1017E80006F086FE0646BBF8340006F0A8FF2A4637
:1017F800234601F0F6FA1FEDB00B06F061FF06F084
:101808000FFF01F0EEFA04469BF9130006F085FF7E
:101818001FEDB50B06F054FF06F06AFE06F068FEF1
:1018280006F052FF04469BF9140006F076FF1FED00
:10183800BA0B06F045FF06F05BFE06F059FE06F00F
:1018480057FE06F041FF179A119B06F0A2FF0B46C0
:1018580019990246404601F0C4FA02460B46DDE9F2
:10186800041001F0BEFA0D9EE2E01FEDC70B204602
:10187800294606F025FF1FEDC80B06F005FFDFF827
:1018880040488146884694F9170006F0D1F806F0DA
:1018980053FE06F051FEDDE90DB25B4606F079FF16
:1018A8000646B4F93C0006F03BFF4A46434606F0BC
:1018B80070FF06F00DFF1FEDD60B06F001FF06F0D6
:1018C800E7FE159A109B01F08CFA0646608F06F029
:1018D80036FF06F019FE149A169B04460F4604F0CC
:1018E80097FA1FEDDFCB00285E4640F0A380DFF8B3
:1018F800D0B70294BBF940005C4606F099F806F0B0
:101908001BFE834694F919008A4606F091F8DDE932
:10191800032306F03EFF064601970F464846414618
:101928004A46434606F035FF06F0C2FE04460D4619
:10193800584651465A465346DDF8348001F051FA6C
:1019480006F0C2FE1FEDF60B06F0BAFEDFF8709740
:1019580004460D46B9F93E0006F06AF81FEDFA0B89
:1019680006F0AEFE06F0B0FE1FEDFB0B06F0A8FE7B
:101978000446059806F0DDFE1FEDB70B02460B4640
:1019880051EC100B01F028FA06F09EFE1FEDBA0B81
:1019980006F096FEDDE9013206F0F9FE8246B9F955
:1019A80044008B4606F044F806F0C0FD06F0BEFD84
:1019B8009FED770B06F084FE9FED770B04460D46EE
:1019C8005046594606F07CFE06F098FD06F09CFD50
:1019D800064699F81A0006F0B2FEDDE9032306F080
:1019E800D8FE06F065FE0646B9F9420006F098FEF4
:1019F80006F04EFE06F044FE06F066FE32463B4612
:101A0800464601F0EEF9044699F9180006F085FEFD
:101A18009FED630B06F054FE06F056FE119A179BD5
:101A280006F0B7FE02460B465046594601F0D9F972
:101A380041EC1C0B0698DFF8888608EE100A98F926
:101A48001B0005F0F5FF9FED580B06F039FEDDF899
:101A580030A0DDF82CB006F069FD0446B8F848005F
:101A680006F067FEDDE9082306F093FE06F02CFE7B
:101A780004460A9806F05DFE22462B4601F0ACF9B2
:101A8800044698F91C0006F048FE0E9A334606F004
:101A980080FE06F0F5FDDDF84090159A06F04CFE44
:101AA800064698F91D0006F03BFE9FED410B06F037
:101AB80007FE06F03BFD06F0E3FD06F009FE0646CC
:101AC800B8F8460006F03BFE9FED3B0B06F0F8FD2C
:101AD80006F0EEFD06F024FD044698F81E0006F018
:101AE80028FEDDE90D3206F054FE064698F91F007F
:101AF80006F016FE9FED320B06F0E2FD06F0C0FD83
:101B080006F0E6FD06F0B4FD06F0B2FD06F0DCFDD9
:101B1800149E169F05460C4632463B4604F085F94E
:101B28009FED290B00281CBF3C46354606F0F8FB04
:101B380000281CBF3C4635462846214604F0F2FCE6
:101B480009EE100A51EC1C0B06F0B6FD04F0EAFC95
:101B5800DDF848800AEE100A4FF0010B4FF0000A3A
:101B680018E48A420ED3B2FBF1F140F2FD73A1F200
:101B7800C7129A4206D889B243F69822B2FBF1F10D
:101B8800A9F842100021C9F83410FFF7BAB800BF0D
:101B9800000000000000003E000000000000703F50
:101BA8000000000000006040000000000000E03F6E
:101BB800000000000000B03E000000000000D03E21
:101BC800000000000000A03E000000000000594096
:101BD80000000000000028408DEDB5A0F7C6B03E1B
:101BE80000000000000020417C8A0000248C0000D6
:101BF80026F0010143F6FF70CDF85C8005F068F827
:101C0800DFF8D044ADF8A8A0ADF8A4A044F20500D0
:101C18002AA9A04744F2080029A9A0475046BDF9BF
:101C2800A4A0BDF9A8700DF1F601ADF8F600ADF865
:101C3800F40006F07C0044F20706042844F206008B
:101C480008BF44F2040608BF44F20300A047304628
:101C58003DA9A047384605F0EBFE1FED230B53ECDA
:101C6800102BCDE90C2306F092FD0246DFF8600444
:101C78000B461446984690ED080B51EC100B06F0F5
:101C880088FD0646504606F04BFD82460B46304618
:101C980039465246994601F0A4F8064616981FEDB3
:101CA800320B0F46C50F53EC102B304665F3DF712E
:101CB80011920E9304F0B9F8002856D1BDF9F4003A
:101CC800119A0E9B0B90BDF9F6000A90DFF8F0030D
:101CD80090ED1A0B51EC100B65F3DF7104F0A5F8C9
:101CE800002842D1DFF8E8032246434690ED0A0B6C
:101CF80051EC100B06F04DFD524606F01DFD119AF1
:101D08000E9B059165F3DF71099004F08EF8824609
:101D18002046414606F0D0FC1FED4F0B53EC102B2C
:101D28000692089306F035FD81460491DDE90A1014
:101D3800084405F07DFE1FED640B06F0C1FCBAF106
:101D4800000F12D18046DFF878030C46119A0E9BDB
:101D580090ED1C0B56EC107B3146384665F3DF716D
:101D680004F063F8002800F0C680D548002690EDFE
:101D780019CADDF85C80DDF86090199FDB4806F031
:101D880049F8BBF1000F10D0D948CE4CA047D94D27
:101D9800B0EE480AA847D848A047B0EE490AA84775
:101DA800D648A047B0EE4A0AA847B8F1000F06D0B7
:101DB800D34806F02FF8B0EE4B0A04F0A5F91997AE
:101DC8002FB1D04806F026F8484604F0A9FFBC48D1
:101DD800CDE91789D8461696007A3040012806D1F1
:101DE800C94806F017F8B0EE4C0A04F08DF9C74858
:101DF800DFF8D0A2D047B24FDFF814B37878D847CD
:101E0800B74D2846D047DFF8D092C248BC8C99F825
:101E18000B60D047002C18BF26463046D847BE482E
:101E2800D047B9F80800D847BC48D047B9F84200AD
:101E3800D847BB48D047B9F80C00D847B948D0476D
:101E4800B9F80E00D8472846D0477879DDF868B049
:101E58004FF0000A00283DD19948C078062837D8A5
:101E6800DFE800F0042513190A2F4000B8F1000F2D
:101E78002ED0B0EE480A28E0199848B3189840F2D6
:101E8800E731884228BF084618E0B8F1000F1FD094
:101E9800B0EE490A19E01798D0B1B4EE4EBAF1EE97
:101EA80010FAC8BFB0EE4EBABDEECB0A04E0B8F1E6
:101EB800000F0DD0BDEECA0A10EE100A04F014FE91
:101EC80008E0169820B1B0EE4C0A03F043FA01E09E
:101ED80006F046F8DFF80092804C322006F061FCEC
:101EE800FEF714BE764881783046002918BF0121D4
:101EF80003F002FFEEE7DFF8D8A104994846A146AF
:101F08009AED000B9AED02CB9AED04FB9AED06EBE5
:101F180053EC102B00F060FF3A46334606F037FCCE
:101F28009FED5FDB53EC1D2B00F05BFF9FED5E0B1D
:101F38000446049106F0A8FB06F0E0FA06F0E4FA7D
:101F480006F0E2FADDE90C2311900E91404649466D
:101F580006F01DFC099A059B06F019FC069A089BD9
:101F680006F017FC9AED0C0BCDE90C1051EC1C0B8C
:101F780006F0A6FBCDE90A100499DDE912232046F4
:101F880000F02FFF9AED0E0B4FF00309CDE9081072
:101F98008DED060BB9F1000F60D0DDE9122351EC8D
:101FA8001D0B00F01EFF02460B4651EC1E0B06F0FF
:101FB800F0FB159A109B00F014FFDDE90832064685
:101FC8000F4651EC1F0B06F0E4FB06F081FB0246BE
:101FD8000B46DDE90A1006F0DCFB9FED350B0F46DA
:101FE80065F3DF710646A84653EC102B03F044FF57
:101FF8008246DDE90C1006F05FFB02460B46BAF19B
:10200800000F169D08BF2B46149C08BF2246119846
:102018000E9900F0E6FE22462B4641EC1C0B03F01D
:102028002BFFB8B1B0EE4C0AF0EE6C0A01F040FCA0
:1020380001F03EFC9FED201B51EC100B53EC112BD3
:1020480000F0CFFE9DED060B53EC102B00F0C4FE04
:1020580041EC1D0BA9F1010945469BE751EC1D0B0D
:1020680004F060FA16499FED30EA9FED0BFB0CEE89
:10207800100A0126B6EE00DA48667AE6124C2046C7
:1020880005F0C8FE114805F0C5FE0D48007B04F0B8
:1020980047FE0127FEF77BBA000000000000B03FB2
:1020A80000000000000039406666666666127140EE
:1020B80011EA2D819997713D66666666661271C050
:1020C800E00A00201D7E0000718B0000E4880000FB
:1020D800580B0020456A0000F00B002000B00040BB
:1020E800AA8C0000BD710000456B00003B8B00000E
:1020F800788C0000116100007E8C0000848C000048
:10210800448C0000D48B00003C8C0000E68B00005F
:10211800296D0000C88900005C8C0000F88B000065
:10212800DD8B0000B68B000000C079442DE9FC4728
:102138000027002800F00682DDF828A0BAF1000F79
:1021480000F0008291460546D0E96C20571C461CD9
:1021580095F81822C5E96C769BB1002742F020005B
:1021680051461C22AAF80A708AF8100085F818024D
:1021780005F50770CAE905778AF8007006F014FBC0
:10218800E0E140F2EE2302F0DF029F4285F81822D8
:1021980006D3002342F01002A5F8263285F818224B
:1021A800A0B900200D2803D045F820100130F9E728
:1021B80001EBC100102382006A63312B03D045F87C
:1021C80023200133F9E7C001C5F8C40095F83C2085
:1021D80095F8C80045F82210561C6B6BD5F8C4C09A
:1021E800AB630D23B6FBF3F707FB136685F83C607A
:1021F80002F10C06B6FBF3F707FB1366171DB7FBD6
:10220800F3F155F8266001FB137155F8211031449C
:1022180002F10D06B6FBF3F707FB1366D71CB7FBF5
:10222800F3F455F8266004FB137455F8244034443D
:1022380004EB410102F10B04B4FBF3F606FB134473
:10224800561DB6FBF3F755F8244007FB136655F8FF
:102258002660344404EB4404214402F10A04B4FB2C
:10226800F3F606FB1344961DB6FBF3F755F8244026
:1022780007FB136655F82660344401EB840102F12C
:102288000904B4FBF3F606FB1344D61D0832B6FB6B
:10229800F3F755F8244007FB136600F1110755F8CA
:1022A8002660344404EB84042144B2FBF3F404FBB9
:1022B8001322212355F8222002EB420201EB4201AE
:1022C800421CB2FBF3F4B7FBF3F3696344EA44142A
:1022D80003EB4313121B05F14004FB1A54F8226068
:1022E80054F8233085F8C8208E1B6644C5F8C460AE
:1022F80044F82010D5F8C400D5F8B411A3EB601346
:10230800052908D805F1CC000021052903D040F89B
:1023180021300131F9E705F1CC0405F1D406002795
:1023280017CC16C68AF80070191BC5E93330801A15
:1023380000EB4100C01080FB0001000B40EA015097
:1023480095F8881105EB81020131D2F8E440C2F812
:10235800E400B5F83A22CAF80490B1FBF2F6001B83
:10236800D5F8804106FB121185F8881167F1000144
:102378000019D5F88441C5F880016141B5F8FE41DE
:10238800CAF814300023C5F88411AAF8084095F853
:1023980026428AF80A4095F827428AF80B40B5F891
:1023A8002842AAF80C40B5F82A42AAF80E4005F0CF
:1023B8006FFFD5E9631395F81822CAF8180005F5D8
:1023C8000778C5E9630181424FF000008AF81020C0
:1023D80028BF0120994288BF012795F8B831012B01
:1023E8002FD1D5F8B431292B27D3D5F8AC018142A8
:1023F80084BFC5F8AC110846B3F5967F1DD30021FC
:1024080085F8B811C5F8B01102F07F0164285D4A5B
:1024180085F81812014698BF64214908904288BF80
:1024280042F210710A20B1FBF0F00A1AC5E96510F2
:1024380000EB92025308C5E9672306F0E7F8002786
:1024480080E0D5F8B0213840B2F5967F1ED919231F
:10245800B2FBF3F404FB1323C3B9D5F89431292B49
:1024680014D3D5F89841A3EBD303C5F89431A4EB62
:10247800D4041B1BC5F8984104EB93030F2B98BF9A
:102488000F23C5F89C315B08C5F8A03110B3B5F827
:10249800FC315F208D2B0AD303EB83136424B3FB39
:1024A800F4F34FF6E0741C405F2C88BF1846824254
:1024B80036D2D5E9650202EBD101A1EBD201401A6F
:1024C8000A4688BF02EB9002C5E9661250084FF42D
:1024D800D0716850B5F8FC0180B3A6214843642147
:1024E800B0FBF1F1D5F8B001884227D9D5E96821C8
:1024F800914223D311B3D5F8A821D5F8B4319F1A46
:10250800C21BB5F83C02824206D30120A9EB87031F
:1025180006F081F8C5F8B0710020C5F8A4010DE0F7
:10252800282913D3D5F89C0181420FD300204B46AC
:1025380006F071F89AF800000028CBD006F066F88B
:102548009AF8007007F00100BDE8FC87D5E965023C
:10255800D5F8A43102EBD104A4EBD202801A1446B8
:1025680088BF04EB90046008C5E966249942C5F861
:10257800A001AFD9D5F8B401C5F8A4114FF4D471AE
:10258800A7E700BFA18601002DE9FE4F07460868AE
:102598000024B0B1D7E9018A0E4605F039FF81461B
:1025A800D8F8E800082888BF0124B068204202D182
:1025B8007068204208D003203074484606F044F87A
:1025C80000242046BDE8FE8FD8F8C01069B198F8FD
:1025D800F8100029EFD006213174D8F8C410C8F8D3
:1025E800C4604E6198F8FC100DE000210522C8E98E
:1025F8003066C8E93411C8E9361198F8FC1000298A
:1026080008BF0122327400220129726109D1022017
:102618004FF4E02188F8FC0098F8FB0005F062F917
:10262800706889490138884205D8042005F072F994
:10263800062005F06FF9022005F06CF998F8F8000B
:1026480040B9DAF83C003168814203D298F8FC00BE
:1026580000286CD0D8E9361009B118B900E028B3C1
:1026680006F01EF8DAF80000416941F00101416105
:10267800484605F0E9FF98F8F80008B10124A0E7FA
:1026880008F16C05D8F8EC10284603F059FA002830
:10269800F4D0D8F8C00003210174384603F09CFA3E
:1026A80028460021002403F04BFA8AE79AF8040030
:1026B80005F000FF654CDAF810100222206991FA43
:1026C800A1F1B1FA81F14368D8F8CC0040680068FC
:1026D80098472069DAF8141002224368D8F8CC0029
:1026E80091FAA1F1B1FA81F14068006898479AF827
:1026F800040005F0D9FE9AF8040005F0E1FE05F0A3
:10270800CFFF0020C8F8E000D8F8C0000068B0F596
:10271800806F01D905F0C4FF98F8FE000028A1D108
:10272800DAF80000416841F0020141609AE798F840
:10273800F90020B1D8F8EC0001307FF48BAF48469F
:1027480005F082FFB2683AB1D8F8E80002210928FA
:1027580038BF0121009103E008F1F4020020009045
:10276800746834B1D8F8E8000227092838BF01276F
:1027780002E008F1F6040027DAF80000334D41685A
:1027880041F002014160D6F800B0D946BBF1000F14
:1027980040D0D8F8E800019209284FF0010011D282
:1027A8002A68B9F1000F1FD0C0071DD02178DAF8C8
:1027B80000009268904700281EBF3C44A9F1010917
:1027C8000120EDE72A68B9F1000F16D0C00714D030
:1027D8002188DAF800009268904700281EBF3C4420
:1027E800A9F101090120EDE7DAF80000D26802A991
:1027F8009047DDE90120107007E0DAF80000D268A0
:1028080002A99047DDE9012010800098ABF1010B87
:102818000244BBE7D8F8F000DAF80010CA680240B2
:10282800102802D1002AF9D101E0002AF6D07068F8
:1028380005F0DEFAD8F8C0100020C8F8C400C8F8BF
:10284800C00008741AE700BFFEFFFF0FC4010010A4
:102858002DE9FC47D0E900588246D8F80000D0F8A6
:10286800409019F4F06FC0F8449035D05FEA4951B0
:1028780017D5D5E91401411A504605F01DF9D8F8C5
:1028880000008169C90605D401688DF807109DF814
:102898000710F6E7296801312960A97B09B90121E8
:1028A800A973696C40684FF0004600F00F0404EA11
:1028B8000100B0FA80F126FA01F1014005D02F6C31
:1028C8001FB12A68AB6C5046B847B4FA84F026FAB0
:1028D80000F020404042A863D5F85801D8F83C10D1
:1028E80009F0400740680068D0F8042511403943D2
:1028F80047D0DAE90064504603F0ECFED7B1F07C2B
:1029080090B90BE0316F69B10068B16EB26F88544D
:10291800306FB16F01310138B16730672068816964
:10292800C906EFD5F07C28B1D6E91401411A504602
:1029380005F0C2F896F86400E0B13079022819D0A1
:1029480017B1B179012901D0316F99B90024B16E5D
:102958000128346786F86440B46607D1B36CB26F57
:10296800D6F8CC6050460094B04703E006F17C00EE
:1029780004F0C4FC504602F0BBF8D5F85801406892
:10298800006800F204500068D8F83810084228D0CF
:10299800D5F8F80028B3DAE90076504603F07AFA59
:1029A800504602F077FC7879012812D1D7F8F40064
:1029B80078B997F8E80060B1002087F8E800BB6CA8
:1029C800D7F8EC10D7F8FC20D7F8504100905046C3
:1029D800A047D7F8F80020B93068816B41F400614E
:1029E80081635FEA095023D5D8F800008169090797
:1029F800FCD4016B21F480710163297A91B1002024
:102A0800287295F84400800606D52C6C24B1AB6C6E
:102A1800504620210022A0475046012105F0A3F886
:102A2800D8F80000816B21F400618163687908B1EE
:102A3800BDE8FC8705F58070BDE8FC4704F05EBC86
:102A48002DE9FE4FD0F80080994614460E4682467E
:102A580013B10020C9F8000005F0DAFC834698F8A5
:102A6800070038B198F8640048B105F05CFE6FF0D3
:102A78000805B4E005F057FE6FF00E05AFE0002C36
:102A88004AD0504603F026FE00200121C8E91A6406
:102A9800C8F87040C8F87800C8F8380088F80C0002
:102AA80088F80A00504688F8641004F0F9FD50468A
:102AB80002F01EF808F14C0402AD2046294605F044
:102AC800BBF9D8F87810D8F870707218B84238BFC7
:102AD8000746029910463A4605F066FE20463946F2
:102AE80004F078FFD8F87000D8F87810C21B394481
:102AF800012FC8F87020C8F8781001DBB842DCD183
:102B080098F8041002290CD10020C8F8680088F849
:102B18006400C8F870001CE005F005FE6FF00905B8
:102B28005DE0B84215D10020D8F86860012988F81E
:102B38006400C8F868000CD10124584688F8104091
:102B480005F082FD98F80F0000284BD005F060FCD6
:102B5800834605F0E8FD98F8040008B100252FE049
:102B6800D8F8701008F17C0031B30C9902F0E8FF36
:102B780010B1012088F80C0005F04AFC04465046C4
:102B880003F0A8FD0020C8F86800C8F8700088F8AD
:102B98006400504601F0ACFF98F80A6098F80C50B1
:102BA800204605F051FD002D18BF6FF00C05002ED2
:102BB80018BF6FF00D0503E00021002502F0C0FFEB
:102BC80005F026FCB9F1000F07D098F80410012988
:102BD8001CBFD8F87810C9F8001005F035FD284654
:102BE800BDE8FE8F002598F810000028AED005F04B
:102BF8000FFCA8F80F4005F027FDD8F84830D8F8A2
:102C08007820D8F8CC70504631460095B84788F8F7
:102C18000F50E8E72DE9FE4FD0E90198D8F80010E9
:102C2800CA690A62D20740F0AF80D8E904014FF0C0
:102C3800000A4FF0000B0843D9F8CC10496809681E
:102C4800C1F8040509F13000029009F1C8000190AB
:102C5800BBF1010F00F2A180D9F8C000002800F0F4
:102C68009C80D9F8E010DC22D9F8CC702023002908
:102C780008BFD82208BF182358F803404FF0240390
:102C880008BF1C237F68D8F8146058F803303F68E1
:102C9800D7F80455354211D0A46864070ED10468EA
:102CA800D9F8D050A54209D144693CB9D8F80040B8
:102CB800656A25F002056562C7F804659B685B07CD
:102CC80002D00BF1010BC3E759F80230002BF8D002
:102CD80049F802A0B1FA81F1D9E9344249090068FA
:102CE80049011A448442C9F8D420C9F8E01028BF21
:102CF80082420CD24846414600F024FD99F8FE0075
:102D08000028DED005F092FA18BF8862D9E705F0EE
:102D18007FFBD9F8C820D9F8C010019B81F810A012
:102D280022B113465269002AFBD114331960C9F83D
:102D3800D4A04A69C1F814A0D9F8E01000294FF0CE
:102D4800DC01C9F8C02008BFD82159F80110C9F81A
:102D5800D01005F079FCD9F8C00058B14846414672
:102D680000F0F0FC99F8FE0050B105F05FFA18BFCA
:102D7800886205E0D8F80000416A21F00301416249
:102D8800029803F0D3FD9CE7D9F8C0203AB103219B
:102D98001174BDE8FE4F02F01FBFBDE8FE8F486802
:102DA80020F002004860486A20F003004862D8E931
:102DB80004021043D9F8CC2052681268D062C2F8D5
:102DC8000405486920F00100486101200862404676
:102DD800BDE8FE4F04F069BF2DE9FC4F83F00043C6
:102DE80001E02DE9FC4F1F03FF0847EAD2574FEADD
:102DF80042284FEA43095FEA595906D147EA080AC7
:102E08001CBF00210020BDE8FC8F57F000575FF47D
:102E1800E06E1EF1FF0EF14505D14FF00000190DCF
:102E28000905BDE8FC8F002B05D55FF0000AD8F135
:102E380000086AEB07070C03E40844EAD0544FEA99
:102E480040254FEA4106760D08D144EA050A19BF24
:102E58000021002019461046BDE8FC8F44F00054BC
:102E6800764504D10020090D0905BDE8FC8F00292D
:102E780004D55FF0000A6D426AEB0404B6EB090E54
:102E880008D5A2463C465746AA464546D046CEF106
:102E9800000E4E46BEF1360F5CBF4FF0000B23E02C
:102EA800BEF1000F04BF4FF0000B1AE0CEF1390A53
:102EB800BAF120092EBF08FA09FB07FA0AFB4BEA08
:102EC800080BDEF1200A07FA0AFA38BFBA4647FAB1
:102ED8000EF72DBF28FA0EF8AEF1200E4AFA0EF8BA
:102EE800D04415EB08057C4154EA050A02BF0021CD
:102EF8000020BDE8FC8F002C58BF4FF0000A06D513
:102F08005FF0010A5FF0000E6D426EEB0404A6F15B
:102F180001066D006441FAD515F4806E11D005F4F0
:102F280080794BEA090B15F5806554F1000428BF38
:102F3800761C0BD205F400795BEA090B08BF25F46F
:102F4800006525F4E0656D0044EB0404B61CDEBFA3
:102F580000210020BDE8FC8F5FF4E06E1EF1FF0E3B
:102F680076450AD34FF0000013F00043FF21C90053
:102F7800C91D09051943BDE8FC8F270547EA153027
:102F8800210B41EA065141EACA71BDE8FC8F2DE9DF
:102F9800F84F94008046DDF828C0200408BF4FF49D
:102FA800487408F2022298F81202032522F8104009
:102FB800013000F00700BCF1000F88F8120218BFBA
:102FC8000225D8E96567E94026FA05F03144081A70
:102FD800C8F89401C01B88BF07EB900798F8131234
:102FE8007808C8E9677007290B9F9CBF013188F8EA
:102FF80013120E46002526B132F8020B013E054495
:10300800F9E7B5FBF1F098F8FBA108F5DD7981B295
:10301800A8F8FE018808A8F8FC0198F8FA0129F830
:103028001040013000F01F02BAF1200F88F8FA2191
:103038003CBF0AF1010A88F8FBA101203C817B60B2
:103048005FFA8AFB38704EF66020B0FBF1F1F97236
:1030580098F8181221F050016CF38611397488F829
:103068001812A1B200EB5100B0FBF1F0C0B21E285B
:10307800014698BF1E21DC2888BF6FF02301BBF1F1
:10308800020FB97202D20020B88142E01746002030
:1030980059464A4621B132F8023B01391844F9E74A
:1030A800B0FBFBF200205B464E46002133B136F8F8
:1030B800025B013BAD1AC5FB0501F7E75A46002341
:1030C8000094002605F0E4F804F062FD0B99ABF1DA
:1030D80001020025D3B28881A7EB0A000021ECB2D7
:1030E8009C420ED22C18013504F01F07013404F05D
:1030F8001F0439F8177039F81440E41BC4FB046145
:10310800EDE73046002305F0C3F804F041FD0B9FBE
:10311800009CF8810020A8F80042C8F8B001C8F85F
:10312800A401BDE8F88F7047B0B560480021604C35
:10313800016094F83A01032812D002282ED0012801
:1031480040F0AF8094F8400103F0D0F8002084F8F4
:1031580040015948817B0220002908BF06209EE0D3
:1031680054480168B1F5C060C4F82C01B8BFC1F576
:10317800C060D4F81011002900D5494288422ADDE0
:10318800D4F8140104F0DAFDD4F8180104F0E8FDCD
:10319800D4F8280104F008FE01201DE04548056820
:1031A80005F0D6F8C4F8140105F0DAF8C4F81801E7
:1031B80005F0DEF8B5F5C061C4F82801C4F81011AF
:1031C80009D094F830215AB1D4F81401D4F8202148
:1031D800D4F82C110AE0002084F8300106205EE0C3
:1031E800C4F82401D4E94502C4F82C110223C4F818
:1031F8001C01002901EB410148BF6FF0010319448C
:10320800042391FBF3F111440029C4F820110FDDC8
:103218001F2931D3D4F824212AB33E28A8BF3E2041
:1032280001302929A8BF2921C4F81C010B3909E05C
:10323800D4F82421032A09D111F1140FD8BF6FF053
:1032480013011531C4F82011002113E00128D8BF5B
:103258000120013811F10A0FD8BF6FF00901C4F835
:103268001C010B3103E03329A8BF33211539C4F8F9
:1032780020110321C4F8241104F060FD012004F09A
:1032880081FDD4F8200104F06BFDD4F8240104F08A
:103298008BFDA5F2FF510420032938BF0620C4F88E
:1032A8003C01BDE8B04001F09FB800BF3C500C4065
:1032B8001808002008400C40AC8A00002DE9FF47A0
:1032C800D0E901590E46044605F0A2F895F8FD101C
:1032D80021B97169102901D8032906D805F0B4F974
:1032E8000024204604B0BDE8F087012785F8FD706A
:1032F80005F0AAF900204E4A85F8FC00C5E930001F
:10330800C5F8C80085F8FE003069C5F8E4007069A2
:10331800C5F8E800307B85F8F9000028317885F891
:10332800F8107168C5F8EC10B9F80E10A5F8F61089
:10333800317E52F8211085F8FA1008BF1027C5F819
:10334800F07099F80C0002F0B9F8204603F05EFD21
:1033580099F83B00374985F8FB008A46D4E901878C
:103368003A6B97F83A0002F051F87A6B98F8FB003C
:10337800514602F04BF898F8F91097F838000129EF
:1033880015D1FA6A514602F041F8BA6A97F839003D
:1033980046F2020102F03AF898F8FB00264904F0D8
:1033A8002DFE98F8FB00214604F018FF0AE0BA6ADF
:1033B80046F2020102F02AF8FA6A97F839005146F3
:1033C80002F024F8E846404604F06CFF99F805003E
:1033D8001A4A4346CDE90040284699F8041002F0FD
:1033E80017FE404604F0F4FFD9F808001449424695
:1033F8000094029005F1300001F0EAFE03F002FAB1
:10340800104AC5F8CC0005F11C000421234604F03D
:10341800DDFC95F8F80008B1B06805E005F16C002E
:10342800002104F08DFD0848C5F8BC0059E700BF2D
:103438004C8A000002600020014900001D2C000099
:10344800F96E0000F5850000F1860000FEB504461F
:103458005A480078A04213D908780D46012801D1AE
:10346800686868B16878012801D1A86840B1544FEC
:1034780057F8346004F0CCFFF17921B105F0E4F895
:1034880000242046FEBD07EBC40401216768F171E2
:1034980005F0DAF8002005F1040C7074F081B060D2
:1034A80030602988B180A98BC6E93D00C6E90E00C5
:1034B80086F86400B186297D2B69B1719CE80610F5
:1034C800C6F85021BCF1000FC6E910C34FF0FF3217
:1034D800C6F8CC10A969C6E93B203163A97F86F8F4
:1034E8003610296AC6E91A00C6E91C00B16486F8D4
:1034F800E800C6F8580102D13249C6E9101097F819
:10350800400001F0DBFFD7E9031206F14C0004F09C
:1035180057FFD7E9051206F1D00004F051FF2A49F8
:1035280038680968C96888477A6C97F8240046F2B1
:10353800020101F06BFF254DBA6C97F8200029466F
:1035480001F064FFF86901280CD1FA6C97F828009B
:10355800294601F05BFF3A6D97F82C0046F202010C
:1035680001F054FF03F04EF9C6F85801204600F068
:10357800C1FF174A06F5AE700421234604F026FC65
:103588006D46284604F08EFE387A7968114A2B4633
:103598000094019006F1140002F03AFD06F17C0057
:1035A800002104F0CDFC06F58070002104F0C8FC71
:1035B8003868D7E90C121060486062E7C78C0000D1
:1035C8000C8C00009B650000D001001002600020F8
:1035D80071820000592800002DE9F84FD0E900B7A2
:1035E800984616468946054613B10020C8F80000DB
:1035F8008EB104F014FF824604F00AFF04469BF8DB
:10360800070060B19BF8E80078B105F083F86FF027
:103618000800BDE8F88F6FF00900BDE8F88F05F0E5
:1036280079F86FF00E00BDE8F88F00200121CBE992
:103638003B96CBF8F460CBF8FC008BF8E810CBF89D
:103648003C008BF80D008BF80B000BF58070002107
:10365800009002F075FA384604F0B6FFBAF1000F90
:1036680002D19BF8050070B3284601F013FE05F05F
:1036780051F89BF8050068B90A99009802F060FAB9
:1036880010B101208BF80D00284602F003FC002041
:103698008BF8E800B8F1000F1CBFDBF8FC00C8F895
:1036A80000009BF80B0030B100208BF80B006FF086
:1036B8000D00BDE8F88F9BF80D00002818BF6FF0CB
:1036C8000C00BDE8F88F05F025F8D5E9007497F8E7
:1036D8004400C00615D5D7F840C0BB6C2846102159
:1036E8000022E0470DE0D7F8FC00314609EB000264
:1036F800204604F093F8D7F8FC10361A0144C7F8AE
:10370800FC10002EEFD1204604F072FE0028FAD0FB
:10371800204604F04DFF97F84400800605D53C6C20
:10372800BB6C284620210022A0470020B8F1000FDA
:1037380087F8E800C5D0D7F8FC00C8F800000020DA
:10374800BDE8F88F2DE9FC4FD0F8C080D0F8D0C084
:10375800D0F8E820D8F80030C346E6469C4511D397
:10376800D8F814B0BBF1000F00F0898090F8FC3055
:1037780005244FF0000E002B08BF0124DBF80030B1
:103788008BF81040A3EB0E05A2F1080AB5F5806F7F
:1037980028BF4FF48065D0F8D82032B101F120035A
:1037A80001F12402C0F8DC5005E0C0F8D85001F15E
:1037B800180301F11C020026BAF1000FC8BF012648
:1037C800DBF8044012681F68CDF800E07CB1354B87
:1037D80053F82630BB6005FA06F30126BAF1000F4C
:1037E800C8BF02260EFB06332344013B05E02E4BDF
:1037F80053F82630BB6000F1F6033B6043F6F074E3
:103808000191D1F8009004EB0516264009F1080E45
:10381800C7F804E0BC683443BC600024BAF1000F68
:10382800C8BF0124DBF808709FB16146DFF87CC08F
:103838005CF824308C46936005FA04F30124BAF14D
:10384800000FC8BF0224009901FB043139444C1E03
:1038580005E0154951F8241000F1F4049160546012
:10386800C2F800E0916831439160C34504BF05EB9D
:103878000C01C0F8D01090F8FE10019A09B1BDE80B
:10388800FC8FD9F8241041F00301C9F82410D0F8AE
:10389800CC00D2E904124068114300688162BDE897
:1038A800FC8F00BF348A00003C8A0000448A000074
:1038B8002DE9F84354EC105B554AE04310420DD112
:1038C800284621462A46234604F063FF2A46234613
:1038D800FFF787FA41EC100BBDE8F883002C04DDF4
:1038E800201590B191462A4626E024F0004028434E
:1038F80000F08680B4F1FF3FF2DC04F0F1FE9FEDAA
:10390800420B21210160BDE8F883002024B9690534
:10391800EC0A15380D46F9E791460021E20202D477
:1039280001316400FAE7C1F12003401A05FA01F2F7
:1039380025FA03F301301C430121A0F2FF3C4FF0AC
:10394800000861F31F545FEACC701EBF600040EAB4
:10395800D27452000025600040EAD2744FF400107F
:10396800520060B14119A142DCBF80440D18611AB0
:10397800B8BF21464008490041EAD274F0E74FF049
:10398800000E4FF000470020FFB1C119AC4212DD14
:10399800641B00260023BE448A4238BF013C00292C
:1039A80048BF0126C819B0F1FF3FC8BF0123334003
:1039B800521A1D4403E002D18A42E9D22546610029
:1039C8007F0841EAD2745200DEE752EA040009D0C7
:1039D8001EF1010019BF0EF00100864408F101082C
:1039E8004FF0000E09F100410A4A4FEAC87001EA97
:1039F800CC4140EA5E0001EB6801114441EC100B38
:103A0800BDE8F88300BF00BF000000000000F87F99
:103A18000000F07F0000E03F2DE9F047012816D1B3
:103A2800DFF830A1DAF83401012813D10220CAF8EE
:103A3800340104F0ADFC0120012403F09BFF60B1C8
:103A4800CAF8344104F096FD4FF0FF347FE06FF080
:103A580001047CE06FF0040479E09AF85A419AF87E
:103A680059119AF85801002C18BF0124002918BFD1
:103A78000234002818BF0434012004F063FD013823
:103A880018BF01209AF83811B1FA81F1490910EAF2
:103A9800010902D1002001F033FBDAF808002E4DAD
:103AA80010F0010807D12D4F286A816838468847E9
:103AB8000428F9D00646404604F0B7FDB8F1000FD7
:103AC80008D1012E04D1286A012142682348904771
:103AD80004F036FC28684169204688479AF8540162
:103AE80018B14FF4806004F033FD9AF8530118B10F
:103AF8004FF4816004F02CFD194801210160032076
:103B08000021CAF8340117480160204603F00EFB73
:103B18000128FAD1144E3068042003F02BFF044624
:103B280012480125B9F1000F0560306802D1012063
:103B380001F0E6FA04F098FD082003F01BFF0443A7
:103B4800CAF8345118BF4FF0FF3404F013FD204673
:103B5800BDE8F08718080020B801001000400340B5
:103B6800282008600C2008402C2009400C400940FF
:103B7800B0EEC01A10EE100A11EE101AB1F1994FFA
:103B88000CD3B1F1FF4F84BF30EE000A70474CA14F
:103B98000028C8BF043191ED000A70473F4A91429E
:103BA80010D29FED3F1AB7EE002A4FF0FF3330EEE8
:103BB800011AB4EE421AF1EE10FA38DDB1F1665F7F
:103BC80035D2704702F5380399420DD202F5A003A9
:103BD80099421BD2B0EE000ABFEE002A002331EE54
:103BE800000A31EE011A18E002F19E73994219D2C7
:103BF800B7EE080AB7EE002A022301EE002ABFEE4C
:103C0800080A31EE000A80EE020A10E0B7EE000A58
:103C1800BFEE002A012331EE000A31EE021A81EECE
:103C2800000A04E0BFEE000A032380EE010A20EE3A
:103C3800002A9FED1C1A9FED1C4A9FED1D5A9142C8
:103C480022EE023A03EE014A23EE041A9FED174AC8
:103C580003EE045A9FED174A03EE054A22EE042AA2
:103C680031EE021A02D200EE410A704712490028CA
:103C780001EB830191ED002A104910EE012A01EBB6
:103C8800830191ED001A32EE400A31EE400AB1EE9E
:103C9800401A48BFB0EE410A704700BF0000E03E3E
:103CA800CAF249714712DABD98CA4CBE25AC7C3DB0
:103CB8000DF5113EA9AAAA3E98890000888900003E
:103CC800DB0FC9BFDB0FC93F2DE9FC4191EA0308AF
:103CD8004CBF4FF000484FF000084FEA03354FEA59
:103CE800153556006D4176006D414FEA43075FEA8E
:103CF800575711BF45F4800500210020BDE8FC811D
:103D080040F2007E1EF1FF0E774578D04FEA01336E
:103D18004FEA133342005B4152005B414FEA4104D2
:103D2800640D11BF43F4800300210020BDE8FC812D
:103D3800744564D0E41B002100205FF0370EAB42CD
:103D480000D1B24205D340414941921B63EB0503C0
:103D580001E040414941BEF1010E05D053EA020796
:103D680002D052005B41EAE7BEF1200F09D2BEF152
:103D7800170F0CD3CEF1200720FA07F100FA0EF046
:103D88000FE0AEF1200E00FA0EF1002009E001FA72
:103D98000EF1CEF1200720FA07F741EA070100FAF1
:103DA8000EF011F4800F06D1401C51F100014000C3
:103DB8004941641E02E0801C51F1000111F4000F1A
:103DC8001ABF641C21F4000121F4800140F200377D
:103DD800FF37E419DEBF00210020BDE8FC8107F5AC
:103DE8008067BC420BD249084FEA300049084FEAC5
:103DF800300041EA045141EA0801BDE8FC81002095
:103E0800FF214FEAC101C91D4FEA015141EA0801EA
:103E1800BDE8FC812DE9FE43DFF81881814698F85A
:103E28000E0020B998F80D00002800F080801120BD
:103E380002F01AFD4FF47A7004F0B3FC012001215E
:103E480002F018FAB9F1030F19D0B9F1020F0CD02A
:103E5800B9F1010F1FD1384C0220A321A04704203B
:103E68000521A0470520052112E0334C0220A0219E
:103E7800A04704200121A0470520012108E02E4C7D
:103E88000220A021A04704200421A04705200421E6
:103E9800A047832513E0284E0220E021B0470320E5
:103EA8001021B04704201021B04705200021B04759
:103EB80006202C21B04707200C210725B0470920F0
:103EC800002102F0D7F90A20294602F0D3F91B484D
:103ED8001B4CA0471820012104F01AFA42F2107076
:103EE800A047102002F0C0FC42F21070A047032443
:103EF8000DF10B0501AE6F4634B1284631463A46FE
:103F080000F0FAFB013CF7E70E4802F0BFF80E4854
:103F18002821203004F0E7F90C4888F8019003F0D4
:103F280079FF484602F0FCFE094803F073FFBDE83C
:103F3800FE8300BFE00A00207D620000A086010029
:103F4800AB87000000000020F00B0020948A0000DE
:103F5800A28C00002DE9FF47044645480078A0429E
:103F68000AD9444F0D4657F8346004F051FA96F8D0
:103F7800E01031B104F068FB0024204604B0BDE82D
:103F8800F08707EBC4044FF00109D4F804A086F8C1
:103F9800E09004F059FB9AF8100001F08FFA364FC0
:103FA800002D18BF2F46354DF868411C002808BF62
:103FB8000AF11301097808BF0AF11100007886F8A0
:103FC8002511294686F824019AF8122001F01EFAD4
:103FD8009AF8142096F82501294601F017FADAF81C
:103FE80000004FF000086D46C0F81088397831702D
:103FF80079687160397AC6F82011C0F81C9828468B
:1040080004F050F9DAF808001D4A2B46CDE90040C3
:1040180006F11400DAF8041001F0FAFF284604F05B
:10402800D7F9DAF80C0017492A460094029006F1ED
:10403800E40001F0CDF806F13000012103F080FF23
:10404800307830B906F18000002103F079FF0E487E
:1040580070602046C6F81080C6F80C8002F01AFD81
:104068000A4A06F596700421234603F0AFFE84E75A
:10407800C58C0000048C00000C8B0000004000245C
:10408800E94B0000CD580000598600000D82000061
:104098002DE9F04790460C4606464FF00109606846
:1040A800D6E9007A10B9E068002848D004F0B0F9E1
:1040B8003978012901D1F968B9BBFC603C61C4F8C1
:1040C800149004F0C1FA07F130050021284601F0E8
:1040D80037FD013008D138780128E0D0284641461C
:1040E80001F02EFD013030D0387820B907F180007A
:1040F800002101F025FD04F004FBDAF8040004F0C7
:10410800D9F93046214602F09DF98146DAF80400D3
:1041180004F0D6F9B9F1000F02D004F0EFFA44E048
:10412800387808B34FF000093FE0F96849690A3167
:1041380010D16FF00A016161D4F8149011E06FF0AA
:104148000A006061D4F8149032E06FF00209C4F8F4
:1041580014902DE001214FF00009616139693C613B
:10416800CC6104F071FA23E007F180094146484622
:1041780001F0E6FC013016D104F04AF98046F868EF
:1041880070B1304603F019FD404604F05DFA484628
:104198004FF0FF3101F0D4FC6FF00200606102E0E3
:1041A800404604F051FAD4F81490284603F0A6F8D3
:1041B8004846BDE8F08770472DE9FF413B4E96F829
:1041C800420100286AD1012086F8420104F0C6F9AC
:1041D800374F86F87001374D7868C6F86C01387B20
:1041E80086F84101A86810F4402F13D1386988B1C6
:1041F80028686421C0F3066000FB01F404F04EF95E
:10420800B4FBF0F22C4906F19400002302F096FE6C
:1042180004F08EF801AC204604F0EEF92749A846D0
:10422800002506F10C00002204F000F9204604F0F5
:10423800E3F9234906F15000082204F0F7F8214A6F
:1042480006F1D8003221002301F0E2FE1E4C1F4A7D
:1042580006F1F4002C2100232560454601F0D8FE24
:10426800D8F80800797BC0F3815021B1032804BF36
:10427800012186F83911032803D040F002000228F2
:1042880010D1206840F040002060022003F042FB7B
:104298006868400702D4002003F03CFB002004B00B
:1042A800BDE8F08103F08CF9F2E700BF18080020A0
:1042B800AC8A0000AC4F00506D840000AB70000069
:1042C800457200009D6500009022084031310000D1
:1042D8002DE9FE4FD0E90085994614460F468346DE
:1042E80013B10020C9F8000074B104F091F8064633
:1042F80098F8070058B198F8E80070B1304604F013
:10430800A3F96FF008046CE06FF0090469E0304627
:1043180004F09AF96FF00E0463E000200121C8E967
:104328003B74C8F8F440C8F8FC0088F8E810C8F8EE
:104338003C0088F80D0088F80B002846019504F029
:1043480043F9304604F080F908F1D0060DF1080A67
:1043580004F05EF804463046514603F052FBD8F8A4
:10436800F450D8F8FC10A842394438BF05460298E2
:104378002A4604F019FA3046294603F03DF9D8F8E0
:10438800F400D8F8FC10401BC8F8F4004819C8F825
:10439800FC00204604F058F9012D03DBD8F8F4009E
:1043A8000028D5D104F034F80746D8F8FC0050B1FD
:1043B800019804F009F9584600F06CFFD8F8FC00A1
:1043C80010B1002402E000206FF00F04B9F1000FD3
:1043D80018BFC9F80000002088F8E800384604F043
:1043E80033F92046BDE8FE8F2DE9F84F3C4C3D4E91
:1043F8003D4D42F62A294FF0010A4FF0030B0027E2
:104408004FF00508D4F83C01062833D8DFE800F05F
:104418000433183B203D4B000F20F060C6F8109085
:1044280002F0E8FF45F804AC55F8040C8007FBD50A
:10443800C6F81CA094F8390190B10120EF6210E091
:104448002F60C4F83CB128688007FCD40320DBE760
:104458002F60C4F83C8128688007FCD40520D3E786
:104468000320C6F800B0C4F83C012F60296889070A
:10447800FCD4C9E7FEE70126022084F83A6102F07D
:10448800FDFE2E6009E0022000E0032084F83A01D6
:10449800002002F0F3FE0120286004F15000BDE87E
:1044A800F84F01F097BF002045F8040C286055F834
:1044B800040C8007FBD428688007FCD40B4800252F
:1044C800012105600A4801600D2001F0FFF8022073
:1044D80003F070F9C4F83C5184F83B51BDE8F88FFB
:1044E8001808002000400C4058600C403C500C401C
:1044F80004800C40FEB5D0E9005401A803F0F8FE92
:1045080095F834003649374A384E085C95F8351026
:10451800515C354A084395F83610515C2A6B40EADD
:104528000103316820684F680299B847206840F253
:10453800F272E1692E4B2F4F426494F854209A5C32
:1045480094F85530FB5C1A430129426311D10146A6
:10455800D4E90A2351F8307FFF2A27F4004718BF0F
:1045680007F50047FF2B0F6009D00A6842F4804224
:1045780008E0014651F8302F22F400420A600A6828
:1045880022F480420A60C16A41F01001C162016BE5
:1045980041F001010163E16B09B3A16BF9B101219C
:1045A80003F0E4FDD5F85801E16B40680068C1628A
:1045B800C0F8041591FAA1F17268B1FA81F1536853
:1045C800022298477068A16B02224368D5F8580107
:1045D80091FAA1F1B1FA81F1406800689847FEBDEF
:1045E8009E8C0000018C00008A8C0000D001001015
:1045F800998C00008F8C00002DE9F047A4B003F0DF
:1046080007FF33490A78012A04D124B0BDE8F047EE
:1046180004F01AB84FF0010981F8009004F014F87A
:10462800FFF7CAFD082000F049FF21AC204603F03F
:1046380039FEDFF8A0A0294A10212346DAF80C0039
:104648002290254801F0E4FC2548002501AE0478B5
:10465800244890F800804746A74213D8DAF80000AB
:1046680050F8271021F0FF0046F82700880707D4E4
:10467800F8B201F0010103F04BFE09FA07F0054317
:104688000137E9E7184805601848C16801F4400196
:10469800B1F5800F07D10068000E56F8201041F0E0
:1046A800070146F820101248A4EB0802042306EB81
:1046B800880103EB820240EA880004F075F80D488F
:1046C8002022016862F30D21016024B0BDE8F08763
:1046D800A20C0020FC8A0000F8070020AD70000042
:1046E800C48C0000038C0000D0200240A84F00506A
:1046F80000100840003009402DE9F0438DB03D4DD1
:104708000646A87B012870D190468946002440F6C9
:10471800B737172003F058FD30B1BC4204D80A203F
:1047280004F03FF80A34F4E7012001F0BBF9A86D62
:10473800002700285AD08DF81870CDE90477CDE904
:104748000A770C9701A80021099004A88DF80C702D
:10475800CDE90177089009200790287B03F0D8FD60
:10476800052004F01EF8A86D07A903F0F4FF04461D
:10477800052004F016F8287B012103F0C9FDACB32D
:104788009DF8040000F0F001C0292ED1296E9DF992
:104798000A209DF80C709DF808309DF809400131F9
:1047A8002966D1B29DF80B50002A47EA014141EA37
:1047B800052148BF01F17F419DF90750EAB2002D5C
:1047C80044EA024242EA032248BF02F17F4206B1AC
:1047D8003070B9F1000F18BFC9F80020B8F1000F08
:1047E80018BFC8F80010012700E0002738460DB0B0
:1047F800BDE8F083E00A002010B510EE901A21F011
:104808000042B2F1FF4F06D810EE100A20F0004324
:10481800B3F1FF4F02D930EE200A10BDB1F17E5F2F
:1048280003D1BDE81040FFF7A3B9022404EA91744C
:1048380044EAD07463B1B2F1FF4F12D012B1B3F1B0
:10484800FF4F18D1274961F31E0000EE100A10BD72
:10485800022C0FD3032C14BF9FED250A9FED250AC8
:1048680010BDB3F1FF4F14BF1C481D4800EB840076
:1048780090ED000A10BD9A1AD2151A2A03DD9FED91
:10488800190AC40F0EE0B1F1FF3FD8BF12F11A0F99
:1048980006DB80EE200AB0EEC00AFFF769F901E0F6
:1048A8009FED110A002CE5D0022C0DD0012C04BF7D
:1048B800B1EE400A10BD9FED0D1A30EE010A9FEDD2
:1048C8000D1A30EE010A10BD9FED081A30EE010AEC
:1048D8009FED071A31EE400A10BD00BF788900002D
:1048E80068890000DB0FC93F000000002EBDBB3304
:1048F800DB0F4940DB0F49C0F8B5044603F000FD63
:1049080007464568204603F05FFCB8B1D7E9014681
:1049180003F07EFD0546D4F8C000B8B10421017447
:10492800384601F06FF8D4F8C800B0B101464069C4
:104938000028FBD1D4F8C000486112E003F068FDFC
:104948000446D5F8C00078B3103034E030684168C8
:1049580021F002014160284630E0D4F8C000C4F8D4
:10496800C800416900274761C4E93477C4E936774C
:10497800C4F8C01031B320463146FEF7E3FED4F840
:10498800C000C4F8E0700068B0F5806F03D9204615
:104998003146FEF7D7FE94F8FE0010BB3068416838
:1049A80041F0020141601CE095F8FB00002102F093
:1049B80099FF05F1FC00012101702046BDE8F8408F
:1049C80003F042BE94F8FB000021C4F8C47002F062
:1049D80089FF012084F8FC003068416A21F0030156
:1049E8004162284603F030FE04F13000BDE8F8408B
:1049F80001F09CBF2DE9FC4191EA03084CBF4FF040
:104A080000484FF000084FEAC32545EA52554FEADF
:104A1800C2264FEA43077F0D11BF45F0004500212C
:104A28000020BDE8FC815FF4E06E1EF1FF0E7745C3
:104A380055D04FEAC12343EA50534FEAC0224FEA08
:104A48004104640D11BF43F0004300210020BDE87C
:104A5800FC81744543D0E419A3FB0501A3FB06E7D9
:104A6800A2FB06631EEB030E57F1000751F100018C
:104A7800A2FB05631EEB060E57F1000751F100017A
:104A8800FF1851F10001C01951F100014CBF40F26B
:104A9800004E40F2002E10EB0E0051F1000148BF0D
:104AA800641C01D4400049415FF44077FF37E41BA0
:104AB800DEBF00210020BDE8FC8117F58067BC42FD
:104AC8000DD24FEAD02040EA41504FEA41014FEA67
:104AD800113141EA045141EA0801BDE8FC81002096
:104AE800FF21C900C91D090551EA0801BDE8FC817B
:104AF8002DE9FC4706680446707A00286BD0D4F884
:104B08000490D6F85801D0F80480D9F834702046BB
:104B180001F0E0FD706F20B306F14C05284603F064
:104B280034FE316F884221D2307902281ED0B06E0F
:104B3800002850D0204601F0CDFD346F284603F000
:104B480024FE201AD6F868A0B46F7067284603F0D0
:104B58001CFE0021F1740AEB040108440190706FF7
:104B68000CE0B06E10B1306F0028D5D106F14C00C2
:104B780001A902F046FF01217067F17458B30021C2
:104B8800B0F5806FB17384BF4FF480607067012304
:104B980001990144013979601049B96043F6F0710F
:104BA80001EB00100840B9680843B860D9F83C1018
:104BB800D9F8000091FAA1F2B2FA82F203FA02F2ED
:104BC800D8F800309A61D6F8582152681268916274
:104BD800012103F0D7FABDE8FC8700BF0180000C73
:104BE80070B5D0E90052044601211068C0F81C18BD
:104BF800D0F80418C90718BF70BDD0F80438A968E0
:104C08004E690A3614D0D5F8D46013F0120F17D0B5
:104C18001EB903F01F060A2E21D05A076FF00402AE
:104C280058BF6FF00502DB0648BF6FF006024A6105
:104C3800042103F0E6FC2046BDE8704003F03FBACB
:104C48006EB1721EC5F8D4202CD0D5F8D0104A1CED
:104C5800C5F8D0200978C0F80818012117E0D5F860
:104C6800DC10C1B10139C5F8DC10D5F8D8104B1CDF
:104C7800C5F8D830D0F8080808700121D5F8DC004C
:104C8800002808BF0421012888BF09211068BDE851
:104C9800704003F0B6BC042103F0B3FCA8680021FF
:104CA8004161C8E7D5F8DC2052B1098B012361F3D3
:104CB80048030B21012AC0F8003808BF0321E6E7A2
:104CC8000421E4E72DE9F84315460C46804601F037
:104CD80059FA2C4800212D4F01602B488146006865
:104CE8003868816927208847294E2A49306B08404F
:104CF8003063B06F20F48070B0673868016B4FF490
:104D0800806088473868016B4FF48160884738684D
:104D1800016B4FF4C06088471F48012101601F489C
:104D2800C6F8804131600168890704D4691C08BF4E
:104D38004FF04045C560D9F80000F0698007FCD500
:104D4800072002F0D1F90228FAD1B8F1000F13D1E7
:104D5800134C386A8168204688470428F9D001280E
:104D680004D1386A0321426820469047D6F81802D1
:104D780020F00300C6F818023868806BBDE8F843D5
:104D8800004700BF0C4009402C200940B801001022
:104D98000C200840FFFFFEFE282008601000094094
:104DA8000040034070B52039062918D8DFE801F023
:104DB8001A23042D38404800147800222321FF2CA0
:104DC800F1D0D0E9015695F8FB0002F0D7FA726BE2
:104DD8002B49204685F8FB4000F018FB49E06FF0AE
:104DE80001044AE0406890F8F910012943D10121F3
:104DF80080F8FC103DE045680021002495F8FB0090
:104E080002F070FD85F8FC4037E0446894F8FB0038
:104E1800FF282ED002F0B2FAFF2084F8FB0028E029
:104E28004068D0F8C01031BB012180F8FE1020E0A6
:104E38004068D0F8C010F1B9002480F8FE401CE0AA
:104E48004168D1F8C020B2B191F8FE209AB18068CB
:104E58000268D0E90430546A184344F003045462E9
:104E6800D1F8CC10496809688862506840F002009F
:104E78005060002401E04FF0FF34204670BD00BFB1
:104E8800026000202DE9F84303F0C2FA2F4F0446D0
:104E980097F84101002854D003F066FB03F070FB3B
:104EA800054600F00C000C2803D100BF00BF30BF3E
:104EB80045E0680728D402F0FDFCDFF894808146BD
:104EC8000121D8F8000000FB09F6012003F0C0F822
:104ED800864219D9D8F80000F02107F10C05B1FB7A
:104EE800F0F0A9EB0001284603F03DFC284601F04C
:104EF80071FA00BF00BF0120FEF78EFD00BF00BFA2
:104F0800284603F0F5FB1CE000BF00BF280715D4B6
:104F1800104F114E38688168304688470428F9D008
:104F2800B0FA80F005F01001400940EA111003F0D2
:104F380024FC0A4801210160006800E030BF00BF7E
:104F480000BF2046BDE8F84303F07EBB18080020E8
:104F58008C0C0020D8010010004003402C20094090
:104F680070B52548066802F065FE24480025244CE3
:104F78000560206C806C80472248006838B1224860
:104F88000068B6F1FF3018BF304600F0EFFA1F484E
:104F980040F2391205601E48016862F31B41016046
:104FA8001C48016801F44051B1F5805F06D10168E1
:104FB800194A114001F5003202600160174D0126BF
:104FC800EE612068016A142088471548016841F499
:104FD800E021016013482E60006800F44000B0F53D
:104FE800000F03D1206C416C0F4888470F480168B7
:104FF8000029FCD170BD00BF1C130050840460421E
:10500800B001001080012843800520438C2108400E
:105018004820034028000940EFFFFCFC000024431F
:1050280000200940B44F0050BD3786000C0068428C
:105038002DE9F0418AB0314C0746E07AAD2857D1C6
:10504800002090460D46002600F02CFDA06D00289B
:105058004FD040F60B600396CDE90766099600210C
:1050680002906846069002A8CDE9006605900820DF
:1050780004900F2003F04CF90A2003F092FBA06D76
:1050880004A903F068FB06460A2003F08AFB0F20F8
:10509800012103F03DF966B39DF802009DF8031065
:1050A8009DF804209DF8053040EA012009070446D0
:1050B8006FF3DF2448BF40F4704442EA03203C8089
:1050C8001A0701466FF3DF2148BF40F47041298079
:1050D8009DF807009DF8061041EA002100070A46DE
:1050E8006FF3DF2248BF41F47042A8F8002000E0C7
:1050F800002630460AB0BDE8F08100BFE00A002073
:1051080070B5F8B1012858D1012003F01BFA012825
:1051180053D02D4C94F8380100284ED12848294EF8
:105128000569306810F4402F30D17DB302F0E8FEF5
:10513800502003F0E9FA0120A84704F1940001F097
:1051480049F925E003F017FB1E48006810F4402FCA
:105158000AD11B4804693CB11B48943003F0C8FAD3
:1051680002F0BEFE0020A047174C94F8380120B387
:105178001648016821F080010160802181600320C8
:1051880002F018FB002084F8380116E003F0F7FA63
:10519800012084F83801306810F4402F00D14DB94F
:1051A800207A800606D4094880218160016841F090
:1051B80080010160032002F0ADFB002070BD00BF3C
:1051C800AC8A0000B44F0050180800209022084014
:1051D8002DE9FE4F98B116468A46804603F018F925
:1051E800DFF89C90834699F8000000BB254D2C27DA
:1051F8004C2F06D0E81903F0A8FA0837F8E700267C
:105208003AE0002001276C466860A860EF602870CB
:10521800204603F047F8E0201C4A234601901A482C
:10522800016805F1100000F0F3FE89F80070584697
:1052380003F00AFA164D002E18BF3546AF68781CE1
:1052480008BF03270026032F16D8404603F07DFA2F
:1052580095E81E0008F10C001EC0C8F824604646F8
:10526800C8F81470074800EBC7002C30C8F80800CD
:10527800D8F81800C8E907A03046BDE8FE8F00BF7F
:10528800A00C0020A40B0020940C0020BB8100007F
:105298001C8B0000F8B505680446D5F8F80000B185
:1052A800F8BD68796668022807D105F1D00069461B
:1052B80002F0C2FDC5F8F80009E0D5F8EC10D5F801
:1052C800FC20D5F8F4001144C5F8F8000091002836
:1052D800E6D031688A6B22F400628A6395F844103C
:1052E800C9060AD52F6C47B1297A31B9AB6C20466B
:1052F80010210022B847D5F8F800B0F5806F84BFB8
:105308004FF48060C5F8F8000099336B01444A1ED9
:105318003168B66B1A600E4A9A6043F6F07202EB77
:10532800001010409A6810439860D5F858014068FA
:10533800006886620846022102F024FF287A0028C5
:10534800AED120460121012602F09CFC2E72F8BD48
:10535800018000C0F8B5B5EE400AB1EE401AB6EECD
:10536800002A40F2E734F1EE10FAEFF3008148BF6B
:10537800B0EE410A9FED221AB4EE410AF1EE10FA9E
:10538800C8BFB0EE410AB2EE041A00EE012ABDEE23
:10539800C20A10EE100AA04238BF044681F3008802
:1053A80002D50A2040210CE0642808D30A201549B8
:1053B800B4FBF0F56420B4FBF0F0095C03E00A20CC
:1053C8000021B4FBF0F5104F3420B847E8B20A25A5
:1053D8000C4EB0FBF5F101EB8101A0EB4100305C14
:1053E80040F080013520B847B4FBF5F03A4600EBB1
:1053F8008000A4EB4000315C3620BDE8F84010473F
:10540800CDCCC742988B0000757400002DE9F84F89
:10541800FF2831D0264B0C4605464FF4BE21AF007D
:1054280004F0020843EA80004158C9B2914227D1EA
:1054380021489A464FEA142947EA0006834602F0B3
:10544800E7FF0BF10101220C86F8009039430A703E
:1054580046F00201220E0A7003F0F6F8B8F1000FC8
:1054680002BF45EA0A0004F0010101701148012158
:1054780081EA5801384316E04FF0FF30BDE8F88F55
:1054880000F5BE2024F0FF0162B9B8F1000F02BF99
:105498002B4304F001041C70064B012484EA5804D1
:1054A8003B431C60114301600020BDE8F88F00BF3A
:1054B80000200240001A4442011008402DE9F04142
:1054C800254E0546371802F0A3FF044697F84A010F
:1054D800411C87F84A1128B1204603F0B5F800208E
:1054E800BDE8F081DFF8748018F8257007F03F00F8
:1054F800142898BFFFF7E2FF08EB8500458878B2CB
:10550800B0F1FF3F0CDD78061FD4154800684169EB
:1055180028468847284601F009FE0128FAD1DBE72A
:105528000F4E3068C169284688473068416A284666
:1055380088473068C16A284688470A4801210160BF
:10554800094801688907FCD5C6E706EB8500D0F84D
:10555800601101208847BFE7180800200C88000068
:10556800B80100102820086028200840F8B5054632
:105578002248234E4168890705D40168F02242EA8F
:10558800114186F84D101F494FF001221F4F0A6044
:105598001D49098839680968846820468847A00138
:1055A80005D4E00103D5307840F002003070386847
:1055B800214642682846904702F028FB1448154ABD
:1055C8000068C0F305311170C1054FF0130158BFD1
:1055D800232140237354382101EA901000F56050CC
:1055E800A2F85C003868816820468847022001F0EC
:1055F80077FF094801210160F8BD00BFAC4F00509A
:105608000962084004A40C4000A00C40F0010010FE
:105618000C1400500EB00C40940460428B4208BF3A
:10562800824207D9009A002A01D0106051600021F7
:1056380000207047002B08BF002A10D1009A002ACA
:1056480001D01060516002000B0000210020002BE7
:1056580008BF002A1CBFC943C04301F0B0BBF0B566
:105668001C4615460B46024600200021B4FA84F673
:10567800202E04BFB5FA85F62036B3FA83F7202F1B
:1056880004BFB2FA82F72037F61BB6F1200727BF0E
:1056980005FA07F400257F42B4403EBF25FA07F714
:1056A8003C43B540A34208BFAA4201D3521BA341C1
:1056B800404149416D0845EAC4756408761EF1D534
:1056C800059F002F01D03A607B60F0BDF8B5254FEB
:1056D80005463E1802F09CFE044696F84A01013839
:1056E80086F84A01000637D11F4810F9251000EB4B
:1056F80085004588CEB2B1F1FF3F0CDD70061FD49E
:105708001A480068816928468847284601F0ECFC59
:105718000228FAD11AE0154F3868016A28468847E6
:105728003868816A284688473868016B2846884760
:105738000F48012101600F4801688907FCD505E081
:1057480007EB8500D0F860110020884706F03F007D
:10575800142898BFFFF7BAFF204602F075FF002013
:10576800F8BD00BF180800200C880000B801001020
:1057780028200860282008402DE9FE4F274AD17AC2
:10578800AD2942D100274FF020080DF10A0A0DF18A
:10579800080B0DF10606002400254FF000090091C2
:1057A800B8F1000F16D0504659463246FFF740FC74
:1057B80048B1BDF9060001350444BDF908000744A5
:1057C800BDF90A00814442F2107002F0EAFFA8F124
:1057D8000108E5E7002D1EDD97FBF5F00F4A10855F
:1057E80099FBF5F0D08494FBF5F001B2B1F5FA7F9E
:1057F80003DD0099A0F57A7006E011F5FA7F0099AB
:10580800B4BF00F57A7000205085A1F1AD00B0FA60
:1058180080F040091071BDE8FE8F00BFE00A00204B
:105828002DE9F04102F0F4FD254F804601210124C5
:10583800D7F8900001F0D8FFA7F8A0400646B8684E
:10584800D7F89840B968711A201A884203D90020FD
:1058580087F8A0002EE0404602F0F6FE351B002631
:10586800B54207D334440120AD1B214600F0FEFEAB
:105878000646F5E702F0CCFD804697F8A10020B176
:105888000020214600F0F2FE0646701C06D0D7F82C
:105898009C00711B814238BF084601E0D7F89C0084
:1058A800011902F00DFB002087F8A000012087F8FD
:1058B800A200BC604046BDE8F04102F0C5BE00BF92
:1058C800F805002070B505680446A96848690A30DB
:1058D8001BD16B68204600229847A8686FF009061C
:1058E8004661022001F066FFE8682969884213D002
:1058F8006B68E8680022C069E860E868466120468D
:10590800E9689847E8684661EEE74869033008D1D6
:1059180000202861E86020E00020E860A860286195
:1059280070BDE8682A69904211D06B68E868C06960
:10593800E86002F0D7FDE968204600F083FD002802
:10594800EED005F1E400BDE8704000F0EFBF0020A4
:10595800E86028616B6802F0C5FD0220BDE8704070
:1059680001F028BF2DE9FF470446E0B315460E466F
:1059780002F04EFDDFF87890074699F80000A0B9CC
:105988000DF10408404602F08DFCDFF868A0802085
:10599800194A1421434602900AF1040000F038FB2A
:1059A8000120CAF8004089F80000384602F04CFE91
:1059B8000020E660124AE0626062C4E90500E06126
:1059C8000E48002D18BF2846002301782170416831
:1059D800A1608168002002F05BFCA0622062206167
:1059E800606002F037FC204604B0BDE8F08700BFD5
:1059F800A10C0020380C00205D8100008C8B000079
:105A080040420F00F8B5D0E901650446287902F054
:105A180051FDD6F8CC206969286852681268D162AD
:105A280096F8F93013B9C368DB06FCD4436823F051
:105A3800020343602B69D3621943476A27F00307BF
:105A48004762C2F80415416921F001014161012151
:105A58000162D6E93512D6F8C00001604AB1EB6997
:105A68009B68C3F309139A4203D91144DA431144DA
:105A78000160D6F8DC204AB16B6A9B68C3F309134E
:105A88009A4203D9DB431A4411440160204601F0CD
:105A9800BDF9287902F008FD2879BDE8F84002F040
:105AA8000FBDFEE7F0B589B0214E0546B06D10B1C7
:105AB800F16DA9421BD018B102F04AFE0020B06572
:105AC80001AC204602F068FD1A488DF81C50012DE3
:105AD800214604BF4DF29000C0F20300059000205B
:105AE8008DF8100001F0EAFBB065F8B1F565124FCA
:105AF800124C15B1386803680DE038680368707A8D
:105B0800012808D108200A214FF4C0429847386874
:105B18000368092007E009200A214FF4C04298478A
:105B280038680368082009212246984709B0F0BD63
:105B3800E00A002040420F00B4010010006000207D
:105B48002DE9F04391B00E462149044668460023EA
:105B58004FF00008324602F0A3F9701E10F1030F4F
:105B680002D8684600F036FC02F052FC194F054690
:105B780001200136E9467870E068A0B91EB14846B0
:105B880002F0EFFD78B1606800B18047284602F066
:105B98005BFDB87818B102F003FC87F8028002F0C8
:105BA80037FC0546E8E700207870E06820B1E06837
:105BB8000138E060002400E0FF24284602F044FD9C
:105BC800684602F06FFA60B211B0BDE8F08300BF1A
:105BD800436F0000680C0020F8B5D0E9016705465E
:105BE80002F016FC0446D6F8C00098B396F8F810F0
:105BF80019B9007C0338012831D82846FFF702FF7D
:105C0800D6F8C00000220223016805463DB12F7C6A
:105C1800033F022F28BF2B742A606D69F6E73246CE
:105C2800016052F8C81F21B10A4649690029FBD111
:105C3800143210600020C6E93000C6E93400C6E915
:105C48003600204602F000FD06F13000BDE8F840BD
:105C580000F06CBE3868416821F0020141602046BE
:105C6800BDE8F84002F0F0BC2DE9F84F214F83461B
:105C78004FF001084FF002094FF0000A7868A0B30E
:105C8800F868012831D178680324082121B101423C
:105C980003D14908013CF9E7002407EBC40000F1EF
:105CA8002C06304602F018FA0546304602F06EFC23
:105CB80028B1796808FA04F021EA00007860A86938
:105CC800296AC5F8249028625846B96002F0BCFCDD
:105CD800D5E90301EA69904702F09AFB8346686AAE
:105CE800022808BFC5F824A0C8E700203870BDE81E
:105CF800F88F00BFA40B0020F8B50C461E2801D36E
:105D0800DD2807D34025002C18BF6FF03F052E462D
:105D1800284620E0C2B20A2564262746B2FBF5F1E0
:105D2800B2FBF6F3642801EB8101A2EB410103FB0E
:105D3800160226BF1148C05C0020104B002CD2B2BE
:105D4800595C18BF80273843B2FBF5F241EA0705D2
:105D5800995C41EA07060A4FC1B23420B847F1B24C
:105D68003520B847E9B23620B84701213A46002C19
:105D780018BF0F213720BDE8F8401047988B000066
:105D88007574000010B52DED028BB5EE400AB0EE2B
:105D9800408AF1EE10FA04D5184802F03BF8B1EE4B
:105DA800488ABCEEC80A9FED161AB6EE002A10EE15
:105DB800100AB8EE400A38EE400A00EE012ABCEE9E
:105DC800C20A10EE104AE1087C2984BF0024013081
:105DD80000F0A6FF0B4802F01DF80A2C01D20A4871
:105DE80002E0632C02D8094802F014F82046BDEC02
:105DF800028BBDE8104000F093BF00BFBC8C0000D0
:105E080000007A44BE8C0000F98A0000BA8C0000B9
:105E180010B541EC100B43EC112B00F057FD002896
:105E280001D0002010BD012010BD10B541EC100BB1
:105E380043EC112B00F04AFD002801DB002010BDC7
:105E4800012010BD10B541EC100B43EC112B00F0F4
:105E58003DFD002801DD002010BD012010BD10B55A
:105E680041EC100B43EC112B00F08EFD002801DAF9
:105E7800002010BD012010BD10B541EC100B43EC03
:105E8800112B00F081FD002801DC002010BD01204D
:105E980010BD704770B50568D5F8F81031B3D5F85E
:105EA800582144685668A16B20683268D162022183
:105EB80002F05CF9D5F85801A16B154A40680068F2
:105EC800C0F8041591FAA1F112683068B1FA81F1AD
:105ED800926990470446D5F8F800011B68790228B2
:105EE80006D105F1D00001F075FD0BE000240CE0AF
:105EF800D5F8F400D5F8FC200A44401AC5F8FC206F
:105F0800C5F8F4000020C5F8F800204670BD00BFB1
:105F1800D401001070B588B0044600200026FFF7B1
:105F2800C1FD1B4DA86D78B30B2000218DF80760CB
:105F38008DF80640CDE9056607968DF80460ADF842
:105F480002608DF805000DF1020004900DF10500C6
:105F58000390032002900F2002F0DAF90A2002F0E1
:105F680020FCA86D02A902F0F6FB04460A2002F004
:105F780018FC0F20012102F0CBF99DF80400002C39
:105F880008BF4FF0FF3000E0FF20C0B208B070BD7E
:105F9800E00A0020F0B587B0194E307868BB194C7C
:105FA800204602F0D2FB00200127A060C4E9267039
:105FB800C4F89F00C4F8947003AD284602F008FAAC
:105FC8004FF0FF3010492A46059004F10C00FFF706
:105FD800FFF86D46A064284602F002FA70680B4983
:105FE8002A46029004F15000FFF7BCFCC4F8900068
:105FF80001F033FFC4F89C00377007B0F0BD00BF54
:10600800880C0020F8050020295800009984000019
:10601800FEB568B11E460D4604465BB17068C1B254
:10602800FF2910D015490968A9420ED0E0280CD1E3
:10603800002421E001206E468DF808004FF0FF3063
:10604800019000200090C02070600D480D4940F874
:1060580025403068C4E90052A060284601F000FDE0
:10606800094F31793868826828469047307A18B1E4
:1060780038680169284688472046FEBD940C0020F0
:106088008C0900203D800000B0010010C8B3B0B5F5
:106098000446E430982102F026F900203D21C4E9A5
:1060A800600084F88801204602F01DF904F14000E0
:1060B800892102F018F904F1CC00152102F013F936
:1060C80004F5C6702C2102F00EF90120422184F853
:1060D800B80104F5DD7002F006F90A481821C4F881
:1060E800FC0104F5007002F0FEF8802504F5077045
:1060F8001C2184F8185202F0F6F884F82C52BDE8F6
:10610800B0407047C800200310B52DED028BB5EEE6
:10611800400AB0EE408AF1EE10FA04D5154801F0B5
:1061280079FEB1EE488ABCEEC80A9FED131AB6EEA6
:10613800002A10EE100AB8EE400A38EE400A00EEC7
:10614800012ABCEEC20A10EE104A632C84BF002458
:10615800013000F0E5FD094801F05CFE092C02D889
:10616800074801F057FE2046BDEC028BBDE8104001
:1061780000F0D6BDBC8C00000000C842BE8C0000F8
:10618800BA8C000010B517480168890726D417484B
:106198000468A00221D41648006800688047C0F14E
:1061A8003E000722C1100729B8BFC210012000EB2A
:1061B80024718A42D8BF0A460E490968C1F30321EF
:1061C800891A0F29A8BF0F210129D8BF014641F01C
:1061D800F000094981F84D00087810BD0249C160F6
:1061E80010BD00BF10000940FD000040B44F005032
:1061F800EC0100100C1300500D6208402DE9F0412D
:10620800D0E901480546D8F80000416821F00201AC
:106218004160204601F000FFD4F8CC0001F05CFAA0
:1062280004F1300001F004FA94F8F80018B904F108
:106238006C00FFF72EFED5E901750D4E95F8380074
:10624800B04795F83900B04795F83A00B04797F845
:10625800FB00B04798F80C00FFF738FA04F11C006F
:1062680001F05EFE002084F8FD00BDE8F08100BF6B
:106278008573000070B588B0044601200D46FFF70D
:1062880011FC184EB06D50B344F0400100208DF859
:1062980007508DF805100DF102018DF80600CDE9C3
:1062A800050007908DF80400ADF80200307B0491DA
:1062B8000DF10501039103210291002102F028F854
:1062C800094C0A20A047B06D02A902F044FA0A203E
:1062D800A047307B012102F01BF81920A04708B025
:1062E80070BD00BFE00A0020AB870000F8B5054686
:1062F80016484BF2F521174E006800FB01F71448C9
:106308003C0A006800F44020B0F5802F10D11248F4
:10631800006880030CD4F0680068804701F04CF8EE
:106328003168C9688847C010390B484304EBE0342A
:106338002DB90A48006820F07F402044440830699D
:10634800416C2046BDE8F840084700BF08400C40B3
:10635800B44F0050E00100108C1300501020094089
:10636800F0B540F6FF7C10F8013B0024082CFAD069
:106378000646DF0716F8015B0DD1477807F00F06D0
:106388000336122E0DD190F90220D6B2B2F1FF3F9A
:1063980009DD03300DE001F8015B304601345B088C
:1063A800E4E7023006E0C27806F07F06043046EAE9
:1063B800C21612363F0947EA0512624508BFF0BD0A
:1063C8002A013A44D543002EE8D04A5D013E0A70BE
:1063D8000131F8E7F8B5054602F01AF8184E0446F8
:1063E80096F8A20080B196F8A00068B9D6F8900097
:1063F8000121012701F0F8F9B168D6F89830B268A0
:10640800411A9A1A91420CD901F062FC01212975AE
:10641800AA681044E86096F8A00060B186F8A11058
:1064280009E02F75AA681118181A8242E96002D289
:10643800104601F045FD2046BDE8F84002F004B9D9
:10644800F805002070B56FF007024A61D0E9002016
:10645800CC6891E8680002F1D00C00689160C2F83D
:10646800DC40ACE86800D0F80468760642BF6FF0FC
:106478000800486170BD0126C0F810684FF4FF7627
:10648800098B06EA410145B1C0F80018591CC2F849
:10649800D0101978C0F8081805E041F00101012C66
:1064A800C0F8001801D1032100E00B2102F0A9F87F
:1064B800002070BDF0B589B0044600200D460027C5
:1064C800FFF7F0FA164EB06D38B30A2000218DF8A8
:1064D8000B508DF80A40CDE9067708978DF80870BB
:1064E800ADF806708DF809000DF1060005900DF164
:1064F80009000490032003900F2001F009FF0A20EF
:1065080002F04FF9B06D03A902F025F90A2002F054
:1065180048F90F20012101F0FBFE09B0F0BD00BFD2
:10652800E00A00200CB44FF07F4343F460034FEAC5
:106538004102D21A1BD24FEA105040EA013010F53E
:10654800807024BF400801F580114FEA50200029CF
:1065580048BF40F000404FEA4101490DB1F5607174
:106568000CD4FF290DD240EAC1500CBC7047DB4364
:106578001A40024305D0D8430CBC704700200CBC1D
:10658800704701F00041FF204FEAC05008430CBC9F
:1065980070477047B0B5174C6068216801EA00057C
:1065A80021EA0002680622601DD51348006800F43D
:1065B8004000B0F5000F03D11048006801F0E0F882
:1065C800042001F0BFFF811E022905D200F0F8FF68
:1065D800022001F0EFF803E0012808BF00F0F0FF07
:1065E800202001F0C7F9280648BF00F035FCA56057
:1065F800B0BD00BF90220840B44F0050980C002056
:1066080010B52DED028BB5EE400AB0EE408AF1EEE2
:1066180010FA04D5134801F0FDFBB1EE488ABCEE30
:10662800C80AB2EE041AB6EE002A10EE100AB8EE46
:10663800400A38EE400A00EE012ABCEEC20A10EE0B
:10664800104A092C84BF0024013000F069FB064879
:1066580001F0E0FB2046BDEC028BBDE8104000F0E5
:106668005FBB00BFBC8C0000BE8C00002DE9F0476A
:10667800174E05468946304602F083F804464FF027
:10668800FF384FF0000AB4421FD02046274602F0D8
:106698007AF80446387D0028F5D065B1F868484591
:1066A80009D1386910B14844F86001E087F814A0AE
:1066B800D7E906108847387D0028E4D0F868A0EBB1
:1066C8000900404538BF8046DDE74046BDE8F08711
:1066D800F805002070B50468616F59B3D4F85821E3
:1066E80045685668E96B28683268D162012101F073
:1066F8003DFDD4F85801E96B0F4A40680068C0F8BE
:10670800041591FAA1F112683068B1FA81F1926921
:106718009047616F091AE07C20B104F14C0000F049
:106728006BFF05E0206FA26F401A20675018A06722
:106738000020606770BD00BFD4010010B0B5134DD4
:106748000124E86B01680120884701281BD02868CC
:106758003C21012200230024C5680D48A84790B1B8
:1067680000F012FF0B480C490068D1E9002388604B
:10677800C01A0A4BA2EB92025843B2EB104F98BFD3
:10678800020C01240A602046B0BD00BFA40100101D
:1067980000A00C4030200940580C002040420F0057
:1067A800B0B51448144D807B95F83911084306D0CC
:1067B80001F02EFE95F83B1121B101F045FF0024B0
:1067C8002046B0BD012485F83B4101F03DFF022081
:1067D80001F0A0F80D20FEF771FE084801680029B5
:1067E800EED1074940220A604A60002185F83A1133
:1067F800C461E4E7AC8A00001808002004800C405B
:1068080038500C402DE9FF41144DD5E9006738791F
:10681800FEF754FE01F0FCFD04463078B0B90DF1E6
:106828000408404601F03EFDB87979790C4A4346A0
:1068380001950290301DFFF7EBFB38684FF0FF31F0
:10684800C16208498160012131704160204601F030
:10685800FBFE024804B0BDE8F08100BF148C0000C4
:10686800478600000018002070B588B00446012053
:106878000126FFF717F9134DA86D08B300200DF195
:1068880006018DF8074004910DF10701CDE90500D7
:1068980007908DF80600287BCDE90261002101F000
:1068A80037FD094C0A20A047A86D02A901F053FF43
:1068B8000A20A047287B012101F02AFD1920A047C2
:1068C80008B070BDE00A0020AB870000F0B550ECBE
:1068D800101B154D20F000444A4275EB040206D304
:1068E80052EC113B22F000465F42B54101D2012033
:1068F800F0BD43EA010534432C4304BF0020F0BD3A
:1069080012EA000406D4CC1A70EB020406DA4FF03F
:10691800FF30F0BD5C1A72EB0004F8DB59405040C0
:10692800084318BF0120F0BD0000F07FF8B5054608
:1069380001F06EFD0446686A01280FD06869104F9F
:10694800012629466E6207EBC0002C3001F038FBA7
:106958006869796806FA00F008437860084D287875
:1069680040B9E868012805D10648006801F0AEFD85
:10697800012028702046BDE8F84001F065BE00BF40
:10698800A40B0020940C0020F0B550EC101B144D03
:1069980020F000444A4275EB040214D352EC113B38
:1069A80022F000465F42B5410DD343EA0105344366
:1069B8002C4304BF0020F0BD12EA000406D4CC1A10
:1069C80070EB020406DA4FF0FF30F0BD5C1A72EB90
:1069D8000004F8DB59405040084318BF0120F0BDBF
:1069E8000000F07F2DE9F0410646FFF7D3FA114F7A
:1069F800D7F8900001F0D6FD04460F480D4641F245
:106A0800C6084068C0EB0011B14207D8A0EBC0012E
:106A180006EB4101B1FBF0F001F020F9E6FB084577
:106A2800D7F8900001F0BEFD001B71EB0500F7D30D
:106A3800BDE8F081F8050020880C002002461448C3
:106A4800436D00201BB310B58AB00C4651BACDE98E
:106A58000800CDE90600ADF806100221059101AA4B
:106A6800ADF804001846CDE903120DF106010291B4
:106A78003A21ADF8201002A901F01DFC20B1BDF8A3
:106A8800041009BA090C21800AB0BDE8104070470B
:106A9800E00A00207CB5D0E90056002101243068C6
:106AA800C0F81018C0F81C48684601F021FC0C49D1
:106AB800D5F8202130680968002A0B68019918BFA9
:106AC800012298473068074A00F5026102EA41133B
:106AD80001F07041194411440C63C0F804487CBDAE
:106AE800AC010010E0FFFF01F8B540F2E734114DAA
:106AF800114FA04238BF04466420B4FBF0F0295C73
:106B08003420B8470A20B4FBF0F6B6FBF0F000EBEF
:106B18008000A6EB4000295C3520B84706EB8600CC
:106B28003A46A4EB400080B2295C3620BDE8F84024
:106B3800104700BF988B00007574000010B58AB02C
:106B48008DF8270011484FF6FF74406DD8B1022226
:106B5800002104920DF10202CDE90711CDE90511DA
:106B6800ADF802100392012202920DF12702019260
:106B78006022ADF81C2001A901F09DFBBDF80210B0
:106B8800002818BF0C46A0B20AB010BDE00A0020C9
:106B9800B0B500F077FE0E4C0E4D1420611CA847CE
:106BA8000A202146A84709202146A8470A49082063
:106BB800A847B92000F0DCF8084C1420A0470A20A8
:106BC800A0470920A04708202146BDE8B040084753
:106BD80000640020FF86000002200020857300006A
:106BE800F8B5124F044616460D46387818B9FFF71F
:106BF800D1F901203870B4B12EB1307820707068A6
:106C08006060307804E0D7E90201C4E90001C0B24D
:106C180028B10120A06005B90020E06003E04FF62C
:106C2800FF70A060E5602046F8BD00BF680C00203A
:106C3800A0F13001092904D81049084410F8301C83
:106C480018E0A0F14101192904D80B49084410F8AB
:106C5800411C0FE0A0F16101192904D80649084434
:106C680010F8611C06E000215F2808BF08212D28C4
:106C780008BF402108467047028A0000988B000030
:106C8800B0B50446C8B10D4620464FF4127101F064
:106C98002AFB35B104F50E7029460C2201F084FD5B
:106CA80008E00848C4F840020748C4F83C0207480E
:106CB800C4F838022046FFF7E9F9002C18BF012470
:106CC8002046B0BD3200190532006400FA002600E3
:106CD80002461248406DF8B180B58AB00023CDE96C
:106CE8000833CDE90633CDE904330423039301AB1C
:106CF8008DF80710090A8DF8052002933A238DF8BC
:106D08000610110AADF820308DF8041002A901F020
:106D1800D2FA0AB0BDE88040704700BFE00A002000
:106D280008B3B0B586B000210A236A4658B1B0FB53
:106D3800F3F404EB8405A0EB450040F03000505418
:106D480001312046F2E7013A002303A8994204D012
:106D5800545C013AC4540133F8E70022425401F06C
:106D680059F806B0B0BD014801F054B8BA8C00001B
:106D7800B0B504461420002101F0CAFA07250A20FC
:106D8800002101F0C5FA681C0FD024FA05F000F0C4
:106D98000101092001F0BCFA0A20012101F0B8FA2A
:106DA800082001F0B1FC013DE9E71420012101F0C0
:106DB800AFFA4FF42F70BDE8B04001F0A5BC7047A2
:106DC8000E480F4A0F4B0168825800680340D0B242
:106DD8000D4A7F2888BF0020934207D1090F022956
:106DE80006D307D0032901D1153004E0FF2002E0C3
:106DF8000A2000E00B3040B2704700BF1813005063
:106E080088FDFFFF00F0FF0F0010B40B7FB5D0E93D
:106E18000154204600F049FF2068416821F0020132
:106E28004160416921F00F0141610321016202A81B
:106E380001F05EFA074995F8F93095F8FA202068CC
:106E4800D5E9396509680C680399CDE90065A0475B
:106E58007FBD00BFC4010010B0B501F0D9FA0446E7
:106E680001F03AFC0028FBD0032000F0A3FC0B48FB
:106E7800002180F83811204601F0E6FB08488168B7
:106E880002200D4688470446102000F073FD24B107
:106E980003202946BDE8B0400847B0BD18080020C7
:106EA800AC8A000002461148406DE8B180B58AB04E
:106EB80000238DF80610090A8DF80520CDE908335E
:106EC800CDE90633CDE9043303238DF80710039386
:106ED8000DF1050302936023ADF8203002A901F0FB
:106EE800EAF90AB0BDE88040704700BFE00A002018
:106EF8002DE9F0414768044601F08AFA05464FF04B
:106F08000008D7F8C8609EB171697068C6F8148027
:106F1800C7F8C81000F06CFF284601F095FBD7F8B9
:106F2800BC2020463146904701F072FA0546E8E752
:106F38002846BDE8F04101F087BB7047F8B5044624
:106F4800C8B11D4616460F46FFF724F80020A66074
:106F58000A4EA761002D207518BF2E46D6E90101FB
:106F680020610748E161214601F02AF8307810B124
:106F78002046FFF72FFA2046F8BD00BF748B0000AB
:106F8800F805002070B5044601F042FA05460C48A1
:106F98000126C16A06606268130CB2F5802F38BFFB
:106FA800042319444161074823210068026800202E
:106FB8009047054806602846BDE8704001F044BB8C
:106FC8000420094084010010800224432DE9FC4775
:106FD8009846AAB115460E46074600244FF0FF3AD8
:106FE8000DF1040931192A1B38464B46CDF800A08B
:106FF800FBF726FD01990C4428B96D1AF2D102E07D
:1070080000246FF00900B8F1000F18BFC8F800405D
:10701800BDE8FC870CB54FEA41034FEA5353B3F57B
:107028004073FF3B44BF00200CBDD3F11F030FD9B1
:107038004FEAC12242F0004222FA03F20B2B3EBF74
:107048001533D840024300294CBF504210460CBDAE
:1070580000294FF0004058BF401E0CBD70B50D46CA
:10706800044601F0D5F9D4E901128A4204D101F0AD
:10707800EBFA4FF0FF3070BDE36822680133B3FBD1
:10708800F1F606FB11315554E160A16862690131DE
:107098009142A16088BF0A46626101F0D5FAA068F2
:1070A80070BD7047F8B50D480D4D0E4F01260468A8
:1070B80004608CB1B4FA84F0696880F01F0006FAA5
:1070C80000F251F8201094430029F2D057F82020FC
:1070D8005203EED58847ECE7F8BD00BFE020024038
:1070E800FC8A0000001008400F49C3070A68496D70
:1070F80001D1002106E001F0040102F00103C918E2
:1071080018BF0121830744BF02F0020341EA53017B
:10711800400744BF02F0040041EA90010220002920
:1071280018BF0120704700BF402108400F49C3071E
:107138000A68496D01D1012106E001F0040102F05D
:107148000103C91818BF0121830744BF02F00203D5
:1071580001EA5301400744BF02F0040001EA90012C
:107168000220002918BF0120704700BF40210840B5
:1071780070B501F04DF904460B48017821B120465D
:10718800BDE8704001F060BA012101700748057838
:107198000748002DF3D0064656F80C1B8968884727
:1071A800013D3046F5E700BFA30C0020C68C000067
:1071B800808B000002460F48406DD0B180B58AB080
:1071C80000238DF807108DF80620CDE90833CDE9A6
:1071D8000633CDE90433022303930DF1060302932A
:1071E8007623ADF8203002A901F065F80AB0BDE8B1
:1071F80080407047E00A002002460F48406DD0B139
:1072080080B58AB000238DF807108DF80620CDE9E7
:107218000833CDE90633CDE90433022303930DF196
:10722800060302932023ADF8203002A901F043F8A9
:107238000AB0BDE880407047E00A00200B480168AA
:107248008907FCD50A4801210A4AD0F83C010128DF
:107258004FF0010008BF2020082390610020106033
:107268000548036043601160704700BF58600C40D8
:107278001808002000400C4038500C4040F0020133
:10728800022918BF70477CB50A4D0B4C80B270229A
:10729800042329684E68009020460021B0472868DA
:1072A800002170227023D0F80CC0204602B0BDE83F
:1072B80070406047A401001000A00C400C4A1278EE
:1072C800012A11D1094A127882420DD9094A0029A6
:1072D800094B18BF0A4600EB400103EB810053F845
:1072E8002110CB681146184700207047C68C000053
:1072F800A30C002048890000808B0000B0B505462B
:1073080001F086F80446A868E968814202D2E86874
:107318000130E86000F06CFF40B1074D6878012843
:1073280004D1A87810B900F08BFFA8702046BDE8FA
:10733800B04001F089B900BF680C002080B58AB060
:107348008DF827000C480022406D88B1CDE907224E
:10735800CDE905220122CDE902210DF12701049290
:1073680001912021ADF81C1001A900F0A4FF0246EC
:1073780010460AB080BD00BFE00A0020FF2817D0E1
:10738800B0B5044600F0B6FE0A4D286850F824103F
:10739800204601F0B0F9686850F8241011B10021B6
:1073A80040F82410A868002140F82410BDE8B04037
:1073B800704700BFFC8A000070B50D4B1B3800FBFE
:1073C80000F193E87000DB6801FB00F283FB022305
:1073D800C6FB0123C5FB00231009190940EA037005
:1073E800001941EBE471000C40EA014070BD00BF98
:1073F800780C00207CB50C4D0C4C00214FF4C07269
:10740800072328684668022000902046B04728686D
:1074180000214FF4C0720723D0F80CC0204602B0F8
:10742800BDE87040604700BFA401001000A00C40F8
:1074380080B58AB08DF827000B480023406D80B1D5
:107448000893CDE9063303AF0EC7012102910DF170
:10745800270101917621ADF81C1001A900F02BFF3E
:10746800034618460AB080BDE00A002080B58AB0FD
:1074780002460C488DF82710406D80B10021CDE9F7
:107488000711CDE90511CDE903110121ADF81C2043
:1074980002910DF12701019101A900F00CFF0AB03A
:1074A80080BD00BFE00A002010F1240FD8BF6FF0A4
:1074B80023001B28A8BF1B2003210F222430A1EB87
:1074C800101122EA000022FA01F14FF6FF7222FAA7
:1074D80000F040EA014001490860704718A00C40DC
:1074E800B0B50A490A4A0B4B0C684D68AC42FCD14E
:1074F800844208BFB0BD155C145DAC424FF0FF3547
:1075080038BF01252C441C5D0C60EDE700600C4081
:107518001C8C0000208C000010B50A4C002120684B
:10752800426801209047206801680120884708B117
:1075380000F02AF804480068E068006880470349BA
:10754800C86010BDE001001030200940580C002030
:1075580010B50A490A4C0860D1F8980040F00300B9
:10756800C1F898002068816920208847054800688C
:107578002068806BBDE81040004700BF8C210840A0
:10758800B80100102C20094010B50A480B4C01889E
:10759800C907094907D14FF001222260008808680D
:1075A800BDE810400047086880474FF080702060B1
:1075B80010BD00BF00A00C408000001004A40C40C7
:1075C8007CB50B4D0B4C00214FF040521C23286812
:1075D8004668032000902046B047286800214FF4F1
:1075E800007209234568012000902046A8477CBD09
:1075F800A401001000A00C40F8B50C46054600F0A8
:1076080007FF2B1D6E690ECB8F1AA74238BF3C4669
:1076180022442344B24288BF16466E61B3FBF1F69A
:1076280006FB1131C5E9022101F00EF82046F8BD2C
:10763800B0B5054600F0ECFE0446284600F0FDFE15
:10764800A86800F0A3FF40B16869012101FA00F0C1
:1076580004494A6822EA000048602046BDE8B04074
:1076680000F0F2BFA40B002070B50B4E054600F0E9
:10767800CFFEF5600446012D706808D138B1307826
:1076880028B90648006800F021FF01203070204624
:10769800BDE8704000F0D8BFA40B0020940C002077
:1076A80070B50668054600F0B3FE0446707A70B9F6
:1076B80001207072284600F015FA686800F07EFF15
:1076C8002846FDF715FA2846002100F0DBFA204687
:1076D800BDE8704000F0B8BFF8B5D0E9006500F02B
:1076E80097FE0446307870B1287900F061FE0128D1
:1076F80006D1286800274760301D00F08DFC3770E0
:107708002879FDF7E3FF2046BDE8F84000F09CBF6C
:10771800BCB5054600200C460DF10601ADF8060083
:10772800ADF804002846FFF789F960B1681C01A983
:1077380080B2FFF783F930B1BDF80400BDF8061038
:1077480041EA00402060BCBD70B50948094C84423C
:107758000BD0094D094EB54207D0F5E8020110F8E3
:10776800012B54F822209047F5E700BF00BF70BDF9
:10777800508D0000448D0000888D0000C88D0000E9
:1077880008490A4B421808499A42096808D801F47E
:107798004001B1F5000F03D105490968496C084754
:1077A800704700BF5C8F82FFB44F0050B71E0500C2
:1077B800F001001070B50B4D04462E1800F028FE9D
:1077C80096F84311013986F84311090605D10121BC
:1077D800AA68A14022EA0101A96000F035FF002053
:1077E80070BD00BF18080020F8B504460A480F46C7
:1077F8000068006B8047D4E904562A46334600F0F7
:1078080047FD3FB1A0FB052300FB063301FB053113
:10781800C4E90621F8BD00BF8C0100102DE9F04134
:1078280006460A4815460C4600278046BC4209D041
:10783800D8F80020E95D30689269904708B10137AF
:10784800F4E73C462046BDE8F08100BFD0010010B7
:10785800F8B50A4E14460D46B047094F0146342084
:10786800B8472846B04701463520B8472046B047B4
:10787800014636203A46BDE8F8401047396C00000A
:107888007574000080B50A49142000F034FF1420F4
:10789800002100F03DFD012000F036FF14200121F9
:1078A80000F036FD4FF40C70BDE8804000F02CBFAE
:1078B80001640020F8B500F0ABFD094E0446002134
:1078C800D6F89000FFF790FF0546D6E926672046D0
:1078D80000F0BAFE701BB84288BF0020F8BD00BF98
:1078E800F8050020FF2808BF7047B0B50D460446CC
:1078F80000F08EFD0649C5F3024311F8242002F07A
:10790800F8021A4401F82420BDE8B04000F09CBEFB
:1079180002100840B0B50446012000FA04F500F052
:1079280077FD07498A682A438A60214491F84321F0
:10793800013281F8432100F087FE0020B0BD00BF6E
:107948001808002007480068C00608D406480749F8
:10795800006808400649884204BF0120704700209B
:10796800704700BFB04F00505013005000C4FF3F95
:1079780000C0071CB0B504460948056855B1A86899
:10798800204205D0D5E9033220460021984718B98E
:107998002D68F3E70020B0BD4FF0FF30B0BD00BF49
:1079A80018080020094880F308880948016841F44C
:1079B8007001016000BF00BF00F0EDFE08B1FFF7E5
:1079C800C3FE00F05BFC012000F0C8FE004001206F
:1079D80088ED00E0B0B50C46054600F019FDD5E984
:1079E80001122B69A24238BF1446121BAA601A1949
:1079F800B2FBF1F303FB1121296100F025FE2046BB
:107A0800B0BDF8B50C46054600F002FDEA6895E8F9
:107A1800C2000132B2FBF6F303FB162529442160AC
:107A280000F012FE701BF11B814238BF0846F8BDFA
:107A3800002804BF002170474CBF404200464FF069
:107A48001F014CBF41F4406141F48061491E400070
:107A5800FCD34FEA015141EA103100057047FEE7B7
:107A680070B5084A084B14689C4208D01468002571
:107A7800D82D03D066595E510435F9E7136043F8F1
:107A8800201070BD08ED00E0000D00200948826953
:107A98008B1A0432B3F1004F09D8531AB3F1FF3FE0
:107AA8000B46C8BF13468A4298BF0B461A46026067
:107AB800704700BF18200940F8B50C46D0E90016F9
:107AC800002701F14C053068013C47F1000182694B
:107AD800D20606D429B10068C1B22846FFF7BEFA1B
:107AE800F1E7F8BDD0E900100A6C5AB191F84410DA
:107AF800090707D501684FF480624A648A6B42F42B
:107B080080628A630068816B41F04001816370473D
:107B1800E0B50021084A8DF8071000F00F010009B0
:107B2800105C515C8DF805000DF105008DF806100C
:107B380000F070F98CBD00BFE88A000070B50446FB
:107B4800006904F114052CCDA0FB010602FB0161BC
:107B5800C6184D41300C002240EA0541FFF796FF58
:107B6800C4E9086570BDB0B5056802200C46FFF78A
:107B780021FE64B1D5F8EC000021B1EB107F06D1ED
:107B88000420FFF717FE4FF0FF30C5F8EC00B0BD3A
:107B98004FF080410A4689088242FBD810B500217F
:107BA8004AB1541802EB5103A04234BF4B08001BE2
:107BB80019469208F4E7084610BD70B5D0E900658B
:107BC80000F026FC0446F06830B1284600F044FD79
:107BD800B0686FF0090141612046BDE8704000F0CF
:107BE80033BDB0B50D46044600F012FCD5E90012CD
:107BF80011B14A606A6800E06260002A18BF144642
:107C08002160BDE8B04000F01FBDFEE780B5FFF77A
:107C180099FE60B10648006881034FEA00414FF0C1
:107C2800000058BF0816BDE88040FFF73DBC80BD86
:107C3800B44F005080B50648064900680840064918
:107C4800884204D1FFF7BCF81328C8BF80BDFEE7FF
:107C58001813005000F0FF0F0010B40B88B1B0B536
:107C680094B06D460446002100222846FEF7B8FF6E
:107C78002146FDF765FF2846FEF70BF914B0BDE86D
:107C8800B0407047B0B5056802200C46FFF742FEC9
:107C980054B1D5F8EC000021B1EB107F04D10420D9
:107CA800BDE8B040FFF736BEB0BD0068C1684907FF
:107CB80001D58168FAE70221C0F88010C168C907B8
:107CC80002D1D0F88C10F9E70021C0F88010704775
:107CD800B0B500F09DFB044605480021D0F890009F
:107CE800FFF782FD0546204600F0AEFC2846B0BDF1
:107CF800F8050020B0B50C46054600F089FB0021C8
:107D0800216069680029616008BF29460C606C60C1
:107D1800BDE8B04000F098BC80B505480121006876
:107D2800426801209047034803490068486080BDC5
:107D3800E001001030200940580C00201CB506490D
:107D480080B24FF47F42082309684C6800900348CA
:107D58003021A0471CBD00BFA401001000A00C40AA
:107D68001CB5064980B24FF4F802122309684C6822
:107D7800009003480421A0471CBD00BFA4010010C7
:107D880000A00C401CB5064980B24FF40032112304
:107D980009684C68009003480421A0471CBD00BF37
:107DA800A401001000A00C401CB5064980B24FF495
:107DB80040620A2309684C68009003482021A047C4
:107DC8001CBD00BFA401001000A00C4050B14AB176
:107DD80010B5044608300EC021460448FFF78AFF54
:107DE800002010BD6FF00200704700BF1808002087
:107DF80080B507490138884205D80620FFF7DAFC24
:107E08000420FFF7D7FC0220BDE88040FFF7D2BC72
:107E1800FEFFFF0FBCB504460648056D45B1204678
:107E280000F019FB024601AB2846214600F00CFB86
:107E3800BCBD00BFE00A0020F8B50C46054600F0BE
:107E4800E7FA95E8C2002D692944216000F0FCFB9F
:107E5800701B874238BF3846F8BD80B5D0E9042387
:107E680047F69160101A73F1000031BF4FF0FF30F0
:107E7800002047F6906100F00BFA80BDBCB504689D
:107E880025790DB9A4792CB14FF0FF340094FAF795
:107E9800D7FDBCBD02B0BDE8B040FFF797B8FEE71C
:107EA80010B50446C0E906138260002020612075E1
:107EB80002482146BDE8104000F082B8F8050020CD
:107EC80070B5064E05460C462946D6F89000FFF7D1
:107ED80035FEC6F89840C6F8945070BDF8050020E5
:107EE80005484FF4825100680028044848BF4FF401
:107EF80041510160704700BFAC4F005028A10C40B1
:107F080005484FF4805100680028044848BF4FF4E2
:107F180040510160704700BFAC4F0050A8A00C4012
:107F2800B0B5044600F074FA054604482146FFF748
:107F380058FE2846BDE8B04000F086BB180800206F
:107F4800E0B5064AD2E90223CDE9002301228DF8E3
:107F580000206A46FEF744FE8CBD00BF680C002076
:107F680010B5064C34204021A04735204021A047B9
:107F7800362040212246BDE81040104775740000A5
:107F880010B50446B0F1FF3F03DC0448FFF742FF99
:107F980064422046BDE81040FEF7C2BEBC8C00001B
:107FA800002804BF0021704701001F2111F58061DE
:107FB800491E4000FCD3090541EA1031000570470D
:107FC800B0B50C46054600F023FA25606968616083
:107FD80069680C606C60BDE8B04000F035BB1CB54A
:107FE80004686479022C02D1FCF772F91CBD049C68
:107FF800049402B0BDE81040FBF7EEBAFF2807D0A2
:10800800044A526852F820308B4218BF42F82010B8
:10801800704700BFFC8A000010B505490446006897
:108028000968496988472068BDE8104000F0F4B83D
:10803800B001001004480549007851F8200010B13B
:10804800D0E901100847704704ED00E08C090020D2
:10805800002201284FF0000004BF40F2EE204FF448
:108068007A72022908BF02461046704710B500F020
:10807800CFF904490022CC68CA6000F0E5FA20462E
:1080880010BD00BFA40B002000F0EAFAFCF768FF5F
:108098000348016841F470010160FFF783BCFEE703
:1080A80088ED00E0B0B5044600F0B2F90546204678
:1080B80000F0C3F92846BDE8B04000F0C5BAD0E9E1
:1080C800001000220068C0F810280122C0F81C28FF
:1080D80001F1E400FEF72ABCB0B5044600F098F9B7
:1080E80025682968216029684C6000F0ADFA2846A7
:1080F800B0BD0000FF2806D0034911F8202002F087
:10810800FB0201F82020704702100840FF2806D023
:10811800034911F8202042F0040201F8202070479A
:1081280002100840022807D0032804D180B5FCF7C4
:108138005BF9002080BDFEE7FEF732BB044890F8EB
:10814800411119B1D0F86C0100B10047704700BF68
:108158001808002003480121016003480068D0E99D
:108168000201084704200940380C0020B0B50C462D
:10817800054600F04DF9A96CA143A964BDE8B040DB
:1081880000F062BAB0B50C46054600F041F9A96C9A
:108198002143A964BDE8B04000F056BA80B5FCF7A9
:1081A8000BF8FCF729FAFEF7F3FCBDE88040FAF774
:1081B800BABF10B500F02CF90446FDF755FD20466E
:1081C800BDE8104000F040BA0349096821FA00F000
:1081D80000F00100704700BFC0200240FF2803D014
:1081E800024A926842F82010704700BFFC8A0000DB
:1081F800034800886FF35F20002818BF01207047EC
:1082080004ED00E0042805D180B51046FEF742FCD5
:10821800BDE88040002070470249034A41F8202009
:10822800704700BF000D0020AB5A0000D9F8CC10F1
:10823800D8F8140049680968D1F804250242704743
:108248000349002291F8410181F84121704700BF9C
:10825800180800200348006808B1017801B1704788
:10826800FEF790BE380C0020042805D180B51046D2
:10827800FCF740F9BDE88040002070470349002919
:1082880012BF01C900200021F7F722BFC88C0000E7
:1082980040B584B002AE0096FDF7C0F9029A039B80
:1082A80004B040BD30B10121002201724FF0FF310E
:1082B800C0E90021704780B54FF0FF32FBF7E8FEB8
:1082C800B0FA80F0400980BD10B500239A4208BF7B
:1082D80010BDCC5CC4540133F8E700000B461146CE
:1082E8001A4600F0C6B80A46002100F0C2B80000DD
:1082F800024A0021C0E90012704700BF006CDC028E
:108308000249896851F82000704700BFFC8A0000C4
:10831800FF281CBF014A8154704700BF002002405B
:108328002846214657EC106B32463B46FDF7A4BD64
:1083380002484FF000410160704700BF00A10C40A7
:108348000248016841F00301016070472422084097
:1083580002480068C0F30720704700BF30A00C40F7
:1083680002480068C0F38440704700BF04A00C4076
:1083780002480068C0F38120704700BF20A00C406D
:10838800024840210160FFF7C7BC00BFA8A00C400D
:1083980080B5FFF76BFE0149086080BD1408002016
:1083A8000248012180F84111704700BF18080020D9
:1083B8000249084490F84A01704700BF1808002095
:1083C80010B50023541E80E81E00C0E9043310BD18
:1083D800B0B5024991E83C003CC0B0BD1C8B000020
:1083E80010B5024991E81C001CC010BD8C8B000020
:1083F80000680121806900F0080081EAD000704718
:1084080080B50A46D0F803101046FFF76CFF80BD10
:1084180080B500F025F9002818BF012080BD80B57F
:1084280000F075F9B0FA80F0400980BD2346039545
:108438008DF804500295FEF781BD0168426811600D
:1084480041680068416070471CB54FF0FF340094E4
:10845800FFF7C5FD1CBD0021425C0131002AFBD19C
:10846800481E704780B5FFF78BFFBDE88040FEF7D8
:10847800F3BC00239A4208BF7047C1540133F9E79F
:108488000B46D0F80320C11D184600F08DB9000036
:108498000148806CFEF74ABAF80500200148406898
:1084A800704700BF880C002001490968096A08471D
:1084B800B00100100149096849690847B001001076
:1084C8000149096809690847B001001001490968AC
:1084D80089690847B00100100021C0E90011C0E90E
:1084E800021170474869B0FA80F0420920461847DF
:1084F80002460B464846514600F04BB902460B4629
:1085080006460F4600F045B902460B463046394646
:1085180000F03FB902460B4620462946FAF761BCEF
:1085280002460B462046294600F033B902460B4660
:108538005046594600F02DB902460B46484641467A
:1085480000F027B90149096809680847E0010010E7
:1085580001490968C96A0847B8010010014800685C
:1085680000680047E80100100148006840680047BB
:10857800E801001001480068FFF776B814080020E9
:1085880001488068704700BF180800200168081A71
:10859800B0FA80F0400970470149202200F004B980
:1085A8004889000001480068006B00478C010010F2
:1085B8000068016B21F48071016370470068016BEA
:1085C80041F40071016370470068016B41F48071E8
:1085D800016370470149242200F0E6B824890000AD
:1085E8000148012101707047E00A002080B510465B
:1085F800FEF70CFC002080BD0021C0E9001181605D
:108608007047C0F80418022000F07EB84046514672
:108618001C2200F0C9B8CDE9000A2846FAF7B7BC11
:1086280002460B4630463946704700214FF0FF326C
:10863800FCF748BB4068002180F8FD10704740688F
:1086480001210068C164704700B1704700F00CB8A0
:1086580000688030FEF752BE00680421FFF7D1BFE2
:10866800EFF3108072B67047EFF3108062B6704770
:1086780022462B4600F08DB8BDF9C400FFF7D8B9E3
:1086880052465B4600F085B853EC102BFAF7A9BBAD
:10869800DDE9182300F07DB842F2107000F081B8CF
:1086A80040465146FBF74EB83246234600F071B8B3
:1086B80032463B4600F06DB832463B4600F067B89C
:1086C80053EC102B00F065B822462B46FAF789BB0D
:1086D80032463B46FAF785BB80B5FEF72FF880BDDA
:1086E800004870479C0C002040686C30FEF706BEBE
:1086F8000021017570470022FCF788BE0220FFF7B1
:1087080059B80220FFF706B90138FDD17047EFF3D9
:10871800108070472046FFF797BF0D46FFF788B9CE
:108728000F46FFF785B95846FFF78EBF3598FFF714
:108738007FB90D46FFF734BC4B46FAF752BB0F46DC
:10874800FFF72EBC0121FFF7E3BD406000607047D2
:1087580001680968084702681269104700F005F8BF
:10876800FEE7007D70478160704700BF7047FFF7E4
:108778007BBFFFF7FCBFFEF7CFBEFEF7E9BEFFF7F2
:10878800CBBA006870470068704780687047FBF78D
:108798009BBAFCF72FB901207047002070470020D2
:0C87A8007047FEF71FB90000FFF78EBD00
:1087B40000B0004034000000FF00000098070020D3
:1087C40020000000B8070020200000000000000086
:1087D4000200000003000000FF000000FF00000092
:1087E4006018002050180020400000002000000005
:1087F4001300000014000000130000001500000026
:1088040016000000000200008E0000008E0001002F
:108814008E0002008E0003008F0000018F00000212
:108824008F0000038E0001048E0000058E000804F2
:108834008E00000489000006500000007F00010043
:108844003F0004003F0002003F0001007F000200DF
:108854008E0002048E0001028E00010120205B4183
:108864004453313239325D2050726F62696E672031
:1088740063616E6469646174652043532070696E3A
:108884007320666F72204144533132393252206171
:108894007420323530206B487A3A0D0A20202000AB
:1088A4000000004017FF0000000000000400FFFF6C
:1088B40008000000100000004018002030180020BC
:1088C400401A0020301A00200A00000009000000AD
:1088D4000C0000000B00000009080AFF0A00000059
:1088E40020205B414453313239325D20435320739D
:1088F40063616E20636F6D706C6574656420286EAF
:108904006F20726573706F6E7365292E20446566DF
:1089140061756C74696E6720746F2044494F200040
:108924000000000000000000000000000000000043
:10893400000000000100000000C20100030000006C
:108944000000000000000000FFFFFFFF0000000027
:108954000000000040420F0008000000000000007A
:1089640000000000DB0F493FDB0F49BFE4CB16409A
:10897400E4CB16C00000000000000080DB0F49407B
:10898400DB0F49C03863ED3EDA0F493F5E987B3F09
:10899400DA0FC93F6937AC3168212233B40F14337D
:1089A4006821A23320205B414453313239325D20A7
:1089B4004C4F434B45442043532050494E3A2044A6
:1089C400494F20007B2274797065223A22656367DF
:1089D4005F73756D6D617279222C2262706D223A1B
:1089E40000205B5244415441432044455445435480
:1089F400454421205374617475733D307800777C4D
:108A0400395E79713D76061E003800545C7300505F
:108A14006D783E0000006E0005620000AD4D000060
:108A24003D860000C532000091250000E15B000096
:108A3400038000C0038000D5038000CC038000DDE8
:108A44000380000C0380005D0000000002000000B1
:108A540001000000030000001000000020000000DE
:108A64000020004011000000FFFFFFFF0000000095
:108A740006050D040E0000007445505072534875ED
:108A8400644C7578507278497274454347417474E4
:108A94003E3E20537769746368656420746F204D8B
:108AA4006F6465205B000B14000000008D4E000015
:108AB4002D81000001010100000000007B22747977
:108AC4007065223A22696D75222C226178223A005F
:108AD400205B464F554E44204144533132393221B4
:108AE4005D0D0A003031323334353637383941427E
:108AF4004344454600303000640A0020A0060020AC
:108B04001C070020FFFFFFFF000000000000000022
:108B14000000000000000000000000000000000051
:108B2400FFFFFFFF000000000D0A202020202D2D54
:108B34003E2044494F20007B2274797065223A22FA
:108B4400656E7622002343414C49425241544544C8
:108B54000D0A00535049204D6F646520300D0A0002
:108B6400535049204D6F646520310D0A000D0A00F1
:108B74000000000000000000000000001C8A00004B
:108B8400F8040020A4880000000000000000000099
:108B94000A0000003F065B4F666D7D077F6F20284B
:108BA4004D6F64652030290020284D6F64652031A5
:108BB40029002C22726D737364223A002C2270698E
:108BC400746368223A003A207278203D203078009D
:108BD4002C2270726F78223A002C2273646E6E22FB
:108BE4003A002C226D6F6465223A002C22726F6C5D
:108BF4006C223A002C2272657370223A000008003D
:108C0400B8030020648A000048020020B4870000F2
:108C1400D8070020548C0000010200030200010365
:108C240001020408030C050A207573696E672000AD
:108C34002C22616374223A002C226D6C78223A0053
:108C44002C226C7578223A0001000000000000001C
:108C5400000002400929FF002C227272223A002CE3
:108C640022617A223A007B2265223A5B002C22613F
:108C740079223A002C2254223A002C2248223A002B
:108C84002C2250223A000006028682000810182086
:108C94005D7D0D0A000001020304002040605D0DAB
:108CA4000A002C633D007D0D0A00203078003A72E2
:108CB4003D00205B440030002D002E002C005D00A0
:048CC4001E0101018B
:088CC8000000000000000000A4
:108CD00000E500000FA1020100BF0514BF02A38739
:108CE000003F0009510000A7007016BFCE01FB0233
:108CF00060003420002001042F00200240003300D7
:108D000000B000310001F000B601F202F50370007E
:108D1000F901F904714004B50336057402390630CF
:108D200019C60B2D4F3DD9FF00003273C84132FFE9
:108D30009A0245812A45DF040A47440E47C280480B
:108D400026FFF000696300008984000009840000A8
:108D500002000000100000000200000010000000EF
:108D600002000000100000000200000010000000DF
:108D700002000000100000000200000010000000CF
:108D80000200000018080000D08C00001808002025
:108D9000508D0000301A0020588D0000301800203F
:108DA000608D0000401A0020688D000040180020EF
:108DB000708D000050180020788D00006018002091
:088DC000808D0000000000207E
:020000025000AC
:107FA80000008001100080FFFDFF5800FFFFBBF3B9
:107FB800FFFFFFFFFFFFFFFFFFFFFFFFFFFFFFFFC9
:107FC800FFFFFFFFFFFFFFFFFFFFFFFFFFFFFFFFB9
:107FD800FFFFFF00FFFFFFFF00FFFFFF00C5C5FF1A
:107FE800000000FF00000000FFFFFFFFFFFFFFFF92
:087FF800FFFFFFFFFFFFFFFF89
:00000001FF
