:10000000003801203DC3000099CA000099CA0000D1
:1000100099CA000099CA000099CA000099CA000054
:1000200099CA000099CA000099CA000099CA000044
:0C00300099CA000099CA00000D6E000083
:10004000B6B00CF0DDFB0C902EA8DFF8F89CDFEDCD
:10005000B68A4FF000084FF0010B0DF13B07811DF0
:100060000A300690DFF8EC0D07912030089010ACB4
:1000700000200B900D90D9F818008DF8B780CDF8BE
:10008000B0800DF1B70101222CAB0CF0C6FE083098
:1000900003D1D9F818000BF03BFF2C98002800F092
:1000A000E6819DF8B7100D2902D00A2940F08C8016
:1000B0000B99002900F0D9812EA8012900F80180B0
:1000C00000F08E80DFF8801C05460AF088FF0028CB
:1000D00000F0B580DFF8741C0DF0D3FC002800F0B0
:1000E000B880DFF86C1C0DF0CCFC002800F0DB8041
:1000F000DFF8601C0DF0C5FC002800F01781DFF868
:10010000581C0DF0BEFC002800F00781DFF84C1CE5
:100110000DF0B7FC002800F00081DFF8441C0DF062
:10012000B0FC002800F05085DFF8381C0DF0A9FC69
:10013000002800F04985DFF8301C0DF0A2FC0028F3
:1001400000F0D985DFF8241C0DF09BFC002800F09E
:10015000D885DFF81C1C0DF094FC002800F0D78532
:10016000DFF8101C0DF08DFC002800F0E285DFF8B0
:10017000081C284605220CF067FC002800F0CC85FE
:10018000DFF8F81B284605220CF05EFC002800F082
:10019000C385DFF8EC1B284609220CF055FC40B162
:1001A000DFF8E01B284609220CF04EFC002840F046
:1001B0005C810B980B2832BF002006980BF0B0F939
:1001C00089F80CB000F0B1BD0B9A48B212B31E2AE8
:1001D00000F24D812EA90B9A885401320B9246E110
:1001E0009DF8B800A0F13101032937D9442800F067
:1001F0002281572800F01C815A2808D0642800F07A
:100200001A81772800F014817A2840F02E8189F82D
:100210000BB012E100282DD4A1F13102032A66D9D6
:10022000422900F01285432904D0522900F032857A
:100230006329CFD109F0D8FCDFF8100C13E10020BE
:1002400000210B90DFF8E40B89F80D100CF0B0FCE6
:100250000DE1DFF8D40B89F80DB004E1DFE811F00F
:100260000400FE00F200F800012007F017F8DFF8A4
:10027000D00BF8E06FF0630151FA80F0A9F810009C
:100280002320A9F8140099F80500002840F0ED801B
:1002900099F80000062840F0E880B9F81000012124
:1002A00008F0E4FEE1E0DFF86C0BDFF8F45AA84751
:1002B0000DF0BEFA0AF024FCDFF85C0BA84799F8B1
:1002C0000D00DFF8581B0128DFF8540B08BF084663
:1002D000A84720460DF0BCF8DFF8480BA8479DF86A
:1002E00040000AF00DFCDFF80C0BA847BDE0DFE88A
:1002F00012F00400F404C304E604012006F0CEFF6B
:10030000DFF8400B09F08EFADFF83C0B0DF066FBCE
:100310000DF080F8DFF8280B98E7402005F0CCFEC0
:10032000DFF8A80A9FE000BF00007A44DFF8A00AC7
:10033000DFF86C5AA847DFF89C0AA8470DF07EFA50
:100340000028DFF8980ADFF8901A18BF0846A84777
:10035000DFF88C0AA8470DF065FA0021DFF8842A3F
:100360008DF89A1000F00F010009515C105C8DF8B7
:1003700099108DF8980026A8A847DFF86C0AA847BE
:100380000DF044FADFF8646AB047DFF8640AA84762
:1003900017200DF00DF8B047DFF858AA5046A847CF
:1003A000DFF8540A21460CF039FEDFF8500AA8475E
:1003B0001098B047DFF8480AA8471198B047DFF80F
:1003C000440AA8471298B0475046A847DFF8380AB1
:1003D000A8470DF03FFADFF804AA0028DFF8F86913
:1003E000504618BF3046A847DFF8200AA84799F8BA
:1003F0000300002818BFB2465046A847DFF8100A8D
:10040000A8470DF021FA0021DFF8D8290B918DF8CB
:10041000821000F00F010009515C105C8DF8811012
:100420008DF8800020A8A847DFF8C809A8471EE07B
:10043000DFF8FC0917E089F80CB000200B90C9F830
:10044000240014E0032006F029FFDFF8EC090AE09D
:10045000042006F023FFDFF8DC0904E0022006F0A8
:100460001DFFDFF8D8090CF0A3FB00200B900D98BE
:100470004FF47A7A002600F11005102E68D0DFF8CC
:10048000780926A90AF0B6FB002863D099F8020083
:10049000C0071BD089F80280B9F81400B0B9232036
:1004A000A9F8140099F8050080B999F80000062809
:1004B0000CD1B9F8100010B1B9F8100003E0DFF862
:1004C000880990F84300012108F0D0FDB9F8140024
:1004D000D8B1B9F814000138A9F81400B9F814001B
:1004E00098B999F8050080B999F8000006280CD150
:1004F000B9F8100010B1B9F8100003E0DFF84809AE
:1005000090F84300002108F0B1FDD9F8180099F8DF
:100510000D10012918D1B8B1DDE928019DF89C2002
:10052000269B8DE80700DFF82829204638210AF0AD
:10053000E7FD012808DB0246D9F81800CDF88080D5
:10054000214620AB0DF09FF801364FF0C80A94E722
:100550000D9502E00D9830440D9099F80400C00705
:100560007DD099F80D00012879D1DDF820B05846EA
:100570000DF058FADFF8D00889F8048090F8701070
:1005800090ED198A90ED1A9AB0F95C60B0F95A7042
:10059000B0F9585058460A910BF04EFE4446DFF829
:1005A000B808DFF8FC87C04700EE105ADFF8AC58F7
:1005B0000DF0B6F9DFF8A808C04700EE107A0DF08C
:1005C000AFF9DFF8A008C04700EE106A0DF0A8F9F7
:1005D000DFF89408C047DFF8CC57B0EE480AA847C8
:1005E000DFF88808C047B0EE490AA847DFF880085E
:1005F000C0470A98DFF8F4674FF0010BC0F3801092
:10060000B047DFF87008C047DFF86C78386EB04745
:10061000DFF86808C04797ED190AA847DFF86008B7
:10062000C04797ED1C0ADFF85C58A847DFF8580868
:10063000C04797ED1E0AA847DFF85008C04797ED5E
:100640001F0AA847DFF84808C04797F850000DF187
:100650003B07B047DFF87007C047A04610AC0CF06E
:10066000CFF805460C9841F28831281A8842C0F02C
:1006700087808DF840808DF880808DF83C8020A99F
:1006800020460FAA08F002FF002868D09DF88000DD
:10069000810727D599F80000DFF8F827013000F02E
:1006A000070000EB400189F80000505C0A445178D3
:1006B00092780AF079FF99F80000DFF8DC17085CFF
:1006C0000CF0E8FD0DF042F8DFF8D0070CF070FAFE
:1006D00099F800000AF014FADFF8C4070CF068FA81
:1006E0009DF88000C1071ED00DF0A2F8471C03281A
:1006F00088BF0127F8B206F0D1FD452043214722EB
:100700000AF052FF0DF022F8DFF898070CF050FACB
:1007100038460DF13B070AF0F3F9DFF884070CF0D7
:1007200047FA9DF88000410709D5DFF87C0789F872
:100730000BB0C9F824800CF03BFA9DF880008006CD
:100740000DD5402005F0B8FC432041214C220AF091
:100750002BFF0CF0FBFFDFF854070CF029FA99F897
:10076000050001280BD199F80E0020B1013889F855
:100770000E00000603D189F8058005F04BFF0C95AB
:1007800099F80A00C00700F06181DFF8C85605F14A
:100790004C0630460DF046F989F80A8099F80800B1
:1007A00095ED00AA95ED01EA95ED02FA95ED03DAD3
:1007B00095ED04CA95ED05BA99ED079A99ED088A69
:1007C000B9F8128099F809B099F8064099F80750DD
:1007D0000A9030460BF030FD99F80D00012840F0EA
:1007E000CD80DFF808070CF0E3F93CB3DFF8000731
:1007F000DFF8AC65B047DFF88C76B0EE4A0AB84750
:10080000DFF8F006B047B0EE4F0AB847DFF8E80669
:10081000B047B0EE4E0AB847DFF8E006B047B0EE9A
:100820004D0AB847DFF8D806B047B0EE4C0AB847D3
:10083000DFF8D006B047B0EE4B0AB8473DB1DFF85D
:10084000A8060CF0B5F9B0EE490A09F029F8DFF86E
:10085000B8060CF0ADF940460AF052F9BBF1000FB2
:1008600007D0DFF8A8060CF0A3F9B0EE480A09F0AB
:1008700017F8DFF89C06DFF82875B8470CF0D8FFAA
:10088000DFF868B5D847DFF8C00590F84380DFF897
:10089000B405D0F8B061DFF87C06B84740F2EE202E
:1008A00086424FF0000028BF80464046D847DFF818
:1008B0006806B847B9F84A00D84720A80CF0C8FD28
:1008C000DFF85806B84716AE96ED0B0A08F0E8FFB9
:1008D000DFF84C06B84796ED0C0A08F0E1FFDFF8A8
:1008E0004406B84796ED0D0ADFF8B854A847DFF87C
:1008F0003806B84796ED0E0AA847DFF83006B84725
:1009000096ED0F0AA847DFF82806B8479DF8800043
:10091000D847DFF8B404B847D9F818004FF0010BF6
:1009200030B3DFF824650624B9F84A10B6F8400061
:10093000B6F84420B6F8463096F84860B70604EAA0
:10094000E7778DE8830003A840214CC010ACDFF8A6
:10095000E425434620460AF0D3FB012808DB024683
:10096000002021460F90D9F818000FAB0CF08BFE39
:1009700010AC4FF000080DF13B0767E009944FF011
:10098000010B4FF0000899F80D0010AC00285DD164
:1009900020460CF085FDDFF81875DFF81805DFF844
:1009A000A414DFF8EC232346009703F0EDFCDFF8F6
:1009B0000805DFF8EC53A847B879DFF83064B04792
:1009C000DFF8F804A8473889B047DFF8F404A847EF
:1009D0007889B047DFF8EC04A847B889B047DFF85A
:1009E000E804A847B87BB047DFF8E004A847F97BE4
:1009F000DFF8E004DFF8D824012908BF10460029F9
:100A0000DFF8D41408BF0846A847DFF8D004A84789
:100A1000387E0DF13B07B047DFF8C404A8470A98B9
:100A2000B047DFF8C004A8470998002818BFB0EE07
:100A30004A8AB0EE480A09F0E5FBDFF8AC04A847A3
:100A4000B0EE490A09F0DEFBDF48A84799F80B0031
:100A500020B999F80C00C00700F0AB8099F80C00A1
:100A6000D9F8245089F80B8089F80C8089F801B0F6
:100A7000C0071AD0DFF8CC04C94EB04728460AF0A8
:100A80003FF8DFF8B804B047DFF8BC04B047642093
:100A9000452150220AF088FDA9480BF0DDFE0BF03D
:100AA000A1F828460BF062F819E0DFF88C04BC4E80
:100AB000B04728460AF024F8DFF88004B047DFF892
:100AC0008004B04753204C2150220AF06DFD9C4811
:100AD0000BF0C2FE0BF086F828460CF021FA96487F
:100AE0000BF0BAFE8DF83C80202000210FAA0AF0FE
:100AF00039FD8DF83B80CDF84080D9F81800394693
:100B0000012223460CF089F910B910980028F4D17D
:100B10008A4805FB00F60BF073FE074625B10BF083
:100B20006FFEC01BB04225D21D200CF041FC68B9FD
:100B3000FF2000218DF88000202020AA0AF012FD5D
:100B400020B19DF88000C043800613D1D9F8180069
:100B50008DF83A80CDF880800DF13A01012220AB6A
:100B60000CF05BF908B9209820B94CF250300BF02A
:100B700073FED3E70BF018F807F040FC09F0E2FB36
:100B800007F068FD7520502120220AF00DFD99F82C
:100B90000000C149085C0CF07DFB0CF0D7FDEB4870
:100BA00089F801800CF004F8E9480CF001F80DF127
:100BB0003B0791480CF086FB00283FF45CAA5046A6
:100BC0000BF04AFEFFF757BA204603F00DF9002854
:100BD0003FF44BAC7148724EB04716AD714F95ED76
:100BE000000A0CF051FF7048B04795ED010A0CF077
:100BF0004BFF6E48B04795ED020A0CF045FF9DF89B
:100C000067006B4900286B4818BF0846B0476A4820
:100C1000B04795ED000A0CF037FF6848B04795EDF6
:100C2000010A0CF031FF6648B04795ED020A0CF05E
:100C30002BFF64480DF13B07B0479DF8670009F0B2
:100C40005FFF6148B047FFF710BC2320A9F81400EC
:100C500099F8050000287FF408AC99F800000628F0
:100C60007FF403ACB9F8100000287FF416AB764887
:100C700090F84200FFF713BB032006F00FFB71480A
:100C800008F0D0FD70480CF0A9FE0CF0C3FB6A48D8
:100C9000FFF7DCBA002000210B90A9F8101099F89A
:100CA000050000287FF4E3AB99F8000006287FF4E4
:100CB000DCAB00200B9008F0D9F9FFF7D8BB04207B
:100CC00006F0ECFA5F4808F0ADFD5F480CF086FED8
:100CD0000CF0A0FB5748FFF7B9BA022006F0DEFA85
:100CE000584808F09FFD58480CF078FE0CF092FB35
:100CF0005248FFF7ABBA26480BF0CDF92648FFF76C
:100D0000B2BB23480CF07BF92248FFF7ACBB0AF0DA
:100D100099FD1E48FFF7A7BB0B98072832BF00209C
:100D200007980AF0FDFB89F80BB0C9F82400FFF71B
:100D30009CBB1548FFF797BB90D00300A08601002D
:100D4000305705002004002081EC00006EEE00000A
:100D500032EF0000AFEF0000A5EF00004AEE000008
:100D60009DEC0000C5ED0000B1ED000047ED000076
:100D7000D9ED0000AAEF000078EF00007EEF000040
:100D8000E3ED00009DED000055E9000030E50000B6
:100D9000509A002043EA000081E7000057E7000076
:100DA000B1CB000005A2000040EF000039EF0000C9
:100DB00021E800002AEA0000ECEA000071EF0000E0
:100DC00024EF000077EE0000CCEF000019E20000F5
:100DD000BEEB000047EC0000DCEF0000B9EF0000C4
:100DE000BCEE000005EC000014EE000001AB0000BA
:100DF00000ED000071E9000034A8002003EB0000C2
:100E0000BBED000052ED000056EC00000BEE0000C0
:100E10000CED00002CE7000065EC0000C8EF0000BE
:100E200038EE0000DCEC00004EE60000D4E60000E6
:100E3000F8E90000C4E90000DEE9000090E90000E4
:100E4000AAE9000058B4002068020020D3E700009F
:100E5000ABEB0000F001002070EB000015950000E6
:100E60005CEF000047EF000093ED000065EE00002E
:100E7000F4EE000001EE000030BD00200CEF000099
:100E800089EE0000A19800006AEF00004EEF00001C
:100E90005CEE0000BCEA0000B4EE000063E4000079
:100EA000D4EF00001AEB000092E5000030EB0000E8
:100EB0008CC0002078BF00205CEB000055EF0000E4
:100EC000A7ED00001DEE0000CFED0000AAEC000031
:100ED00063EF000004EF0000EDED0000F7ED00000F
:100EE000F4EC000053EE0000FCEE00008FEC00007C
:100EF0008AEF000084EF000090EF0000D4EE0000C5
:100F0000E4EE0000ECEE000041EE0000DCEE00003C
:100F100026EE0000CCEE0000C4EE00003CED000028
:100F200073ED000068ED0000E8EC00007EED0000CD
:100F30005DED000011EA0000FBE70000D0EF0000CB
:100F4000D6E1000097E400000DE1000086E000001B
:100F5000D1EB00000A2070472DE9F84F2DED048BEE
:100F600096B00025002800F0C4840646DFF8000A89
:100F70000078002800F0BD84DFF8F8497620712160
:100F80000022A047762072210122A04776207421FA
:100F90005522A04746F2A8100BF05EFC11AC1121BF
:100FA00020460CF0C6FA76201D21224611230AF0B5
:100FB000E7FF002800F09C849DF84A109DF8490046
:100FC000090141EA00309DF84B1040EA111041033D
:100FD00002D1002500F08CBC9DF847209DF84610FA
:100FE0009DF84830120142EA013141EA131109919A
:100FF0009DF852100D919DF851100691BDF84C10BE
:1010000009BA090C0C910BF0DBFF9FEDB30B0F96A7
:1010100081468B4653EC102B0E9210930CF065FD1D
:101020000446DFF84C090F46808A0BF0C9FF9FED9C
:10103000AC0B05460E460CF0BDFC02460B462046A6
:10104000394604F03EF90446DFF824090F46B0F9AA
:1010500016000BF023FB02460B46204639460CF0E7
:1010600044FD9FEDA10B80468A464846594653EC05
:10107000102BCDE907230CF038FD9FED9D0B0446A6
:101080000F46284631460CF095FC02460B46394681
:101090002046DFF8DC7804F014F902460B460CF029
:1010A00024FD044697F902000CF0F1FC9FED920B31
:1010B00053EC102BCDE90A230CF017FD0CF044FC87
:1010C0000CF013FD02460B464046514604F0F9F879
:1010D0009FED8B0B04460D4653EC102B0CF003FDDB
:1010E0008246884608F048FF0F9905900860787896
:1010F000012840F06181B7F91A000490B7F9200087
:101100000BF0CCFA9FED800B55EC107B3A460CF0BF
:10111000A6FC0446DFF858080E4690F907000BF0CD
:10112000BDFA3A460CF09BFC0CF060FC22460CF039
:101130009FFC834609980D4600010BF041FF0246D3
:101140000B460446099089460CF0CFFC5A462B46C4
:1011500006460F460CF0C9FC05468B46304639461C
:1011600022464B460CF0C1FC0646DFF804080F4649
:1011700090F908000BF092FA9FED650B0CF01AFC49
:1011800002460B46304639460CF0AFFC2A465B4619
:1011900004F097F8CDE9071004980BF07FFA9FED63
:1011A0005E0B0CF007FC0CF0C5FA0446DFF8C00734
:1011B0000D46008B0BF004FF9FED590B0CF0FAFB72
:1011C0000CF008FC0446DFF8A8070D4690F9030070
:1011D0000BF064FA9FED540B0CF0ECFB0CF0AAFA48
:1011E0000CF0A8FA0CF0B0FB04F06BF80546DFF841
:1011F00080070F4690F904000BF050FA9FED4C0B5E
:101200000CF0D8FB0CF096FA0CF094FA0CF092FA71
:1012100002460B462846394604F053F8CDE9031040
:10122000DFF84C07C08B0BF0CBFE9FED430B0CF0AF
:1012300059FB04F046F89FED420B0CF0BBFB0CF0A1
:1012400079FA0646DFF828070F46808B0BF0B8FEC8
:101250002A46234604F035F89FED3B0B0CF0AAFB21
:1012600002460B4639463046DFF8047704F029F889
:10127000054697F905000E460BF010FA9FED340B6A
:101280000CF098FB0CF056FA0CF054FA2A460CF0CD
:10129000EFFB834697F906000CF0F9FB9FED2E0B50
:1012A0000CF088FB0CF046FA0CF044FA0CF042FA11
:1012B0005A462B4604F005F8099A4B460CF015FCEB
:1012C00002460B46DDE9031003F0FBFF02460B4626
:1012D000DDE9071074E100BF000000000000103FCE
:1012E00000000000000050BF000000000000E03ED1
:1012F00000000000000020BF00000000000030409F
:10130000000000000000B440000000000000F03CBD
:10131000000000000000E03B000000000000903FE3
:101320000000000000002040000000000000703FAE
:10133000000000000000003F000000000000D0C0DE
:10134000000000000000203E000000000000B03E51
:10135000000000000000F03D000000000000A03D83
:10136000000000000000E03F000000000040EFC06F
:10137000000000000000C03E000000000000F03F40
:101380000000000000000000000000000000D03F4E
:10139000000000000000F04000000000000030BF2E
:1013A000000000000000304100000000006AB8406A
:1013B000000000000000003E1FED170B20462946EC
:1013C0000CF0F8FA1FED180B0CF000FB054697F92E
:1013D00009008B460BF062F90CF0C4F90CF0C2F96D
:1013E0000E9A109B0CF081FB0446B7F924000E46C0
:1013F0000BF054F92A465B460CF077FB22460CF0C2
:1014000037FB1FED250B0CF0D5FA1FED370B53EC16
:10141000102BCDE903230CF068FB1FED290B0CF01A
:10142000D5FA0446788C0E460BF0CAFD02460B46F0
:10143000204631460CF059FB1FED2F8B81460C46A0
:1014400053EC182B08F0ECF8002840F0BD80B7F9F9
:1014500028000BF023F90CF085F901940446DFF81D
:1014600010050F4690F90B000BF018F9DDE9072382
:101470000CF03BFB0646CDF808A0C246884628463D
:1014800059462A465B460CF030FB324643460CF088
:101490002CFB05460E462046394622463B4603F0C5
:1014A00010FF2A460CF0E4FA1FED490B0CF082FA0B
:1014B0000446DFF8BC040D46B0F926000BF0EEF848
:1014C0001FED4D0B0CF076FA0CF084FA1FED4E0B6D
:1014D0000CF070FA044609980CF0C4FA1FED500B9A
:1014E00002460B4651EC100B03F0E6FE0CF072FACC
:1014F0001FED530B0CF05EFA019B4A460CF0F3FA19
:101500000646DFF86C048846B0F92C000BF0C6F8EC
:101510000CF02EF90CF02CF91FED5B0B0CF04AFAD5
:101520001FED7F0B83468946304641460CF042FA58
:1015300002460B4604460D460CF0D7FA0CF004FAAE
:101540000CF0D3FA0446DFF828040D46007B0BF0BC
:1015500037FDDDE907230CF0C8FA22460CF07FFACC
:101560000546DFF80C040F46B0F92A000BF096F898
:10157000DDE903230CF0B9FA324643460CF0B5FA24
:101580005A464B4603F09DFE3B462A46DFF8E07381
:1015900003F097FE044697F90A000CF078FA9FEDE5
:1015A000DE0B0CF007FA0CF015FA9FEDDD0B0CF0DA
:1015B00001FA0B464146D046DDF808A00246304607
:1015C00003F07FFE41EC180B9FEDD90B51EC180B8B
:1015D00053EC102BCDE908320CF085FA08F0CCFC66
:1015E0000F9E706097F90D000BF058F89FEDC40B3B
:1015F0000CF0E0F90CF09EF80446388E0CF032FA4C
:10160000DDE90A230CF071FA0CF0E4F904460C98B9
:101610000CF028FA22462B4603F04EFEB9460C90F9
:101620000F4699F90E000BF039F8DDF838B0109B31
:101630005A460CF05AFA0CF0D9F99FEDB30B0CF0A6
:10164000C5F9044699F90F000CF021FA9FEDB60B8D
:101650000CF0B0F90CF06EF80CF0C8F90CF0BAF917
:101660000446B9F82E000CF0FDF99FEDB30B0CF019
:10167000A1F922460CF0F3F902460C980B463946C4
:101680000CF033FA044699F810000F460BF098FC62
:10169000109B5A460CF029FA834699F911000CF078
:1016A000F6F99FEDA70B0CF085F90CF09FF95A465F
:1016B0002B4603F006FE22463B460CF016FA224665
:1016C0003B460CF012FA22463B4603F0FAFD9FED32
:1016D000900B83460F4655EC104B22462B4607F0E5
:1016E000ACFF00281CBF2F46A346099C089D584606
:1016F000394622462B4607F0C7FF00281CBF2F465D
:10170000A3465846394608F037FCB0600D9908EEFC
:10171000100A99ED0D9A880620D4BBEE0E1A059892
:101720009FED972AB7EE003A38EE011A01EE023A21
:1017300000EE100ABBEE051A30EE010A9FED911A79
:1017400000EE013A9FED900A29EE039AB4EE409A1A
:10175000F1EE10FA48BFB0EE409A4AE0069801F068
:101760000F084FEA911A8600814890F912000AF09A
:1017700095FF9FED750B0CF01DF99FED750B0CF0AF
:1017800025F902467C480B4600EBC8000BF0D8FF59
:1017900004467A480D4622462B4600EBC8000BF063
:1017A000CFFF804606EB0A008946A0F500700AF0DC
:1017B00075FF0CF0C9F803F084FD02460B46404665
:1017C00049460F9E0CF08FF99FED630B80468A46C9
:1017D0000CF088F807F058FF58B1404651462A46A9
:1017E00023460CF080F908F0C7FB614909EE100AA6
:1017F00048639FED5B0B5846394686ED039A0CF023
:1018000071F807F034FF58B19FED570B5846394631
:1018100053EC102B07F01EFF10B1B3EE090A17E0CE
:10182000584639462A46234607F007FF40B19FED48
:10183000580AB3EE091A38EE000A30EE010A07E042
:101840009FED520AB3EE091A38EE000A31EE400A53
:101850009FED501A9FED502AB6EE083A89EE011A14
:1018600021EE021A21EE031A9FED4C3AB4EE431A10
:10187000F1EE10FAC8BFB0EE431AB5EE401A9FED74
:10188000483AF1EE10FAB5EE400A48BFB0EE431AFE
:10189000F1EE10FA48BFB0EE430A31EE000AB1EEA5
:1018A000041A32EE400A9FED412A20EE010A9FED14
:1018B0003D1AB5EE400AF1EE10FA48BFB0EE430A09
:1018C000B4EE410A9FED3B3AF1EE10FAC8BFB0EE1C
:1018D000410A9FED351A86ED040A012500EE012A22
:1018E0009FED331A00EE013A86ED062A86ED053AA1
:1018F0003577284616B0BDEC048B01B0BDE8F08FFB
:10190000000000000000E03F000000000000F03F89
:101910000000000000000000000000000000604027
:10192000000000000000B03F000000000000B03EDA
:101930000000000000005940000000000000D03E00
:10194000000000000000A03E000000000000144065
:101950000000000000F094400000000000408F40B4
:10196000000000000000434000000000000045406F
:10197000AC04002071C3000048DE0000C8DE000097
:10198000A69BC4BB6F1203BC0000FA44000028C22F
:10199000000018C2000048420000C8420000964201
:1019A000000000000000FA430AD7233CCDCC4C3D98
:1019B000CDCC4C400000C8432DE9F84F2DED068BEF
:1019C000ADF5496D0026002800F0AC830F460029D4
:1019D00000F0A8839346002A00F0A48397ED038AC1
:1019E0008146B5EE408AF1EE10FA1DD8B7F906101F
:1019F000B7F90400B7F9082001EE101A00EE100A3A
:101A0000B8EEC11AB8EEC00A21EE011A00EE001AB3
:101A100000EE102AB8EEC00A00EE001AB1EEC10ABC
:101A20009FEDB01A80EE018A386839462022039073
:101A3000B9F8A40C09EB401024300CF069F8B9F89F
:101A4000A43C642009F61C585E1CB6FBF0F101FBB7
:101A50001064B9F8A61CA9F8A44C63299CBF0131F5
:101A6000A9F8A61CB9F8A80C00F1010A09F618504B
:101A70000290D9F8180DA9F8A8AC48B999F83D2DED
:101A800032B9D9F8542D1AB9DFF814280025157089
:101A900089B29FED950AB0EE481AB0EE482A0C299B
:101AA00028BF0C216422B6FBF2F54FF4486675435B
:101AB00004F16306C5EB43138C4D4B4403F54B63B4
:101AC00021B3B6FBF2F4B0EE414AB0EE425A04FB49
:101AD000053494ED003AB4EE413AF1EE10FAB4EE6A
:101AE000423AC8BFB0EE434AF1EE10FAB4EE403AC3
:101AF00048BFB0EE435AF1EE10FAC4BFB0EE452A2B
:101B0000B0EE441A0139013E203BD9E731EE420ADA
:101B100098ED092A9FED763AB7EE001A0BF0F6FE23
:101B200001D5039C1DE09FED733A039C0BF0EEFE84
:101B300017DCB6EE081AB4EE418AF1EE10FAC0F2E4
:101B4000CD80B7EE041AB4EE418AF1EE10FA00F23D
:101B5000C5809FED691A9FED693A28EE011A02EEE1
:101B6000031A88ED091A9FED662AB4EE420AF1EED7
:101B700010FA02D59FED639A18E09FED633A38EEB4
:101B8000411A9FED624A21EE039AB0EEC11A9FED11
:101B90005D3AB4EE441AF1EE10FA48BFB0EE439A43
:101BA00098ED0A1A9FED5A3A01EE039A0021B4EE1D
:101BB000420A88ED0A9AF1EE10FA89F83C1D27DAFC
:101BC000C8E90B11012089F8500DD9F8540D0028EF
:101BD0006CD0201AB0F5C86F09D9DFF8C416002000
:101BE00089F83D0DC8F81000C8E90000087099F8A0
:101BF000F20CE0B1D9F8FC0C40F6B831201A88425A
:101C0000C0F0B78148460BF0FAF9B9F8A8ACB0E1DA
:101C100099F8501D01294DD198ED0B0AB4EE409A68
:101C2000F1EE10FA40F3908088ED0B9ACDE799F829
:101C3000F00C052800F21481DFE810F006001B010B
:101C4000140112013E015D019FED2F0A0BF077FE9A
:101C500040F15D8199F8F30C013089F8F30C000A2A
:101C600040F08781012009F54E63B7F90610B7F9F6
:101C70000820C9F8F44C89F8F00C0020986189F824
:101C8000F30CB7F9040001EE101A02EE102AB8EEB8
:101C9000C11AB8EEC22A00EE100A83ED011A83EDD4
:101CA000022AB8EEC00A83ED000A62E1B4F5C86FFB
:101CB00093D89CE798ED0C0AB4EE409A9FED150A74
:101CC000F1EE10FA48BF88ED0C9AB4EE409AF1EEAE
:101CD00010FAFFF67AAF88ED0B9A73E7B0EE421A6E
:101CE00041E700BF00007A44CDCCCC3D80F3FFFF3C
:101CF0003333333F6666A63F8FC2753DD7A3703F2F
:101D0000295C0F3E000000006666263FEC51383D1E
:101D10003333B33E8FC2753C0AD7A33D8FC2F5BCA7
:101D200000606A47000070428FC2F53DC3F51C4158
:101D30006666E63ECDCCCC3ECDCC8C3F3333D33F34
:101D4000295C8F3E333303401FED0D1A0BF0D4FD99
:101D5000FFF63BAF1FED0F1AB4EE419AF1EE10FA09
:101D60003FF633AFD9F8542D40F20463A11A002A8C
:101D700008BF40F6C411A1F582729A4200F2E180D8
:101D8000DFF81C6501223378002B00F00A8201EE97
:101D9000101A012B04BF022232701FED232A1FEDFF
:101DA000264A40F201131044C9F8544DC9F8584D61
:101DB00030EE490AB8EE41AA1FED271A98ED003A15
:101DC000A9F83C3DC9F8180D81EE0A1A21EE022A45
:101DD00003EE042AB2EE044A0BF09DFDC8BFB0EE3C
:101DE000421A1FED302A88ED001A81EE022A1FEDFB
:101DF000321A0BF081FD88ED012A48BFB0EE410A8E
:101E00001FED361A20EE010AB1EEC01AB1EEC10A7A
:101E1000B4EE400AF1EE10FA80F13B821FED3C1A5D
:101E200020EE010A1FED3D1A0BF066FD48BFB0EE33
:101E3000410A1FED3F1A0BF05FFDC8BFB0EE410A2B
:101E4000307888ED020A022840F0B18102980068DB
:101E5000022818BF012001EE100AB8EE411AA8E1CD
:101E6000002003E00020A9F8040D042089F8F00CFC
:101E70007FE009F54E61D9F8F40C91ED060AB4EE55
:101E8000408A1FED520AF1EE10FAC4BF09F54E6107
:101E900081ED068A201A0BF052FD30DBB0F5617F30
:101EA0002DD80120C9F8FC4CA9F8140D0020A9F880
:101EB000040D4FF482701BE0BFEE000A1FED601AA4
:101EC000B9F8040D38EE000AB0EEC00A0BF014FDAC
:101ED00026D50130B9F81810A9F8040D80B288424F
:101EE00047D30120C9F8FC4C89F8F20C40F20520D8
:101EF000A9F8F00C3DE0012089F8F20C39E040F23D
:101F0000B731884224BF0020A9F8F00C31E01FED62
:101F1000730A0BF014FD1EDA002089F8F30C28E098
:101F200010B10138A9F8040DB9F8140D0130A9F861
:101F3000140D80B21E2824BF4FF44070A9F8F00C95
:101F400017E0B1F5E16F40F24981D5480121C9F8A8
:101F5000544D017042E109F54E6080ED068A4FF460
:101F60008270A9F8F00C0120A9F8140D0020A9F83E
:101F7000040D1FFA8AF0322824D3B9F8A60C0026E3
:101F800009F54E6A6428C0F09280B9F8A47CCDF8B7
:101F900004A0AA46A9F8A86C4FF0640804AD09EBA8
:101FA000471000F12404B6F5486F0FD0B7FBF8F0E6
:101FB000202200FB0A41A8190BF0AAFD20360137A8
:101FC0002034F0E7002609F54E6A70E0DDF804A041
:101FD00004A864210AF1840202F020FB99F8DC1CB9
:101FE00099F8DD0C9AED212A9AED221A9AED230A2E
:101FF000B6EE083A4A1C01EB410109EB810102F0FF
:102000000302042801F6AC4189F8DC2C81ED002A9A
:1020100081ED011A81ED020A3CBF013089F8DD0C27
:102020009AED2E4A039CB4EE434AF1EE10FA35DAEB
:1020300099F8EC0C9AED2D3A02287BD0012818D0A3
:10204000002840F091809FED9D5A0BF06EFCC0F28D
:10205000A2809FED9B4A0BF05EFCC0F29C8099F839
:10206000EF0C012840F0C3800BF0FFFA022877D272
:10207000C1E09FED8C5A0BF058FC79DB9FED8B5A39
:10208000B4EE453AF1EE10FA72DB99F8EF0C022843
:1020900040F0A8800BF0E9FA022804D30BF0AAFC68
:1020A000022089F8EC0C0020012689F8ED0C0BF1D8
:1020B000080009F6645144228BF80460CBF8004014
:1020C0000BF026FDB9F8EC0C9FED811AABF84C0033
:1020D00099F8F00C99F8F11C99F8F22C8BF84E1045
:1020E0008BF850208BF84F0002992822DAF818005C
:1020F000CBF85400B9F8040D00EE100AB8EE400A0F
:1021000020EE010A8BED170ADAF82000CBF8580010
:102110000BF160000BF0FCFC09F65C50594688227C
:102120000BF0F6FC30460DF5496DBDEC068B01B0A9
:10213000BDE8F08F9FED5E0AB4EE404AF1EE10FA72
:1021400006D49FED5C0AB4EE403AF1EE10FA1FD5CA
:1021500099F8EF0C012821D10BF087FA0328A2D3BC
:102160000BF048FC01209CE7002089F8EC0C42E0D1
:102170009FED4D5A0BF0D9FB0AD59FED4F4A0BF05E
:10218000CAFB05D599F8EF0C00287AD001202BE086
:102190000BF030FC87E70BF02DFC2CE040F2011037
:1021A00022E0C9F8544DC9F8584D327016E0B7EE28
:1021B000001A98ED032A0020C8F81C00C8F8140083
:1021C00000EE012A9FED351A8AEE011A88ED062AE3
:1021D00088ED032A80EE010A88ED040A88ED0C9A46
:1021E0000020F0E440F20120A9F8EE0C5BE740F299
:1021F0000110A9F8EE0C9FED333AB0EEC22AB4EE0E
:10220000431AF1EE10FA0EDD9FED2F4AB4EE442A88
:10221000F1EE10FA07D5B0EEC05AB4EE445AF1EE22
:1022200010FA3FF540AFB4EE430AB0EEC11AF1EE3A
:1022300010FA08DD9FED244AB4EE441AF1EE10FACC
:1022400001D5012030E79FED214AB4EE440AF1EEBA
:1022500010FA08D59FED1C0AB4EE401AF1EE10FA00
:1022600001D5022020E70BF051FB08DD9FED160A97
:10227000B4EE401AF1EE10FA01D5032014E7042061
:1022800012E70BF0F2F90428FFF40DAF0BF0B2FBEC
:102290006BE7B0EE410A06F085FFBFE500007A4427
:1022A000D20500206666263F8FC2F53D295C8F3E31
:1022B000CDCC0C3FAE47613E295C0F3DEC51383E22
:1022C000CDCC4C3D000016440000FA43000016C47B
:1022D0000AD7233C2DE9F04FADF5097DD0F80090E9
:1022E00006469B461546889148460BF0DAF94FF0B2
:1022F000000A09EB00014FF0FF340027CDF81CA2C3
:102300000291894580F0C580A046CDE984A409F1F9
:1023100001048DF818A2CDF80CA214F8010C0028C5
:1023200000F0B780252805D029463460D84701340D
:102330000137F2E73460879783AC3146204600F0DE
:10234000ADF82046314688AA00F0C9F83068017817
:10235000A1F168024FEA7203092B31D8421CDFE871
:1023600003F005190E2F2F2F1D2F2F210146839AC1
:1023700011F8013F682B1ED142F4007107E00146BD
:10238000839A11F8013F6C2B12D142F48071839132
:10239000023014E0839840F4006006E0839840F433
:1023A000005002E0839840F480508390104606E08D
:1023B00042F0400001E042F020008390084601789E
:1023C00000F1010973298DF81812C6F8009020D089
:1023D0006E2944462BD1839843F660710840411E14
:1023E00080EA01028A420ED990FAA0F0B0FA80F099
:1023F000411F082907D8F817DFE801F04505053A1D
:1024000041053A050500889850F8041B0F60889034
:1024100028E09DF80C02444640061BD4CDF800B0DD
:1024200083A888AA294687AB00F01CF91AE00DF1B1
:102430000E0883A988AA404600F066F9929B0246DE
:10244000404629469847411C18BF384487900746A4
:10245000029909E0CDF800B083A888AA294687AB85
:1024600000F09BF80299879F781C7FF44AAF0EE03A
:10247000889951F8042BC2E900708891F2E7889896
:1024800002C80F70C3E7889802C80F80BFE74FF0FB
:10249000FF3738460DF5097DBDE8F08F10B50A68A5
:1024A0000124E30708BF10BD1378302B0CD0232B79
:1024B0000CD02B2B0CD02D2B04D00024202BF0D1B2
:1024C000042306E0012304E0102302E0082300E0D7
:1024D0000223046801320A6023430360E0E7FEB58B
:1024E0000446086816460D4603782A2B11D1306839
:1024F000011D31600068B0F1FF3F606005DC4042C3
:102500006060206840F0010020602868471C2F6050
:1025100017E000210DF10202303B4718092B06D8C5
:102520007B1C2B60435C53547B780131F4E7002023
:1025300050549DF8020020B10DF1020008F0F0FFA8
:10254000606038782E2827D1781C28607A782A2A6B
:1025500008D13068011D31600068A0602868013032
:102560002860FEBD00200DF10201303A092A07D88B
:102570003A18931C2B60537892780B540130F4E78F
:1025800000220A549DF8020028B10DF1020008F063
:10259000C7FFA060FEBDA260FEBD2DE9FE4F05464F
:1025A00010680C46011D116007680C9AD7B3AE681D
:1025B00098469146002E04D438460BF03FF88642E8
:1025C00003D338460BF03AF80646D5F804A0B346D4
:1025D0000195B245C8BFD346D8F80000CDF80880B1
:1025E0005844C8F800000FDD01980078C0070BD1EF
:1025F000ABEB06054FF00008A84505DA2020214680
:10260000C84708F10108F7E7DDF808800025B54262
:102610000EDA57F82500B0F5807F19D22146C84759
:102620000135F4E70020214603B0BDE8F04F104724
:10263000B24515DD01980078C00711D0ABEB060557
:102640000026AE420CDA20202146C8470136F8E7C2
:102650004FF0FF30C8F800000BF0DCF958210160A2
:10266000BDE8FE8F2DE9F84F054610680C46011DA8
:10267000116006680A9AC6B3AF689B469046002F61
:1026800004D430460BF00DF8874203D330460BF0EC
:1026900008F80746D5F804A0B9460095BA45C8BF62
:1026A000D146DBF800004844CBF800000DDD00986F
:1026B0000078C00709D1A9EB070B00255D4504DAB6
:1026C00020202146C0470135F8E70025BD4204DA45
:1026D000705D2146C0470135F8E7BA4503DD009833
:1026E0000078C00706D1BDE8F88F00202146BDE87C
:1026F000F84F1047A9EB07050026AE42F3DA202079
:102700002146C0470136F8E72DE9FC4716464FF051
:10271000000A0D46D1F8048040F2FD112022044643
:10272000CDF800A00AF000FF04F5FE7084F8FDA1CA
:102730000190287BA0F1630115293DD801225E4B51
:102740008A401A4224D0694601AA2846334600F03E
:10275000B5F84FF0000A287BA0F16F014FF0010996
:10276000092905D809FA01F140F2432211423BD16F
:10277000582839D00099286841B301992D2200F0DA
:10278000020001F801290191012181EA50092BE0A1
:1027900091B93068011D3160006884F8FC01C0B255
:1027A0002968B0FA80F04FEA501A21F0020129603E
:1027B00004F2FB110191CEE7252802D05828C2D09F
:1027C000CAE7252020800120BDE8FC87810704D4CA
:1027D000400709D50198202103E001982B214FF0F3
:1027E000000900F801190190287804EB0807264633
:1027F000C007019808D104F2FD116A682646091A3B
:102800009142DCBF791A4E1C411C304600224FF425
:10281000FF734FF000080AF011FBBAF1000F0190AE
:102820001CBF00F8018B0190B84207D8391A013853
:10283000202201310AF078FE002038702878C00686
:1028400005D4311B204620220AF06EFE2EE0A6425F
:102850002CD0311B2046302230270AF065FE00982C
:10286000B0FA80F0400900EA0900012804D1287874
:10287000400701D4204605E03178204600F8011BCE
:1028800006F8017B297B41290CD0582905D0612904
:1028900008D0782901D0702908D12A78120701D4EC
:1028A000612903D1717841703020707020460AF0A0
:1028B000F8FE5044BDE8FC8742302400F8B50546D8
:1028C000806814460F46B0F1FF3F04DD286820F011
:1028D0001000286001E00120A860287B10265828FD
:1028E00007D0782805D0702803D06F2814BF0A2697
:1028F00008262846194600F053F8AA684AB950EA53
:10290000010206D12878000749D52B7B0020002141
:1029100012E02B7B642B04D16423B1F1FF3F05DD72
:102920000AE0692B08D1002906D5692301223A6003
:102930000022404262EB01013246009400F0ACF804
:102940003021AA68904205DA22680130531E2360C4
:102950001170F6E7287B582818BF782810D12978FD
:1029600009070FD521684A1E2260702808BF782009
:1029700008702068411E216030210170287B01E031
:102980007028ECD06F280AD12878000707D5206876
:102990004178302903D0411E216030210170F8BDFB
:1029A00010B5027B702A2BD0006843F66073184084
:1029B000431E80EA03049C420DD990FAA0F0B0FABD
:1029C00080F00538082806D8DFE800F04D0505201E
:1029D000390520050500A2F1640014280ED8012352
:1029E00003FA00F02B4B18420AD110F0210F05D04A
:1029F0000868021D0A600068C11710BD582A46D138
:102A00000868021D0A600068002110BDA2F1640080
:102A1000142808D8012303FA00F01E4B184204D1F1
:102A200010F0210F01D1582A31D10868073020F069
:102A3000070000F108020A60D0E9000110BDA2F110
:102A40006400142808D8012303FA00F0114B18423F
:102A500004D110F0210FCBD1582A18D10868021DDB
:102A60000A600078D0E7A2F16400142808D8012396
:102A700003FA00F0074B184204D110F0210FB7D130
:102A8000582A04D10868021D0A600088BCE70020AB
:102A9000BAE700BF00081200F8B505461148124E0B
:102AA000582B069F144608BF064655EA010011D16F
:102AB0003868421E3A60302202700BE028462246F7
:102AC00000F014F83A68531E3B6000FB14530546AF
:102AD000F35C137055EA0100F0D138680AF0E1FDAB
:102AE0000138F8BDE3EB0000F4EB0000102A06D03B
:102AF000082A09D1C00840EA4170C9087047000996
:102B000040EA01700909704719B9B0FBF2F00021E1
:102B1000704780B500230AF0EBFC80BD2DE9FC472F
:102B20000027002800F06A82DDF828A0BAF1000F23
:102B300000F0648291460546D0E96C20571C461C83
:102B400095F82022C5E96C76CBB1002742F0200031
:102B500051461C2285F81B72C5F8B071C5F8A471E6
:102B6000AAF80A7085F820028AF8100005F50970A5
:102B7000CAE905778AF800700AF0CAFF3EE240F21F
:102B8000EE2302F0DF029F4285F820220AD30023C1
:102B900042F0100285F81B32A5F82E32C5F8A43198
:102BA00085F8202210B3DFF86C24137802EB83063B
:102BB0007160591C0526CBB2B3FBF6F303EB83031C
:102BC000C91A012311700021062B04D052F823608A
:102BD00001333144F8E7052291FBF2F1E8B9002016
:102BE0000D280CD045F820100130F9E7DFF8243427
:102BF0000122062AD7D043F822100132F9E701EB6F
:102C0000C100102382006A63312B03D045F82320D2
:102C10000133F9E7C001C5F8C40095F83C2095F8E8
:102C2000C80045F82210561C6B6BD5F8C4C0AB63C6
:102C30000D23B6FBF3F707FB136685F83C6002F142
:102C40000C06B6FBF3F707FB1366171DB7FBF3F48F
:102C500055F8266004FB137455F82440344402F1FF
:102C60000D06B6FBF3F707FB1366D71CB7FBF3F1B2
:102C700055F8266001FB137155F82110314401EB22
:102C8000440102F10B04B4FBF3F606FB1344561D9A
:102C9000B6FBF3F755F8244007FB136655F826609A
:102CA000344404EB4404214402F10A04B4FBF3F677
:102CB00006FB1344961DB6FBF3F755F8244007FBBB
:102CC000136655F82660344401EB840102F10904CF
:102CD000B4FBF3F606FB1344D61D0832B6FBF3F73C
:102CE00055F8244007FB136600F1110755F82660DC
:102CF000344404EB84042144B2FBF3F404FB1322B8
:102D0000212355F8222002EB420201EB4201421C32
:102D1000B2FBF3F4B7FBF3F3696344EA441403EB47
:102D20004313121B05F14004FB1A54F8226054F8B7
:102D3000233085F8C8208E1B6644C5F8C46044F86B
:102D40002010D5F8C400D5F8B411A3EB6013052901
:102D500008D805F1CC000021052903D040F8213026
:102D60000131F9E705F1CC0405F1D406002717CCB1
:102D700016C68AF80070191BC5E93330801A00EBBB
:102D80004100C01080FB0001000B40EA015095F8A3
:102D9000881105EB81020131D2F8E440C2F8E40069
:102DA000B5F84222CAF80490B1FBF2F6001BD5F840
:102DB000804106FB121185F8881167F100010019A6
:102DC000D5F88441C5F880016141B5F8FE41CAF8E3
:102DD00014300023C5F88411AAF8084095F82E4253
:102DE0008AF80A4095F82F428AF80B40B5F830422D
:102DF000AAF80C40B5F83242AAF80E400AF078FB67
:102E0000D5E9631395F82022CAF8180005F509786A
:102E1000C5E9630181424FF000008AF8102028BF05
:102E20000120994288BF012795F8B831012B36D18E
:102E3000D5F8B431292B2ED3D5F8AC01814284BF0B
:102E4000C5F8AC110846B3F5967F24D3002185F868
:102E5000B811C5F8B01102F07F01B0F5487F6E4A95
:102E600085F82012014698BF4FF4487149089042F6
:102E700088BF42F21071A1EBD1029208C80802EBA0
:102E8000D102B2F5AF7F98BF4FF4AF72C5E96510BC
:102E90005308C5E967230AF02AFD0027AEE0D5F8FC
:102EA000B0213840B2F5967F21D91923B2FBF3F453
:102EB00004FB1323DBB9D5F89431B3F5167F16D98B
:102EC000D5F89841A3EBD303C5F89431A4EBD4040F
:102ED0001B1BC5F8984104EB9303B3F5AF7F98BF74
:102EE0004FF4AF73C5F89C315B08C5F8A0310028DA
:102EF00053D0B5F8FC315F208D2B0AD303EB83133D
:102F00006424B3FBF4F34FF6E0741C405F2C88BFDD
:102F10001846824216D2D5E9650202EBD101A1EB37
:102F2000D201401A0A4688BF02EB9002B2F5AF7F89
:102F300098BF4FF4AF72C5E9661250084FF4D071D4
:102F400068502AE0B1F5AF7F0BD3D5F89C018142E0
:102F500007D300204B460AF0B1FC9AF80000E0B11C
:102F600048E0D5E96523D5F8A40103EBD104A4EB2F
:102F7000D303D21A1C4688BF04EB9204B4F5AF7F8A
:102F800098BF4FF4AF746208C5E96634B1F5967F17
:102F9000C5F8A02128BF814234D895F81B02022829
:102FA00028D3B5F8FC0128B3A62148436421B0FB1F
:102FB000F1F1D5F8B00188421CD9D5F8A411B1F5CA
:102FC000967F17D3D5F8A021914213D3D5F8A82125
:102FD000D5F8B4319F1AC21BB5F84402824206D319
:102FE0000120A9EB87030AF069FCC5F8B071002045
:102FF000C5F8A4010AF07BFC9AF8007007F0010004
:10300000BDE8FC87D5F8B401C5F8A4114FF4D4711C
:1030100096E700BF20050020A18601000AF0BCB998
:103020002DE9F04792B00CAD182128460AF081FA3C
:10303000002476208A212A461723CDE90A44CDE9C7
:103040000844ADF81C40069408F09AFF002851D0BF
:1030500008AA7620E1210E2308F092FF00284BD029
:1030600006AA762000210523002408F089FF002805
:1030700040D00DF117027620F02101238DF8174082
:10308000012408F07DFF9DF81700022807D0BDF845
:10309000341046F2A81081422CBF00240124DFF82E
:1030A0009893BDF82800A9F81400BDF8300089F8FD
:1030B0000140A9F816009DF8320089F8020014B307
:1030C0000D99DDF83A20BDF83E3005F11500C9E94B
:1030D0000621BDF83810A9F80330A9F80510BDF88D
:1030E0004210A9F820109DF8441089F8071009F142
:1030F00008011FE0D04801E0CF48002404702046BA
:1031000012B0BDE8F0870D9905F11600C9F822103C
:103110009DF8381089F80910DDF83A10C9F8261022
:10312000BDF83E10A9F80A10DDF84210C9F82A10BF
:1031300009F10C0100789DF820209DF821309DF8C0
:1031400022409DF8235008709DF91C10102089F82A
:103150000D50099D91FBF0F0C9F80E5089F812004E
:10316000100140EA1310A9F82E0003F00F0040EA06
:103170000410A9F830009DF92C0009F08FFA9FED9A
:103180008A0B0AF017FC9FED8A0B0AF01FFC04461D
:10319000BDF92A000F4609F081FA9FED870B0AF06E
:1031A00009FC9FED870B0AF005FC9FED870B0AF0E9
:1031B0000DFC9FED870B0AF0FDFB9FED870B58EC94
:1031C000106B3246434602F07CF802460B4620461E
:1031D00039460AF08AFC04469DF92D000D4609F097
:1031E0005DFA9FED7F0B0AF0E5FB9FED7F0B0AF088
:1031F000E1FB22462B4602F064F805469DF81A00D2
:1032000001240F46000964F39F0009F0D9FE9FEDE9
:10321000780B02460B4651EC100B0AF064FC024698
:103220000B46284639460AF060FC07469DF918000F
:103230000D4609F033FA9FED700B0AF0BBFB3246E6
:10324000434602F03EF802460B46304641460AF03D
:103250004AFC02460B46384629460AF046FC9FEDDA
:10326000680B0AF0B3FB9FED680B0AF0A3FB9FED20
:10327000680B06460D4657EC108B42463B4606F05F
:10328000DCF99FED650B00281CBF3D4646463046E5
:10329000294657EC108B42463B4606F0F5F90028CC
:1032A0001CBF3D4646463046294608F025F8634D8A
:1032B000024676205A21A847762064215922A84741
:1032C000762071211022A847762072210122A8477A
:1032D000762074215522A847594809F0BDFA01AD5E
:1032E000112128460AF025F976201D212A461123AE
:1032F00008F046FE00284CD09DF811009DF81250B1
:10330000800050EA951A44D099F9120009F0C6F9E4
:103310009FED430B0AF04EFB9FED430B0AF056FB6B
:103320000246484805F00F070B4600EBC7000AF0BD
:1033300007FA054644480E462A46334600EBC700C6
:103340000AF0FEF90746AAF50070884609F0A6F9CA
:1033500002460B462846314601F0B3FF02460B46B3
:10336000384641460AF0BFFB9FED310B80460E46C2
:1033700057EC105B2A463B4606F086F948B14046BA
:1033800031462A463B460AF0AEFB06F0F5FDC9F889
:10339000340076207121002208F0EAFF89F800400D
:1033A000ADE600BF00BF00BF000000000000B03F5E
:1033B0000000000000804840000000000000003FC6
:1033C000FCA9F1D24D62403F55C1A8A44E40633FD5
:1033D0000000000000007440000000000000F03F0A
:1033E000000000000000503F0000000000003840D6
:1033F0000000000000001040FCA9F1D24D62603FC7
:1034000000000000000039C03333333333330B4046
:1034100000000000000000000000000000E06F401D
:1034200000000000000014400000000000F0944084
:103430000000000000408F40AC04002071C3000079
:1034400020BF020048DE0000C8DE0000F0B597B0E3
:103450000EAC20460AF0C8F94FF4E1302146149032
:103460000220ADF83800002002F03EFBA74FA94E25
:10347000B861A748B047A84C2046B047A748B04716
:10348000A748B0472046B0470BAC20460AF01CF8CE
:10349000204601210AF0EAF9204601210AF033FB17
:1034A000A04D214605F1200008F0ACFE05F14C00CE
:1034B000214608F0A7FE20460AF023FB9A48B047B1
:1034C00008F06CFE132001210AF048F81C200121AD
:1034D0000AF044F8954C2046B0479548B04704F0B0
:1034E0008DFF2046B0479348B04706F02BFF20469B
:1034F000B0479148B047914809F022FD904D002116
:103500000022284609F078FA05F11C00002100226B
:1035100009F072FA2046B0478A48B04705F09AF899
:1035200072206421592208F03FF838788649085CF7
:1035300009F0B0FE2046B0478448B047022004F0AE
:10354000DBFC38B1FA2004219622322305F0FAFB85
:10355000804800E07E48B0477F48B047FFF760FDF5
:103560007F4C00287D4D204618BF2846B0477D4837
:10357000B04705F02DFD6D48B0477B48B04701F0DE
:103580008FF9002818BF2C462046B0477748B0472F
:1035900001F06EFFA8B17648B0470AF043F9002168
:1035A000744A8DF8061000F00F010009515C105CA0
:1035B0008DF805108DF8040001A8B0476E48B0479B
:1035C00002E0674809F0F4FA6C4809F0F1FA6C4837
:1035D00009F0B8FB554809F0EBFA6A4800210024CD
:1035E00007F0E0FA6848002109F041F86748002137
:1035F00006F01AFC0DF12A050DF129068DF82B4075
:103600008DF82A408DF829400DF12B040AF065F958
:103610000AF063F94A4C204609F048FD0028FAD028
:103620005B4809F0C5FA01AC0AF01FFA0AF0EAF9A2
:103630000AF067F9042069460AF0E0F9554A09A83A
:103640000AF0D0F918B1544809F0B2FAFEE701AC1B
:1036500020460AF054FA514809F0AAFA0AF005FA8D
:103660000AF0D0F90AF04DF9032069460AF0C6F9CC
:103670004B4A08A80AF0B6F918B14A4809F098FA76
:10368000FEE701AC20460AF03AFA474809F090FA02
:103690000AF0EBF92046012101250AF0E1F80AF0D1
:1036A00030F9022069460AF0A9F9404A07A80AF051
:1036B00099F918B13E4809F07BFAFEE701AC2046C3
:1036C0000AF01DFA3B4809F073FA0AF0CEF90AF045
:1036D00099F90AF016F969462046009509F0EAFEC4
:1036E000354A06A80AF07EF918B1344809F060FAA4
:1036F000FEE701A80AF003FA314809F059FA314807
:1037000009F056FA002017B0F0BD00BF20040020D9
:10371000A0EF0000B1CB000093E10000CAE0000080
:1037200050E10000F0010020F8E300002BEF000062
:1037300041E00000A8E60000CBE4000034A800202F
:10374000680200201AE30000B4EE0000ABE70000BE
:103750002FEE000098EB0000C2E5000080EE0000B4
:1037600038EC000000E70000F2E50000FFE4000094
:1037700073EC000005EC0000D8EF000055E30000FA
:1037800019D8000058B40020509A002078BF0020BB
:103790002EE40000114B000090E80000C2E300009E
:1037A000197E00006CE800008CE30000D57F00006B
:1037B00021E60000DCE20000410000007BE60000A2
:1037C0009CE2000061E500002DE9F0412DED0C7B4D
:1037D0004FF00008002800F06181B34E04463078B5
:1037E000002800F05B8100200821CDE90000684638
:1037F00006F030FC8046002800F050819DF805005E
:103800009DF80410B1EE002A41EA00220007A74902
:1038100013466FF3DF2348BF42EA01039DF800001F
:103820009DF8012000EE103A9DF8037096ED019A84
:1038300096ED028AB8EEC01A96ED030A9DF80230A2
:1038400040EA02251207284611EE020A6FF3DF2034
:1038500048BF45EA010001EE100A43EA0720B8EE2E
:10386000C11A3B07024611EE029A6FF3DF2248BFEE
:1038700040EA010201EE102A9DF80600B8EEC11AD6
:103880009DF8072011EE028A40EA0223120718462B
:1038900028EE081A6FF3DF2009EE091A48BF43EA41
:1038A0000100B17800EE001AB1EEC12A9FED801A36
:1038B00082EE012A81B396ED054A96ED065A96ED01
:1038C000073A39EE446A38EE457AB0EEC66A09F036
:1038D000D3FEC8BFB0EE476A30EE437A09F0CCFEA3
:1038E000C8BFB0EE476AB3EE007AB4EE476AF1EEB5
:1038F00010FA1AD5BFEE006A9FED6E7A32EE066AB4
:10390000B0EEC66AB4EE476AF1EE10FA0DD59FED3F
:103910006C6A9FED6C7A0CE0012186ED059A86EDCC
:10392000068A86ED070AB17015E09FED636A9FED88
:10393000637A28EE068A29EE069A20EE060A05EE3C
:10394000078A04EE079A03EE070A86ED068A86EDDB
:10395000059A86ED070A4F389FED5B4A9FED5B5A4B
:1039600000B203EE100AB8EEC33A03EE045AB0EE0A
:10397000C83A9FED574A84ED065AB2EE085AB4EEA3
:10398000453AF1EE10FA48BFB0EE448ABDEEC83AAF
:1039900013EE100AB0EEC93AB4EE453AE080B3EE49
:1039A000005AF1EE10FA48BFB0EE449ABDEEC93AA3
:1039B000B5EE408AB0EE404A13EE100AB0EE403A3F
:1039C000F1EE10FAB5EE409AA08008BFB0EE413A91
:1039D000F1EE10FA08BFB0EE434A9FED3E3A30EEEA
:1039E000033AB0EEC33AB4EE453AF1EE10FA48BFEE
:1039F000B0EE440ABDEEC03A9FED2E4A13EE100A17
:103A0000BFEE003A32EE033A2081B0EEC33AB4EE94
:103A1000443AF1EE10FA09DA28EE082A09EE092AEA
:103A200000EE002AB1EEC22A82EE012A20EE00AAA0
:103A300084ED032AB0EE4A0A08EE080AF1EEC00A45
:103A4000B0EE490A03F0B2FD09EE09AA9FED22BAD1
:103A500020EE0BCAB0EE480AF1EECA0A84ED04CAA1
:103A600003F0A4FD9FED1D1A20EE0B0AB0EECC2A48
:103A700084ED050AB0EEC00AB4EE412AF1EE10FA68
:103A8000B4EE410A44BF00202061F1EE10FA44BFB9
:103A9000002060610B2006F0B7FD20774046BDECAA
:103AA0000C7BBDE8F08100BFE404002000F0FFFFC4
:103AB00000007A448FC2753D6666E63ECDCC0C3F71
:103AC000295C8F3D7B146E3FB81E853D0000C441CC
:103AD0000000000000007AC4E02E6542CDCC8C3F8F
:103AE0002DE9F84F2DED181B229D0C4601460020B4
:103AF000002D00F04081239E002E00F03C810846FE
:103B00000792099308F0CAFD9FEDA10B53EC102B0F
:103B10000692089309F0E7FF95ED120B02460B465B
:103B2000CDE90A3251EC100B09F0DFFF05462046C3
:103B30000E4608F0B3FD04460F462846314622469D
:103B40003B4601F0BEFB9FED940B82468B4655EC45
:103B5000100B9FED930BEE0F0D90504658EC109B01
:103B600066F3DF714A46434605F067FD002840F0E2
:103B7000018122984A46434690ED080B51EC100B08
:103B8000059166F3DF71049005F057FD002840F0C1
:103B9000F1802298DDE90A3290ED140B51EC100B04
:103BA00009F0A3FF22463B4601F08BFB0F4666F36C
:103BB000DF714A464346044605F03FFD002840F0C9
:103BC000D980DDE90A1052465B460C9609F08BFF5E
:103BD0009FED750B5AEC10BB5A46534609F085FF12
:103BE000DDF88880039798ED0A0B98ED0CBB98EDF3
:103BF0000E9B98ED108B53EC102B01F05DFBDDE973
:103C0000042309F070FF9FED6AAB53EC1A2B01F00F
:103C100058FB9FED690B0591814653EC102B01F089
:103C200050FB02460B46274604460E4609F05DFF50
:103C300009F092FD09F090FDCDE90A100998079965
:103C4000084408F02BFD9FED5E0B09F0B7FE069AC5
:103C5000089B09F048FF039B3A4609F044FF5A4687
:103C6000534609F042FF98ED160BCDE9081051ECD0
:103C70001B0B09F0A3FE9FED540BCDE9061005992F
:103C8000484653EC102BCDE9043201F01AFB9FEDAE
:103C9000500B9FED51BB9FED52CBCDE9021051EC83
:103CA000180B4FF0030BCDE9001059EC108BBBF152
:103CB000000F65D0DDE9043251EC1A0B01F001FB75
:103CC00002460B46DDE9001009F00FFF42464B4665
:103CD00001F0F7FADDE9023204468A4651EC190B8D
:103CE00009F003FF2246534601F0EBFA02460B4669
:103CF000DDE9061009F0F9FE04460C980E4653EC77
:103D00001B2B60F3DF71204605F0BEFC0746DDE9A2
:103D100008102246334609F0E6FE02460B46002F05
:103D200008BF2B460D9C08BF2246DDE90A1001F0B2
:103D3000C8FA22462B4641EC180B05F0A5FCB0B1A1
:103D4000B0EE480AF0EE680A02F002F902F000F95B
:103D500053EC1C2B51EC100B01F0B3FA229A92EDAC
:103D6000180B53EC102B01F0A7FA41EC1A0BABF136
:103D7000010B9CE70020BDEC181B01B0BDE8F08FE3
:103D800051EC1A0B06F0F8F8239908600120F2E7CD
:103D900000000000000028400000000000000000BB
:103DA0008DEDB5A0F7C6B03E000000000000204138
:103DB00000000000000039406666666666127140C9
:103DC000000000000000E03F00000000000039C0DB
:103DD000000000000000F03F11EA2D819997713D2D
:103DE00066666666661271C0AC490246002818BF56
:103DF000012009780840012840F04F812DE9F84F53
:103E00002DED0C3BCDE902022C2006F0FDFB0190CC
:103E10002D2006F0F9FBA24C00902D200021A04798
:103E20002C208321A0472D202221A0474CF2503086
:103E300008F012FD102000264FF000080025002891
:103E40003FD0CDE9040600200621ADF824000890FB
:103E500008A806F0FFF82E469DF820A09DF821B096
:103E60009DF822409DF823709DF825909DF82450E0
:103E700042F2107008F0F0FC45EA09205FEA09728E
:103E8000884B01466FF3DF2148BF40EA030144EA53
:103E90000720751801463A076FF3DF2148BF40EA53
:103EA00003014AEA0B2088445FEA0B7201466FF374
:103EB000DF2148BF40EA0301DDE904060E44013872
:103EC000BDE700EE105A01EE108A02EE106A9FED77
:103ED000768A0398012109F04AF980ED002A80EDE5
:103EE000011A80ED020A2E2006F022FF4CF250301B
:103EF00008F0B2FC10204FF0000B00240026002830
:103F000042D0CDE9040B00200621ADF81C0006903C
:103F100006A806F09FF8B34626469DF818709DF84F
:103F200019509DF81A809DF81B909DF81DA09DF8D2
:103F30001C4042F2107008F08FFC44EA0A205FEA4D
:103F40000A72584B344601466FF3DF2148BF40EAFE
:103F5000030148EA09200BEB01065FEA09720146FA
:103F60006FF3DF2148BF40EA030147EA05200C4414
:103F70002A0701466FF3DF2148BF40EA0301DDE96C
:103F8000040B8B440138BAE701EE104A00EE106AC8
:103F900002EE10BA039D2E200021002409F0E7F85C
:103FA00085ED032A85ED041A85ED050A06F0C0FEAD
:103FB00095ED000A95ED033A95ED022A95ED055A27
:103FC00095ED011A95ED044A0020002100220023FE
:103FD00033EE400A9FED353A35EE422A34EE411A6F
:103FE0009FED344A82EE032A80EE030A81EE031A23
:103FF0009FED2F3AB4EE432A85ED082A85ED060A97
:1040000085ED071AF1EE10FAB4EE442A9FED2A2A44
:1040100098BF0120F1EE10FAA8BF0121B4EE421AB8
:104020009FED262A08400021F1EE10FA85F82600BF
:10403000A8BF0121B4EE421AF1EE10FA98BF012296
:10404000B4EE430A11400022F1EE10FAB4EE440A35
:1040500085F8251098BF0122F1EE10FAA8BF0123C0
:104060001A4085F8242018BF002900D0044685F89E
:1040700027400B4C2D200021A04701992C20A04760
:1040800000992D20A04744F6206008F0E5FB029837
:10409000BDEC0C3B01B0BDE8F04F7047E4040020DC
:1040A00031AD000000F0FFFF0000803D00007A43CA
:1040B00033333340CDCC4C3E333333C0CDCC4CBE08
:1040C0002DE9FE4F074608680024B0B1D7E9018A00
:1040D0000E4609F01DFB8146D8F8E800082888BF85
:1040E0000124B068204202D17068204208D0032029
:1040F0003074484609F0A4FC00242046BDE8FE8F39
:10410000D8F8C01069B198F8F8100029EFD006214E
:104110003174D8F8C410C8F8C4604E6198F8FC1027
:104120000DE000210522C8E93066C8E93411C8E96C
:10413000361198F8FC10002908BF012232740022C1
:104140000129726109D102204FF4E02188F8FC00B6
:1041500098F8FB0008F06EF97068894901388842C8
:1041600005D8042008F07EF9062008F07BF902202B
:1041700008F078F998F8F80040B9DAF83C003168AE
:10418000814203D298F8FC0000286CD0D8E93610A0
:1041900009B118B900E028B309F008FCDAF800000A
:1041A000416941F001014161484609F049FC98F834
:1041B000F80008B10124A0E708F16C05D8F8EC106C
:1041C000284609F0D0FB0028F4D0D8F8C00003211D
:1041D0000174384605F012F928460021002409F040
:1041E000C2FB8AE79AF8040001F0B0FE654CDAF8E9
:1041F00010100222206991FAA1F1B1FA81F143680D
:10420000D8F8CC004068006898472069DAF81410A4
:1042100002224368D8F8CC0091FAA1F1B1FA81F1F9
:104220004068006898479AF8040008F019FE9AF868
:10423000040009F044FC09F0B9FB0020C8F8E000D4
:10424000D8F8C0000068B0F5806F01D909F0AEFB66
:1042500098F8FE000028A1D1DAF80000416841F08A
:10426000020141609AE798F8F90020B1D8F8EC0013
:1042700001307FF48BAF484609F0E2FBB2683AB1F7
:10428000D8F8E8000221092838BF0121009103E095
:1042900008F1F40200200090746834B1D8F8E80006
:1042A0000227092838BF012702E008F1F604002799
:1042B000DAF80000334D416841F002014160D6F860
:1042C00000B0D946BBF1000F40D0D8F8E800019209
:1042D00009284FF0010011D22A68B9F1000F1FD050
:1042E000C0071DD02178DAF80000926890470028B6
:1042F0001EBF3C44A9F101090120EDE72A68B9F18C
:10430000000F16D0C00714D02188DAF80000926898
:10431000904700281EBF3C44A9F101090120EDE7A8
:10432000DAF80000D26802A99047DDE90120107098
:1043300007E0DAF80000D26802A99047DDE9012021
:1043400010800098ABF1010B0244BBE7D8F8F000F5
:10435000DAF80010CA680240102802D1002AF9D108
:1043600001E0002AF6D0706808F0FEFCD8F8C01012
:104370000020C8F8C400C8F8C00008741AE700BFDD
:10438000FEFFFF0FC40100102DE9F04F85B0044679
:104390008A46002B1846214618BF0120002C18BF62
:1043A000012108400E9900290D4618BF012528401B
:1043B000012840F02D81049098892588277FA84204
:1043C00005D26588A8423D4698BF002500E001253A
:1043D000BD4203D10025A777657711E0A67FB542DE
:1043E0000BD1667F94F804C001366677F6B2664555
:1043F00006D3002625772F4601E00126A5776677AC
:10440000012F12D16425B0FBF5F5EEB242F20F7523
:10441000A84288BF642693ED020A94ED021A03961F
:1044200009F051FA16D501201AE001254FF0000ECF
:10443000A4F81F50BAF1000F84F821E093ED020AAE
:104440002FD09AF834024FF04009002660F07F0E1A
:1044500000202AE094ED031A09F035FA02DB00206F
:1044600084F8200094ED041A09F02DFA01DD0120F2
:1044700005E094ED051A09F026FA02D8002084F828
:10448000210094F82050012D03D102204FF0020C9E
:1044900018E094F82100012809D105204FF0050CFF
:1044A00010E0002001264FF0000903902BE094ED6E
:1044B000061A09F008FAD9BF03204FF0030C0420B4
:1044C0004FF0040CE077BAFA8AF04609BAF1000F0F
:1044D0000BD09AF834E25FEA8E600AD40EF0030043
:1044E0001EF00C0F18BF043006E04FF0000E002045
:1044F00002E06EF07F0E402040EA051094F8215053
:1045000040EA45196546A7F1010CDAB102F6985068
:1045100090ED033A90ED022A90ED001ABDEEC33AF9
:10452000BDEEC22A13EE100A019012EE100A02909C
:1045300092F8AC0D01280ED1032049F008094FF084
:1045400001080CE000209FED341A4FF000080290A3
:10455000CDE9000004E092F8A80D4FF000080090AB
:104560005A7DBCFA8CF0012A01D19A7D0AB909F171
:1045700080094FEA501C18680860608C013019F0FF
:104580003F026084888018BF012236B100274FF4B3
:1045900048764B204FF0000B07E0BAF830B2BAF87B
:1045A0003272BAF82C629AF82E02CD76039D81F809
:1045B0002A2081ED070A81F819C081F8188081ED61
:1045C000041A81F80EE0A1F80CB04F810E818871B9
:1045D000A1F828902C228D76019DCD82029D8D829E
:1045E000009DCD735868086204F1280093ED040A19
:1045F000BCEEC00A81ED090A09F08AFA606D01304B
:1046000060655FEA8960049802D0A16D0131A165FF
:1046100005B0BDE8F08F00BF00000000002800F0EA
:10462000208170B52DED108B0D46002900F015810D
:104630001446002A00F0118106462046442108F065
:1046400078FF9FED921AB01D9FED910A2946024610
:10465000B0EE412AB0EE413AB0EE414A71B3B2F940
:10466000023005EE103AB2F90030B8EEC55A06EE47
:10467000103A32F9023CB8EEC66A07EE103A931DC2
:10468000D3ED000AB8EEC77AF5EE400AF1EE10FA63
:1046900009D866EE060A47EE070A45EE050AF1EE6E
:1046A000E00AC0EE800A31EE201A32EE052A33EE1F
:1046B000063A34EE074A01392032CFE705EE105AA8
:1046C000B8EE45EA82EE0E8A81EE0E1A83EE0E9A5D
:1046D00084EE0EDA9FED6D2AB0EE423AB0EE424A19
:1046E000B0EE42FAF0EE428AB0EE425A84ED00DAC1
:1046F00084ED019A84ED028A84ED031A002D52D0D4
:10470000B0F9021006EE101AB0F90010B8EEC66A41
:1047100007EE101A30F9021CB8EEC77A00EE901AB4
:10472000811DD1ED001AF8EEE00AF5EE401AF1EE27
:1047300010FA09D867EE071A40EEA01A46EE061ADC
:10474000F1EEE11AC1EE801A77EE492A70EECD4AF9
:10475000B0EEC77AF0EEE00A71EEC11A013D2030EA
:10476000F0EEE23AF0EEE45A30EE877A01EEA14A3A
:1047700002EEA22A04EEA45A75EEA33A76EE485A47
:10478000B0EEC66AF0EEE56A37EE066A05EEA53AC7
:1047900086EE006A73EEA63AC3EE803A78EE868A19
:1047A0003FEE23FAAAE784EE0E1A82EE0ECA85EED9
:1047B0000E0A83EE0EBA9FED373A3CEE002A84EDE6
:1047C000071AB1EEC01A84ED040A84ED05CA84ED1F
:1047D00006BA3BEE022A82EE03AAB4EE411AF1EECB
:1047E00010FA84ED08AA3DD6B1EECC0A84ED091A80
:1047F00009F0A0F83BD684ED0A0AB1EECB0A09F025
:1048000099F839D684ED0B0AB1EECA0A09F092F88C
:1048100037D684ED0C0A28EE080A88EE8E1A8FEE41
:104820000E2A09EE090AF1EEC00AB1EE4D0A84ED36
:104830000D2A84ED0E1A02F0B9FE9FED17AAF0EED4
:10484000480A20EE0A0A84ED0F0AB0EE490A02F087
:10485000ADFE20EE0A0A84ED100ABDEC108BBDE817
:104860007040704704F09EFCB0EE401ABCE7B0EE1A
:104870004C0A04F097FCBEE7B0EE4B0A04F092FC41
:10488000C0E7B0EE4A0A04F08DFCC2E70000000069
:1048900000007A4400247449E02E654209F000B912
:1048A0002DE9FF47012008F0DDFC05F04BFDDFF8A6
:1048B00050823A2042F20B4108F1020206F0D8FB86
:1048C0008146002800F0F38000240DF10E023A200A
:1048D00043F20101ADF80E4006F0CAFB78B1BDF815
:1048E0000E10012060F342014FF6FB7001EA000256
:1048F000ADF80E103A2043F2010107F019F944F621
:10490000206007F0A9FF0294ADF8064002AD7D4C8F
:1049100042F20C402946A04709F0B0F89FED680B21
:1049200056EC107B09F03EF841EC100BDFF8D8A1F3
:1049300042F20E4029468AED000BA04709F09EF88E
:104940009FED610B09F03AF841EC100B42F2104078
:1049500029468AED020BA04709F090F89FED5C0B09
:1049600009F02CF841EC100B42F2124029468AED76
:10497000040BA04709F082F809F014F841EC100B81
:1049800042F2244029468AED060BA04709F076F84A
:104990009FED510B09F012F841EC100B42F226404A
:1049A00029468AED080BA04709F068F808F0FAFFDD
:1049B00041EC100B42F2284029468AED0A0BA04731
:1049C00009F05CF89FED460B08F0F8FF41EC100B86
:1049D00042F22A4029468AED0C0BA04709F04EF816
:1049E0009FED410B56EC107B08F0DCFF41EC100B07
:1049F00042F22C4029468AED0E0BA04709F03EF802
:104A000008F0D0FF41EC100B0DF106053F4C3A20A9
:104A100042F22E412A468AED100BA04708F0D2FF41
:104A20009FED330B56EC107B08F0BCFF41EC100BF4
:104A30003A2042F22F412A468AED120BA04708F095
:104A4000C1FF08F0AFFF41EC100B3A2042F2814168
:104A50002A468AED140BA04708F0B4FF9FED260B01
:104A600008F0ACFF41EC100B3A2042F282412A469A
:104A70008AED160BA04708F0A5FF08F093FF41EC64
:104A8000100B0DF10E023A2043F201018AED180BD2
:104A9000A04750B1BDF80E0043F2010140F00602FC
:104AA0003A20ADF80E2007F043F8012000E0002086
:104AB00088F80000484604B0BDE8F08700BF00BF9A
:104AC000000000000000703F000000000000B03E49
:104AD000000000000000303D000000000000F03E3B
:104AE000000000000000103D000000000000B03D8C
:104AF000000000000000503F000000000000103FD8
:104B00009005002021BC0000B0BE002071B0000064
:104B10008AB0814C814E4FF0000804AD00204FF068
:104B2000280B4FF00009039004F13807204608F0E5
:104B3000B1FD70780028F9D1284602F09FFA0028CC
:104B4000F4D009F10409B9FBFBF0CDF8109000EBAB
:104B50008000A9EBC00018B904F11C0008F00DFF9B
:104B60006F48294605F07AF808F062FE042813D150
:104B70009DF81400C04310F0060F06D0079869494D
:104B8000884202DC6849884206DC039880B2F62835
:104B900028BFF620043003E003990120D1FA50F039
:104BA0001FFA80FA0390614800234A46BAF1640F65
:104BB00022BFA6F84A80A6F81080A4F84280009789
:104BC0000799BAF1630F88BF0123FDF7A7FFBAF178
:104BD000630F02D808B10120B07008F029FEBAF1C5
:104BE000630FA3D80428A1D1DDE90601CA1710EB91
:104BF000610142EBE0700B02000240EA116296F89C
:104C00003800E0B3D6F83CE006F1280AD6F8348044
:104C10000EF101000290F0639AE80304B3EB000B7D
:104C200062EB010C4FEADB1747EA4C67C0194FEA09
:104C3000EC1706F1280C7941B3EB0A0362EB08028A
:104C40005B0A43EAC253521213EB0A03ACE80B00AF
:104C500042EB0802C01A72639141000A40EA016205
:104C600096F8390098B112F1B50F4FF000084FF0E7
:104C7000280B04F13807D8BF86F8398056E70120A1
:104C8000C6E90A32C6E90C3286F838004EE7B52A82
:104C90004FF000084FF0280B04F13807FFF646AF3D
:104CA000012086F83900AEF2F310B0F5FA6F2FD874
:104CB00096F8480096F84910029B06EB4002013036
:104CC00000F003000329A2F8403006F1400286F804
:104CD00048009CBF013186F8491000200B4623B1E3
:104CE00032F8027B013B3844F9E7884204F1380787
:104CF0000ED3B0FBF1F040F2FD72A0F2C711914269
:104D000006D880B243F69821B1FBF0F0A6F84A002D
:104D1000C6F83C800AE700BF68020020200400209B
:104D200034A8002000093D00FFF6C2FF58B400205F
:104D30002DE9FC47D0E900588246D8F80000D0F8A9
:104D4000409019F4F06FC0F8449035D05FEA4951B3
:104D500017D5D5E91401411A504607F0CDFCD8F813
:104D600000008169C90605D401688DF807109DF817
:104D70000710F6E7296801312960A97B09B90121EB
:104D8000A973696C40684FF0004600F00F0404EA14
:104D90000100B0FA80F126FA01F1014005D02F6C34
:104DA0001FB12A68AB6C5046B847B4FA84F026FAB3
:104DB00000F020404042A863D5F85801D8F83C10D4
:104DC00009F0400740680068D0F8042511403943D5
:104DD00047D0DAE90064504605F080FAD7B1F07C9C
:104DE00090B90BE0316F69B10068B16EB26F885451
:104DF000306FB16F01310138B16730672068816968
:104E0000C906EFD5F07C28B1D6E91401411A504605
:104E100007F072FC96F86400E0B13079022819D0EE
:104E200017B1B179012901D0316F99B90024B16E60
:104E30000128346786F86440B46607D1B36CB26F5A
:104E4000D6F8CC6050460094B04703E006F17C00F1
:104E500008F043FE504602F0A3FDD5F85801406823
:104E6000006800F204500068D8F83810084228D0D2
:104E7000D5F8F80028B3DAE90076504604F012FCC1
:104E8000504603F087FB7879012812D1D7F8F40057
:104E900078B997F8E80060B1002087F8E800BB6CAB
:104EA000D7F8EC10D7F8FC20D7F8504100905046C6
:104EB000A047D7F8F80020B93068816B41F4006151
:104EC00081635FEA095023D5D8F80000816909079A
:104ED000FCD4016B21F480710163297A91B1002027
:104EE000287295F84400800606D52C6C24B1AB6C72
:104EF000504620210022A0475046012107F0D8FC4F
:104F0000D8F80000816B21F400618163687908B1F1
:104F1000BDE8FC8705F58070BDE8FC4708F0DDBD05
:104F20002DE9FE4FD0F80080994614460E46824681
:104F300013B10020C9F8000008F0EAFB834698F896
:104F4000070038B198F8640048B108F094FD6FF09C
:104F50000805B4E008F08FFD6FF00E05AFE0002CFF
:104F60004AD0504605F0BAF900200121C8E91A6478
:104F7000C8F87040C8F87800C8F8380088F80C0005
:104F800088F80A00504688F8641006F0C1FF5046C1
:104F900002F006FD08F14C0402AD2046294607F058
:104FA0002BFFD8F87810D8F870707218B84238BF54
:104FB0000746029910463A4608F0AAFD20463946AF
:104FC00007F010FBD8F87000D8F87810C21B3944ED
:104FD000012FC8F87020C8F8781001DBB842DCD186
:104FE00098F8041002290CD10020C8F8680088F84D
:104FF0006400C8F870001CE008F03DFD6FF0090582
:105000005DE0B84215D10020D8F86860012988F821
:105010006400C8F868000CD10124584688F8104094
:1050200008F00EFD98F80F0000284BD008F070FB38
:10503000834608F020FD98F8040008B100252FE011
:10504000D8F8701008F17C0031B30C9908F08BFC93
:1050500010B1012088F80C0008F05AFB04465046B5
:1050600005F03CF90020C8F86800C8F8700088F81E
:105070006400504602F094FC98F80A6098F80C50CE
:10508000204608F0DDFC002D18BF6FF00C05002E47
:1050900018BF6FF00D0503E00021002508F063FC48
:1050A00008F036FBB9F1000F07D098F80410012979
:1050B0001CBFD8F87810C9F8001008F0C1FC2846C9
:1050C000BDE8FE8F002598F810000028AED008F04B
:1050D0001FFBA8F80F4008F0B3FCD8F84830D8F808
:1050E0007820D8F8CC70504631460095B84788F8FB
:1050F0000F50E8E72DE9FE4FD0E90198D8F80010ED
:10510000CA690A62D20740F0AF80D8E904014FF0C3
:10511000000A4FF0000B0843D9F8CC104968096821
:10512000C1F8040509F13000029009F1C8000190AE
:10513000BBF1010F00F2A180D9F8C000002800F0F7
:105140009C80D9F8E010DC22D9F8CC70202300290B
:1051500008BFD82208BF182358F803404FF0240393
:1051600008BF1C237F68D8F8146058F803303F68E4
:10517000D7F80455354211D0A46864070ED10468ED
:10518000D9F8D050A54209D144693CB9D8F80040BB
:10519000656A25F002056562C7F804659B685B07D0
:1051A00002D00BF1010BC3E759F80230002BF8D005
:1051B00049F802A0B1FA81F1D9E9344249090068FD
:1051C00049011A448442C9F8D420C9F8E01028BF24
:1051D00082420CD24846414600F002FE99F8FE0099
:1051E0000028DED008F002F918BF8862D9E708F07D
:1051F0008FFAD9F8C820D9F8C010019B81F810A007
:1052000022B113465269002AFBD114331960C9F840
:10521000D4A04A69C1F814A0D9F8E01000294FF0D1
:10522000DC01C9F8C02008BFD82159F80110C9F81D
:10523000D01008F005FCD9F8C00058B148464146E6
:1052400000F0CEFD99F8FE0050B108F0CFF818BF7D
:10525000886205E0D8F80000416A21F0030141624C
:10526000029808F03EFC9CE7D9F8C0203AB103212F
:105270001174BDE8FE4F04F0C1B8BDE8FE8F486868
:1052800020F002004860486A20F003004862D8E934
:1052900004021043D9F8CC2052681268D062C2F8D8
:1052A0000405486920F00100486101200862404679
:1052B000BDE8FE4F07F0A3BC2DE9FC4F83F000438F
:1052C00001E02DE9FC4F1F03FF0847EAD2574FEAE0
:1052D00042284FEA43095FEA595906D147EA080ACA
:1052E0001CBF00210020BDE8FC8F57F000575FF481
:1052F000E06E1EF1FF0EF14505D14FF00000190DD3
:105300000905BDE8FC8F002B05D55FF0000AD8F138
:1053100000086AEB07070C03E40844EAD0544FEA9C
:1053200040254FEA4106760D08D144EA050A19BF27
:105330000021002019461046BDE8FC8F44F00054BF
:10534000764504D10020090D0905BDE8FC8F002930
:1053500004D55FF0000A6D426AEB0404B6EB090E57
:1053600008D5A2463C465746AA464546D046CEF109
:10537000000E4E46BEF1360F5CBF4FF0000B23E02F
:10538000BEF1000F04BF4FF0000B1AE0CEF1390A56
:10539000BAF120092EBF08FA09FB07FA0AFB4BEA0B
:1053A000080BDEF1200A07FA0AFA38BFBA4647FAB4
:1053B0000EF72DBF28FA0EF8AEF1200E4AFA0EF8BD
:1053C000D04415EB08057C4154EA050A02BF0021D0
:1053D0000020BDE8FC8F002C58BF4FF0000A06D516
:1053E0005FF0010A5FF0000E6D426EEB0404A6F15F
:1053F00001066D006441FAD515F4806E11D005F4F4
:1054000080794BEA090B15F5806554F1000428BF3B
:10541000761C0BD205F400795BEA090B08BF25F472
:10542000006525F4E0656D0044EB0404B61CDEBFA6
:1054300000210020BDE8FC8F5FF4E06E1EF1FF0E3E
:1054400076450AD34FF0000013F00043FF21C90056
:10545000C91D09051943BDE8FC8F270547EA15302A
:10546000210B41EA065141EACA71BDE8FC8F704741
:105470002DE9F04F8FB063490120087007F0E6FE78
:1054800002F0BCFF604C0B200121A0471820002136
:105490000027A0475D485E4DA8470B2007F0E2FFBC
:1054A000012007F0E9FF16200021A04742F210700A
:1054B000A84716200121A0475648A847112006F00A
:1054C0000DF84FF47A70A847112006F007F84FF452
:1054D0007A70A84701A84FF005094FF0030A4FF072
:1054E000000800F10C040BA8851CB9F1000F35D0A1
:1054F000012004F0E5FD38B32020AF81AF606F607C
:105500002F60CDE90977CDE90777C4E90077A76077
:10551000ADF82C0007A803900BA8CDE901A001A8C5
:1055200007F0ACFE06469DF81EB0012005F094FA87
:10553000322007F091F9002E18BFD84604D0A8F108
:105540000100C0B2FE280ED3112005F0C7FF4FF4B2
:10555000FA6007F081F9A9F10109C6E7A8F1010095
:10556000C0B2FE2846D2DFF89C902B4E01250220C7
:10557000E02189F8015089F80280B0472348244C83
:10558000A04701200121B04703201021B04704208B
:105590004021B047052000214FF00008B047062009
:1055A0002C21B04707200C21B04709200021B0472B
:1055B0000A208721B0471820012107F0CFFF44F6C9
:1055C0002060A047154F1120B8474FF47A70A047CC
:1055D0001A20B8471248A0471120B8474FF47A70F4
:1055E000A0470A200721B047042089F8008001F075
:1055F00055FE03E0034800250570457028460FB0AE
:10560000BDE8F08FC80500205DD50000A086010030
:1056100059C8000040420F00E3AC0000DDB40000B8
:1056200020A107002DE9F84F83464FEA8209DDF8F3
:1056300028C05FEA094008BF4FF448799BF81A5226
:105640000BF20222032622F81590BCF1000F18BFBE
:105650000226DBE96570F14027FA06F43944091B9C
:105660006C1C0C25B4FBF5F5CBF89411091A05EB6D
:105670004505A4EB85048BF81A4288BF00EB910026
:1056800041080B9CCBE967019BF81B120B299CBFBF
:1056900001318BF81B120E46002526B132F8020BA1
:1056A000013E0544F9E7B5FBF1F09BF8FBA10BF5D2
:1056B000DD7881B2ABF8FE018808ABF8FC019BF8FD
:1056C000FA0128F81090013000F01F07BAF1200FFE
:1056D0008BF8FA713CBF0AF1010A8BF8FBA101209B
:1056E000A4F8089063605FFA8AF520704EF6602097
:1056F000B0FBF1F1E1729BF8201221F050016CF344
:10570000861121748BF820121FFA89F100EB5100E9
:10571000B0FBF1F0C0B21E28014698BF1E21DC2864
:1057200088BF6FF023010020A172022D01D2A08159
:105730003DE02946424621B132F8023B0139184486
:10574000F9E7B0FBF5F200202B464646002133B1C5
:1057500036F8024B013BA41AC4FB0401F7E72A46C2
:105760000023002607F0C4FE07F0B7F80B996A1E65
:105770000025D3B28881A7EB0A000021ECB29C423D
:105780000ED22C18013504F01F07013404F01F0459
:1057900038F8177038F81440E41BC4FB0461EDE7D7
:1057A0003046002307F0A4FE07F097F80B9CE08139
:1057B0000020ABF80092CBF8B001CBF8A401BDE813
:1057C000F88F7047B0B560480021604C016094F8D4
:1057D0003A01032812D002282ED0012840F0AF80D1
:1057E00094F8400104F0C6F9002084F840015948BB
:1057F000817B0220002908BF06209EE054480168F2
:10580000B1F5C060C4F82C01B8BFC1F5C060D4F8D0
:105810001011002900D5494288422ADDD4F814012C
:1058200007F036FAD4F8180107F044FAD4F8280142
:1058300007F064FA01201DE04548056807F0AEFE58
:10584000C4F8140107F0B2FEC4F8180107F0B6FE60
:10585000B5F5C061C4F82801C4F8101109D094F856
:1058600030215AB1D4F81401D4F82021D4F82C11E5
:105870000AE0002084F8300106205EE0C4F824012C
:10588000D4E94502C4F82C110223C4F81C010029F4
:1058900001EB410148BF6FF001031944042391FB60
:1058A000F3F111440029C4F820110FDD1F2931D371
:1058B000D4F824212AB33E28A8BF3E20013029294C
:1058C000A8BF2921C4F81C010B3909E0D4F8242110
:1058D000032A09D111F1140FD8BF6FF0130115314C
:1058E000C4F82011002113E00128D8BF012001389D
:1058F00011F10A0FD8BF6FF00901C4F81C010B3178
:1059000003E03329A8BF33211539C4F8201103213E
:10591000C4F8241107F0BCF9012007F0DDF9D4F830
:10592000200107F0C7F9D4F8240107F0E7F9A5F240
:10593000FF510420032938BF0620C4F83C01BDE80C
:10594000B04001F025BC00BF3C500C4000000020DE
:1059500008400C4048EB00002DE9FF47D0E9015911
:105960000E46044607F0D4FE95F8FD1021B9716982
:10597000102901D8032906D808F062F8002420462F
:1059800004B0BDE8F087012785F8FD7008F058F8ED
:1059900000204E4A85F8FC00C5E93000C5F8C80073
:1059A00085F8FE003069C5F8E4007069C5F8E800C4
:1059B000307B85F8F9000028317885F8F810716897
:1059C000C5F8EC10B9F80E10A5F8F610317E52F8B3
:1059D000211085F8FA1008BF1027C5F8F07099F863
:1059E0000C0002F0FDFF204605F062FA99F83B003A
:1059F000374985F8FB008A46D4E901873A6B97F866
:105A00003A0002F095FF7A6B98F8FB00514602F0DD
:105A10008FFF98F8F91097F83800012915D1FA6A24
:105A2000514602F085FFBA6A97F8390046F2020142
:105A300002F07EFF98F8FB00264907F01BFB98F860
:105A4000FB00214607F0BEFC0AE0BA6A46F20201FA
:105A500002F06EFFFA6A97F83900514602F068FFCB
:105A6000E846404607F082FD99F805001A4A434689
:105A7000CDE90040284699F8041005F0E1FF4046C2
:105A800007F0BCFDD9F80800144942460094029082
:105A900005F1300006F0E4FA04F054FD104AC5F8B0
:105AA000CC0005F11C000421234607F039F995F8D4
:105AB000F80008B1B06805E005F16C00002107F0BE
:105AC0001FFA0848C5F8BC0059E700BF8CEA00007F
:105AD00002600020A9770000F550000095AF00009B
:105AE00079D800001DDA0000FEB504465A48007857
:105AF000A04213D908780D46012801D1686868B121
:105B00006878012801D1A86840B1544F57F8346033
:105B100007F0FEFDF17921B107F092FF0024204645
:105B2000FEBD07EBC40401216768F17107F088FF2F
:105B3000002005F1040C7074F081B0603060298899
:105B4000B180A98BC6E93D00C6E90E0086F8640065
:105B5000B186297D2B69B1719CE80610C6F85021E9
:105B6000BCF1000FC6E910C34FF0FF32C6F8CC10ED
:105B7000A969C6E93B203163A97F86F83610296AF6
:105B8000C6E91A00C6E91C00B16486F8E800C6F848
:105B9000580102D13249C6E9101097F8400002F0CE
:105BA0001FFFD7E9031206F14C0007F01FFDD7E9EC
:105BB000051206F1D00007F019FD2A493868096876
:105BC000C96888477A6C97F8240046F2020102F00F
:105BD000AFFE254DBA6C97F82000294602F0A8FECA
:105BE000F86901280CD1FA6C97F82800294602F0D0
:105BF0009FFE3A6D97F82C0046F2020102F098FEE3
:105C000004F0A0FCC6F85801204601F0CDFB174A6D
:105C100006F5AE700421234607F082F86D4628464B
:105C200007F0A4FC387A7968114A2B460094019059
:105C300006F1140005F004FF06F17C00002107F0D6
:105C40005FF906F58070002107F05AF93868D7E946
:105C50000C121060486062E7E4EF00009CEE000068
:105C6000CF8F0000D00100100260002029D4000076
:105C7000314D00002DE9F84FD0E900B7984616469F
:105C80008946054613B10020C8F800008EB107F020
:105C900078FB824607F03CFD04469BF8070060B1A4
:105CA0009BF8E80078B107F0D7FE6FF00800BDE878
:105CB000F88F6FF00900BDE8F88F07F0CDFE6FF0A8
:105CC0000E00BDE8F88F00200121CBE93B96CBF810
:105CD000F460CBF8FC008BF8E810CBF83C008BF8B4
:105CE0000D008BF80B000BF580700021009007F081
:105CF0003AFE384607F072FDBAF1000F02D19BF868
:105D0000050070B3284602F045FC07F0A5FE9BF89D
:105D1000050068B90A99009807F025FE10B1012026
:105D20008BF80D00284603F0BDFC00208BF8E8003E
:105D3000B8F1000F1CBFDBF8FC00C8F800009BF8AE
:105D40000B0030B100208BF80B006FF00D00BDE8A8
:105D5000F88F9BF80D00002818BF6FF00C00BDE80D
:105D6000F88F07F079FED5E9007497F84400C00673
:105D700015D5D7F840C0BB6C284610210022E0475B
:105D80000DE0D7F8FC00314609EB0002204606F092
:105D9000D1F9D7F8FC10361A0144C7F8FC10002ED0
:105DA000EFD1204607F032FC0028FAD0204607F059
:105DB00009FD97F84400800605D53C6CBB6C28466D
:105DC00020210022A0470020B8F1000F87F8E8004A
:105DD000C5D0D7F8FC00C8F800000020BDE8F88F57
:105DE0002DE9FC4FD0F8C080D0F8D0C0D0F8E82022
:105DF000D8F80030C346E6469C4511D3D8F814B015
:105E0000BBF1000F00F0898090F8FC3005244FF0C2
:105E1000000E002B08BF0124DBF800308BF8104087
:105E2000A3EB0E05A2F1080AB5F5806F28BF4FF469
:105E30008065D0F8D82032B101F1200301F12402AD
:105E4000C0F8DC5005E0C0F8D85001F1180301F1AA
:105E50001C020026BAF1000FC8BF0126DBF804407F
:105E600012681F68CDF800E07CB1354B53F826303E
:105E7000BB6005FA06F30126BAF1000FC8BF02267F
:105E80000EFB06332344013B05E02E4B53F826302E
:105E9000BB6000F1F6033B6043F6F0740191D1F86A
:105EA000009004EB0516264009F1080EC7F804E03F
:105EB000BC683443BC600024BAF1000FC8BF0124A1
:105EC000DBF808709FB16146DFF87CC05CF82430D5
:105ED0008C46936005FA04F30124BAF1000FC8BFA1
:105EE0000224009901FB043139444C1E05E0154998
:105EF00051F8241000F1F40491605460C2F800E0FD
:105F0000916831439160C34504BF05EB0C01C0F8B3
:105F1000D01090F8FE10019A09B1BDE8FC8FD9F8B5
:105F2000241041F00301C9F82410D0F8CC00D2E9C4
:105F300004124068114300688162BDE8FC8F00BF15
:105F400074EA00007CEA000084EA000005F070BBFF
:105F50002DE9F84354EC105B554AE04310420DD153
:105F6000284621462A46234607F0BFFD2A462346F7
:105F7000FFF7A7F941EC100BBDE8F883002C04DD16
:105F8000201590B191462A4626E024F0004028438F
:105F900000F08680B4F1FF3FF2DC07F03BFD9FED9F
:105FA000420B21210160BDE8F883002024B9690576
:105FB000EC0A15380D46F9E791460021E20202D4B9
:105FC00001316400FAE7C1F12003401A05FA01F239
:105FD00025FA03F301301C430121A0F2FF3C4FF0EE
:105FE000000861F31F545FEACC701EBF600040EAF6
:105FF000D27452000025600040EAD2744FF40010C1
:10600000520060B14119A142DCBF80440D18611AF1
:10601000B8BF21464008490041EAD274F0E74FF08A
:10602000000E4FF000470020FFB1C119AC4212DD55
:10603000641B00260023BE448A4238BF013C00296D
:1060400048BF0126C819B0F1FF3FC8BF0123334044
:10605000521A1D4403E002D18A42E9D2254661006A
:106060007F0841EAD2745200DEE752EA040009D008
:106070001EF1010019BF0EF00100864408F101086D
:106080004FF0000E09F100410A4A4FEAC87001EAD8
:10609000CC4140EA5E0001EB6801114441EC100B79
:1060A000BDE8F88300BF00BF000000000000F87FDB
:1060B0000000F07F0000E03F2DE9B04F2DED0A7B9E
:1060C000DFF834810546002498F80000012840F0EC
:1060D0008D809FED4A8A4A48E946B1EE00BA4FF0FA
:1060E000000B082D38BF40258246B0EE48AAB0EE1E
:1060F000489A002D48D048460621ADF80440009447
:1061000003F0A8FFD0B39DF805009DF804100BF133
:10611000010B41EA002100070A466FF3DF2248BF66
:1061200041EA0A0200EE102A9DF803309DF80000B3
:106130009DF801109DF80220B8EEC00A40EA012047
:1061400000EE0B9A42EA03271B073A466FF3DF2261
:1061500048BF47EA0A0200EE102A09070246B8EED5
:10616000C00A6FF3DF2200EE0BAA48BF40EA0A0222
:1061700000EE102AB8EEC00A00EE0B8A41F2883019
:1061800006F06AFB013DB4E7BBF1000F2DDD00EE28
:1061900010BA9FED203A4FF07E509FED1D2AB8EEC9
:1061A000400AC8F8100017A08AEE001A88ED021AFB
:1061B00088EE001A89EE000A88ED011A9FED131A85
:1061C000B4EE410AF1EE10FAB4EE430A48BF0430CF
:1061D00090ED001AF1EE10FAC8BFB0EE421A30EEA0
:1061E000010A012488ED030A00E000242046BDECEA
:1061F0000A7BBDE8B08F00BFE4040020000000006F
:1062000000F0FFFF00007AC400007A440000FAC3E7
:1062100000007AC40000FA432DE9F047012816D1A6
:10622000DFF830A1DAF83401012813D10220CAF8CE
:10623000340106F04BFA0120012406F05BF960B14D
:10624000CAF8344106F03CFE4FF0FF347FE06FF0B7
:1062500001047CE06FF0040479E09AF85A419AF85E
:1062600059119AF85801002C18BF0124002918BFB1
:106270000234002818BF0434012007F07FFA0138E7
:1062800018BF01209AF83811B1FA81F1490910EAD2
:10629000010902D1002002F049F8DAF808002E4D79
:1062A00010F0010807D12D4F286A816838468847C9
:1062B0000428F9D00646404607F04BFBB8F1000F22
:1062C00008D1012E04D1286A012142682348904751
:1062D00007F05CF928684169204688479AF854011C
:1062E00018B14FF4806007F04FFA9AF8530118B1D3
:1062F0004FF4816007F048FA19480121016003203A
:106300000021CAF8340117480160204605F0A2F8C0
:106310000128FAD1144E3068042006F0EBF8044648
:1063200012480125B9F1000F0560306802D1012043
:1063300001F0FCFF07F032FB082006F0DBF8044315
:10634000CAF8345118BF4FF0FF3406F0B9FD2046AB
:10635000BDE8F08700000020B801001000400340B5
:10636000282008600C2008402C2009400C400940DF
:10637000B0EEC01A10EE100A11EE101AB1F1994FDA
:106380000CD3B1F1FF4F84BF30EE000A70474CA12F
:106390000028C8BF043191ED000A70473F4A91427E
:1063A00010D29FED3F1AB7EE002A4FF0FF3330EEC8
:1063B000011AB4EE421AF1EE10FA38DDB1F1665F5F
:1063C00035D2704702F5380399420DD202F5A00389
:1063D00099421BD2B0EE000ABFEE002A002331EE34
:1063E000000A31EE011A18E002F19E73994219D2A7
:1063F000B7EE080AB7EE002A022301EE002ABFEE2C
:10640000080A31EE000A80EE020A10E0B7EE000A38
:10641000BFEE002A012331EE000A31EE021A81EEAE
:10642000000A04E0BFEE000A032380EE010A20EE1A
:10643000002A9FED1C1A9FED1C4A9FED1D5A9142A8
:1064400022EE023A03EE014A23EE041A9FED174AA8
:1064500003EE045A9FED174A03EE054A22EE042A82
:1064600031EE021A02D200EE410A704712490028AA
:1064700001EB830191ED002A104910EE012A01EB96
:10648000830191ED001A32EE400A31EE400AB1EE7E
:10649000401A48BFB0EE410A704700BF0000E03E1E
:1064A000CAF249714712DABD98CA4CBE25AC7C3D90
:1064B0000DF5113EA9AAAA3E28E9000018E900003E
:1064C000DB0FC9BFDB0FC93F2DE9FC4191EA03088F
:1064D0004CBF4FF000484FF000084FEA03354FEA39
:1064E000153556006D4176006D414FEA43075FEA6E
:1064F000575711BF45F4800500210020BDE8FC81FD
:1065000040F2007E1EF1FF0E774578D04FEA01334E
:106510004FEA133342005B4152005B414FEA4104B2
:10652000640D11BF43F4800300210020BDE8FC810D
:10653000744564D0E41B002100205FF0370EAB42AD
:1065400000D1B24205D340414941921B63EB0503A0
:1065500001E040414941BEF1010E05D053EA020776
:1065600002D052005B41EAE7BEF1200F09D2BEF132
:10657000170F0CD3CEF1200720FA07F100FA0EF026
:106580000FE0AEF1200E00FA0EF1002009E001FA52
:106590000EF1CEF1200720FA07F741EA070100FAD1
:1065A0000EF011F4800F06D1401C51F100014000A3
:1065B0004941641E02E0801C51F1000111F4000FFA
:1065C0001ABF641C21F4000121F4800140F200375D
:1065D000FF37E419DEBF00210020BDE8FC8107F58C
:1065E0008067BC420BD249084FEA300049084FEAA5
:1065F000300041EA045141EA0801BDE8FC81002075
:10660000FF214FEAC101C91D4FEA015141EA0801CA
:10661000BDE8FC814A49487900B170470878DFE855
:1066200000F0044E141C0C626E2B8879012861D195
:10663000474890ED000A02F067BD498A40F2E73012
:10664000814238BF084603F01DBA8879012851D12C
:106650003F4890ED020A02F057BDC879012849D1A0
:1066600091ED070A9FED391AB4EE410AF1EE10FAE6
:10667000A8BFB0EE410A30E0C87801283AD13148CD
:10668000BEEE002AB6EE001A40F2E73190ED190A8C
:10669000B5EE400AF1EE10FAA8BFB0EE412A30EE96
:1066A000020ABDEEC00A10EE100A002848BF4042A0
:1066B00000B28842B8BF014688B203F0E3B98879D6
:1066C000012817D12248B2EE041A90ED010A80EE9B
:1066D000010AB6EE001A30EE010ABDEEC00A10EE55
:1066E000100A03F0CFB9487A012803D191ED080AC6
:1066F00002F00ABD2D202D212D2204F055BF10B52A
:10670000104840F2EE2490F843206FF025000B8AE9
:1067100050FA82F09428184638BFD0B20A4AD2F80C
:10672000B021A24228BF1846002B18BF1846898AFC
:10673000002918BF0121BDE8104002F097BC00BF3E
:10674000200400206802002058B4002000C07944D2
:10675000F00100202DE9FF47044645480078A0429B
:106760000AD9444F0D4657F8346006F0D1FF96F829
:10677000E01031B107F064F90024204604B0BDE810
:10678000F08707EBC4044FF00109D4F804A086F8A1
:10679000E09007F055F99AF8100002F021F9364F11
:1067A000002D18BF2F46354DF868411C002808BF42
:1067B0000AF11301097808BF0AF11100007886F880
:1067C0002511294686F824019AF8122002F0B0F823
:1067D0009AF8142096F82501294602F0A9F8DAF86B
:1067E00000004FF000086D46C0F81088397831700D
:1067F00079687160397AC6F82011C0F81C9828466B
:1068000006F0B4FEDAF808001D4A2B46CDE9004038
:1068100006F11400DAF8041005F012F9284606F023
:10682000EDFEDAF80C0017492A460094029006F1B2
:10683000E40005F015FC06F13000012106F060FBD4
:10684000307830B906F18000002106F059FB0E487F
:1068500070602046C6F81080C6F80C8004F0D2F8AC
:106860000A4A06F596700421234606F059FA84E791
:1068700092EE000094EE000028EC0000004000249E
:10688000917A0000918E000085D90000D9D30000D4
:106890002DE9F84F2DED086B0C4601460020002A2B
:1068A0007DD0002B7BD008461546039305F0F6FEFD
:1068B0009FED3D0B53EC102B07F015F995ED120BE6
:1068C00083468A465A46534651EC100B07F00DF9A1
:1068D000064620460F4605F0E1FE02460B463046CE
:1068E0003946FEF7EEFC9FED320B04460E4651ECA6
:1068F000100B9FED310BCF0F3146204658EC109B0B
:1069000067F3DF714A46434602F097FE60B995EDA2
:10691000020B4A46434651EC100B029167F3DF71BC
:10692000019002F08AFE08B1002038E05846514636
:106930002246334607F0D7F89FED210B53EC102B7E
:1069400007F0D3F895ED000B95ED048B95ED069BC4
:1069500053EC102BFEF7B0FCDDE9012306460F4691
:1069600007F0C1F802460B4651EC190BFEF7A9FCE3
:1069700004460D463046394632463B4607F0B5F8E8
:1069800002460B4651EC180B07F0AFF822462B4697
:10699000FEF797FC03F0F0FA039908600120BDECC4
:1069A000086B01B0BDE8F08F000000000000284037
:1069B00000000000000000008DEDB5A0F7C6B03E5D
:1069C00000000000000020412DE9F04790460C46F1
:1069D00006464FF001096068D6E9007A10B9E06810
:1069E000002848D006F094FE3978012901D1F968D1
:1069F000B9BBFC603C61C4F8149007F021F807F1C2
:106A000030050021284606F0AEFF013008D1387865
:106A10000128E0D02846414606F0A5FF013030D0DD
:106A2000387820B907F18000002106F09CFF07F0BC
:106A30000DF8DAF80400FFF789FA3046214603F032
:106A4000BBF98146DAF8040007F039F8B9F1000F14
:106A500002D006F0F8FF44E0387808B34FF00009A0
:106A60003FE0F96849690A3110D16FF00A016161AC
:106A7000D4F8149011E06FF00A006061D4F814901B
:106A800032E06FF00209C4F814902DE001214FF0BC
:106A90000009616139693C61CC6106F0D1FF23E0F6
:106AA00007F180094146484606F05DFF013016D1E6
:106AB00006F02EFE8046F86870B1304605F04CFFB7
:106AC000404606F0BDFF48464FF0FF3106F04BFF51
:106AD0006FF00200606102E0404606F0B1FFD4F8BA
:106AE0001490284606F0F9FF4846BDE8F087704745
:106AF0002DE9F04F89B0DFF80CA105460C469AF855
:106B00000000002870D000200DF1220243F6FF7132
:106B1000ADF822003A2004F0ABFA064600286CD00B
:106B2000BDF82270F80756D027F001023A2043F64C
:106B3000FF7104F0FDFF4FF00008DFF8CCB03A2001
:106B400044F20501ADF82080ADF81E8008AAD847B0
:106B50000DF11E023A2044F20801D847BDF91E008B
:106B6000ADF81C80ADF81A8044F20601BDF9209002
:106B7000804607F07C0044F20707042808BF44F26F
:106B8000040708BF44F2030107AA3A20D8470DF1D1
:106B90001A023A203946D847BDF91A00DFF870B01A
:106BA000BDF91C704146039018485A46CDE90400CF
:106BB00005AB4846FFF76CFE68B104A8039B41464D
:106BC0003A46CDE900B04846FCF78AFF18B1DDE946
:106BD0000410CAE9010115B1DAF80400286064B1B3
:106BE000DAF80800206008E015B1DAF8040028603F
:106BF00014B1DAF8080020600026304609B0BDE87C
:106C0000F08F00BF9005002071B000000000C84167
:106C1000B0BE00202DE9F04387B0DFF8F880814650
:106C20002025EFF3118085F31188D8F838501DB175
:106C300080F31188002569E0C8F83890364F80F35A
:106C400011880020C9F80C104FF48031C9F81C20BD
:106C5000C9E91200C9E90801002B18BF1F46D7E98E
:106C60000116C9F81810397B012905D1C9E910604E
:106C7000C9F8146030460CE0284A3146002300254C
:106C800006F036FCC9E910012549C9F814008E4206
:106C90003CD897F800C0DFF88CE00021C9F85C1000
:106CA000C9E91510BCF1020F08BF0146C9F8501020
:106CB00001AB9EE8F5001946BCF1000FF5C108F1E3
:106CC00024001A4ACDF808900090174808BF0246E1
:106CD000142109F1280006F059F805462020EFF3A9
:106CE000118180F3118881F3118899F8100010B98F
:106CF000484604F029FA35B108F13000494606F05B
:106D0000F1F94D4602E00025C8F83850284607B092
:106D1000BDE8F083DC02002074E9000040420F006F
:106D20003F420F00D4EA0000B9BF00001DD60000AA
:106D30001EF0040F14BFEFF3098169468869A1F1C1
:106D4000480214BF82F30988954621ED100BF1EE3D
:106D5000102A41F8082DEFF3118102B400B5DFF8D5
:106D6000D8E0F047374A1268116801EA0000106065
:106D70005DF804EB1EF0080F09D101BC80F3118807
:106D80005DF8080BE1EE100ABDEC100B704704BC77
:106D90001EF0040F14BFEFF309816946A1F1200131
:106DA00014BF81F309888D464A604FF08070C86136
:106DB00025488861234B1B681868086040F2011061
:106DC0001860704702B401B4EFF3148100291CBFAE
:106DD000002282F3148802B402B4DFF860E0F047C6
:106DE00001BC01BC00281CBF022181F3148801BC36
:106DF000DFF84CE0F0470F484FF08051016001BCD4
:106E000080F3118800BF00BFFFF7FEBF1EF0040F24
:106E100014BFEFF30981694601F1200151F8080B15
:106E2000E1EE100AB1EC100B14BF81F309888D4616
:106E3000704700BF04ED00E099A10000A7DA000050
:106E4000ADDA0000E0EF0000C46D00002DE9FF4165
:106E50003B4E96F8420100286AD1012086F8420193
:106E600006F098FC374F86F87001374D7868C6F801
:106E70006C01387B86F84101A86810F4402F13D1CB
:106E8000386988B128686421C0F3066000FB01F40A
:106E9000FAF760F8B4FBF0F22C4906F194000023F5
:106EA00005F0B0FA06F06AFB01AC204606F0FCFCE7
:106EB0002749A846002506F10C00002206F0CEFB6B
:106EC000204606F0F1FC234906F15000082206F0A6
:106ED000C5FB214A06F1D8003221002304F0B0FDA1
:106EE0001E4C1F4A06F1F4002C2100232560454664
:106EF00004F0A6FDD8F80800797BC0F3815021B1D9
:106F0000032804BF012186F83911032803D040F07B
:106F10000200022810D1206840F0400020600220CA
:106F200005F0A0FA6868400702D4002005F09AFA3C
:106F3000002004B0BDE8F08104F0B2FFF2E700BF2A
:106F40000000002048EB0000AC4F0050BFD600000E
:106F5000DBA2000085B700002DA1000090220840B0
:106F6000C55700002DE9FE4FD0E90085994614462B
:106F70000F46834613B10020C9F8000074B106F033
:106F8000C7FB064698F8070058B198F8E80070B1BA
:106F9000304606F055FD6FF008046CE06FF0090410
:106FA00069E0304606F04CFD6FF00E0463E000200F
:106FB0000121C8E93B74C8F8F440C8F8FC0088F81F
:106FC000E810C8F83C0088F80D0088F80B00284647
:106FD000019506F003FC304606F032FD08F1D006BC
:106FE0000DF1080A06F094FB04463046514605F0C0
:106FF00010FBD8F8F450D8F8FC10A842394438BF38
:10700000054602982A4606F083FD3046294604F0DC
:1070100063FFD8F8F400D8F8FC10401BC8F8F4005F
:107020004819C8F8FC00204606F00AFD012D03DBD4
:10703000D8F8F4000028D5D106F06AFB0746D8F846
:10704000FC0050B1019806F0C9FB584601F0A2FAC5
:10705000D8F8FC0010B1002402E000206FF00F040B
:10706000B9F1000F18BFC9F80000002088F8E80047
:10707000384606F0E5FC2046BDE8FE8FF0B58DB041
:10708000002500287DD0404F04467878002878D02D
:107090003878002875D1012003F012F80025002867
:1070A0006FD08DF83050CDE90A558DF824500895F1
:1070B000CDE90655CDE9045507A803900AA802902A
:1070C0000920019001A806F0D9F80646012003F036
:1070D000C3FC002E55D09DF81C2002F0F000C02803
:1070E00025D19DF922109DF824309DF823609DF84C
:1070F00020C09DF82150C8B2002943EA004040EA70
:10710000062048BF00F17F409DF91F30D9B2002B07
:1071100045EA014141EA0C2148BF01F17F413D7937
:1071200012F0060205D00123282D04D30CE000251F
:1071300027E045B1FE232B443B71DDB20023222D15
:1071400088BF012300E0002300EE101A02EE100AAF
:107150006FF03F059FED0D1A6371C4E90210002B1B
:1071600018BF02F1C005B8EEC00AB8EEC22A2571F8
:1071700020EE010A22EE011A012584ED040A84EDB5
:10718000051A28460DB0F0BDC805002063EC443D4B
:107190002DE9F84F3C4C3D4E3D4D42F62A294FF02B
:1071A000010A4FF0030B00274FF00508D4F83C010B
:1071B000062833D8DFE800F00433183B203D4B00AD
:1071C0000F20F060C6F8109004F076FC45F804AC8F
:1071D00055F8040C8007FBD5C6F81CA094F83901BB
:1071E00090B10120EF6210E02F60C4F83CB1286834
:1071F0008007FCD40320DBE72F60C4F83C812868BB
:107200008007FCD40520D3E70320C6F800B0C4F8FB
:107210003C012F6029688907FCD4C9E7FEE70126F5
:10722000022084F83A6104F0CDFA2E6009E00220D1
:1072300000E0032084F83A01002004F0C3FA0120A2
:10724000286004F15000BDE8F84FFBF7E7BE0020CE
:1072500045F8040C286055F8040C8007FBD4286816
:107260008007FCD40B480025012105600A48016015
:107270000D2001F0BDFC022004F042FFC4F83C5197
:1072800084F83B51BDE8F88F0000002000400C401E
:1072900058600C403C500C4004800C402DE9F041FB
:1072A000DFF8F480044698F8010018B998F8020055
:1072B00000286ED0012088F80000112004F00EF99B
:1072C0004FF47A7005F0C8FA0120012103F009FD9E
:1072D000032C1BD0022C0DD0012C24D12F4C0220CA
:1072E000A321A04704200521A04705200521A04790
:1072F000012616E0294C0220A0210226A0470420E6
:107300000121A04705200121A0470AE0234C0220CB
:10731000A021A04704200421A04705200421A04764
:107320000326832414E01D4F0220E021B8470320E8
:107330001021B847042010210426B8470520002159
:10734000B84706202C21B84707200C210724B8474E
:1073500009200021002703F0C4FC0A20214603F085
:10736000C0FC0F480F4DA84718200121012406F04A
:10737000F5F842F21070A847102004F0AFF84FF46F
:107380007A70A84788F8036088F800702046BDE846
:10739000F0810024FAE700BFC8050020E3AC00003C
:1073A000A086010059C80000FEB5D0E9005401A82C
:1073B00006F0C4F895F834003649374A384E085C70
:1073C00095F83510515C354A084395F83610515CF4
:1073D0002A6B40EA0103316820684F680299B84778
:1073E000206840F2F272E1692E4B2F4F426494F80C
:1073F00054209A5C94F85530FB5C1A43012942638F
:1074000011D10146D4E90A2351F8307FFF2A27F42D
:10741000004718BF07F50047FF2B0F6009D00A6827
:1074200042F4804208E0014651F8302F22F4004235
:107430000A600A6822F480420A60C16A41F01001C1
:10744000C162016B41F001010163E16B09B3A16B02
:10745000F9B1012105F072FFD5F85801E16B4068E0
:107460000068C162C0F8041591FAA1F17268B1FA1E
:1074700081F15368022298477068A16B0222436829
:10748000D5F8580191FAA1F1B1FA81F1406800688C
:107490009847FEBDC4EF000046DE000096EF0000F6
:1074A000D0010010B4EF00009BEF00002DE9F04781
:1074B000A4B006F02DF933490A78012A04D124B08A
:1074C000BDE8F04706F0BCBA4FF0010981F8009022
:1074D00006F0B6FAFFF7BAFC082001F081FA21ACF9
:1074E000204606F043F8DFF8A0A0294A10212346E1
:1074F000DAF80C002290254804F0A2FA254800256D
:1075000001AE0478244890F800804746A74213D87B
:10751000DAF8000050F8271021F0FF0046F82700A5
:10752000880707D4F8B201F0010106F017F809FA4C
:1075300007F005430137E9E7184805601848C168B6
:1075400001F44001B1F5800F07D10068000E56F834
:10755000201041F0070146F820101248A4EB080261
:10756000042306EB880103EB820240EA880006F060
:10757000CFFA0D482022016862F30D21016024B08A
:10758000BDE8F087D305002018EC00000CC20020F5
:10759000CDB30000B7EC00005BE20000D020024059
:1075A000A84F0050001008400030094010B510EE00
:1075B000901A21F00042B2F1FF4F06D810EE100AE7
:1075C00020F00043B3F1FF4F02D930EE200A10BD86
:1075D000B1F17E5F03D1BDE81040FEF7C9BE0224C1
:1075E00004EA917444EAD07463B1B2F1FF4F12D04F
:1075F00012B1B3F1FF4F18D1274961F31E0000EE1D
:10760000100A10BD022C0FD3032C14BF9FED250AC6
:107610009FED250A10BDB3F1FF4F14BF1C481D4854
:1076200000EB840090ED000A10BD9A1AD2151A2AB8
:1076300003DD9FED190AC40F0EE0B1F1FF3FD8BF83
:1076400012F11A0F06DB80EE200AB0EEC00AFEF738
:107650008FFE01E09FED110A002CE5D0022C0DD029
:10766000012C04BFB1EE400A10BD9FED0D1A30EEA3
:10767000010A9FED0D1A30EE010A10BD9FED081AA8
:1076800030EE010A9FED071A31EE400A10BD00BF2F
:1076900008E90000F8E80000DB0FC93F0000000027
:1076A0002EBDBB33DB0F4940DB0F49C02DE9FF4145
:1076B000354D04466868D8B16878A0425ED033483A
:1076C000334EB168C90601D50130FAD3306820F0D5
:1076D0000200306002A805F031FF012C0AD1A96830
:1076E0002D4803293ABF2D4A52F82120032205E0F4
:1076F000002244E00022022C41D126486968082378
:107700004968C1F8E40081F8FA20254988460969EA
:107710000F680399CDE900034FF080400023B8477C
:107720004746012C03D1D8F8000003680CE0D8F8D4
:1077300000000368E878012806D108200A214FF4E8
:10774000C0429847092005E009200A214FF4C042B1
:10775000984708203968134A0B6809219847B06890
:10776000400701D57068FAE70320F061306840F007
:1077700002003060B42006F06CF96C7001221046F3
:1077800004B0BDE8F08100BF8405002030F8FFFFA1
:107790000400004040420F0090D00300B8EC00000D
:1077A000B401001000600020F8B5044605F0CEFEDC
:1077B00007464568204605F0FBFDB8B1D7E901460C
:1077C00005F0A6FF0546D4F8C000B8B10421017445
:1077D000384601F0ADFBD4F8C800B0B101464069AD
:1077E0000028FBD1D4F8C000486112E005F090FFFA
:1077F0000446D5F8C00078B3103034E030684168F2
:1078000021F002014160284630E0D4F8C000C4F8FD
:10781000C800416900274761C4E93477C4E9367775
:10782000C4F8C01031B320463146FEF7D9FAD4F877
:10783000C000C4F8E0700068B0F5806F03D920463E
:107840003146FEF7CDFA94F8FE0010BB306841686F
:1078500041F0020141601CE095F8FB00002104F0BA
:10786000E9FD05F1FC00012101702046BDE8F8406A
:1078700006F0E6B894F8FB000021C4F8C47004F0E8
:10788000D9FD012084F8FC003068416A21F0030131
:107890004162284606F0D4F804F13000BDE8F84013
:1078A00006F01FB92DE9FC4191EA03084CBF4FF0E7
:1078B00000484FF000084FEAC32545EA52554FEA09
:1078C000C2264FEA43077F0D11BF45F00045002156
:1078D0000020BDE8FC815FF4E06E1EF1FF0E7745ED
:1078E00055D04FEAC12343EA50534FEAC0224FEA32
:1078F0004104640D11BF43F0004300210020BDE8A6
:10790000FC81744543D0E419A3FB0501A3FB06E702
:10791000A2FB06631EEB030E57F1000751F10001B5
:10792000A2FB05631EEB060E57F1000751F10001A3
:10793000FF1851F10001C01951F100014CBF40F294
:10794000004E40F2002E10EB0E0051F1000148BF36
:10795000641C01D4400049415FF44077FF37E41BC9
:10796000DEBF00210020BDE8FC8117F58067BC4226
:107970000DD24FEAD02040EA41504FEA41014FEA90
:10798000113141EA045141EA0801BDE8FC810020BF
:10799000FF21C900C91D090551EA0801BDE8FC81A4
:1079A0002DE9FC4706680446707A00286BD0D4F8AD
:1079B0000490D6F85801D0F80480D9F834702046E5
:1079C00002F08CFC706F20B306F14C05284606F0DF
:1079D00080F8316F884221D2307902281ED0B06EF3
:1079E000002850D0204602F079FC346F284606F07B
:1079F00070F8201AD6F868A0B46F7067284606F0B1
:107A000068F80021F1740AEB040108440190706FDA
:107A10000CE0B06E10B1306F0028D5D106F14C00EB
:107A200001A904F0F6FD01217067F17458B300213B
:107A3000B0F5806FB17384BF4FF48060706701232D
:107A400001990144013979601049B96043F6F07138
:107A500001EB00100840B9680843B860D9F83C1041
:107A6000D9F8000091FAA1F2B2FA82F203FA02F216
:107A7000D8F800309A61D6F858215268126891629D
:107A8000012105F067FCBDE8FC8700BF0180000C08
:107A900070B5D0E90052044601211068C0F81C18E6
:107AA000D0F80418C90718BF70BDD0F80438A96809
:107AB0004E690A3614D0D5F8D46013F0120F17D0DF
:107AC0001EB903F01F060A2E21D05A076FF00402D8
:107AD00058BF6FF00502DB0648BF6FF006024A612F
:107AE000042105F0E6FE2046BDE8704005F032BBFB
:107AF0006EB1721EC5F8D4202CD0D5F8D0104A1C17
:107B0000C5F8D0200978C0F80818012117E0D5F889
:107B1000DC10C1B10139C5F8DC10D5F8D8104B1C08
:107B2000C5F8D830D0F8080808700121D5F8DC0075
:107B3000002808BF0421012888BF09211068BDE87A
:107B4000704005F0B6BE042105F0B3FEA868002120
:107B50004161C8E7D5F8DC2052B1098B012361F3FC
:107B600048030B21012AC0F8003808BF0321E6E7CB
:107B70000421E4E72DE9F0418EB004464A1E0020BE
:107B800009AE12F1030F09D8304A0796049002910A
:107B900006928DF814000222684600E003220C9041
:107BA0008DF834202020EFF3118780F31188608A4C
:107BB00030B1608A01386082012087F3118841E08A
:107BC00000293CD02248012104F11408057A0172F1
:107BD000806946620B9004F07DF8A069CDF824809E
:107BE0000A900660A6619DF83400022808D1194960
:107BF0004A680C98016042601060486001F06AFBBE
:107C000087F31188284603F0DDFE2021EFF3118071
:107C100081F311880C9939B10A684B681A604A6877
:107C200009684A6000210C910B9900224A6280F396
:107C300011889DF83400002818BF012002E087F366
:107C4000118800200EB0BDE8F08100BFA3C3000082
:107C500070040020B80300202DE9F84315460C46B7
:107C6000804601F05BFE2C4800212D4F01602B481F
:107C7000814600683868816927208847294E2A494B
:107C8000306B08403063B06F20F48070B0673868A4
:107C9000016B4FF4806088473868016B4FF4816056
:107CA00088473868016B4FF4C06088471F4801213E
:107CB00001601F48C6F8804131600168890704D41B
:107CC000691C08BF4FF04045C560D9F80000F06955
:107CD0008007FCD5072003F09BFB0228FAD1B8F1FE
:107CE000000F13D1134C386A816820468847042856
:107CF000F9D0012804D1386A032142682046904710
:107D0000D6F8180220F00300C6F818023868806B15
:107D1000BDE8F843004700BF0C4009402C20094053
:107D2000B80100100C200840FFFFFEFE282008606C
:107D3000100009400040034070B52039062918D8CA
:107D4000DFE801F01A23042D38404800147800229F
:107D50002321FF2CF1D0D0E9015695F8FB0003F068
:107D600051FE726B2B49204685F8FB4000F0E0FD88
:107D700049E06FF001044AE0406890F8F9100129E9
:107D800043D1012180F8FC103DE04568002100242A
:107D900095F8FB0004F04EFB85F8FC4037E04468A2
:107DA00094F8FB00FF282ED003F02CFEFF2084F86F
:107DB000FB0028E04068D0F8C01031BB012180F8FA
:107DC000FE1020E04068D0F8C010F1B9002480F81F
:107DD000FE401CE04168D1F8C020B2B191F8FE200D
:107DE0009AB180680268D0E90430546A184344F0BC
:107DF00003045462D1F8CC1049680968886250685D
:107E000040F002005060002401E04FF0FF342046B3
:107E100070BD00BF0260002088B033483349314E46
:107E2000DFF8D09000276D464FF00108B6EE008ACB
:107E3000BEEE009A00F11C0401F1200B00F1540A7F
:107E40007078012804D14CF2503004F005FDF7E7BA
:107E500005F0F4FC18B1204605F01CFC03E049F6DF
:107E6000404004F0F9FC2846FBF7AEFC0028E7D0C0
:107E700028375846009705F0D5FD50462946202260
:107E800005F046FE584686F8048086F8038004F024
:107E9000D3F9174829464A46F9F78EFD707900282C
:107EA000CED130780728CBD19DED040AB0EE491A27
:107EB00040F2E731B5EE400AF1EE10FAA8BFB0EE9D
:107EC000481A30EE010ABDEEC00A10EE100A002872
:107ED00048BF404200B28842A8BF084680B201F0C5
:107EE000D1FDADE72004002068020020F001002051
:107EF000509A002030BD0020F8B500F07FFA324CD7
:107F00000F20611C05F099FD0F20012105F026FBD3
:107F10001220214605F091FD12200021002405F0D9
:107F20001DFB43F6982004F097FC00260027012F44
:107F300028D8F00726D1B7FA87F0400905F0A6FA4D
:107F40000025AE1E18BF0126022D19D01220294689
:107F500005F004FB43F6982004F07EFC1F2052211C
:107F600002F0E6FE47F2305004F076FC002002F00A
:107F70004BFB0135AD28E4D1022002F045FB04465D
:107F80000137D4E7F00718D0104801214470104C95
:107F900001702C209321A0472A200121A0472B20EB
:107FA0004021A0472D202221A04746F2A81004F02E
:107FB00053FC4020FEF780F802E0044800210170E5
:107FC00006F00100F8BD00BF00040020E40400201A
:107FD00031AD00008EB03548334E01270024B7EE96
:107FE000008A00F14C0B7078012859D006A8F8F7E8
:107FF000B3FF0546059405A802F0F4FB8046ADF8F2
:108000001240ADF810408DF80F400DF1120004A998
:108010000DF10F0201F014F98246CDE9014402A8E6
:1080200001A9FEF765FD8146584605F0FBFC2DB120
:108030001E4806A9202205F06BFDB771B8F1000FAC
:1080400002D00598F771F061BAF1000F05D0BDF8C4
:10805000120070829DF80F003072B9F1000F02D04B
:108060000198777230625846B77204F0E5F89DEDDA
:10807000020ADDED010A9DED051ABDF81010BDF8EC
:1080800012004A46434604F079FB707920B93078F3
:10809000072818BFFEF7BEFAB0EE480A00F0FEFD52
:1080A000012004F0BDFC9EE720040020F001002028
:1080B000F0B5314A046A516B137D0C61446A01F1D9
:1080C000200C032B0B704C61846A8C61C46ACC61F8
:1080D00090E8F000ACE8F00000F1400400F1100777
:1080E0004C64F0CF01F1300CACE8F000046B0C6490
:1080F000446B8C64846BC06BCC64086519D8DFE872
:1081000003F002120A10156DC4B2106C936C55F88E
:1081100024404C600FE01A4880694860D0E90A307A
:1081200009E0002001E01548C06D4860106C936CB8
:1081300001E000200023926BC1E9020332B12BB1B0
:1081400010F8014B013B02F8014BF8E70D480268BB
:108150004A6590F824208A6590F82520CA65C28C6B
:108160000A66826A4A66C26A8A66026BCA66426B9D
:108170000A67806B4867F0BD50030020DC020020D6
:108180007004002004ED00E02DE9F0438FB00C46B0
:1081900000272F491546814624229846009703A8B8
:1081A00005F0B6FC6B46002050210022C9F8007093
:1081B00003F0CCFD002847D0074626484FF4007155
:1081C000002C07F14806816008BF0446D4E900325C
:1081D0000021A0680792002A4FF0000208BFE26861
:1081E000FE64F963C7E90D51F9627964BB60BE644E
:1081F00010442369002B18BF01233B6308900C91A6
:10820000CDF82880CDE90457CDE90D114FF0FF33AB
:1082100001208DF83000069307F110000CAA04F03D
:1082200063FC0D4803A96A4603F068FAF86040B1A0
:108230004563C9F800702168F86800F01FFB002052
:1082400003E0384604F084FA0C200FB0BDE8F08358
:10825000B4E800005005002005D5000070B52548A1
:10826000066804F0B5FB24480025244C0560206C0A
:10827000806C80472248006838B122480068B6F117
:10828000FF3018BF304600F003FC1F4840F239129F
:1082900005601E48016862F31B4101601C480168CB
:1082A00001F44051B1F5805F06D10168194A1140CF
:1082B00001F5003202600160174D0126EE61206871
:1082C000016A142088471548016841F4E0210160E3
:1082D00013482E60006800F44000B0F5000F03D191
:1082E000206C416C0F4888470F4801680029FCD179
:1082F00070BD00BF1C13005084046042B001001028
:1083000080012843800520438C21084048200340F9
:1083100028000940EFFFFCFC000024430020094036
:10832000B44F0050BD3786000C00684270B5F8B1FC
:10833000012858D1012005F021FA012853D02D4CF5
:1083400094F8380100284ED12848294E0569306834
:1083500010F4402F30D17DB304F0A2FD502005F081
:1083600078FB0120A84704F19400FAF757FE25E0B6
:1083700005F0A7FB1E48006810F4402F0AD11B48E7
:1083800004693CB11B48943005F054FB04F078FDBF
:108390000020A047174C94F8380120B31648016814
:1083A00021F08001016080218160032003F0A8FE9C
:1083B000002084F8380116E005F087FB012084F8DE
:1083C0003801306810F4402F00D14DB9207A800672
:1083D00006D4094880218160016841F08001016074
:1083E000032004F03FF8002070BD00BF48EB000000
:1083F000B44F005000000020902208402DE9F041C9
:108400008CB0DFF8AC8098F80000012804D1D8F8CF
:10841000040008B1012444E003F03EF809AD284609
:1084200005F052F828460121012405F01FFA2846DC
:10843000012105F068FB1F48294603F0E3FE2846AA
:1084400005F05FFB1C4D1D4F0B202946B8471C4E05
:108450000B200121B04714202946B84714200121E0
:10846000B0470F202946B8470F200121B047D8F860
:108470000400A0B901AD284605F09EF9114900207D
:108480008DF81C008DF810008DF80400059108216E
:108490000691294603F0B6F9C8F8040028B1A8F8F7
:1084A000004020460CB0BDE8F0810024F9E700BF91
:1084B0008405002010C10020010400203BDA0000E8
:1084C0005DD5000040420F002DE9F8432020EFF376
:1084D000118980F311882C480068006B80472B4E6F
:1084E0004FF000082A4F012286F85D8086F85C2054
:1084F000D7E9104522462B4604F0FAFFA0FB0423DF
:1085000000FB053301FB0431746DC7E91221B1682A
:10851000B268611A821A914205D986F85C8089F3A3
:108520001188BDE8F883051B89F311880020854276
:1085300006D304442D1A0120214602F095F8F6E7EF
:108540002021EFF3118781F3118896F85D1001293E
:1085500003D10020214602F087F8411C05D0411BC1
:10856000B06D814238BF084600E0B06D011904F0DB
:10857000B5FE002086F85C00012086F85E00B4603D
:1085800087F31188BDE8F8838C010010B803002040
:1085900018BF0020F8B505680446D5F8F80000B10A
:1085A000F8BD68796668022807D105F1D0006946F0
:1085B00004F022FCC5F8F80009E0D5F8EC10D5F875
:1085C000FC20D5F8F4001144C5F8F800009100280B
:1085D000E6D031688A6B22F400628A6395F8441011
:1085E000C9060AD52F6C47B1297A31B9AB6C204640
:1085F00010210022B847D5F8F800B0F5806F84BF8D
:108600004FF48060C5F8F8000099336B01444A1EAE
:108610003168B66B1A600E4A9A6043F6F07202EB4C
:10862000001010409A6810439860D5F858014068CF
:10863000006886620846022104F08CFE287A002831
:10864000AED120460121012604F0C6FA2E72F8BDF3
:10865000018000C0BCB5012004F004FE01F072FEF0
:10866000294D002003248DF80700287024B3202012
:108670000321FF2203F07CFE28B942F2107004F0BF
:10868000EBF8013CF2E7214C202042210022A047D8
:10869000202043213F22A047202044213F22A04701
:1086A00020204521FF22A0470DF1070405F010F915
:1086B00005F00EF9012028702420712103F0C0FF7D
:1086C00020B10120687003F083FD01E00020687094
:1086D000FF2000248DF80600287801280BD10DF129
:1086E00006022020002102F03DFF20B19DF8060087
:1086F0003F2121EA0004287869782C71EC70AC7075
:10870000084300F00100BCBDCD05002071C300008E
:1087100070B5012953D00446002942D128480121CF
:10872000057A01722021EFF3118681F3118894F804
:10873000201003292AD0022914D0012922D121682E
:10874000E26C63681960616823685960116891423E
:1087500004D1A169C26822EA0101C160606A88B1DE
:10876000C06808E0616A69B10A68C8684B681A6045
:108770004A6809684A6028B1016842681160416826
:1087800000684160204603F0C3FA05E02068616894
:10879000086060682168486086F31188284603F005
:1087A00011F9216B481C0AD006480029806818BFBF
:1087B00008464368D4E90A21BDE87040184770BDF7
:1087C00070040020DC02002070B505F0E3F804F02E
:1087D000E7FF04F0EBFF0446C04310F00C0F03D199
:1087E00000BF00BF30BF3BE060071ED403F0AAF813
:1087F000054600EB800001214600012004F048FC02
:10880000864212D91C4CA5F11800606104F10C00DD
:1088100004F0C2FD00BF00BF0120FDF7FDFC00BF5A
:1088200000BF002084F820001CE000BF00BF20072C
:1088300015D40E4E0E4D30688168284688470428AE
:10884000F9D0B0FA80F004F01001400940EA1110AC
:1088500005F039F9074801210160006800E030BFE8
:1088600000BF00BFBDE8704005F098B8D801001007
:10887000004003402C200940000000202DE9F04179
:108880002A4B012702462024187A1F72EFF3118C1D
:1088900084F3118854698C4202D18CF3118840E032
:1088A0001D6A8F40002905EBC10648BF03F12C0665
:1088B00048BF002792F82050012D26D1D2F800E0C1
:1088C000D2F84C805568C5F800E0D2F804E015688D
:1088D000C5F804E0D8F80050454505D1D2F818E0B5
:1088E000DD6825EA0E05DD609D699542354601D1BA
:1088F000DE613568D5F804E01560C2F804E0CEF812
:1089000000206A60DD683D43DD60D6649761516197
:10891000B1F1FF3FDCBF0021D961012119748CF353
:10892000118803F04FF82046BDE8F0817004002064
:108930002DE9F84FFF2831D0264B0C4605464FF461
:10894000BE21AF0004F0020843EA80004158C9B2DA
:10895000914227D121489A464FEA142947EA000656
:10896000834604F0D5FE0BF10101220C86F800903D
:1089700039430A7046F00201220E0A7005F060F8D1
:10898000B8F1000F02BF45EA0A0004F001010170CE
:108990001148012181EA5801384316E04FF0FF30B9
:1089A000BDE8F88F00F5BE2024F0FF0162B9B8F1F0
:1089B000000F02BF2B4304F001041C70064B01247E
:1089C00084EA58043B431C60114301600020BDE869
:1089D000F88F00BF00200240001A444201100840F6
:1089E0002DE9F041254E0546371804F091FE044666
:1089F00097F84A01411C87F84A1128B1204605F032
:108A00001FF80020BDE8F081DFF8748018F82570A9
:108A100007F03F00142898BFFFF7E2FF08EB85003E
:108A2000458878B2B0F1FF3F0CDD78061FD41548B9
:108A30000068416928468847284602F00BFD012856
:108A4000FAD1DBE70F4E3068C169284688473068A5
:108A5000416A284688473068C16A284688470A48DC
:108A600001210160094801688907FCD5C6E706EBCA
:108A70008500D0F8601101208847BFE70000002082
:108A8000A0DF0000B801001028200860282008405E
:108A9000F8B505462248234E4168890705D4016888
:108AA000F02242EA114186F84D101F494FF0012291
:108AB0001F4F0A601D490988396809688468204683
:108AC0008847A00105D4E00103D5307840F00200CA
:108AD00030703868214642682846904703F064FFAA
:108AE0001448154A0068C0F305311170C1054FF0F4
:108AF000130158BF232140237354382101EA9010F9
:108B000000F56050A2F85C0038688168204688470C
:108B1000022003F055F9094801210160F8BD00BFAA
:108B2000AC4F00500962084004A40C4000A00C4067
:108B3000F00100100C1400500EB00C409404604280
:108B40008B4208BF824207D9009A002A01D01060E8
:108B50005160002100207047002B08BF002A10D16F
:108B6000009A002A01D01060516002000B00002121
:108B70000020002B08BF002A1CBFC943C04300F0DF
:108B800090BDF0B51C4615460B460246002000215C
:108B9000B4FA84F6202E04BFB5FA85F62036B3FA6F
:108BA00083F7202F04BFB2FA82F72037F61BB6F105
:108BB000200727BF05FA07F400257F42B4403EBFD7
:108BC00025FA07F73C43B540A34208BFAA4201D3A8
:108BD000521BA341404149416D0845EAC4756408F0
:108BE000761EF1D5059F002F01D03A607B60F0BD65
:108BF000F8B5254F05463E1804F08AFD044696F860
:108C00004A01013886F84A01000637D11F4810F999
:108C1000251000EB85004588CEB2B1F1FF3F0CDD99
:108C200070061FD41A48006881692846884728467C
:108C300002F0EEFB0228FAD11AE0154F3868016AFB
:108C4000284688473868816A284688473868016B13
:108C5000284688470F48012101600F4801688907AD
:108C6000FCD505E007EB8500D0F8601100208847AF
:108C700006F03F00142898BFFFF7BAFF204604F023
:108C8000DFFE0020F8BD00BF00000020A0DF0000D4
:108C9000B80100102820086028200840B5EE400ADE
:108CA000F1EE10FA3BD91E481EA29FED202A9FED3F
:108CB000234A81780171012908BF043292ED001A1C
:108CC000002908BFB0EE421A9FED192A90ED043A30
:108CD00080ED021A21EE022A02EE003A9FED150AFB
:108CE00080ED032A9FED142A83EE000A80ED043AFA
:108CF00020EE020AB4EE420A32EE403AF1EE10FAE9
:108D000048BFB0EE434A84EE020A9FED0D2A80ED83
:108D1000054A20EE020A80EE010A80ED060A70473D
:108D2000040500206F12833B0AD7A33C6666FE4110
:108D300033335340403FCB4A0000C842000000009C
:108D40000000FA432DE9F8432DED028B0546254836
:108D50000478012C3FD1244E0F462D200021984647
:108D60009146B04741F2883003F076FD00EE105A8C
:108D7000B5EE008A202004F043FBC5F30221212038
:108D8000B04722203946B04700EE109A232004F065
:108D900037FBC5F302212420B0475FFA88F1252074
:108DA000B0474FEA18212620B0472A201021B047AB
:108DB0002B204021B04727203F21B0472C20932172
:108DC000B0472D202221B04746F2A81003F044FD01
:108DD0001020FDF771F92046BDEC028B01B0BDE813
:108DE000F08300BFE404002031AD0000F8B5044674
:108DF00010681546D2E903720E4669692061676101
:108E00002148AF690068002F18BF38462063002949
:108E100008BF4FF4007162B1D31D11444FF0FF3011
:108E200023F007032063C91A21F00701C4E90A13DC
:108E300008E00731082221F00701A16202F086FF55
:108E4000E062F8B1D5E9010104F13803EA6966632B
:108E500007C395F82000012884F8480003D10B4887
:108E600041690131416100206065204600F046FE05
:108E700008B10320F8BD054804F1080104F032F9F7
:108E80000020F8BD0120F8BD4CC200207004002075
:108E900070B505680446A96848690A301BD16B683B
:108EA000204600229847A8686FF009064661022014
:108EB00003F026F9E8682969884213D06B68E868EE
:108EC0000022C069E860E86846612046E968984782
:108ED000E8684661EEE74869033008D10020286160
:108EE000E86020E00020E860A860286170BDE868C4
:108EF0002A69904211D06B68E868C069E86004F0A4
:108F000013FCE968204600F057FF0028EED005F179
:108F1000E400BDE8704004F0E4BD0020E860286192
:108F20006B6804F001FC0220BDE8704003F0E8B873
:108F3000F8B5D0E9016504462879FDF707F8D6F8B9
:108F4000CC206969286852681268D16296F8F930B5
:108F500013B9C368DB06FCD4436823F00203436003
:108F60002B69D3621943476A27F003074762C2F8A7
:108F70000415416921F00101416101210162D6E935
:108F80003512D6F8C00001604AB1EB699B68C3F3A3
:108F900009139A4203D91144DA4311440160D6F807
:108FA000DC204AB16B6A9B68C3F309139A4203D968
:108FB000DB431A4411440160204601F079FF28790F
:108FC00003F04EFF2879BDE8F84004F078BD704703
:108FD0007CB5012004F046F901F0B4F900260DF14A
:108FE0000602442011210123ADF8066001F084FC43
:108FF000044630B144200A2143F23822012302F012
:109000009FFB174DADF8046060200C2100232C70ED
:1090100001AA01F071FCBDF80410124A12FA81F1A4
:10902000B1FA81F1490900EA0104012C11D10E4E77
:109030006020002100220023B0476020032140F679
:109040000E020023B047602004214FF4E0620023A9
:10905000B04728786C70204300F001007CBD00BF51
:109060009C0500207AFEFFFF41B70000F8B50C46D2
:1090700022494978012918BFF8BD1E2801D3DD28EF
:1090800007D34025002C18BF6FF03F052E46284619
:1090900020E0C2B20A2564262746B2FBF5F1B2FBF6
:1090A000F6F3642801EB8101A2EB410103FB1602F8
:1090B00026BF1348C05C0020114B002CD2B2595C73
:1090C00018BF80273843B2FBF5F241EA0705995CE7
:1090D00041EA07060B4FC1B23420B847F1B2352040
:1090E000B847E9B23620B84701213A46002C18BFEC
:1090F0000F213720BDE8F840104700BFCD05002004
:1091000089ED000041C6000022484078012818BFC0
:109110007047B5EE400AF1EE10FA26D49FED1E1A04
:10912000B4EE410AF1EE10FA1FDAF8B5B2EE041A05
:10913000B6EE002A0A2200EE012ABDEEC20A10EEA7
:10914000100A81B2B1FBF2F303EB8303A1EB4304FA
:109150006423B1FBF3F101FB1300C0B2B0FBF2F5E5
:10916000C8B238B10D49095C05E02D202D212D2212
:1091700002F01ABA00210A4F3420B847074E705D3A
:1091800040F080013520B847315D36203A46BDE8D1
:10919000F8401047CD0500200000C84289ED0000CE
:1091A00041C6000010EE100AC14311F0FF4F02D17A
:1091B00000EE000A7047B0B500282ADDC10D2ED0A0
:1091C00001227F39002462F3DF5001F0010200FA2E
:1091D00002F34FF08072002062B11519B5EB430F16
:1091E000DCBF1044AC18C5EB4305C8BF5D00520896
:1091F0002B46F1E700F00102002B18BF10440E4A85
:1092000002EA815101EB600000F17C5000EE100A8F
:10921000B0BDB5EE400AF1EE10FA06D1B0BD0121A5
:109220000202CDD401394000FAE704F0F3FB9FEDD0
:10923000030A21210160B0BD000080FF0000C07F53
:109240002DE9FC41DFF888800646144698F80100B5
:1092500040B300200F460DF1060208210023ADF8AF
:109260000600ADF80400602001F046FB054647B15A
:1092700001AA60200921002301F03EFBBDF8040093
:109280003880CDB1BDF80610002041F26F729142D6
:10929000A8F8041088BF012088F8020006B13180C8
:1092A0008CB911E016B1B8F80400308014B198F808
:1092B00002002070002507E016B1B8F804003080E5
:1092C00014B198F8020020702846BDE8FC8100BF68
:1092D0009C0500202DE9F041044680681F4F206264
:1092E00097F85E0001281DD197F85C00D0B91C48A2
:1092F0000068006B8047DFF86C80D8E910562A467A
:10930000334604F0F5F8A0FB052300FB063301FB10
:109310000531C8E91221B9687B6DBA689A1A411AF9
:1093200091420ED903F06CFA01212175A268104414
:10933000E06097F85C00012808BF87F85D10BDE881
:10934000F08101212175A2681118181A8242E1608A
:10935000F5D21046BDE8F04103F0C0BFB8030020CD
:109360008C01001018BF0020002840D02DE9F041EA
:109370008EB01F490AAE002503904FF020080896D2
:10938000059507918DF8185001A801210D901948F5
:10939000EFF3118788F31188047A017280690C90C9
:1093A00002F098FC14494A680D9801604260106010
:1093B0004860FFF78FFF0C9846620B960A9620468E
:1093C00087F3118802F0FEFAEFF3118088F3118819
:1093D0000D990A684B681A604A6809684A600D95D9
:1093E00080F311880C9845620EB0BDE8F0417047DB
:1093F00089D1000070040020B8030020F8B5D0E93E
:109400000167054604F084F90446D6F8C00098B315
:1094100096F8F81019B9007C0338012831D828468D
:10942000FFF786FDD6F8C00000220223016805463A
:109430003DB12F7C033F022F28BF2B742A606D693A
:10944000F6E73246016052F8C81F21B10A46496961
:109450000029FBD1143210600020C6E93000C6E9B3
:109460003400C6E93600204604F0EAFA06F130007E
:10947000BDE8F84004F035BB3868416821F00201CE
:1094800041602046BDE8F84004F0DABAF8B5204F54
:10949000064614460D46387858B900200DF10302EF
:1094A00000218DF80300202002F05CF828B3012091
:1094B0003870FF200DF1020200218DF802002020FB
:1094C00002F050F8C0B19DF802103F228A4339796A
:1094D0008A4206BFBA701146B9783A71FA78F970C3
:1094E00006B131701DB182F0FF030B402B701CB12F
:1094F00081F0FF0111402170F8BD0EB100203070E5
:109500000DB1002028700CB1002020700020F8BDA3
:10951000CD05002010B52DED028BB5EE400AB0EE62
:10952000408AF1EE10FA04D5184803F041FBB1EE81
:10953000488ABCEEC80A9FED161AB6EE002A10EE55
:10954000100AB8EE400A38EE400A00EE012ABCEEDE
:10955000C20A10EE104AE1087C2984BF00240130C1
:1095600001F0CEFA0B4803F023FB632C07D80A481E
:1095700003F01EFB092C02D8074803F019FB204614
:10958000BDEC028BBDE8104001F0BABA46E800001D
:1095900000007A4446EB000016EC000070B504466B
:1095A000B0F90E00217A82B2890702D5217B1F29EA
:1095B0000CD817496368C96C51F820509D4218BFF8
:1095C00041F820305142E181217B0BE0104BD3E97F
:1095D000133545F8204053F820600E4DAE4218BFB9
:1095E00043F820500F2A03D90B4B6FF00F0204E011
:1095F000042A04D3094B6FF0030203449954217ADF
:10960000C90718BF02F036F80020A06070BD00BF87
:1096100050030020316D000000E400E018ED00E090
:1096200010B541EC100B43EC112B00F0BDFF0028EE
:1096300001D0002010BD012010BD10B541EC100B71
:1096400043EC112B00F0B0FF002801DB002010BD1F
:10965000012010BD10B541EC100B43EC112B00F0B4
:10966000A3FF002801DD002010BD012010BD10B5B2
:1096700041EC100B43EC112B01F086F8002801DAC5
:10968000002010BD012010BD10B541EC100B43ECC3
:10969000112B01F079F8002801DC002010BD012019
:1096A00010BD704770B50568D5F8F81031B3D5F81E
:1096B000582144685668A16B20683268D162022143
:1096C00003F03CFED5F85801A16B154A40680068CC
:1096D000C0F8041591FAA1F112683068B1FA81F16D
:1096E000926990470446D5F8F800011B6879022872
:1096F00006D105F1D00002F075FF0BE000240CE06C
:10970000D5F8F400D5F8FC200A44401AC5F8FC202E
:10971000C5F8F4000020C5F8F800204670BD00BF71
:10972000D401001070B5184B2021EFF3118081F3A4
:109730001188174C1548DA6C02609C64154C1A6647
:109740001C64154B04689C4210D14268144B22F4EF
:109750007F421A44426081764FF40071C160D0F8B4
:109760002C1221F04041C0F82C1270BD0B4D00248A
:10977000362CEAD00E2C8EBF42F8245053F82460C9
:1097800042F824600134F3E75003002008ED00E0C4
:1097900000080000003801200000000099CA000005
:1097A0000000FA052DE9F04186B0DFF8688098F8EE
:1097B000650060BB012088F86500C8F80480C8F81F
:1097C000008003F0A5F9144801AA114690E8F800BA
:1097D0000520F8C108F1100404901049204601F05A
:1097E000B3FBC8F84C4002F057FA0D48D0E91023FB
:1097F00047F69160101A73F1000031BF4FF0FF304F
:10980000002047F6906103F073FEC8F8580006B0D8
:10981000BDE8F081B803002084EB0000C98400009B
:1098200018BF0020C8B3B0B50446E430982103F057
:1098300080FE00203D21C4E9600084F888012046B4
:1098400003F077FE04F14000892103F072FE04F179
:10985000CC00152103F06DFE04F5C6702C2103F039
:1098600068FE0120422184F8B80104F5DD7003F0A0
:1098700060FE0A482021C4F8FC0104F5007003F0E2
:1098800058FE802504F509701C2184F8205203F04D
:1098900050FE84F83452BDE8B0407047C800200341
:1098A00010B52DED028BB5EE400AB0EE408AF1EE18
:1098B00010FA04D5154803F07BF9B1EE488ABCEEE6
:1098C000C80A9FED131AB6EE002A10EE100AB8EE81
:1098D000400A38EE400A00EE012ABCEEC20A10EE41
:1098E000104A632C84BF0024013001F009F90948B3
:1098F00003F05EF9092C02D8074803F059F9204615
:10990000BDEC028BBDE8104001F0FAB846E800005B
:109910000000C84246EB000016EC000010B51748E6
:109920000168890726D417480468A00221D4164884
:10993000006800688047C0F13E000722C110072977
:10994000B8BFC210012000EB24718A42D8BF0A467A
:109950000E490968C1F30321891A0F29A8BF0F21F5
:109960000129D8BF014641F0F000094981F84D00B6
:10997000087810BD0249C16010BD00BF1000094049
:10998000FD000040B44F0050EC0100100C130050DB
:109990000D6208402DE9F041D0E901480546D8F8AC
:1099A0000000416821F0020141602046FAF776FF8D
:1099B000D4F8CC0002F0C8FA04F1300004F08FF8BB
:1099C00094F8F80018B904F16C0004F084F8D5E9B3
:1099D00001750D4E95F83800B04795F83900B0473D
:1099E00095F83A00B04797F8FB00B04798F80C009C
:1099F000FFF7FEF804F11C0003F072FA002084F86F
:109A0000FD00BDE8F08100BF05BA0000F8B51A49B5
:109A100001220446087A0A7254F8485F01F0D2FF26
:109A2000A54208BFF8BD15484FF0FF31FEF7A2F878
:109A30002068134EA0421AD0076881680569026841
:109A400043681A60426803685A602A686B681A6043
:109A50006A682B685A60096811B1C06800B188470C
:109A6000B06829461C22436898473846E2E7034815
:109A7000BDE8F84000F028BE7004002028C2002095
:109A8000DC0200201A494978012918BF7047B0F557
:109A90007A7F04D32D202D212D2201F085BD70B5B4
:109AA0000A226423B0FBF2F1642801EB8101A0EBF0
:109AB0004105B0FBF3F101FB130305D298B200217D
:109AC00000240A2802D206E00A48415CD8B2B0FB62
:109AD000F2F0084A145C084E3420B0473520214685
:109AE000B04704483246415D3620BDE8704010471B
:109AF000CD05002089ED000041C6000070B51A496F
:109B00001A4A044601F08CFB0146E061012051B382
:109B1000002184F8200061626069B0F1FF3F1ADD26
:109B200060690121124A01FA00F0A0616069157AAA
:109B30001172116A01EBC000E0642020EFF311867E
:109B400080F31188204603F0EDFB86F31188284648
:109B500001F038FF06E00648A16121462C30E064A0
:109B600003F0C0FA002070BDD5CD000085B900001B
:109B700070040020F8B5054616484BF2F521174E43
:109B8000006800FB01F714483C0A006800F440201C
:109B9000B0F5802F10D11248006880030CD4F06813
:109BA0000068804701F06AFF3168C9688847C010C3
:109BB000390B484304EBE0342DB90A48006820F023
:109BC0007F40204444083069416C2046BDE8F8409D
:109BD000084700BF08400C40B44F0050E00100109F
:109BE0008C13005010200940F8B5184D687808B95A
:109BF000A87840B3164E012411202C70B047154FA1
:109C00004FF47A70B8470A20872101F06AF842F2CF
:109C10001070B8471A20B0470F48B8471120B04716
:109C20004FF47A70B8470A20072101F05AF842F23F
:109C30001070B8471020B0474FF47A70B847002032
:109C400028702046F8BD0024FBE700BFC8050020AF
:109C5000DDB4000059C8000020A107000022A8B30D
:109C6000A1B32DE9F041D0F800ECD0F8084CD0F8C1
:109C700004CCAEEB0C05A54220D2D0F80C4C91E8F8
:109C8000EC010EF1010104EA0E0404EB440400EBC4
:109C9000C40484E8EC01BFF35F8FC0F8001CA1EBA3
:109CA0000C01D0F8102CD0F81C3C01329942C0F8BD
:109CB000102C88BFC0F81C1C012205E0D0F8181C2D
:109CC00000220131C0F8181CBDE8F0411046704771
:109CD00000B17047B0B51A4C606D58B340F2000C3B
:109CE000EFF311808CF311882020EFF3118180F3C2
:109CF0001188D4E91850616DB1FA81F1C1F11F01E9
:109D000000EBC101A94215D9086802680A605160D8
:109D10000A688A4204D1416A626D22EA01016165E2
:109D200000F078FB616D29B1606EB1FA81F1C1F18B
:109D30001F01E5E7002084F85000BDE8B0407047FF
:109D4000DC020020F0B540F6FF7C10F8013B002457
:109D5000082CFAD00646DF0716F8015B0DD14778CC
:109D600007F00F060336122E0DD190F90220D6B25D
:109D7000B2F1FF3F09DD03300DE001F8015B304631
:109D800001345B08E4E7023006E0C27806F07F06A3
:109D9000043046EAC21612363F0947EA0512624508
:109DA00008BFF0BD2A013A44D543002EE8D04A5DF1
:109DB000013E0A700131F8E770B56FF007024A61A1
:109DC000D0E90020CC6891E8680002F1D00C00686E
:109DD0009160C2F8DC40ACE86800D0F80468760610
:109DE00042BF6FF00800486170BD0126C0F81068DE
:109DF0004FF4FF76098B06EA410145B1C0F800181F
:109E0000591CC2F8D0101978C0F8081805E041F0C4
:109E10000101012CC0F8001801D1032100E00B2141
:109E200003F047FD002070BD30B3B0B50D465C2196
:109E3000044603F07EFB2DB1204629461C2203F088
:109E400067FE0DE00D480E490E4A0F4B0F4DA06105
:109E50000220C4E90253C4E9042120710C482060A7
:109E60004FF080703C21E06104F1200003F061FBC1
:109E700008486064BDE8B040704700BF000016426B
:109E8000333317420000184233330D4200000C42B6
:109E900070177C150000C8417CB504460698362929
:109EA00003DB00220092174A0CE01646124A1D46B8
:109EB000124BE181126E52F821209A4207D0002203
:109EC00000920F4A0B4603F037F901207CBD08468B
:109ED00001F0AEFB287A29696A68A0602173C4E9A1
:109EE0000026297D012904BF0230A0602046FFF72B
:109EF00055FB00207CBD00BF5003002099CA000024
:109F0000AEDC0000C0DD000010B596B0184C20207B
:109F1000EFF3118180F31188E06810B902F0F2FCD0
:109F2000FAE7E068216A134A0223B0FA80F0C0F130
:109F30001F00137501EBC002E26151F830000021EF
:109F40002174A06140F2000CEFF311808CF31188B2
:109F50002020EFF3118180F3118803F0BFFAA1698B
:109F600068461C301C3102F0E7FD16B010BD00BF82
:109F700070040020500300200CB44FF07F4343F4E2
:109F800060034FEA4102D21A1BD24FEA105040EA56
:109F9000013010F5807024BF400801F580114FEAB0
:109FA0005020002948BF40F000404FEA4101490DD0
:109FB000B1F560710CD4FF290DD240EAC1500CBC40
:109FC0007047DB431A40024305D0D8430CBC7047AE
:109FD00000200CBC704701F00041FF204FEAC05048
:109FE00008430CBC704770472DE9F041184F0446F8
:109FF0000D46B869C66B2068B04214D004F10C0855
:10A0000000214046FDF7B6FD28B9BDB140462946BE
:10A01000FDF7B0FDC0B10121C4E90061387A3972A1
:10A0200001F0D0FC07E0A06802280AD00128E5D1A1
:10A030006068013060600020BDE8F0811020BDE85C
:10A04000F0812D20BDE8F0819120BDE8F08100BFB6
:10A05000700400202DE9F04198B060B3054602205D
:10A060000C4600F02DF8002630B30DF13E072021FC
:10A07000B81C03F05EFA0DF11C082221404603F0E3
:10A0800058FA40F60B600696CDE90466CDE90278F1
:10A09000ADF83E00A01C019001A803F0EFF80646C1
:10A0A000022000F0D9FC3EB108F102012846224608
:10A0B00003F02EFD00E00026304618B0BDE8F08128
:10A0C00070B5174D04462878012801D1686810B989
:10A0D000FEF794F9C8B1134803F0A4FC124E0B200C
:10A0E0000121B04714200121B0470F200121B047C2
:10A0F0002046FDF7DBFA28B1022C08D0012C0AD14A
:10A10000A87805E0074802F097F8002070BD0F20FE
:10A11000002103F023FA782003F09BFC012070BD9E
:10A120008405002010C100205DD50000B0B5174C9B
:10A130006068216801EA000521EA000268062260E1
:10A140001DD51348006800F44000B0F5000F03D19E
:10A150001048006801F0BAFF042003F00FFB811ED5
:10A16000022905D201F09CFE022001F0C9FF03E0A4
:10A17000012808BF01F094FE202002F0BBF9280658
:10A1800048BF00F0BBFEA560B0BD00BF90220840F4
:10A19000B44F00504C0300202DE9F0414FF020084F
:10A1A000EFF3118188F311880122144F11490D7AC0
:10A1B0000A72114991F8506081F850200021104A2C
:10A1C0003C7D3975396D1268D2B251F82210886021
:10A1D00040F2000CEFF311808CF31188D1E90001FB
:10A1E0008847EFF3118088F311883C7546EA052013
:10A1F000BDE8F08170040020DC0200205003002044
:10A2000004ED00E010B52DED028BB5EE400AB0EE86
:10A21000408AF1EE10FA04D5134802F0C9FCB1EE01
:10A22000488ABCEEC80AB2EE041AB6EE002A10EE56
:10A23000100AB8EE400A38EE400A00EE012ABCEEE1
:10A24000C20A10EE104A092C84BF0024013000F02D
:10A2500057FC064802F0ACFC2046BDEC028BBDE882
:10A26000104000F04DBC00BF46E8000046EB000087
:10A27000F0B5846A631E13EA010518BF651B13421B
:10A28000294408BF1446A94201D20020F0BDA4F120
:10A29000010C00F1200213461268002AF5D01CEAD6
:10A2A000020618BFA61B57687518AF42F3D37C1B74
:10A2B000B01846B1AF4256600ED013684350014407
:10A2C0004C601160F0BDAF4201D1116803E012682B
:10A2D000425001444C601960F0BD704770B504688D
:10A2E000616F59B3D4F8582145685668E96B2868FE
:10A2F0003268D162012103F021F8D4F85801E96BEA
:10A300000F4A40680068C0F8041591FAA1F112687C
:10A310003068B1FA81F192699047616F091AE07C67
:10A3200020B104F14C0001F0D7FD05E0206FA26FD1
:10A33000401A20675018A0670020606770BD00BFFA
:10A34000D401001070B588B0164E01243078012871
:10A3500001D1706818BB05AD284603F0B5F8284652
:10A36000012103F083FA2846012103F0CCFB0E48BB
:10A37000294601F047FF284603F0C3FB01AD2846FC
:10A3800003F0CCF9002029468DF80C40FCF7E2F9E7
:10A390000446706000281EBF012401203070204652
:10A3A00008B070BDA8050020E4C000201248417923
:10A3B00001BBB0B58AB0012510492422457101AC1A
:10A3C000204603F0A5FB4FF400708DF824500E4D8D
:10A3D0000E4922460023069009480590002004906B
:10A3E00008480190284602F0BBFB094845630AB0C3
:10A3F000BDE8B040704700BFDC020020B4E80000B8
:10A40000A8B6002038E90000D4BF0020B3DA00006D
:10A41000700400202DE9F047164C002100F12C03B8
:10A42000154D4FF0010A80F8281084F850100ECB1B
:10A43000D4E91689276E2E7DC4E91703A26585F835
:10A4400014A0016340F2000CEFF311818CF311882A
:10A45000D0E90532C169104698472020EFF31181F9
:10A4600080F311882E7584F850A0C4E916892766F8
:10A47000BDE8F087DC02002050030020B0B5134D8A
:10A480000124E86B01680120884701281BD0286857
:10A490003C21012200230024C5680D48A84790B143
:10A4A00001F0E2FC0B480C490068D1E90023886008
:10A4B000C01A0A4BA2EB92025843B2EB104F98BF5E
:10A4C000020C01240A602046B0BD00BFA4010010A8
:10A4D00000A00C40302009406405002040420F00DD
:10A4E000B0B51448144D807B95F83911084306D057
:10A4F00003F00EF995F83B1121B103F0A1FA002405
:10A500002046B0BD012485F83B4103F099FA0220B2
:10A5100001F0A8FF0D20FEF763FA08480168002942
:10A52000EED1074940220A604A60002185F83A11BD
:10A53000C461E4E748EB00000000002004800C4008
:10A5400038500C402DE9FF41144DD5E900673879AA
:10A55000FEF746FA03F0DCF804463078B0B90DF1A6
:10A560000408404603F002F8B87979790C4A43466A
:10A5700001950290301D01F063FA38684FF0FF3109
:10A58000C16208498160012131704160204603F0B9
:10A5900057FA024804B0BDE8F08100BFA4EE000005
:10A5A00071D9000000180020F0B550EC101B154DBB
:10A5B00020F000444A4275EB040206D352EC113BF2
:10A5C00022F000465F42B54101D20120F0BD43EACE
:10A5D000010534432C4304BF0020F0BD12EA0004FF
:10A5E00006D4CC1A70EB020406DA4FF0FF30F0BD4F
:10A5F0005C1A72EB0004F8DB59405040084318BF66
:10A600000120F0BD0000F07F10B588B004460220A4
:10A61000FFF756FD20B300200B218DF81E408DF86A
:10A620001F008DF81C00ADF81A000590CDE903005D
:10A630000DF11A008DF81D1002900DF11D00019012
:10A6400003200090684602F019FE0446022000F044
:10A6500003FA9DF81C00002C08BF4FF0FF3000E00B
:10A66000FF20C0B208B010BD2DE9F04705461548DF
:10A670008A464FF0FF394FF0000804686768BC4213
:10A680001DD026462468307D0128F8D16DB1F068D0
:10A6900050450AD1306918B130625044F06001E091
:10A6A00086F81480D6E906108847307D0128E6D167
:10A6B000F068A0EB0A00484538BF8146DFE748460E
:10A6C000BDE8F087B8030020B0B5164A0121147A1E
:10A6D00011722022EFF3118582F31188024652F89D
:10A6E000143F93420FD010680368136001745A60DE
:10A6F000C16809B100220A758068294601F004FE8C
:10A7000085F3118808E0017CC90706BF418A013141
:10A710000121418285F311882046BDE8B04001F057
:10A7200051B900BF7004002070B5144E2021306E66
:10A73000EFF3118581F31188716D726EB1FA81F1B9
:10A74000C1F11F0102EBC101814210D90C48012166
:10A75000047A01720B4802F070FC002086F8500069
:10A76000204685F31188BDE8704001F02BB9002028
:10A7700086F8500085F3118870BD00BFDC02002010
:10A780007004002045AC0000F0B550EC101B144DD7
:10A7900020F000444A4275EB040214D352EC113B02
:10A7A00022F000465F42B5410DD343EA0105344330
:10A7B0002C4304BF0020F0BD12EA000406D4CC1ADA
:10A7C00070EB020406DA4FF0FF30F0BD5C1A72EB5A
:10A7D0000004F8DB59405040084318BF0120F0BD89
:10A7E0000000F07F40B3BCB5144D04462878F8B1A2
:10A7F00000200DF1060200210123ADF806008DF8BE
:10A800000500442000F078F890B10DF105024420D5
:10A81000012100F0A7FE58B19DF80510BDF8060013
:10A8200000F04AFC84ED000A85ED020A0120BCBD5F
:10A83000A86820600020BCBD002070479C05002057
:10A8400010B588B002F092FDFCF730FEFCF74FF92E
:10A8500000F022FE02AC204602F028FD2046012135
:10A8600002F0FEFF20464FF4805103F016F9052058
:10A87000019001A9204602F01DFE074A07A82146C3
:10A880000023FDF781FC204603F039F902F03AFF7E
:10A89000002008B010BD00BF4D340000B0B5144D0D
:10A8A000A969CC6B20640120A063616C31B1D1E94E
:10A8B00000238868096951649847F6E72046FFF746
:10A8C000A5F8206B48B10121287A29720949CA6983
:10A8D000CC61226001F076F803E004F11000FFF78C
:10A8E000F3FEE0684FF0FF31BDE8B040FDF7C6BFB2
:10A8F00070040020DC020020B0B58AB01446024685
:10A90000002024B3ADF82400CDE90700CDE905000F
:10A9100002208DF827101D46049009A8ADF81C20D0
:10A920000390012002900DF12700019001A801F091
:10A93000E1F860B19DF825209DF82410002D134604
:10A940001CBF0B461146C9B241EA032121800AB05F
:10A95000B0BDFEE738B370B5044600F54E6500267D
:10A96000243040F686412E6002F0E3FD04F6AC4050
:10A97000322102F0DEFD0C481E21686004F6E8403A
:10A9800002F0D7FD2046A4F8146DC4F8086DC4F891
:10A990000C6DC4F8106D01F07EFB04F65C5088214C
:10A9A00002F0C7FD70BD70470000754400B5EFF3BD
:10A9B000038212F0FF0F0DD06A46A2F1200282F34B
:10A9C00009886FF0020E10604FF08071D1610B4961
:10A9D000916170475DF804EB694681F3098880F363
:10A9E00008884FF00200EFF3148180F314880448C4
:10A9F000016821F040410160704700BFD4A9000008
:10AA000034EF00E07CB5D0E9005600210124306825
:10AA1000C0F81018C0F81C48684602F08FFD0C49B9
:10AA2000D5F8202130680968002A0B68019918BF01
:10AA3000012298473068074A00F5026102EA411393
:10AA400001F07041194411440C63C0F804487CBD06
:10AA5000AC010010E0FFFF0110B504460F4810499B
:10AA60000A68D20601D50130FAD3022C04D0012C99
:10AA700006D10C48807800E00F20012102F06EFD25
:10AA8000782002F0E6FF022C02D10120FCF70EFE36
:10AA90000548BDE8104001F0CFBB00BF30F8FFFF14
:10AAA0000C0000408405002010C100202022EFF39C
:10AAB000118182F3118890F82820012A02D181F3B4
:10AAC00011887047F0B50D4A012492F8503082F891
:10AAD0005040466B456A776806604760386080F88A
:10AAE0002840546D2C435465706081F31188BDE893
:10AAF000F04003B17047FFF717BE00BFDC02002033
:10AB000010B3B0B586B000210A2303AA58B1B0FB38
:10AB1000F3F404EB8405A0EB450040F03000505402
:10AB200001312046F2E750180023421E6846994240
:10AB300004D012F80149C4540133F8E7002242540A
:10AB400002F036F806B0B0BD014802F031B800BFDF
:10AB500016EC0000B0B501F03DFC0E4C0E4D14207B
:10AB6000611CA8470A202146A84709202146A8477A
:10AB70000A490820A847B92000F08CF8084C142096
:10AB8000A0470A20A0470920A04708202146BDE889
:10AB9000B0400847006400203BDA0000022000209B
:10ABA00005BA0000B0B50446C8B10D4620464FF4C2
:10ABB000147102F0BEFC35B104F5107029460C2268
:10ABC00002F0A6FF08E00848C4F848020748C4F8A5
:10ABD00044020748C4F840022046FEF723FE002C3A
:10ABE00018BF01242046B0BD3200190532006400B0
:10ABF000FA002600002218B311B3D0F804CCD0F824
:10AC0000003C63451CD0F0B5BFF35F8FD0F80C3C1F
:10AC100003EA0C0303EB430300EBC30393E8F440A4
:10AC200081E8F4400CF101010122BFF35F8FC0F80D
:10AC3000041CD0F8141C0131C0F8141CBDE8F0400D
:10AC400010467047B0B5124CD4E91851606DB0FA97
:10AC500080F0C0F11F0001EBC001086802680A60C3
:10AC600051600A688A4204D1416A626D22EA010198
:10AC70006165FFF7CFFB606D40B1616EB0FA80F0A7
:10AC8000C0F11F0001EBC001A942E6D8B0BD00BF72
:10AC9000DC020020B0B504461420002102F05EFC66
:10ACA00007250A20002102F059FC681C0FD024FA65
:10ACB00005F000F00101092002F050FC0A200121FA
:10ACC00002F04CFC082002F0C4FE013DE9E714202C
:10ACD000012102F043FC4FF42F70BDE8B04002F0B8
:10ACE000B8BEB0B588B0044601200D46FFF7E8F9BC
:10ACF000E0B1002044F040018DF81F508DF81E0097
:10AD00000590CDE903000DF11A008DF81D10029099
:10AD10000DF11D00019003200090684602F0AEFA8C
:10AD20000120FFF799FE322001F096FD08B0B0BD7A
:10AD3000B0B588B0044602200D46FFF7C1F9E0B176
:10AD40000A208DF81F508DF81E408DF81D00002040
:10AD50008DF81C00ADF81A000590CDE903000DF147
:10AD60001A0002900DF11D0001900320009068462A
:10AD700002F084FA0220FFF76FFE08B0B0BD70B594
:10AD800000F12003856A1C46204624680CB18C42E1
:10AD9000FAD36E1E0C6001601640A5EB060518BFC5
:10ADA0002A444A603CB15518A54204D1D4E9004573
:10ADB0002A44C1E90042984207D043681C188C42DB
:10ADC00003D109681A444260016070BD0D4890F8D3
:10ADD0002810C90714D1F8B5012180F8281002F015
:10ADE00051FD00200949019007480290081A03907C
:10ADF000074801A900F032FF06498860BDE88F408E
:10AE0000704700BF50030020501A0020509A0020C5
:10AE1000B8C00020DC02002010B50E480078B0B1A8
:10AE20000D4801F0AFFB0D4C204601F049FE0C48E7
:10AE3000046101F07DFD40F2000CEFF311808CF312
:10AE4000118802F039FEBDE81040FFF75DB802F04E
:10AE500053FC00BFDC02002089B300003CC100208D
:10AE6000500300200E480F4A0F4B016882580068BB
:10AE70000340D0B20D4A7F2888BF0020934207D1FB
:10AE8000090F022906D307D0032901D1153004E0A8
:10AE9000FF2002E00A2000E00B3040B2704700BF04
:10AEA0001813005088FDFFFF00F0FF0F0010B40BD7
:10AEB0007FB5D0E90154204601F0A1FE2068416829
:10AEC00021F002014160416921F00F01416103213C
:10AED000016202A802F032FB074995F8F93095F8B3
:10AEE000FA202068D5E9396509680C680399CDE92D
:10AEF0000065A0477FBD00BFC4010010B0B502F0DF
:10AF000007FC044602F082FD0028FBD0032001F07C
:10AF1000F7F80B48002180F83811204602F090FD28
:10AF20000848816802200D4688470446102001F039
:10AF3000E1FA24B103202946BDE8B0400847B0BD7E
:10AF40000000002048EB0000B0B54161002180F80E
:10AF5000281092E83A00C0E9063401611169C0E99D
:10AF60000B11691C08BF052505620121A94041623A
:10AF700007494A6E02EBC502426301F14802406094
:10AF8000006000F10801104602F0ACF80020B0BDEE
:10AF9000DC0200202DE9F0414768044602F0B8FBCE
:10AFA00005464FF00008D7F8C8609EB17169706817
:10AFB000C6F81480C7F8C81001F0D6FE284602F083
:10AFC0003FFDD7F8BC2020463146904702F0A0FB59
:10AFD0000546E8E72846BDE8F04102F031BD10B56E
:10AFE00003780A788BB182B1A2F1410401310130BA
:10AFF0001A2CA3F1410438BF42F020021A2C38BFAA
:10B0000043F020039A1AEBD00CE0A2F141001A2879
:10B01000A3F1410038BF42F020021A2838BF43F0A4
:10B0200020039A1A104610BD2DE9FC479846AAB194
:10B0300015460E46074600244FF0FF3A0DF104096D
:10B0400031192A1B38464B46CDF800A0F9F768FFA6
:10B0500001990C4428B96D1AF2D102E000246FF076
:10B060000900B8F1000F18BFC8F80040BDE8FC8720
:10B0700010B58AB0144602460020DCB149BAADF8DA
:10B080002400CDE90700CDE905000220ADF8261027
:10B09000049009A9ADF81C20CDE902010DF12600AC
:10B0A000019001A800F026FD20B1BDF8241009BAD6
:10B0B000090C21800AB010BD70B560F3132104465D
:10B0C000084601F07DFF05460E46200B012101FADE
:10B0D00000F0002101F0D6FB2A46334602F005FDC0
:10B0E0009FED050B53EC102B02F0FFFCFEF744FF25
:10B0F00000EE100A70BD00BF000000E0552B433F7A
:10B1000081B0B0B587B000250B930C4605920D4B6E
:10B110000495002918BF0121611ACDE902010848F0
:10B120000BA90691009005A802AAF7F7D3F80CB175
:10B1300002990D7007B0BDE8B04001B0704700BF84
:10B14000C5C4000035D20000B0B52021EFF3118452
:10B1500081F3118801250B49CA6A0D604069B0F579
:10B16000802F98BF4FF4802002EB104048610648C2
:10B17000232100680268002090470448056084F39A
:10B180001188B0BD042009408401001080022443CE
:10B1900010B50446D1E9000289680828E26198BF29
:10B1A0000820A062431E134003D0C31A1A44C91AD0
:10B1B000E261B1FBF0F1484304F11001606205481F
:10B1C00001F090FFE069616A002202602062416044
:10B1D00010BD00BFB80500202DE9F843DFF8389016
:10B1E0000546984617460E46484601F0F3FA0446CF
:10B1F000284631463A46FFF73BF80746484621467F
:10B2000002F064FA2FB9054A40462B46009601F039
:10B2100093FF3846BDE8F88364C1002021DC0000BC
:10B2200070B5D0E90A43BE251CB103F8015B013CAF
:10B23000FAE7D0E90A34D0E90D56C06B043B23F09D
:10B2400003032344074C43E9022143E90405602139
:10B25000FF2243E90646A3F17804204602F064F990
:10B26000204670BD0DD30000B0B5104C00252574EC
:10B27000E06810B901F046FBFAE7E068216AB0FA2D
:10B2800080F0C0F11F0001EBC000E169884209D9DC
:10B29000E061A169026801F11C0002F11C01A261D8
:10B2A00001F04AFC207C0028E1D1B0BD70040020F0
:10B2B00010B5FEF737FA01F053FEFFF787FD0B4894
:10B2C0000B490C4C016094F8440010B9012084F83B
:10B2D0004400FEF767FA01F01BFC01F055FCFFF794
:10B2E00065F800F0DDFF0120207010BD48C200208D
:10B2F00018BF0020DC0200200CB54FEA41034FEAE2
:10B300005353B3F54073FF3B44BF00200CBDD3F152
:10B310001F030FD94FEAC12242F0004222FA03F282
:10B320000B2B3EBF1533D840024300294CBF50427F
:10B3300010460CBD00294FF0004058BF401E0CBD08
:10B3400070B50D46044602F0E3F9D4E901128A42D1
:10B3500004D102F075FB4FF0FF3070BDE368226846
:10B360000133B3FBF1F606FB11315554E160A168DE
:10B37000626901319142A16088BF0A46626102F0B0
:10B380005FFBA06870BD00000C48032290F85010CD
:10B39000012180F850100A4802750A4A137A117286
:10B3A000006948B110B5084C204602F023FA204647
:10B3B000BDE8104002F024BA704700BFDC02002054
:10B3C0005003002070040020E79F0000F8B50D48EE
:10B3D0000D4D0E4F0126046804608CB1B4FA84F060
:10B3E000696880F01F0006FA00F251F820109443BB
:10B3F0000029F2D057F820205203EED58847ECE719
:10B40000F8BD00BFE020024018EC0000001008402A
:10B410000F49C3070A68496D01D1002106E001F018
:10B42000040102F00103C91818BF0121830744BFBA
:10B4300002F0020341EA5301400744BF02F0040056
:10B4400041EA90010220002918BF0120704700BF87
:10B45000402108400F49C3070A68496D01D1012105
:10B4600006E001F0040102F00103C91818BF012130
:10B47000830744BF02F0020301EA5301400744BFBF
:10B4800002F0040001EA90010220002918BF012007
:10B49000704700BF4021084070B502F039F90446FA
:10B4A0000B48017821B12046BDE8704002F0C8BACF
:10B4B00001210170074805780748002DF3D00646A2
:10B4C00056F80C1B89688847013D3046F5E700BFF8
:10B4D000E005002093EE0000C4EC0000B0B588B099
:10B4E000044601200125FEF7EBFDB8B100208DF8E0
:10B4F0001F408DF81E000690CDE904000DF11E00DE
:10B5000003900DF11F00CDE9015001A801F0B6FE36
:10B510000120FFF7A1FA322001F09EF908B0B0BD7A
:10B520000F4A10F8011B53185B78DB06F9D42D295C
:10B5300018BF2B2901D1027801E001380A46431CCB
:10B540000020303A092A06D800EB800002EB4000C8
:10B5500013F8012BF5E72D2908BF4042704700BFC3
:10B5600020DB000010B58AB0144602460020CCB1A2
:10B570008DF82710CDE907008DF82600CDE90500EC
:10B5800001200DF12601ADF81C200490CDE9020147
:10B590000DF12700019001A800F0ACFA10B19DF860
:10B5A000261021700AB010BDF8B50D460C49497837
:10B5B000012918BFF8BD0B4E1446B0470A4F01468B
:10B5C0003420B8472846B04701463520B8472046C2
:10B5D000B047014636203A46BDE8F840104700BF64
:10B5E000CD050020A9C7000041C60000F8B50D4EEA
:10B5F00004460D4F306E50F82100B84201D00020B3
:10B60000F8BD0A480D4624300090204601F0BEFBEC
:10B610000028F4D0306E50F82500C01B18BF20461B
:10B62000F8BD00BF5003002099CA0000DC020020D2
:10B6300010280FD310380E4A0123410900F01F00D3
:10B6400002EB810103FA00F0D1F8F020C1F870019B
:10B65000104070470F281CBF002070470448016845
:10B66000026822F00202026001F00200704700BF8F
:10B6700010E000E010280FD310380E4A01234109D2
:10B6800000F01F0002EB810103FA00F0D1F8F02076
:10B69000C1F8F000104070470F281CBF0020704711
:10B6A00004480168026842F00202026001F00200F0
:10B6B000704700BF10E000E000B170472021EFF3B9
:10B6C000118081F311880B494A6D3AB180B580F33E
:10B6D0001188FFF729F8BDE8804004E0002281F8D6
:10B6E000502080F3118804490122087A0A7200F080
:10B6F00069B900BFDC020020700400202DE9F04190
:10B7000015468846074600205821002200262B4671
:10B7100000F01CFB78B1394642462B46044601F046
:10B720001FFA08B1264606E00448214658228068E0
:10B730004368984700263046BDE8F081DC020020CF
:10B7400080B58AB08DF825101146002B08BF090A74
:10B750008DF8271018BF120A8DF826200021CDE998
:10B760000711CDE90511CDE903110321ADF81C0046
:10B7700002910DF12501019101A800F0BBF90AB079
:10B7800080BD00000B4801688907FCD50A480121EB
:10B790000A4AD0F83C0101284FF0010008BF2020E0
:10B7A0000823906100201060054803604360116029
:10B7B000704700BF58600C400000002000400C4063
:10B7C00038500C4040F00201022918BF70477CB588
:10B7D0000A4D0B4C80B27022042329684E680090F9
:10B7E00020460021B0472868002170227023D0F83D
:10B7F0000CC0204602B0BDE870406047A4010010B4
:10B8000000A00C400C4A1278012A11D1094A127882
:10B8100082420DD9094A0029094B18BF0A4600EB9C
:10B82000400103EB810053F82110CB681146184703
:10B830000020704793EE0000E0050020D8E80000EB
:10B84000C4EC00000B480C499FED0C1A00229FED40
:10B850000C2A90ED020AC0E90421B5EE400A81EEFF
:10B86000001AF1EE10FAC8BFB0EE412A80ED062AA8
:10B87000704700BF040500200000C8420000FA43E2
:10B8800084927B4198B10A490A4AC0E907210821FC
:10B89000094A01834FF07A51C0E904214FF46171E4
:10B8A000818106498160012101710549016070476C
:10B8B0009A99193F9A99193E000020413333D33F9A
:10B8C0006666263F012917D010B5B0F90E40002C4E
:10B8D00048BF64422046FFF7ABFE0848084AC16CE7
:10B8E00051F82430934218BF41F82420006D002104
:10B8F00040F82410BDE81040704700BF50030020FE
:10B9000099CA0000B0B50C46002100F12005C4E939
:10B910000111416A0A48216000F05CFF01462D6870
:10B9200045B16868D4E9012302448342626038BFAC
:10B93000A060F4E70248BDE8B04001F0C7BE00BF18
:10B9400064C1002070B52020EFF3118480F31188CA
:10B9500009480068006B8047084AD2E91556084A32
:10B96000D2E9102384F3118801F0C2FD281AB042F5
:10B9700088BF002070BD00BF8C010010B8030020FC
:10B9800018BF002070B50E480121047A0172856944
:10B990002020EFF3118680F31188284600F09AF9F1
:10B9A000032085F82000284600F0B2F986F31188BC
:10B9B0006D602D602046BDE8704000F003B800BF08
:10B9C0007004002000B1704710B50C4C2020EFF33C
:10B9D000118180F31188207C012805D1084890F856
:10B9E000500008B9FFF740FC0020207240F2000C24
:10B9F000EFF311808CF3118810BD00BF700400209C
:10BA0000DC020020FF2817D0B0B5044601F0E2FBAD
:10BA10000A4D286850F82410204602F00EF8686895
:10BA200050F8241011B1002140F82410A86800211A
:10BA300040F82410BDE8B040704700BF18EC00008B
:10BA4000BBB12DE9F04786B0DFF82CE0EC46664646
:10BA50009EE8B00786E8B007D3E900451B7A8DF869
:10BA60000830634601940495FFF7C0FD06B0BDE8B9
:10BA7000F0870023FFF7BABDD4EA000070B50D4B84
:10BA80001B3800FB00F193E87000DB6801FB00F25B
:10BA900083FB0223C6FB0123C5FB00231009190900
:10BAA00040EA0370001941EBE471000C40EA0140E8
:10BAB00070BD00BF740500207CB50C4D0C4C0021FE
:10BAC0004FF4C07207232868466802200090204681
:10BAD000B047286800214FF4C0720723D0F80CC08B
:10BAE000204602B0BDE87040604700BFA4010010CE
:10BAF00000A00C4070B5044600209CB10A4E71684D
:10BB000081B10A4D284601F08DFF7068214641F24F
:10BB10008832FAF759FF0446284600F08DFBB4FA44
:10BB200084F0400970BD00BFA8050020E4C00020DB
:10BB300080B58AB08DF82510090A8DF82720120AE1
:10BB40008DF8241000218DF82620CDE90711CDE9CC
:10BB50000511CDE903110421029109A9ADF81C00DA
:10BB6000019101A8FFF7C6FF0AB080BD10B50A48D1
:10BB70000A490B4A0B4CC0E9022102210171817074
:10BB800016200021A04706200021A0470720002101
:10BB90002246BDE81040104704050020D044583C20
:10BBA0006F12833B5DD5000080B5012001F04EFB94
:10BBB000012001F057FB1620012101F0CFFC47F2D4
:10BBC000305000F049FE04480449054AC0E902210A
:10BBD00000210171817080BD0405002048E1D1423F
:10BBE0006666FE410C484078012818BF704710B5C2
:10BBF0000A4C34200021A04735200021A0473620E0
:10BC00000021A04737200021A04724200021224600
:10BC1000BDE81040104700BFCD05002041C6000020
:10BC2000BCB5054600200C460DF10602ADF8060035
:10BC3000ADF804003A202946FFF71AFA68B1681CEB
:10BC400001AA81B23A20FFF713FA30B1BDF804001F
:10BC5000BDF8061041EA00402060BCBD10B50446A6
:10BC60000848002908BF01462046FFF791FA064818
:10BC70000649074A074BC4E902102046C4E90032CE
:10BC800010BD00BF18ED000005B900000BDB00007F
:10BC900055C50000D9B1000010B588B001AC0A4903
:10BCA0001C22204601F034FF0020094A00212346CF
:10BCB0008DF810000A20039002208DF8040003483C
:10BCC000FAF7A8FF08B010BD74E9000018BF002003
:10BCD0009DD80000B0B50D49CA6803684468236068
:10BCE000436804686360C46C83692568A54204BF27
:10BCF0009A43CA608A69824204BF0022CA61012253
:10BD00000A74022180F82010B0BD00BF700400202A
:10BD100090F84800012818BF704710B52020EFF3B5
:10BD2000118480F31188074841690139416105D1C7
:10BD3000054884F31188016A0020884784F311883C
:10BD400010BD00BF7004002050030020F8B50E465F
:10BD50000B4900281C468D68314618BF05462F68E0
:10BD60002846002A08BF0822B847074628B9054ACE
:10BD700020462B46009601F0DFF93846F8BD00BF9B
:10BD8000DC02002037DD000010F1240FD8BF6FF077
:10BD900023001B28A8BF1B2003210F222430A1EB66
:10BDA000101122EA000022FA01F14FF6FF7222FA86
:10BDB00000F040EA014001490860704718A00C40BB
:10BDC000B0B50A490A4A0B4B0C684D68AC42FCD12D
:10BDD000844208BFB0BD155C145DAC424FF0FF3526
:10BDE00038BF01252C441C5D0C60EDE700600C4061
:10BDF000ACEE0000B0EE000010B50A4C0021206847
:10BE0000426801209047206801680120884708B1F6
:10BE100000F02AF804480068E06800688047034999
:10BE2000C86010BDE001001030200940640500200A
:10BE300010B50A490A4C0860D1F8980040F0030098
:10BE4000C1F898002068816920208847054800686B
:10BE50002068806BBDE81040004700BF8C2108407F
:10BE6000B80100102C20094010B50A480B4C01887D
:10BE7000C907094907D14FF00122226000880868EC
:10BE8000BDE810400047086880474FF08070206090
:10BE900010BD00BF00A00C408000001004A40C40A6
:10BEA0007CB50B4D0B4C00214FF040521C232868F1
:10BEB0004668032000902046B047286800214FF4D0
:10BEC000007209234568012000902046A8477CBDE8
:10BED000A401001000A00C40F8B50C46054601F086
:10BEE00017FC2B1D6E690ECB8F1AA74238BF3C463C
:10BEF00022442344B24288BF16466E61B3FBF1F67A
:10BF000006FB1131C5E9022101F09AFD2046F8BD7A
:10BF100070B50668054601F0FBFB0446707A70B9FF
:10BF200001207072284600F0FDFB686801F050FCAB
:10BF30002846FBF735FD2846002100F04DFE20463F
:10BF4000BDE8704001F07CBDF8B5D0E9006501F0B6
:10BF5000DFFB0446307870B1287901F03FFB0128FF
:10BF600006D1286800274760301DF8F797FC377026
:10BF70002879FCF73DFE2046BDE8F84001F060BDA1
:10BF8000C2B110B58AB0044600208BB1CDE90700DC
:10BF9000CDE9050001208DF82710CDE90323ADF888
:10BFA0001C4002900DF12700019001A8FFF7A2FDAF
:10BFB0000AB010BD0020704770B504460B4801213F
:10BFC0000160D4E91001D4E91623851841EB03067A
:10BFD000280C40EA064100F00BF8D4E91623D4E916
:10BFE000060150346CC4BDE8704008470420094085
:10BFF00010B50C4601F0CEFC0A498A69A31A063234
:10C00000B3F1004F07D89442134688BF2346121B52
:10C0100048BF23461A460A6000B110BDBDE8104073
:10C0200001F0BCBC1820094070B50948094C844295
:10C030000BD0094D094EB54207D0F5E8020110F8C2
:10C04000012B54F822209047F5E701F050FD70BD18
:10C0500008F10000FCF0000048F1000090F1000041
:10C06000B2B110B586B09368062B03D35C1C01D027
:10C0700000200BE0002404930194D2E90034D2683C
:10C08000CDE90234059201AA01F034F906B010BDE1
:10C09000002201F02FB9C0B1B0B5044600F55465D7
:10C0A00000F61850282101F044FA00204FF07E518C
:10C0B000C5E90010C5E90200C4F8540DC4F8580DD4
:10C0C000012084F8500DBDE8B040704708490A4B84
:10C0D000421808499A42096808D801F44001B1F5AC
:10C0E000000F03D105490968496C0847704700BF34
:10C0F0005C8F82FFB44F0050B71E0500F0010010A6
:10C1000070B50B4D04462E1801F002FB96F8431152
:10C11000013986F84311090605D10121AA68A14019
:10C1200022EA0101A96001F08BFC002070BD00BF74
:10C13000000000202DE9F04106460A4815460C464D
:10C1400000278046BC4209D0D8F80020E95D30685D
:10C150009269904708B10137F4E73C462046BDE8B4
:10C16000F08100BFD001001010B50A490122087A01
:10C170000A720949CC6944B12268CA61FFF722FCFE
:10C180002046BDE8104000F0E3BABDE81040FFF7DC
:10C1900019BC00BF70040020DC02002070B50A4CFE
:10C1A00012200021A047152001210125A047074E9C
:10C1B0001E2001213570A0474CF25030757000F000
:10C1C0004BFB012070BD00BF5DD5000004050020C1
:10C1D0000A484078012818BF704710B5084C342031
:10C1E0000021A04735200021A04736200021A0478C
:10C1F000372000212246BDE810401047CD05002021
:10C2000041C60000F8B500220A4BC0E90022826254
:10C21000002918BF0B461968CDE9012203928160FD
:10C2200001210C308DF8041001AA00F05DFC002003
:10C2300004B080BDD0EC0000B0B50B4901250C7AEC
:10C240000D7289690268C96B8A4208D1416800256C
:10C250000139416003D140F80C5BFEF735FA204606
:10C26000FFF7B0FB2846B0BD70040020B0B50B4A04
:10C270000023156C946CC0E901452A7841B1BE2AAF
:10C2800006D1691C631C11F8014B013BBE2CFAD08E
:10C290000360B2F1BE0018BF0120B0BD5003002002
:10C2A0000B4890F8641089B9012180F864102021AE
:10C2B000EFF3118281F311884FF0FF31C162016CFD
:10C2C000826C21F0070111440839C163704700BF37
:10C2D00050030020B0B504468260816100201D46F5
:10C2E0002075D3E9010120610648E161214600F093
:10C2F000F9FE2878012818BFB0BD2046BDE8B0403F
:10C3000001F04AB8B803002070B50B4AD368C56C79
:10C3100084696E6823430560466030606860D3605E
:10C32000012380F820301374202081F31188EFF36B
:10C33000118180F3118870BD700400200A4808380C
:10C3400080F308880948016841F47001016000BF6A
:10C3500000BF01F0CEFB08B1FFF766FE01F06EF8FA
:10C36000002001F063FB00BF0040012088ED00E0E9
:10C3700080B58AB08DF8261000218DF82720CDE9F0
:10C380000711CDE90511CDE903110221ADF81C001B
:10C3900002910DF12601019101A8FFF7ABFB0AB054
:10C3A00080BD10B52021EFF3118481F31188017C49
:10C3B00002290CD10268816843681A600022027465
:10C3C00042680068426008462146FFF79DFF84F3FB
:10C3D000118810BD80B50A49142001F02EFB1420ED
:10C3E000002101F0BBF8012001F033FB14200121F2
:10C3F00001F0B4F84FF40C70BDE8804001F029BBA7
:10C4000001640020BFB5044653B100200190D3E978
:10C4100001500390187802958DF8040001AB00E0FC
:10C42000034B2046FFF756FF204604B0B0BD00BFC7
:10C4300024ED0000FF2808BF7047B0B50D46044644
:10C4400001F066F90649C5F3024311F8242002F011
:10C45000F8021A4401F82420BDE8B04001F0F0BA17
:10C4600002100840B0B50446012000FA04F501F0BE
:10C470004FF907498A682A438A60214491F8432189
:10C48000013281F8432101F0DBFA0020B0BD00BF8A
:10C490000000002007480068C00608D40648074985
:10C4A000006808400649884204BF01207047002008
:10C4B000704700BFB04F00505013005000C4FF3F02
:10C4C00000C0071C70B50D4614460146D5E9012091
:10C4D00082420BD9161AB44238BF26462868324623
:10C4E00001F016FB2968A868314429602044A8603F
:10C4F000204670BDB0B504460948056855B1A86826
:10C50000204205D0D5E9033220460021984718B9CA
:10C510002D68F3E70020B0BD4FF0FF30B0BD00BF85
:10C52000000000209EB0094C012184F83010616B9E
:10C5300009B969466163FBF7BBFD03202075044818
:10C540000068C0B20F2800D2FEE7FEE750030020CB
:10C5500004ED00E02DE9F041DFF8248006461446A2
:10C560000D46404600F036F9074630462946224639
:10C57000FEF705FC40463946BDE8F04101F0A6B89B
:10C5800064C1002010B50A4B2022EFF3118182F321
:10C5900011881A6C072A04DCDC6B44F82200501C5A
:10C5A0001864002081F31188082AB8BF012010BD4B
:10C5B000DC02002070B50A4D04462020EFF3118103
:10C5C00080F31188286C461E701C0128B8BF70BD0E
:10C5D000E86B50F8261020468847013EF4E700BF7C
:10C5E000DC020020B0B50C46054601F091F8D5E913
:10C5F00001122B69A24238BF1446121BAA601A19F5
:10C60000B2FBF1F303FB1121296101F019FA204675
:10C61000B0BDF8B50C46054601F07AF8EA6895E831
:10C62000C2000132B2FBF6F303FB16252944216058
:10C6300001F006FA701BF11B814238BF0846F8BDB5
:10C6400080B58AB08DF827100021CDE90711CDE91A
:10C650000511CDE903110121ADF81C0002910DF186
:10C660002701019101A8FFF745FA0AB080BD68B122
:10C67000B0B50D4640F6E451044600F05AFF20469E
:10C680002DB12946242201F043FA02E07047FFF75A
:10C69000F9F82046BDE8B040FEF75CB9002804BFB9
:10C6A000002170474CBF404200464FF01F014CBF75
:10C6B00041F4406141F48061491E4000FCD34FEADF
:10C6C000015141EA1031000570470000064801227F
:10C6D000017A027205480160054890F8501080F810
:10C6E00050200448016070477004002044C20020BC
:10C6F000DC02002054B40020F8B50C46D0E9001646
:10C70000002701F14C053068013C47F100018269C6
:10C71000D20606D429B10068C1B22846FEF710FE41
:10C72000F1E7F8BDD0E900100A6C5AB191F8441055
:10C73000090707D501684FF480624A648A6B42F4A6
:10C7400080628A630068816B41F0400181637047B9
:10C7500010B50446103000F02BFB204650F80C1F9B
:10C7600009B100F00DFC044821465022806843685E
:10C77000BDE81040184700BFDC02002010B5094C8E
:10C780006275E181002141F26F72A37584ED041A94
:10C79000A08184ED010AC4ED020A904288BF012104
:10C7A000217510BD38050020A0F13001C9B209295A
:10C7B00004D80749084410F8300C70472D38C0B22F
:10C7C0004C288EBF00200149085C7047F4DF000050
:10C7D00089ED0000B0B5094D0446A168A869814201
:10C7E00004BF0120B0BD04F10C004FF0FF31FBF796
:10C7F000C1F9A869A0600020B0BD00BF700400208E
:10C8000010B52020EFF3118480F3118805480068EB
:10C81000006B8047044AD2E9102384F3118800F0AA
:10C8200067FE10BD8C01001018BF002000B17047DA
:10C8300010B5074C207C012805D1064890F850001F
:10C8400008B9FEF711FD00202072BDE810407047C6
:10C8500070040020DC02002080B50949884206D31C
:10C8600001F0D8F8162101604FF0FF3080BD09308B
:10C870000A21B0FBF1F00130FCF776FD002080BD0D
:10C8800040420F00002804BF0029704704B53F2232
:10C8900012F58062521E490041EAD0714FEA400011
:10C8A000F8D3000B40EA0150090B41EA025104BDE4
:10C8B000B0B5056802200C46FFF722FC64B1D5F83C
:10C8C000EC000021B1EB107F06D10420FFF718FC2B
:10C8D0004FF0FF30C5F8EC00B0BD4FF080410A4684
:10C8E00089088242FBD810B500214AB1541802EBE6
:10C8F0005103A04234BF4B08001B19469208F4E7CD
:10C90000084610BD81B040F2000CEFF311808CF3AB
:10C91000118800200090009810B900980130F9E7C4
:10C920002020EFF3118180F3118801B070470000DF
:10C930000648006940B180B5054800F05BFF054836
:10C94000BDE8804000F05CBF704700BF500300208E
:10C9500059D00000BDD1000070B5D0E9006500F0ED
:10C96000D7FE0446F06830B1284601F00FF8B068F1
:10C970006FF0090141612046BDE8704001F060B8E8
:10C98000B0B50D46044600F0C3FED5E9001211B162
:10C990004A606A6800E06260002A18BF144621609D
:10C9A000BDE8B04001F04CB880B5FFF773FD60B151
:10C9B0000648006881034FEA00414FF0000058BF6D
:10C9C0000816BDE88040FFF7DFB980BDB44F0050C6
:10C9D00080B506480649006808400649884204D1E7
:10C9E000FEF740FA1328C8BF80BDFEE718130050B9
:10C9F00000F0FF0F0010B40B80B5B2F5803F06D3F6
:10CA000001F008F8162101604FF0FF3080BD034BA4
:10CA100011461A4600F068F8002080BD30ED000095
:10CA200010B54AF2C571441A054938BF002400FB0D
:10CA300001F1044838BF481CFCF796FC204610BDA5
:10CA4000A086010021F9FEFFB0B50B78DDB20378B6
:10CA5000DBB25B1BB3FA83F464092DB124B101305E
:10CA60000131013AF1D100E004B100231846B0BD14
:10CA700070B50446006C04F144052CCDA0FB010602
:10CA800002FB0161C6184D41300C40EA0541FFF739
:10CA9000AFFAC4E9146570BD1EF0040F14BFEFF3C4
:10CAA0000980684685462DE9F00F68467146744650
:10CAB000024A904768462146FEE700BF2DD6000097
:10CAC00010B5074A04460C30012100F00DF8002093
:10CAD0002146A0600348BDE8104000F003BB00BF42
:10CAE00030ED0000B005002010B54182034614303F
:10CAF000012100249861C3E9024111781974586139
:10CB000002481946BDE8104000F0ECBAC00500200C
:10CB1000084890F86C1001B17047012180F86C1042
:10CB2000406E00213029F7D042185260425008313F
:10CB3000F8E700BFDC0200202DE9F04F2DED108B4F
:10CB4000C0F800D0D1F800D0BDEC108BBDE8F08F5C
:10CB500000BF00BF00BF00BF00BF00BF00BF00BFDD
:10CB600010B504460748002A08BF02462046FCF7D5
:10CB70003DF920B101462046FBF7CAFD00242046BE
:10CB800010BD00BFB4E80000084890F8381001B1AB
:10CB90007047012180F83810006A00213029F7D051
:10CBA0004218526042500831F8E700BF700400207C
:10CBB00078B1BCB504460748856945B1204600F008
:10CBC00077FD024601AB2846214600F05CFDBDE83A
:10CBD000BC40704720040020B0B5056802200C4618
:10CBE000FFF740FC54B1D5F8EC000021B1EB107F09
:10CBF00004D10420BDE8B040FFF734BCB0BD0068EC
:10CC0000C168490701D58168FAE70221C0F88010A0
:10CC1000C168C90702D1D0F88C10F9E70021C0F82B
:10CC2000801070470648006948B110B5054C204691
:10CC300000F0E0FD2046BDE8104000F0E1BD704787
:10CC4000500300206F540000B0B50C46054600F0BC
:10CC50005FFD0021216069680029616008BF2946E5
:10CC60000C606C60BDE8B04000F0EABE80B50548DD
:10CC70000121006842680120904703480349006889
:10CC8000486080BDE00100103020094064050020AC
:10CC90001CB5064980B24FF47F42082309684C68EE
:10CCA000009003483021A0471CBD00BFA401001024
:10CCB00000A00C401CB5064980B24FF4F8021223C4
:10CCC00009684C68009003480421A0471CBD00BFC0
:10CCD000A401001000A00C401CB5064980B24FF41E
:10CCE0000032112309684C68009003480421A047D2
:10CCF0001CBD00BFA401001000A00C401CB50649DB
:10CD000080B24FF440620A2309684C6800900348DF
:10CD10002021A0471CBD00BFA401001000A00C40B2
:10CD200050B14AB110B5044608300EC0214604483F
:10CD3000FFF78AFF002010BD6FF00200704700BFB0
:10CD40000000002010B507490446172000F075FECA
:10CD50001720214600F08EF9172000F047FA012035
:10CD600010BD00BF0240012080B50749013888424C
:10CD700005D80620FFF7C4F90420FFF7C1F9022007
:10CD8000BDE88040FFF7BCB9FEFFFF0F1CB50446AD
:10CD90000498002B0090054808BF03462046FDF785
:10CDA0007BF8002818BF002420461CBDD4EA0000F0
:10CDB00000F11401816141612021EFF3118281F3BF
:10CDC000118801684368196041680068416082F316
:10CDD0001188704710B5074C207C012808BFFEF76A
:10CDE00043FA0020207240F2000CEFF311808CF324
:10CDF000118810BD70040020F8B50C46054600F0FF
:10CE000087FC95E8C2002D692944216000F018FED6
:10CE1000701B874238BF3846F8BDBCB50468257919
:10CE20000DB9A4792CB14FF0FF340094F8F778F8DD
:10CE3000BCBD02B0BDE8B040FEF7F6B86BB110B5AE
:10CE40000130D2B20C78944200F8014C04D0013089
:10CE50000131013BF6D1002010BD002070470000D9
:10CE6000102809D31038012200F01F01400902FAEE
:10CE700001F1024A42F82010704700BF80E200E052
:10CE800005484FF4825100680028044848BF4FF419
:10CE900041510160704700BFAC4F005028A10C40C9
:10CEA00005484FF4805100680028044848BF4FF4FB
:10CEB00040510160704700BFAC4F0050A8A00C402B
:10CEC00080B505480068FEF7F7FB04480068BDE838
:10CED0008040FEF777BD00BF54B4002044C200205C
:10CEE000B0B5044600F014FC054604482146FFF79F
:10CEF00047FD2846BDE8B04000F0A2BD000000207C
:10CF00001FB5044600200390CDE9010001208DF8F3
:10CF1000040001AA2046FFF7E7FD204604B010BD3B
:10CF200004480549054AC0E90221012101718170C7
:10CF3000704700BF04050020022B873D0AD7A33CA1
:10CF400068B110B54FF44261044600F0F2FA7F2058
:10CF50008021C4F8081CC4F80C0CBDE810407047D0
:10CF6000F8B501A80021FFF781F9039A6846BE21B0
:10CF70008242009228BF8FBD1170009A0132F7E7FC
:10CF800010B50446006800F00BF8044821685822E8
:10CF90008068436898470020206010BDDC020020B4
:10CFA0002021EFF3118281F311888168C368196031
:10CFB000C16883685960002182F31188FBF7A8BB20
:10CFC000002804BF0021704701001F2111F5806176
:10CFD000491E4000FCD3090541EA103100057047A5
:10CFE0001CB504686479022C02D1F9F7BBFF1CBDA3
:10CFF000049C049402B0BDE81040F8F73BBE60B159
:10D00000002200F6F8418A600A60A0F8042D80F83A
:10D01000AC2DA0F8AA2DC0F8F02C704760B159B122
:10D02000D0F8102C0A60D0F8142C4A60D0F8182CD4
:10D030008A60D0F81C0CC860704710B5EFF31484F8
:10D04000002C1CBF002181F314888047002C1CBFDA
:10D05000022181F3148810BD10B5054C2069FFF73B
:10D06000B9FBA16801B9E060481CA06010BD00BF19
:10D0700050030020FF2807D0044A526852F820309D
:10D080008B4218BF42F82010704700BF18EC000018
:10D09000002201284FF0000004BF40F2EE204FF4C0
:10D0A0007A72022908BF02461046704710B5002167
:10D0B0000024FAF75FFD28B900F0ACFC0B214FF01B
:10D0C000FF340160204610BDB0B5054D0024022C90
:10D0D00008BFB0BD55F8240080470134F7E700BF12
:10D0E00014EF00002022EFF3118382F3118808600F
:10D0F00042684A6042681160416083F3118870475A
:10D1000010B504460448002A08BF02462046FDF731
:10D110001BFF204610BD00BF84EB00002021EFF371
:10D12000118281F311888168C3681960C1688068C1
:10D13000416082F31188704705492431884208BF55
:10D14000704718B10099C0E900238160FEE700BF75
:10D15000DC020020D0E9001000220068C0F810288E
:10D160000122C0F81C2801F1E40000F0BABCB8EEBE
:10D17000C00AB8EEC11AB8EEC22A20EE080A21EEA3
:10D18000081A22EE082A704710B52021EFF3118407
:10D1900081F3118880682146FFF7B6F884F311887F
:10D1A00010BD00000446FFF73DFD03480321017553
:10D1B000204600F03BFC00BF50030020044881687B
:10D1C0000139816018BF7047D0E9031000F07EBAC2
:10D1D00050030020FF2806D0034911F8202002F058
:10D1E000FB0201F82020704702100840FF2806D0FB
:10D1F000034911F8202042F0040201F82020704772
:10D2000002100840022807D0032804D180B5F9F79E
:10D21000BFFF002080BDFEE7FDF762B9044890F82B
:10D22000411119B1D0F86C0100B10047704700BF3F
:10D2300000000020D1E901329A4204D20A68531C4E
:10D240000B6010708A6801328A60704710B504461E
:10D250001520214600F082F90148047010BD00BF7E
:10D260000405002010B504461E20214600F076F982
:10D270000148447010BD00BF0405002028B10146DC
:10D280000348406808B100F005BC0020704700BFAB
:10D290008405002004494978012918BF704700F02F
:10D2A0000F013720FFF7CCB9CD05002070B5044938
:10D2B0004FF400728A6091E87C007CC0002070BD51
:10D2C0005005002040B1D0F8001CD0F8040C081A1A
:10D2D000B0FA80F04009704701207047B0B50C46A5
:10D2E000054600F0D5FA024844650565B0BD00BFAB
:10D2F000B803002080B5044B2433FFF701FF4169D8
:10D30000002908BF084680BDDC02002000BF00BF26
:10D3100000BF00BF0498804700980199029ADDF889
:10D320000CE0104710B52021EFF3118481F3118830
:10D330002146FEF7E9FF84F3118810BDB0B50C4615
:10D34000054600F0E5F9A96CA143A964BDE8B04029
:10D3500000F076BBB0B50C46054600F0D9F9A96CD3
:10D360002143A964BDE8B04000F06ABB80B5F9F77D
:10D370006DFDFAF79BF8FDF7EDFBBDE88040F8F78F
:10D3800020BA2020EFF3118180F31188B1FA81F0E7
:10D3900081F311884009704710B52021EFF3118403
:10D3A00081F31188FBF796FF84F3118810BD00000C
:10D3B0000349096821FA00F000F00100704700BF3E
:10D3C000C0200240FF2803D0024A926842F8201091
:10D3D000704700BF18EC0000042805D180B5104646
:10D3E000FDF710FBBDE8804000207047D9F8CC1055
:10D3F000D8F8140049680968D1F80425024270473A
:10D40000B8EE400A20EE080ABDEEC00A10EE105A2F
:10D41000E9B23047002000210B90A9F8101009F163
:10D420002800282100F085B8042805D180B51046D1
:10D43000F9F7BAFFBDE88040002070470349002992
:10D4400012BF01C900200021FDF7FAB914DB00006A
:10D45000F0B50349043191E8FC00FCC0F0BD00BF09
:10D460000405002003498A7882421EBF00224A70C8
:10D47000887070478405002003498A6882421EBF75
:10D4800000224A7088607047840500200349CA78EA
:10D4900082421EBF00224A70C87070478405002077
:10D4A00028B1F0B5024991E8FC00FCC0F0BD70471E
:10D4B000380500200968052904DC0129A2BF0160A4
:10D4C000002070471620704710B5034991E81C00F2
:10D4D0001CC0002010BD00BFD0EC000010B5034CF4
:10D4E000E06BFDF763FA0020E06210BD50030020FE
:10D4F00040B584B002AE0096FBF722FB029A039B74
:10D5000004B040BD80B5C868496B006C8847BDE871
:10D510008040FDF7C3B910B500239A4208BF10BD83
:10D52000CC5CC4540133F8E70B4611461A4600F0B0
:10D53000D4B80A46002100F0D0B800000249D1E971
:10D540000012C0E9001270475003002002498968A8
:10D5500051F82000704700BF18EC0000FF281CBFE6
:10D56000014A8154704700BF00200240012100227F
:10D5700001724FF0FF31C0E90021704702484FF0BF
:10D5800000410160704700BF00A10C4002480168E3
:10D5900041F00301016070472422084002480068FE
:10D5A000C0F30720704700BF30A00C40024800685D
:10D5B000C0F38440704700BF04A00C4002480068DC
:10D5C000C0F38120704700BF20A00C4002484021DA
:10D5D0000160FFF74BBB00BFA8A00C400249084404
:10D5E00090F84A01704700BF0000002010B50023EA
:10D5F000541E80E81E00C0E9043310BD00214FF026
:10D60000FF32C0E90011C0E9022170470068012122
:10D61000806900F0080081EAD000704702490122C9
:10D620000A60D0E9060108470420094002490122A6
:10D6300081F83020FEF776FF500300200021425889
:10D640000431002AFBD1081F8010704780B50A46BC
:10D65000D0F803101046FFF76CFF80BD23460395FA
:10D660008DF804500295FEF7CDBE99F8EE0C01300E
:10D6700089F8EE0CC0B27047B0EEC77AB4EE467AC5
:10D68000F1EE10FA70471CB54FF0FF340094FFF72D
:10D69000A7FC1CBD80B54FF0FF31FAF76BFA0020F4
:10D6A00080BD0021425C0131002AFBD1481E704739
:10D6B0000021425C0131002AFBD1481E704780B531
:10D6C000FFF784FFBDE88040FDF718BC01B170474B
:10D6D000002181600C30FCF7F7BF00239A4208BF9D
:10D6E0007047C1540133F9E70B46D0F80320C11D40
:10D6F000184600F00DBA000001480178FDE700BFB0
:10D70000DC0200200148C069004700BF5003002030
:10D710002021EFF3118081F3118870470021C0E9C7
:10D720000011C0E9021170474869B0FA80F042095F
:10D730002046184702460B465046414600F0D5B9F0
:10D7400090ED000B51EC100B00F0CFB9142089F8CC
:10D7500005B089F80E00704702460B462046314658
:10D7600000F0C3B902460B462846594600F0BDB941
:10D7700002460B463046414600F0B7B901490968F8
:10D7800009680847E001001001490968C96A0847AB
:10D79000B80100100148006800680047E801001067
:10D7A0000148006840680047E801001001488068AF
:10D7B000704700BF000000200149202200F0A8B9F6
:10D7C000D8E800000068016B21F4807101637047A4
:10D7D0000068016B41F40071016370470068016BE0
:10D7E00041F48071016370470149242200F090B92F
:10D7F00048E8000001490860704700BFD8050020D4
:10D8000001490860704700BFDC05002001488078AE
:10D81000704700BF84050020014800F0AEB800BF8B
:10D820006802002001488078704700BFC8050020CA
:10D830000148C078704700BFC80500200148407803
:10D84000704700BFC805002001484078704700BFFE
:10D85000E404002001480078704700BFE404002081
:10D8600001298EBF162001610020704702298EBF5A
:10D87000162001600020704780B51046FDF718FBA8
:10D88000002080BD0148FFF71BB900BF64C1002024
:10D8900001460148FFF7ECB818BF00200148C06CF2
:10D8A000FDF704B9B803002000210170C0E901119F
:10D8B0007047C0F80418022000F0CBB8CDE9000A88
:10D8C0002846F7F7AFBEB4EE410AF1EE10FA704702
:10D8D000202000212246FDF745BE2046294632463B
:10D8E000FBF7D4BD54EC105B2A46234670474046F4
:10D8F00051461C2200F00CB9B4EE410AF1EE10FAC8
:10D90000704720464FF4805100F0C7B8B4EE432A68
:10D91000F1EE10FA7047B4EE443AF1EE10FA7047A7
:10D92000B8EEC00A80EE280A2847B4EE454AF1EE68
:10D9300010FA7047B4EE400AF1EE10FA7047B4EEF8
:10D94000408AF1EE10FA704702460B4620462946FF
:10D95000704700214FF0FF32FAF77EB9406800218E
:10D9600080F8FD10704780B5FAF704F9013880BDE2
:10D97000406801210068C164704780B5FCF7A4FECF
:10D98000002080BD0068803000F0A7B80068042146
:10D99000FFF78FBFEFF3108072B67047EFF3108080
:10D9A00062B670473A46334600F09FB8404651464B
:10D9B000F8F716BA53EC102B00F097B853EC102B75
:10D9C00000F093B8BDF90600FEF768BE53EC102BCB
:10D9D000F7F777BC22462B46F7F773BC1C2138308B
:10D9E000FFF7A7BD21460023FAF7CEBB52464346B8
:10D9F00000F07BB8002089F8EE0C704700902046BC
:10DA0000FFF758BD20460121FFF72ABF80B5FCF77C
:10DA100035FD80BD00487047D405002040686C305B
:10DA200000F05BB84FF0FF31FCF7DEBAFEF7C2FD45
:10DA3000FCF78FFF0021017570470022FAF778BFCD
:10DA400080F3118870470220FEF75ABB0220FEF7D0
:10DA500009BD0138FDD170472046FFF7F1BF2B46C5
:10DA600000F043B80D46FFF7ABBA2046FFF71EBCE7
:10DA70003346F7F726BC5846FFF7E2BF0298FEF799
:10DA80000DBE2846FDF7ABBA20EE280A38470D46F2
:10DA9000FEF704BE026812691047816000207047DB
:10DAA0000021FDF70FBFC0B2FCF712B9000AFEF764
:10DAB000BDBEFFF709FBFCE70020FDF7FDBDFDF74C
:10DAC000D9BDFEF799B9FEF7B3B9FFF7CFB8FEF7A6
:10DAD00035BC80687047FFF76BB9FCF7F5BDFFF701
:10DAE0001DBBFCF7E3BFF8F7EFBCF9F7DBBEFDF7B2
:10DAF000DFBBFAF7B3BB002070470020704700205F
:10DB0000704700207047592070470120704700007F
:04DB1000FFF701BD5D
:08DB1400000000000000000009
:10DB20000080808080808080808090909090908025
:10DB300080808080808080808080808080808080E5
:10DB40008018040404040404040404040404040405
:10DB50000402020202020202020202040404040499
:10DB60000404434343434343414141414141414113
:10DB70004141414141414141414141410404040489
:10DB800004042323232323232121212121212121B3
:10DB900021212121212121212121212104040404E9
:10DBA00080000000000000000000000000000000F5
:10DBB0000000000000000000000000000000000065
:10DBC0000000000000000000000000000000000055
:10DBD0000000000000000000000000000000000045
:10DBE0000000000000000000000000000000000035
:10DBF0000000000000000000000000000000000025
:10DC00000000000000000000000000000000000014
:10DC10000000000000000000000000000000000004
:10DC2000006F7574206F66206D656D6F72793A2094
:10DC300068616E646C65203D20307825782C2073F7
:10DC4000697A653D25752028433A2F74692F7369D9
:10DC50006D706C656C696E6B5F6363313378785F90
:10DC60006363323678785F73646B5F385F33335F3A
:10DC700030305F31362F6B65726E656C2F74697250
:10DC8000746F73372F7061636B616765735C746960
:10DC90002F73797362696F732F68656170732F4892
:10DCA0006561704D656D2E633A31353429004877D2
:10DCB0006920616C726561647920646566696E656E
:10DCC000643A20696E7472232025642028433A2F19
:10DCD00074692F73696D706C656C696E6B5F6363DB
:10DCE000313378785F6363323678785F73646B5F63
:10DCF000385F33335F30305F31362F6B65726E655E
:10DD00006C2F746972746F73372F7061636B616706
:10DD100065735C74692F73797362696F732F6661C1
:10DD20006D696C792F61726D2F6D332F4877692E75
:10DD3000633A33393729006F7574206F66206D653B
:10DD40006D6F72793A20686561703D307825782C66
:10DD50002073697A653D25752028433A2F74692F11
:10DD600073696D706C656C696E6B5F63633133787A
:10DD7000785F6363323678785F73646B5F385F33E4
:10DD8000335F30305F31362F6B65726E656C2F7488
:10DD90006972746F73372F7061636B616765735C51
:10DDA00074692F73797362696F732F72756E7469FA
:10DDB0006D652F4D656D6F72792E633A3738290086
:10DDC000696E746E756D3A202564206973206F75D5
:10DDD00074206F662072616E67652028433A2F7445
:10DDE000692F73696D706C656C696E6B5F6363310D
:10DDF0003378785F6363323678785F73646B5F384B
:10DE00005F33335F30305F31362F6B65726E656C18
:10DE10002F746972746F73372F7061636B616765FC
:10DE2000735C74692F73797362696F732F66616DA8
:10DE3000696C792F61726D2F6D332F4877692E636E
:10DE40003A33383929000008000000000000F03F94
:10DE5000000000000000F03F000000000000F03F64
:10DE6000000000000000F03F000000000000F03F54
:10DE7000AE47E17A14AEEF3F000000000000F03F33
:10DE80005839B4C876BEEF3F000000000000F03FF4
:10DE9000000000000000F03F560E2DB29DEFEF3F56
:10DEA000D7A3703D0AD7EF3F000000000000F03F0D
:10DEB000AE47E17A14AEEF3F000000000000F03FF3
:10DEC000000000000000F03F0000000080845E4180
:10DED0000000000080844E410000000080843E412C
:10DEE0000000000080842E4100000000B27C1E4132
:10DEF0009A999999314E0E41000000008084FE40AD
:10DF00000000000080C3EE4033333333538CDE40D7
:10DF1000000000008084CE40000000008084BE40ED
:10DF20009A9999999984AE406666666666849E4021
:10DF3000CDCCCCCCCC848E40CDCCCCCCCC847E4053
:10DF40003333333333836E4000100040150000003C
:10DF5000FF0000008CC1002020000000ACC10020A8
:10DF6000200000000000000002000000030000008C
:10DF7000FF000000FF000000201800201018002003
:10DF80000400000002000000050000001000000076
:10DF90000F0000001100000012000000000200004D
:10DFA0008E0000008E0001008E0002008E00030033
:10DFB0008F0000018F0000028F0000038E0001041B
:10DFC0008E0000058E0008048E0000048900000603
:10DFD000500000007F0001003F0004003F000200ED
:10DFE0003F0001007F0002008E0002048E0001024B
:10DFF0008E00010140000000000000000000000051
:10E000000000000000000000777C395E79713D76E9
:10E01000061E003800545C7300506D783E0000000E
:10E020006E00000000000800777C585E79713D7436
:10E03000061E003800545C7300506D781C00000010
:10E040006E5B494E49545D2053686172656420538C
:10E05000504920427573204D616E616765722028BA
:10E060004144533132393252204D6F6465203120A2
:10E070002F204144584C333632204D6F6465203098
:10E08000292E2E2E20007B2274797065223A22657B
:10E090006E76222C227077725F6D41223A33312ED8
:10E0A00038302C227077725F6D57223A3130342E1F
:10E0B00039342C227077725F7374223A302C226DBF
:10E0C0006F6465223A307D0D0A00202020536D6177
:10E0D000727442414E20416C6C2D696E2D4F6E65FD
:10E0E000204D756C74692D54687265616465642097
:10E0F00054492D52544F5337204669726D776172DF
:10E10000652020202020202020200D0A007B227462
:10E11000797065223A22656E76222C227077725FC2
:10E120006D41223A302E3030342C227077725F6D80
:10E1300057223A302E3031332C227077725F73744D
:10E14000223A322C226D6F6465223A307D0D0A002E
:10E150002020205461726765743A2043433236357B
:10E16000325231204C61756E6368506164202B20FF
:10E17000536D61727442414E20536869656C64202E
:10E1800052657620332E352020202020202020208C
:10E190000D0A003D3D3D3D3D3D3D3D3D3D3D3D3D4F
:10E1A0003D3D3D3D3D3D3D3D3D3D3D3D3D3D3D3D9F
:10E1B0003D3D3D3D3D3D3D3D3D3D3D3D3D3D3D3D8F
:10E1C0003D3D3D3D3D3D3D3D3D3D3D3D3D3D3D3D7F
:10E1D0003D3D3D0D0A007B2274797065223A22652F
:10E1E0006E76222C227077725F6D41223A302E308B
:10E1F00032302C227077725F6D57223A302E3036D3
:10E20000362C227077725F7374223A312C226D6F34
:10E210006465223A307D0D0A003E3E20494D55206E
:10E22000537461746963204772617669747920431D
:10E23000616C6962726174696F6E20436F6D706C9E
:10E240006574652028312E30303067204E6F726D36
:10E25000616C697A6564292E0D0A00000000004097
:10E2600017FF0000000000000400FFFF080000008E
:10E27000100000004018002030180020401A002034
:10E28000301A00200A000000090000000C00000005
:10E290000B00000009080AFF0A00000020202D3EA4
:10E2A000205461736B5F54656C656D657472795F42
:10E2B000554920285072696F7269747920312C2079
:10E2C00053747265616D696E67202620434C49293D
:10E2D0003A2052554E4E494E470D0A0020202D3E01
:10E2E000205461736B5F53656E736F72735F536C11
:10E2F0006F7720285072696F7269747920322C20F0
:10E300003120487A20506572696F646963293A2028
:10E3100052554E4E494E470D0A005B494E49545DD9
:10E320002055492044726976657220285043414C3B
:10E33000363430384120362D427574746F6E202685
:10E340002043483435354820446973706C6179291D
:10E350002E2E2E20005B494E49545D205265676980
:10E3600073746572696E6720414453313239325299
:10E3700020445244592043616C6C6261636B2028D5
:10E3800044494F203233292E2E2E200020202D3EAE
:10E39000205461736B5F494D5520285072696F722C
:10E3A00069747920332C20323520487A20506572E8
:10E3B000696F646963293A2052554E4E494E470DA4
:10E3C0000A0020202D3E205461736B5F4543472097
:10E3D000285072696F7269747920342C2044524439
:10E3E0005920556E626C6F636B6564293A205255F3
:10E3F0004E4E494E470D0A005B494E49545D205030
:10E400006F776572205261696C732028312E3856FF
:10E4100020454E2C2049324320536869667465724A
:10E420002C20494D55205357292E2E2E20005B427B
:10E430004F4F545D20537061776E696E6720544969
:10E440002D52544F5337204D756C74692D5468729A
:10E45000656164656420576F726B6572732E2E2E32
:10E460000D0A003E3E20427574746F6E205357367D
:10E470002028446973706C6179204D6F6465292090
:10E48000507265737365642120372D536567204D85
:10E490006F64653A205B003E3E20454E544552492C
:10E4A0004E47204445455020534C45455020285365
:10E4B00075622D3575412053687574646F776E29C8
:10E4C0002E2E2E2054696D65723D005B494E4954D5
:10E4D0005D20535053432052696E67204275666633
:10E4E0006572202620445244592042696E61727937
:10E4F0002053656D6170686F72652E2E2E20005B53
:10E50000494E49545D204144533132393252203210
:10E51000342D42697420454347202620526573708C
:10E5200069726174696F6E204146452E2E2E20005F
:10E530003E3E2042617474657279204D6F64656C53
:10E5400020526573657420746F2031303025202887
:10E55000302E30206D4A20416363756D292E0D0ADF
:10E56000005B424F4F545D20416C6C205461736BD3
:10E5700073204F6E6C696E652E2053797374656DD0
:10E58000204F7065726174696F6E616C2E0D0A0D9B
:10E590000A003E3E20427574746F6E20535733203C
:10E5A000507265737365643A20456E746572696E66
:10E5B0006720536C656570204D6F64652E2E2E0D9F
:10E5C0000A005B494E49545D20424D4536383020A3
:10E5D0002F20424D4536393020456E7669726F6E78
:10E5E0006D656E74616C2053656E736F722E2E2E86
:10E5F00020005B494E49545D204D4C58393036332C
:10E6000032204661722D4952204D65646963616C08
:10E6100020546865726D6F6D657465722E2E2E20A4
:10E62000005B464154414C5D205461736B5F536500
:10E630006E736F72735F536C6F7720637265617472
:10E64000696F6E206661696C6564210D0A003E3E4B
:10E650002053747265616D204D6F64653A2052419C
:10E66000572028436F6E74696E756F7573205761FC
:10E670007665666F726D73290D0A005B46415441E1
:10E680004C5D205461736B5F54656C656D6574728D
:10E69000795F5549206372656174696F6E206661A8
:10E6A000696C6564210D0A005B494E49545D205335
:10E6B00068617265642049324320427573204D6160
:10E6C0006E616765722028343030206B487A292EBD
:10E6D0002E2E20003E3E2053747265616D204D6FDA
:10E6E00064653A2053454D414E54494320283E39F4
:10E6F000352520526564756374696F6E290D0A00B3
:10E700005B494E49545D204F5054343034312041E0
:10E710004C5320262056434E4C3430343020507217
:10E720006F78696D6974792E2E2E20003E3E20533D
:10E7300054415455533A2054492D52544F53372085
:10E7400052756E6E696E672C2041445331323932F6
:10E75000204D6F64653D003E3E204144584C3336A9
:10E7600032204D454D532053656C662D54657374AE
:10E7700020285461626C65203232293A2064583D69
:10E78000003E3E2050445220436F6F7264696E61B8
:10E7900074657320526573657420746F2028302E61
:10E7A000302C20302E30292E0D0A005B494E495462
:10E7B0005D204144584C33363220332D4178697303
:10E7C00020416363656C65726F6D657465722E2E92
:10E7D0002E20003E3E20504741204F6666736574F0
:10E7E0002043616C6962726174656420284F4646FB
:10E7F00053455443414C292E0D0A003E3E20454EC0
:10E80000544552494E4720534C4545502028537497
:10E81000616E646279292E2E2E2054696D65723DD9
:10E82000006D67205B50415353202D20414C4C20FC
:10E83000332041584553204F5045524154494F4E83
:10E84000414C5D0D0A002D0000000000000000009A
:10E8500000000000000000000000000001000000B7
:10E8600000C2010003000000000000005B464154AC
:10E87000414C5D205461736B5F494D552063726557
:10E880006174696F6E206661696C6564210D0A00B0
:10E890005B464154414C5D205461736B5F45434777
:10E8A000206372656174696F6E206661696C65646E
:10E8B000210D0A0000000000000000000000000020
:10E8C0000100000000000000000200000000000045
:10E8D000000000000100000000000000FFFFFFFF3B
:10E8E000000000000000000040420F00080000008F
:10E8F0000000000000000000DB0F493FDB0F49BFB4
:10E90000E4CB1640E4CB16C00000000000000080FD
:10E91000DB0F4940DB0F49C03863ED3EDA0F493F5A
:10E920005E987B3FDA0FC93F6937AC3168212233EB
:10E93000B40F14336821A23374692E73797362693A
:10E940006F732E6B6E6C2E5461736B2E49646C6505
:10E950005461736B003E3E2057414B4520436F6D21
:10E960006D616E642052656365697665642E0D0A7B
:10E97000000D0A000000000000000000E803000095
:10E980000000000000000000000000000000000087
:10E990003E3E20537769746368656420746F204D30
:10E9A0006F6465205B325D0D0A003E3E205377693F
:10E9B000746368656420746F204D6F6465205B31FB
:10E9C0005D0D0A003E3E20537769746368656420DC
:10E9D000746F204D6F6465205B345D0D0A003E3E10
:10E9E00020537769746368656420746F204D6F6489
:10E9F00065205B335D0D0A003E3E2057414B4520AC
:10EA000050554C53452052454345495645440D0AFF
:10EA100000532C25752C25752C25752C25752C253A
:10EA2000752C25752C25750D0A006D67205B5741E7
:10EA3000524E202D20434845434B20415845535DBD
:10EA40000D0A003E3E2046616C6C20416C61726D87
:10EA500020436C65617265642E0D0A009599000073
:10EA6000397D00005DD9000059590000C140000007
:10EA7000FD930000038000C0038000D5038000CC1C
:10EA8000038000DD0380000C0380005D00000000B7
:10EA90000200000001000000030000001000000060
:10EAA000200000000020004011000000FFFFFFFFD9
:10EAB0000000000006050D040E00000074455050D3
:10EAC00072534875644C7578507278497274454336
:10EAD00047417474000000000000000001000000C5
:10EAE00000000000E0000000010000007B227479BB
:10EAF0007065223A22696D755F7374222C226478E6
:10EB0000223A0020204543472052696E67427566CD
:10EB10003A205075736865643D003E3E2053776926
:10EB2000746368656420746F204D6F6465205B00BA
:10EB30003E3E20546172652043616C69627261746B
:10EB400065642E0D0A002E0000000000C987000039
:10EB500005D2000001010100000000007B22747951
:10EB60007065223A2253454D222C226872223A00C7
:10EB70007B2274797065223A22696D75222C22619C
:10EB800078223A00000000000000000000000000B1
:10EB900005000000000000004F4E4C494E45202863
:10EBA00049443D30784144290D0A00442C256C75B8
:10EBB0002C256C642C256C642C25750D0A003E3EBA
:10EBC000205B444941474E4F53544943535D0D0A1E
:10EBD000003E3E2053595354454D204157414B452B
:10EBE0000D0A00303132333435363738394142433B
:10EBF0004445460030313233343536373839616276
:10EC00006364656600303132333435363738394124
:10EC1000424344454600300074010020B8BD002046
:10EC200034BE0020FFFFFFFF0000000000000000D6
:10EC300000000000000000004E4F542044455445A1
:10EC4000435445440D0A0020204543473A204F6E67
:10EC50006C696E653D002020494D553A204F6E6C21
:10EC6000696E653D002C2053747265616D4D6F6453
:10EC7000653D004F4E4C494E45202849443D307873
:10EC8000004D4F44452053454D414E544943007B70
:10EC90002274797065223A22656E76220053454CC3
:10ECA00046544553545F494D55002C22706F737480
:10ECB000757265223A22001E00000000020000006A
:10ECC000010000005CEA000058BB00205CE200008C
:10ECD0000000000000000000010000002C20507720
:10ECE0007253746174653D002C226261745F7063BD
:10ECF00074223A002C22636F6E74616374223A00AE
:10ED00002C20445244595F50494E3D002C20506104
:10ED1000727449443D30780000000000000000009B
:10ED200000000000000000000000000000000000E3
:10ED30000000000000000000000000002C2270779E
:10ED4000725F6D41223A00434C4541525F46414C4F
:10ED50004C002C2044726F707065643D002C227052
:10ED600077725F7374223A002C227077725F6D4A5B
:10ED7000223A002C227077725F6D57223A002C22C3
:10ED80006261745F6872223A003F065B4F666D7D78
:10ED9000077F6F2C227069746368223A006465658E
:10EDA00070736C656570002C22726D737364223A07
:10EDB0000052455345545F504452002C20506F7010
:10EDC0007065643D0053454C465F54455354002CD8
:10EDD00022666C616773223A0052455345545F4284
:10EDE00041540044454550534C454550005345441B
:10EDF000454E5441525900222C2266616C6C223AD5
:10EE0000002C227374657073223A002C2056616CBA
:10EE100069643D002C2043533D44494F002C22732C
:10EE2000646E6E223A002C226D6F6465223A0046B1
:10EE300041494C45440D0A0053454D414E54494308
:10EE4000002C2270726F78223A00544152455F497B
:10EE50004D55002C2274656D70223A002C2266619B
:10EE60006C6C223A002C22726F6C6C223A004D4F6F
:10EE7000444520524157002C2270617373223A009E
:10EE80004F4E4C494E450D0A002C22646973742282
:10EE90003A00010118BA0020A4EA0000A8B8002036
:10EEA00048DF0000ECC100201CEF0000010200035D
:10EEB0000200010301020408030C050A2C20494446
:10EEC0003D3078002C2272706D223A002C22627044
:10EED0006D223A002C22676173223A002C226D6C5D
:10EEE00078223A002C22696171223A002C22636F49
:10EEF00032223A002C22616374223A002C226C7573
:10EF000078223A0044594E414D4943002C227370F7
:10EF10006D223A0069C100001DD2000000000240CD
:10EF20000929FF002C22647A223A00444F4E450DF5
:10EF30000A00535441545553006D6720645A3D00F4
:10EF40006D672064593D002C22617A223A002C2200
:10EF50007079223A002C227272223A002C226179B6
:10EF6000223A00414354495645002C227078223AF7
:10EF7000002C226479223A00534C45455000736CB2
:10EF8000656570002C2248223A002C2254223A0057
:10EF90002C2250223A000006028682000810182017
:10EFA0000D0A0D0A00544152450057414B4500449B
:10EFB0004941470000010203044E4F0022000100B6
:10EFC0004400010000204060524157007D0D0A00BE
:10EFD000730D0A005D0D0A00290D0A005945530002
:05EFE000940300200174
:10EFE80000E500000FA1020100BF0514BF02F7DA17
:10EFF800003F002D830000FB007016B5FB02600087
:10F008003420002001042F0020024000330000B00B
:10F0180000310001F000B601F6033402F203F401F6
:10F02800F60174E004B5053900F906B11EFF8A023D
:10F038000C0300592000313131CCC112B7240170C2
:10F04800AC00311EBF022CC015398034E36CEBDCF8
:10F0580002357903364419AE009700A5D100F1278F
:10F0680025FF0C2605068F002058BC1B3F542D3168
:10F078002D7801590A08262ECF0EC841443F1A7030
:10F088002EF0940031337F065C14F0943130003157
:10F098009CBC00344A3F2A714B4A464E3F0080EDE3
:10F0A8003F4F777A4450356666FEDF4148E1D142EA
:10F0B8000D744233F3337B0DBF0D0FB112424C1D5B
:10F0C8001D645460AF43011B8040FF0E56FF04E1EE
:10F0D8000B452245771531157F04B0050015200032
:10F0E80031B80034C0003440D25CC80BE79F00330D
:10F0F80000FFF000459D0000E9D600004DD6000055
:10F1080002000000100000000200000010000000D3
:10F1180002000000100000000200000010000000C3
:10F1280002000000100000000200000010000000B3
:10F13800020000000028000002000000008000001B
:10F14800E8EF00000000002008F10000301A00205D
:10F1580010F100003018002018F10000401A0020BB
:10F1680020F100004018002028F1000010180020AD
:10F1780030F100002018002038F10000509A0020DB
:08F1880040F10000501A0020C4
:020000025000AC
:107FA80000008001100080FFFDFF5800FFFFBBF3B9
:107FB800FFFFFFFFFFFFFFFFFFFFFFFFFFFFFFFFC9
:107FC800FFFFFFFFFFFFFFFFFFFFFFFFFFFFFFFFB9
:107FD800FFFFFF00FFFFFFFF00FFFFFF00C5C5FF1A
:107FE800000000FF00000000FFFFFFFFFFFFFFFF92
:087FF800FFFFFFFFFFFFFFFF89
:040000030000DACF50
:00000001FF
