:100000000038012001FA000095020100950201006C
:100010009502010095020100950201009502010080
:100020009502010095020100950201009502010070
:0C0030009502010095020100B18B000058
:10004000F4B00FF0B3FF24906CA8DFF8B8BEDFF86F
:10005000B8AEDFEDB98ADFF8B45EDFEDB8AADFF83D
:10006000B07E4FF00008F2EE049A811D0A30139022
:10007000DFF8A00E149148301590002022902590B2
:10008000DBF81C008DF8AF81CDF8A8810DF2AF111F
:1000900001226AAB10F062FB083003D1DBF81C00D0
:1000A0000FF010FA6A98002800F0EB819DF8AF017C
:1000B000229A0D2802D00A2840F08D80002A00F0F4
:1000C000DE816CAC012A04F8028000F08E80DFF83B
:1000D000481E11F09BFA002800F0D280DFF83C1E89
:1000E00011F094FA002800F0D580DFF8341E11F0EA
:1000F0008DFA002800F0DE80DFF8281E11F086FA65
:10010000002800F01D81DFF8201E11F07FFA002882
:1001100000F00681DFF8141E11F078FA002800F0D4
:10012000FF80DFF80C1E11F071FA002800F0BF8785
:10013000DFF8001E11F06AFA002800F0B887DFF837
:10014000F81D11F063FA002801F02A80DFF8EC1D99
:1001500011F05CFA00284FF0000801F02780DFF86A
:10016000E01D11F053FA002801F02680DFF8D41DBD
:1001700011F04CFA002801F03280DFF8CC1D204647
:10018000052210F05FF8002801F01B80DFF8BC1D8D
:100190002046052210F056F8002801F01280DFF802
:1001A000B01D2046092210F04DF840B1DFF8A41D23
:1001B0002046092210F046F8002840F0608122987D
:1001C0000B2832BF002013980EF066FC01218BF83B
:1001D0000C1001F000B841B212B31E2A00F2518196
:1001E0006CA88154013222924BE19DF8B001A0F13C
:1001F0003101032954D9442800F02181572800F007
:100200001B815A2808D0642800F01981772800F053
:1002100013817A2840F0338101208BF80B0011E123
:1002200000290FD4A0F13102032A67D9632800F016
:100230000E81432800F00B81522800F08687229A15
:100240004228CDD12320ABF816009BF805000028EA
:1002500040F015819BF8000000212291062840F013
:100260001081D5F8B01140F2EE229AF84300914285
:100270004FF0000128BF084601210BF093FB00E17D
:10028000002000212290DFF8D00C8BF80D1010F028
:100290008DF8F6E001208BF80D00DFF8C00CECE0E3
:1002A000DFE801F002E6DAE0012008F055FFDFF8B0
:1002B000B00CE2E0DFF8AC0CDFF8AC4CA04711F07A
:1002C0006FF80DF0B1FDDFF8A40CA0479BF80D000E
:1002D000DFF89C1C0128DFF89C0C08BF0846A047EB
:1002E0002EA810F01FFEDFF8FC0EA0479DF8B80006
:1002F0000DF09AFDDFF8F00EA047C0E0DFE812F045
:100300000400440719073807012008F025FF11F001
:100310006EF911F0B3F810F0D3FDDFF8440CB6E736
:10032000402007F0C9FBDFF8140F10F03FF8002061
:100330004FF00008A4E000BF00007A449A99993F6A
:10034000DFF8FC0EDFF8C84EA047DFF8F80EA04734
:1003500011F02CF80028DFF8F40EDFF8EC9E18BF3F
:100360004846A047DFF8E80EA04711F013F8002137
:10037000DFF8E08E8DF83A1110F082FE8DF8391119
:100380008DF838014EA8A047DFF8CC0EA04710F03A
:10039000EFFFDFF8C85EA847DFF8C40EA0471720BC
:1003A00010F05CFDA847DFF8BC6E3046A047384629
:1003B0002EA910F023FBDFF8B40EA0472E98A84713
:1003C000DFF8AC0EA0472F98A847DFF8A80EA0478B
:1003D0003098A8473046A047DFF89C0EA04710F0A1
:1003E000F1FFDFF8689E0028DFF85C5E484618BF22
:1003F0002846A047DFF8840EA0479BF8030000289A
:1004000018BFA9464846A047DFF8740EA04710F071
:10041000D3FF002122918DF89E1010F031FE8DF84F
:100420009D108DF89C0027A8A0473046A047DFF814
:10043000645E4FF0000824E0DFF8480E1DE0012064
:100440008BF80C0000202290CBF8280019E00CF06B
:1004500083FADFF8480E10E0032008F07DFEDFF895
:100460002C0E0AE0042008F077FEDFF81C0E04E0F2
:10047000022008F071FEDFF8180E0FF097FF002041
:10048000229025984FF47A74002600F11009102E5E
:1004900000F0B780384664A90DF068FD002800F030
:1004A000B4809BF80200C00752D08BF8028040F263
:1004B000EE21D5F8B0019AF84340884228BF44465F
:1004C000BBF8160068B92320ABF816009BF80500AE
:1004D00038B99BF80000062803D1204601210BF013
:1004E00061FADBF81C0098B39BF80D0001282FD1AE
:1004F00074B39AF84850BAF84000BAF844C0BAF851
:1005000046300622BBF862104FF00008AF0602EA40
:10051000E7778DE88300DFF8882D40214EAFCDE9E5
:1005200003C305952EAD234628460EF061F8012839
:1005300008DB0246DBF81C0029463B46CDF8388133
:1005400010F048FEDFF84C5DDFF81C7D4FF000082E
:10055000BBF81600D0B1BBF816000138ABF8160096
:10056000BBF8160090B99BF8050078B99BF800001D
:1005700006280BD1D5F8B01140F2EE229AF84300CC
:10058000914228BF404600210BF00CFADBF81C001A
:100590009BF80D10012919D1C0B1DDE966019DF864
:1005A0009421649B8DE807002EACDFF8F82C3821ED
:1005B00020460EF01DF8012808DB0246DBF81C007F
:1005C000CDF8388121464EAB10F004FE9AF8381071
:1005D0009BF80F00012906D10121BBF818208140AA
:1005E0001143ABF8181001300A220136C824C1B2F9
:1005F000B1FBF2F101EB8101A0EB41008BF80F00A0
:1006000045E72394CDF8949003E025982394304453
:1006100025909BF804004EAFC00779D09BF80D00E1
:10062000012875D1DDF854A0504610F0BDFFDFF869
:10063000680C8BF8048090F8705090ED198A90ED5A
:100640001A9AB0F95C60B0F95A70B0F95840504647
:10065000DFF844AC0FF052F9DFF8500CDFF8B09B34
:10066000C84700EE104ADFF8484C10F01BFFDFF8D7
:10067000440CC84700EE107A10F014FFDFF8380C75
:10068000C84700EE106A10F00DFFDFF8300CC847C5
:10069000DFF8804BB0EE480AA047DFF8240CC847CB
:1006A000B0EE490AA047DFF81C0CC847DFF8AC6B76
:1006B000C5F38010B047DFF8100CC847DFF80C7C9A
:1006C000386EB047DFF8080CC84797ED190AA04705
:1006D000DFF8000CC84797ED1C0ADFF8FC4BA04779
:1006E000DFF8F80BC84797ED1E0AA047DFF8F00BBC
:1006F000C84797ED1F0AA047DFF8E80BC84797F8EF
:100700005000DFF8905B4EAFB047DFF82C0BC847C6
:100710000FF04CFC0446249841F28831201A88429C
:10072000C0F074818DF838818DF89C808DF87881C7
:1007300027A938465EAA0BF0AFFC002867D09DF8C9
:100740009C00810727D59BF80000DFF89C2B013027
:1007500000F0070000EB40018BF80000505C0A44F9
:10076000517892780EF0DCF99BF80000DFF87C1BE2
:10077000085C10F0C3FA10F018FDDFF8740B0FF0EE
:1007800015FE9BF800000DF04FFBDFF8680B0FF033
:100790000DFE9DF89C00C1071CD010F001FE461C08
:1007A000032888BF0126F0B208F0D6FC452043217B
:1007B00047220EF0B5F910F0F8FCDFF83C0B0FF013
:1007C000F5FD30460DF030FBDFF8280B0FF0EEFDA5
:1007D0009DF89C0041070AD501208BF80B00DFF83B
:1007E0001C0BCBF828800FF0E1FD9DF89C008006E3
:1007F0000DD5402007F060F9432041214C220EF036
:100800008FF910F0D2FCDFF8F80A0FF0CFFD9BF85B
:10081000050001280BD19BF80E0020B101388BF8A0
:100820000E00000603D18BF8058007F037FD9BF81A
:100830001000411CC0078BF8101000F0E68010F08B
:10084000A3FD002800F0E1809BF811000C22411C60
:100850008BF81110C9B2B1FBF2F202EB4202A1EB2C
:10086000820100295DD0C0075ED1DAF85800DFF8B8
:100870005C1A9AED1A2A2E90BAF85C00ADF8BC000A
:10088000086EADF8C20091F84C0091F850108DF848
:10089000C510DFF8141A8DF8C40091ED021A91ED1D
:1008A000010ABDEEC11A20EE290A11EE100A9AEDD6
:1008B000191ABDEEC00A8DF8C80021EE291ABDEE46
:1008C000C11A11EE100A22EE291ABDEEC11AADF8B6
:1008D000BE0011EE100A91ED051AADF8C00010EE41
:1008E000100A9BED080AADF8C600BBF81400BDEE77
:1008F000C00AADF8D00010EE100A91ED040AADF870
:10090000CA00BDEEC00A10EE100ABDEEC10A8DF895
:10091000CC0010EE100AADF8CE002EA80AF0D2F8E6
:1009200073E00CF065FE70E0BAF84030D5F8B02105
:100930009BF82E609AF843109AF84800ADF8BA3048
:10094000BAF844308DF8C160ADF8BC30BAF8463022
:10095000ADF8BE309BF82C308DF8C030DBF8343069
:100960008DF8C2309BF862308DF8C33040F2EE2330
:100970009A42DFF8343928BF41468DF8B810DFF8C5
:100980004C2993ED000ABDEEC01A30EE2A0A11EE92
:10099000101A9BED091A8DF8C5109BF80910002953
:1009A00018BFB0EE410ABDEEC00A10EE101A8DF865
:1009B000C41092F84C108DF8C61092F85010C0F385
:1009C000C0028DF8C82063228DF8C71093F8251057
:1009D0008DF8CB208DF8C91093F82610002918BF88
:1009E00001218DF8CA10012121EA501610F0D8FC1F
:1009F00041F678118DF8D0608DF8CF608DF8CC007D
:100A0000ADF8CD102EA80AF0BDF824949BF80A008A
:100A1000C00700F04682DFF8EC78384610F0C4FDDD
:100A2000DFF884088BF80A809BED08AA9BED099AF1
:100A3000BBF814409BF806909BF8076090ED008A85
:100A400090ED01EA90ED02FA90ED03DA90ED04CA20
:100A500090ED05BA9BF8090020909BF808002190C2
:100A600038460EF04BFF9BF80D00012840F0B28194
:100A7000DFF8CC080FF09AFCB9F1000FCDF87C90AC
:100A800029D0DFF8C008DFF88877B847DFF8489842
:100A9000B0EE480AC847DFF8B008B847B0EE4F0AD2
:100AA000C847DFF8A808B847B0EE4E0AC847DFF8D5
:100AB000A008B847B0EE4D0AC847DFF89808B84715
:100AC000B0EE4C0AC847DFF89008B847DFF8C457C3
:100AD000B0EE4B0AC8473EB1DFF860080FF066FC85
:100AE000B0EE4A0A0BF0E2FCDFF870080FF05EFC93
:100AF00020460DF099F9209838B1DFF864080FF01E
:100B000055FCB0EE490A0BF0D1FCDFF85808DFF8CD
:100B10000067B04710F044FCDFF84077B847DFF8D3
:100B200048089AF84390D5F8B041B04740F2EE201B
:100B3000844228BFC1464846B847DFF83008B0476E
:100B4000BBF86200B8475EA83D4610F0EBF9DFF84D
:100B50002008B04734AC94ED2B0A0BF0A7FCDFF86B
:100B60001408B04794ED2C0A0BF0A0FCDFF808083D
:100B7000B04794ED2D0ADFF89C76B847DFF8FC0704
:100B8000B04794ED2E0AB847DFF8F407B04794ED6C
:100B90002F0AB847DFF8EC07B0479DF87801A8475F
:100BA000DFF89406B047DBF81C004EAD002800F0DB
:100BB0000E819AF84840BAF84000BAF84420062757
:100BC000BBF86210BAF84630A60607EAE6768DE86A
:100BD000430003A840211CC0DFF8C4264B4628462A
:100BE0000DF006FD012808DB0246DBF81C00CDF8FD
:100BF000B88029462EAB10F0EDFADFF8AC764D4602
:100C0000386A07F1200610B930460EF0CBFC219867
:100C1000DFF8B82697F826400AF138010BF12C03CB
:100C200000F001000090304608F0AAFC6CB197F883
:100C3000260050B99AF84800000706D462208BF8C5
:100C40002E004FF49C40ABF82C0097F824009BF842
:100C50002D40219097F8250020909BF82E001E90A3
:100C6000DBF834001D90B86A1C90F86A1B90386B52
:100C70001A90786B1990B86B0EF004FDCDE917103F
:100C8000F86B0EF0FFFC1690386C3E468A460EF06C
:100C9000F9FC0746706C89460EF0F4FC41EC100B31
:100CA000169849EC117B336A002CDFF8DC264AECFD
:100CB000120BDDE917108DED0E1B8DED100B41ECC5
:100CC000130B19988DED0C2B8DED0A3B089008BF86
:100CD0004E242198802100902098CDE901041E988F
:100CE00003901D9804901C9805901B9806901A98E4
:100CF00007902EAC20460DF07BFC012808DB024655
:100D0000DBF81C00CDF89C80214627AB10F062FA7E
:100D100010F03AFBDFF880A51F9A002857D0BAF8E8
:100D200040009BF86210BDEEC80A8DF89C50002A66
:100D3000ADF89E00BAF844008DF8A710DFF88C15C6
:100D4000ADF8A000BAF84600ADF8A2009BF82C0060
:100D50008DF8A40091F84C0091F850108DF8AA007D
:100D600010EE100A8DF8AB10DFF83C158DF8A900D5
:100D70009AF84800C0F3C0008DF8AC0018BFB0EE80
:100D8000489ABDEEC90A10EE100A8DF8A80063203B
:100D90008DF8AF0091F8250091F826108DF8AD0080
:100DA0009BF82E0000298DF8A500DBF834008DF8A3
:100DB000A60018BF01218DF8AE1010F0F1FA6E49AF
:100DC0008DF8B000CDF8B11027A810F06EFCDFF858
:100DD000C45466E09BF80D00002862D12EAC20467A
:100DE00010F0C8F8DFF81C75DFF8142429462346F4
:100DF00007F12C000090DFF8100504F041FCDFF84B
:100E00000C05DFF80C44A04797F83200DFF84C647B
:100E1000B047DFF8FC04A047B88EB047DFF8F40411
:100E2000A047F88EB047DFF8F004A047388FB047EE
:100E3000DFF8E804A04797F83A00B047DFF8E0048D
:100E4000A04797F83B10DFF8E004DFF8D824012929
:100E500008BF10460029DFF8D41408BF0846A04791
:100E6000DFF8CC04A04797F84400B047DFF8C4048B
:100E7000A0472198B047DFF8C004A047B9F1000FA0
:100E800018BFB0EE489AB0EE490A0CF0E1F8DFF86E
:100E9000AC04A047B0EE4A0A0CF0DAF8DFF8980389
:100EA000A0479BF80B0020B99BF80C00C00700F08E
:100EB000F2809BF80C00DBF8284001218BF80B80B6
:100EC0008BF80C808BF80110C00757D0DFF8C804EE
:100ED000CF4EB04720460CF0A7FFDFF8B404B04770
:100EE000DFF8B804B0476420452150220DF018FE09
:100EF000C0480FF087F80EF031F920460EF0F2F8F6
:100F000056E000BF18040020F001002018B70020B0
:100F100034A800206402002047330100E1340100BE
:100F2000F03501007B36010080360100CF3401002E
:100F3000553301007534010057340100423401007B
:100F4000BB340100713601005C36010044360100FB
:100F50007F3401009D3401005A2D0100012D010054
:100F600082300100B22D0100AD0301002B330100DE
:100F700094360100D834010078190101DFF80C041F
:100F8000A34EB04720460CF04FFFDFF80404B047F3
:100F9000DFF80004B04753204C2150220DF0C0FD73
:100FA00094480FF02FF80EF0D9F820460FF0A8FC67
:100FB0008E485EAE2EAD0FF025F8002720200021D0
:100FC0008DF89C7027AA0DF089FDB8468DF87871D0
:100FD0002E97DBF81C00314601222B460FF0BEFB9A
:100FE00010B92E980028F4D1814804FB00F60EF0C9
:100FF000DDFFDFF8A09282460DF19B074EAD2CB1CC
:101000000EF0D4FFA0EB0A00B04224D21D200FF056
:1010100025FF68B9FF2000212A468DF838012020DD
:101020000DF05CFD20B19DF83801C043800612D15F
:10103000DBF81C00394601222B468DF89B80CDF849
:1010400038810FF08BFB08B94E9820B94CF2503024
:101050000EF0D8FFD3E70EF063F809F0A1FB0CF017
:10106000CBF809F04DFE7520502120220DF058FDDF
:101070009BF800009D49085C0FF040FE10F095F8C9
:10108000C7488BF801800FF091F9C6480FF08EF930
:10109000DFF804A24D46744F38460FF047FE002893
:1010A0003EF4EEAF23980EF0ADFFFEF7E9BF2EA899
:1010B000A94603F075FDB0B35448554DA84734AC6C
:1010C000544E94ED000A10F0A4FA5348A84794ED4A
:1010D000010A10F09EFA5148A84794ED020A10F058
:1010E00098FA9DF8DF004E4900284E4818BF084680
:1010F000A8474D48A84794ED000A10F08AFA4B48DB
:10110000A84794ED010A10F084FA4948A84794EDE5
:10111000020A10F07EFA4748A8479DF8DF000CF05D
:1011200083FE4548A84700204FF000084D46FFF7D2
:10113000A7B9032008F010F810F059FA10F09EF942
:101140000FF0BEFE5148FFF7A2B800200021229008
:10115000ABF812109BF8050000287FF492A99BF8C9
:10116000000006287FF48BA900202290FFF785B8A5
:10117000042007F0F1FF10F03AFA10F07FF90FF0B9
:101180009FFE4148FFF783B8022007F0E5FF10F00B
:101190002EFA10F073F90FF093FE3D48FFF777B881
:1011A00017480EF0A6FA1848FFF7BFB814480FF01A
:1011B00016FC1448FFF761B90DF000FE0F48FFF769
:1011C0005CB92298072832BF002014980DF064FC07
:1011D00001218BF80B10CBF82800FFF750B9064817
:1011E000FFF74BB9D0330100B036010090D00300B7
:1011F000A086010030570500F92F0100852B010062
:10120000509A0020CE300100072E0100DD2D010094
:10121000AD03010051D00000133601000C3601006F
:10122000A72E0100E73001009031010036360100A1
:10123000FE350100EA340100A036010079270100E3
:1012400063320100FF3201009836010015300100C1
:10125000C8350100BD3201001735010029DE00004C
:10126000AC330100B036010034A80020A7310100E2
:10127000A73401000B3401000E3301003B3501009F
:10128000C43301009C3001004E30010034300100B5
:101290006830010018B70020F0010020592E01002D
:1012A000B5300100763201006402002028320100CE
:1012B00021C100003D3601001A36010089340100C9
:1012C00032350100A83501006B340100F0C0002068
:1012D000C0350100F3340100ADC400002136010027
:1012E00028360100293501006031010080350100F8
:1012F000B82A0100A8360100BE310100182C0100F7
:10130000D43101000C060020A0C3002014320100DB
:101310002F360100C534010020350100933401004F
:101320006233010005360100D83501006134010047
:10133000B1340100B833010005350100D03501009A
:1013400039330100563601004A360100503601009B
:10135000983501009035010088350100FC3401000A
:10136000A035010044350100B8350100B035010059
:101370002C3401002134010000340100A0330100AD
:10138000373401001634010033290100812E010099
:101390009C3601002A260100EC2A0100F3260100F8
:1013A000E6250100893201002DE9F84F2DED048B6F
:1013B00096B00025002800F0C4840646DFF8000A35
:1013C0000078002800F0BD84DFF8F849762071210C
:1013D0000022A047762072210122A04776207421A6
:1013E0005522A04746F2A8100EF00CFE11AC1121B8
:1013F00020460FF008FE76201D21224611230EF014
:1014000099F8002800F09C849DF84A109DF8490046
:10141000090141EA00309DF84B1040EA11104103E8
:1014200002D1002500F08CBC9DF847209DF84610A5
:101430009DF84830120142EA013141EA1311099145
:101440009DF852100D919DF851100691BDF84C1069
:1014500009BA090C0C910FF0A3FA9FEDB30B0F968C
:1014600081468B4653EC102B0E92109310F015F919
:101470000446DFF84C090F46808A0FF091FA9FED81
:10148000AC0B05460E4610F057F802460B462046B8
:10149000394605F09AFA0446DFF824090F46B0F9F8
:1014A00016000EF0BBFC02460B462046394610F0F3
:1014B000F4F89FEDA10B80468A464846594653EC06
:1014C000102BCDE9072310F0E8F89FED9D0B0446A3
:1014D0000F462846314610F02FF802460B46394693
:1014E0002046DFF8DC7805F070FA02460B4610F073
:1014F000D4F8044697F9020010F08EF89FED920B95
:1015000053EC102BCDE90A2310F0C7F80FF0DEFFE3
:1015100010F0C3F802460B464046514605F055FA16
:101520009FED8B0B04460D4653EC102B10F0B3F8D7
:10153000824688460BF010FC0F9905900860787879
:10154000012840F06181B7F91A000490B7F9200032
:101550000EF064FC9FED800B55EC107B3A4610F0CA
:101560003DF80446DFF858080E4690F907000EF0E3
:1015700055FC3A4610F032F80FF0FAFF224610F010
:1015800033F8834609980D4600010FF009FA024628
:101590000B4604460990894610F07FF85A462B46C0
:1015A00006460F4610F079F805468B463046394618
:1015B00022464B4610F071F80646DFF804080F4645
:1015C00090F908000EF02AFC9FED650B0FF0B4FFB8
:1015D00002460B463046394610F05FF82A465B4615
:1015E00005F0F3F9CDE9071004980EF017FC9FED14
:1015F0005E0B0FF0A1FF0FF043FE0446DFF8C007BB
:101600000D46008B0FF0CCF99FED590B0FF094FFB6
:101610000FF0A6FF0446DFF8A8070D4690F9030077
:101620000EF0FCFB9FED540B0FF086FF0FF028FE31
:101630000FF026FE0FF04AFF05F0C7F90546DFF868
:1016400080070F4690F904000EF0E8FB9FED4C0B6D
:101650000FF072FF0FF014FE0FF012FE0FF010FEED
:1016600002460B462846394605F0AFF9CDE903108E
:10167000DFF84C07C08B0FF093F99FED430B0FF091
:10168000E9FE05F0A2F99FED420B0FF055FF0FF0B8
:10169000F7FD0646DFF828070F46808B0FF080F92C
:1016A0002A46234605F091F99FED3B0B0FF044FFCE
:1016B00002460B4639463046DFF8047705F085F9D7
:1016C000054697F905000E460EF0A8FB9FED340B7A
:1016D0000FF032FF0FF0D4FD0FF0D2FD2A460FF0CD
:1016E00083FF834697F906000FF096FF9FED2E0BC0
:1016F0000FF022FF0FF0C4FD0FF0C2FD0FF0C0FD90
:101700005A462B4605F061F9099A4B460FF0C5FF82
:1017100002460B46DDE9031005F057F902460B4679
:10172000DDE9071074E100BF000000000000103F79
:1017300000000000000050BF000000000000E03E7C
:1017400000000000000020BF00000000000030404A
:10175000000000000000B440000000000000F03C69
:10176000000000000000E03B000000000000903F8F
:101770000000000000002040000000000000703F5A
:10178000000000000000003F000000000000D0C08A
:10179000000000000000203E000000000000B03EFD
:1017A000000000000000F03D000000000000A03D2F
:1017B000000000000000E03F000000000040EFC01B
:1017C000000000000000C03E000000000000F03FEC
:1017D0000000000000000000000000000000D03FFA
:1017E000000000000000F04000000000000030BFDA
:1017F000000000000000304100000000006AB84016
:10180000000000000000003E1FED170B2046294697
:101810000FF092FE1FED180B0FF09AFE054697F998
:1018200009008B460EF0FAFA0FF042FD0FF040FD72
:101830000E9A109B0FF031FF0446B7F924000E46B4
:101840000EF0ECFA2A465B460FF027FF22460FF017
:10185000CBFE1FED250B0FF06FFE1FED370B53EC8A
:10186000102BCDE903230FF018FF1FED290B0FF00C
:101870006FFE0446788C0E460FF092F802460B4637
:10188000204631460FF009FF1FED2F8B81460C4695
:1018900053EC182B0AF0CAFC002840F0BD80B7F9C1
:1018A00028000EF0BBFA0FF003FD01940446DFF8A8
:1018B00010050F4690F90B000EF0B0FADDE9072392
:1018C0000FF0EBFE0646CDF808A0C2468846284633
:1018D00059462A465B460FF0E0FE324643460FF07B
:1018E000DCFE05460E462046394622463B4605F0BC
:1018F0006CF82A460FF078FE1FED490B0FF01CFE26
:101900000446DFF8BC040D46B0F926000EF086FA56
:101910001FED4D0B0FF010FE0FF022FE1FED4E0BD2
:101920000FF00AFE044609980FF05BFE1FED500B06
:1019300002460B4651EC100B05F042F80FF010FE7A
:101940001FED530B0FF0F8FD019B4A460FF0A3FE6D
:101950000646DFF86C048846B0F92C000EF05EFAFB
:101960000FF0ACFC0FF0AAFC1FED5B0B0FF0E4FDD9
:101970001FED7F0B83468946304641460FF0DCFD64
:1019800002460B4604460D460FF087FE0FF09EFD03
:101990000FF083FE0446DFF828040D46007B0EF0AE
:1019A000FFFFDDE907230FF078FE22460FF016FE59
:1019B0000546DFF80C040F46B0F92A000EF02EFAA7
:1019C000DDE903230FF069FE324643460FF065FE62
:1019D0005A464B4604F0F9FF3B462A46DFF8E073CF
:1019E00004F0F3FF044697F90A000FF015FE9FED8F
:1019F000DE0B0FF0A1FD0FF0B3FD9FEDDD0B0FF03F
:101A00009BFD0B464146D046DDF808A00246304615
:101A100004F0DBFF41EC180B9FEDD90B51EC180BD8
:101A200053EC102BCDE908320FF035FE0BF094F992
:101A30000F9E706097F90D000EF0F0F99FEDC40B4A
:101A40000FF07AFD0FF01CFC0446388E0FF0C9FD34
:101A5000DDE90A230FF021FE0FF082FD04460C9809
:101A60000FF0BFFD22462B4604F0AAFFB9460C90AA
:101A70000F4699F90E000EF0D1F9DDF838B0109B41
:101A80005A460FF00AFE0FF073FD9FEDB30B0FF0F7
:101A90005FFD044699F90F000FF0BEFD9FEDB60BF8
:101AA0000FF04AFD0FF0ECFB0FF062FD0FF058FD58
:101AB0000446B9F82E000FF094FD9FEDB30B0FF024
:101AC0003BFD22460FF08AFD02460C980B46394634
:101AD0000FF0E3FD044699F810000F460EF060FF8A
:101AE000109B5A460FF0D9FD834699F911000FF06B
:101AF00093FD9FEDA70B0FF01FFD0FF039FD5A4628
:101B00002B4604F062FF22463B460FF0C6FD2246FC
:101B10003B460FF0C2FD22463B4604F056FF9FEDC8
:101B2000900B83460F4655EC104B22462B460AF08D
:101B30008AFB00281CBF2F46A346099C089D5846D7
:101B4000394622462B460AF0A5FB00281CBF2F462B
:101B5000A346584639460BF0FFF8B0600D9908EEE1
:101B6000100A99ED0D9A880620D4BBEE0E1A05983E
:101B70009FED972AB7EE003A38EE011A01EE023ACD
:101B800000EE100ABBEE051A30EE010A9FED911A25
:101B900000EE013A9FED900A29EE039AB4EE409AC6
:101BA000F1EE10FA48BFB0EE409A4AE0069801F014
:101BB0000F084FEA911A8600814890F912000EF042
:101BC0002DF99FED750B0FF0B7FC9FED750B0FF026
:101BD000BFFC02467C480B4600EBC8000FF056FBEA
:101BE00004467A480D4622462B4600EBC8000FF00B
:101BF0004DFB804606EB0A008946A0F500700EF00A
:101C00000DF90FF063FC04F0E0FE02460B4640467F
:101C100049460F9E0FF03FFD9FED630B80468A46BD
:101C20000FF018FC0AF036FB58B1404651462A46E0
:101C300023460FF030FD0BF08FF8614909EE100AD2
:101C400048639FED5B0B5846394686ED039A0FF0CB
:101C500001FC0AF012FB58B19FED570B584639466C
:101C600053EC102B0AF0FCFA10B1B3EE090A17E09E
:101C7000584639462A4623460AF0E5FA40B19FED18
:101C8000580AB3EE091A38EE000A30EE010A07E0EE
:101C90009FED520AB3EE091A38EE000A31EE400AFF
:101CA0009FED501A9FED502AB6EE083A89EE011AC0
:101CB00021EE021A21EE031A9FED4C3AB4EE431ABC
:101CC000F1EE10FAC8BFB0EE431AB5EE401A9FED20
:101CD000483AF1EE10FAB5EE400A48BFB0EE431AAA
:101CE000F1EE10FA48BFB0EE430A31EE000AB1EE51
:101CF000041A32EE400A9FED412A20EE010A9FEDC0
:101D00003D1AB5EE400AF1EE10FA48BFB0EE430AB4
:101D1000B4EE410A9FED3B3AF1EE10FAC8BFB0EEC7
:101D2000410A9FED351A86ED040A012500EE012ACD
:101D30009FED331A00EE013A86ED062A86ED053A4C
:101D40003577284616B0BDEC048B01B0BDE8F08FA6
:101D5000000000000000E03F000000000000F03F35
:101D600000000000000000000000000000006040D3
:101D7000000000000000B03F000000000000B03E86
:101D80000000000000005940000000000000D03EAC
:101D9000000000000000A03E000000000000144011
:101DA0000000000000F094400000000000408F4060
:101DB000000000000000434000000000000045401B
:101DC0005007002035FA0000A82301002824010054
:101DD000A69BC4BB6F1203BC0000FA44000028C2DB
:101DE000000018C2000048420000C84200009642AD
:101DF000000000000000FA430AD7233CCDCC4C3D44
:101E0000CDCC4C400000C8432DE9F04FADF5077D27
:101E1000D0F8009006469B461546869148460FF03E
:101E2000E7F94FF0000A09EB00044FF0FF300027FC
:101E3000CDF814A2A14580F0C580A04609F10104A7
:101E40008DF810A28390CDE981AA14F8010C002826
:101E500000F0B880252805D029463460D8470134E1
:101E60000137F2E73460859781AC3146204600F0B7
:101E7000AEF82046314686AA00F0CAF830680278EB
:101E8000411C7A2A2AD0682A44461CD06A2A09D0E2
:101E90006C2A0FD0742A09D04C2A2CD1819840F09A
:101EA000800025E0819840F4006021E0819840F4B2
:101EB00000501DE00146819A11F8013F6C2B12D1B0
:101EC00042F4807107E00146819A11F8013F682BC6
:101ED0000CD142F40071819102300BE081984446AC
:101EE00040F4805004E042F0400001E042F0200065
:101EF00081900846027800F10109732A8DF81022BA
:101F0000C6F800901FD06E2A2AD1819843F66071DE
:101F10000840411E80EA01028A420ED990FAA0F0E0
:101F2000B0FA80F0411F082907D8F817DFE801F060
:101F300044050539400539050500869850F8041B0D
:101F40000F60869026E09DF8040240061AD4CDF872
:101F500000B081A886AA294685AB00F01CF919E0DB
:101F60000DF1060881A986AA404600F069F9909B08
:101F70000246404629469847411C18BF3844859080
:101F8000074608E0CDF800B081A886AA294685ABAF
:101F900000F09CF8859F781C4FF0FF307FF44AAF2B
:101FA0000EE0869951F8042BC2E900708691F1E7A2
:101FB000869802C80F70C4E7869802C80F80C0E7F1
:101FC0004FF0FF3738460DF5077DBDE8F08F10B5AF
:101FD0000A680124E30708BF10BD1378302B0CD02A
:101FE000232B0CD02B2B0CD02D2B04D00024202BFA
:101FF000F0D1042306E0012304E0102302E00823CB
:1020000000E00223046801320A6023430360E0E732
:10201000FEB50446086816460D4603782A2B11D1F2
:102020003068011D31600068B0F1FF3F606005DC81
:1020300040426060206840F0010020602868471C32
:102040002F6017E000210DF10202303B4718092BE9
:1020500006D87B1C2B60435C53547B780131F4E73A
:10206000002050549DF8020020B10DF102000CF048
:1020700013FD606038782E2827D1781C28607A7884
:102080002A2A08D13068011D31600068A0602868E4
:1020900001302860FEBD00200DF10201303A092A0E
:1020A00007D83A18931C2B60537892780B54013060
:1020B000F4E700220A549DF8020028B10DF1020055
:1020C0000CF0EAFCA060FEBDA260FEBD2DE9FE4F53
:1020D000054610680C46011D116007680C9AD7B3BD
:1020E000AE6898469146002E04D438460FF038F872
:1020F000864203D338460FF033F80646D5F804A0DD
:10210000B3460195B245C8BFD346D8F80000CDF814
:1021100008805844C8F800000FDD01980078C00717
:102120000BD1ABEB06054FF00008A84505DA2020DF
:102130002146C84708F10108F7E7DDF808800025C7
:10214000B5420EDA57F82500B0F5807F19D2214646
:10215000C8470135F4E70020214603B0BDE8F04F41
:102160001047B24515DD01980078C00711D0ABEBE0
:1021700006050026AE420CDA20202146C84701366B
:10218000F8E74FF0FF30C8F800000FF005FA5821CB
:102190000160BDE8FE8F2DE9F84F054610680C463A
:1021A000011D116006680A9AC6B3AF689B46904647
:1021B000002F04D430460FF01BF8874203D330467B
:1021C0000FF016F80746D5F804A0B9460095BA45B1
:1021D000C8BFD146DBF800004844CBF800000DDD55
:1021E00000980078C00709D1A9EB070B00255D45D1
:1021F00004DA20202146C0470135F8E70025BD421A
:1022000004DA705D2146C0470135F8E7BA4503DDC1
:1022100000980078C00706D1BDE8F88F002021465D
:10222000BDE8F84F1047A9EB07050026AE42F3DAE8
:1022300020202146C0470136F8E700BF00BF00BF9D
:102240002DE9FE4F164600278B46D1F8048040F258
:10225000FD112022044601970EF0D0FE04F5FE7019
:1022600084F8FD7102909BF80C00A0F16101172920
:1022700029D80122BA4B8A401A4209D001A902AAE0
:102280005846334600F070F900274FF0000991E0FE
:1022900012F0710F25D1022915D130680027011DD8
:1022A0003160006884F8FC01C0B2DBF80010B0FABD
:1022B00080F04FEA501921F00201CBF8001004F22F
:1022C000FB11029176E0A0F14501032909D32528ED
:1022D00000F08A80412804D05828CFD04FF0000960
:1022E0006AE03068073020F0070000F10801316033
:1022F00090ED000B9BF80C5056EC107BA5F17B0980
:10230000384631463A4633460DF056FC002840F038
:102310000C8194499FED900B26F00040414053EC16
:10232000102B394315D003F000414FF00009084449
:1023300040EC107BF70FA5F14100062829D9A5F143
:102340006100062836D8DFE800F02A353535DCD7BD
:10235000D2006E20314619F11A0F38BF4E2084F892
:10236000FB014FF0660038BF462084F8FC014FF0B7
:10237000690038BF492084F8FA0104F5FC70029026
:10238000384609F060FF78B12D204FF0000904278E
:102390000EE0DFE800F0040F0F0FB6B1AC0002A9A9
:1023A000584603F021F870E72B204FF0000903276F
:1023B00084F8F9019BF80C00A0F16F014FF0010ABD
:1023C000092905D80AFA01F140F24322114221D12C
:1023D00058281FD06FB1012F1CD101200190DBF8CC
:1023E000000000F002000CE0252020800120BDE864
:1023F000FE8FDBF80010019A01F00200002A00F0C5
:10240000858002992D22B0FA80F04FEA501A01F827
:10241000012902919BF8000004EB08072646C0073B
:10242000029809D104F2FD11DBF804202646091AAE
:102430009142DCBF791A4E1C411C304600224FF4F9
:10244000FF7300250EF09BF9B9F1000F02901CBF3D
:1024500000F8015B0290B84207D8391A01382022EF
:1024600001310EF0CBFD002038709BF80000C00653
:1024700005D4311B204620220EF0C0FD31E0A642DB
:102480002FD0311B2046302230250EF0B7FD0198A9
:10249000B0FA80F0400900EA0A00012805D19BF853
:1024A0000000400701D4204605E03178204600F8BE
:1024B000011B06F8015B9BF80C1041290DD058292F
:1024C00005D0612909D0782901D0702909D19BF85C
:1024D0000020120701D4612903D1717841703020A6
:1024E000707020460EF084FE4844BDE8FE8F02A9BD
:1024F000584603F089FCC8E602A958460BF016FCC2
:10250000C3E602A9584605F027FABEE628B94807EF
:102510007FF580AF0298202103E002982B214FF035
:10252000000A00F80119029074E7612019F11A0FEE
:1025300038BF412084F8FB014FF000094FF06E00D6
:1025400038BF4E2084F8FC0184F8FA01022704F217
:10255000F91002902EE700BF00000000000000000C
:1025600008C190000000F07FF8B505468068144669
:102570000F46B0F1FF3F04DD286820F0100028600E
:1025800001E00120A860287B1026582807D0782871
:1025900005D0702803D06F2814BF0A2608262846C5
:1025A000194600F053F8AA684AB950EA010206D168
:1025B0002878000749D52B7B0020002112E02B7BD7
:1025C000642B04D16423B1F1FF3F05DD0AE0692BE0
:1025D00008D1002906D5692301223A600022404231
:1025E00062EB01013246009400F0ACF83021AA6899
:1025F000904205DA22680130531E23601170F6E71D
:10260000287B582818BF782810D1297809070FD5BA
:1026100021684A1E2260702808BF78200870206850
:10262000411E216030210170287B01E07028ECD030
:102630006F280AD12878000707D52068417830290B
:1026400003D0411E216030210170F8BD10B5027B1E
:10265000702A2BD0006843F660731840431E80EA4E
:1026600003049C420DD990FAA0F0B0FA80F005382E
:10267000082806D8DFE800F04D05052039052005BB
:102680000500A2F1640014280ED8012303FA00F01B
:102690002B4B18420AD110F0210F05D00868021DFB
:1026A0000A600068C11710BD582A46D10868021D8B
:1026B0000A600068002110BDA2F16400142808D847
:1026C000012303FA00F01E4B184204D110F0210F31
:1026D00001D1582A31D10868073020F0070000F1F5
:1026E00008020A60D0E9000110BDA2F164001428BC
:1026F00008D8012303FA00F0114B184204D110F05E
:10270000210FCBD1582A18D10868021D0A60007821
:10271000D0E7A2F16400142808D8012303FA00F0DE
:10272000074B184204D110F0210FB7D1582A04D119
:102730000868021D0A600088BCE70020BAE700BFF5
:1027400000081200F8B505461148124E582B069F96
:10275000144608BF064655EA010011D13868421EEA
:102760003A60302202700BE02846224600F014F84E
:102770003A68531E3B6000FB14530546F35C13702C
:1027800055EA0100F0D138680EF032FD0138F8BD8D
:102790009B320100AC320100102A06D0082A09D170
:1027A000C00840EA4170C9087047000940EA01705A
:1027B0000909704719B9B0FBF2F00021704780B5E4
:1027C00000230EF0FFFB80BD2DE9F84F2DED068BA9
:1027D000ADF5496D0026002800F0AC830F460029B6
:1027E00000F0A8839346002A00F0A48397ED038AA3
:1027F0008146B5EE408AF1EE10FA1DD8B7F9061001
:10280000B7F90400B7F9082001EE101A00EE100A1B
:10281000B8EEC11AB8EEC00A21EE011A00EE001A95
:1028200000EE102AB8EEC00A00EE001AB1EEC10A9E
:102830009FEDB01A80EE018A386839462022039055
:10284000B9F8A40C09EB401024300EF03BFFB9F8A6
:10285000A43C642009F61C585E1CB6FBF0F101FB99
:102860001064B9F8A61CA9F8A44C63299CBF0131D7
:10287000A9F8A61CB9F8A80C00F1010A09F618502D
:102880000290D9F8180DA9F8A8AC48B999F83D2DCF
:1028900032B9D9F8542D1AB9DFF81428002515706B
:1028A00089B29FED950AB0EE481AB0EE482A0C297D
:1028B00028BF0C216422B6FBF2F54FF4486675433D
:1028C00004F16306C5EB43138C4D4B4403F54B6396
:1028D00021B3B6FBF2F4B0EE414AB0EE425A04FB2B
:1028E000053494ED003AB4EE413AF1EE10FAB4EE4C
:1028F000423AC8BFB0EE434AF1EE10FAB4EE403AA5
:1029000048BFB0EE435AF1EE10FAC4BFB0EE452A0C
:10291000B0EE441A0139013E203BD9E731EE420ABC
:1029200098ED092A9FED763AB7EE001A0EF0A1FD58
:1029300001D5039C1DE09FED733A039C0EF099FDB9
:1029400017DCB6EE081AB4EE418AF1EE10FAC0F2C6
:10295000CD80B7EE041AB4EE418AF1EE10FA00F21F
:10296000C5809FED691A9FED693A28EE011A02EEC3
:10297000031A88ED091A9FED662AB4EE420AF1EEB9
:1029800010FA02D59FED639A18E09FED633A38EE96
:10299000411A9FED624A21EE039AB0EEC11A9FEDF3
:1029A0005D3AB4EE441AF1EE10FA48BFB0EE439A25
:1029B00098ED0A1A9FED5A3A01EE039A0021B4EEFF
:1029C000420A88ED0A9AF1EE10FA89F83C1D27DADE
:1029D000C8E90B11012089F8500DD9F8540D0028D1
:1029E0006CD0201AB0F5C86F09D9DFF8C4160020E2
:1029F00089F83D0DC8F81000C8E90000087099F882
:102A0000F20CE0B1D9F8FC0C40F6B831201A88423B
:102A1000C0F0B78148460DF0E2FFB9F8A8ACB0E1CC
:102A200099F8501D01294DD198ED0B0AB4EE409A4A
:102A3000F1EE10FA40F3908088ED0B9ACDE799F80B
:102A4000F00C052800F21481DFE810F006001B01ED
:102A5000140112013E015D019FED2F0A0EF02CFDC5
:102A600040F15D8199F8F30C013089F8F30C000A0C
:102A700040F08781012009F54E63B7F90610B7F9D8
:102A80000820C9F8F44C89F8F00C0020986189F806
:102A9000F30CB7F9040001EE101A02EE102AB8EE9A
:102AA000C11AB8EEC22A00EE100A83ED011A83EDB6
:102AB000022AB8EEC00A83ED000A62E1B4F5C86FDD
:102AC00093D89CE798ED0C0AB4EE409A9FED150A56
:102AD000F1EE10FA48BF88ED0C9AB4EE409AF1EE90
:102AE00010FAFFF67AAF88ED0B9A73E7B0EE421A50
:102AF00041E700BF00007A44CDCCCC3D80F3FFFF1E
:102B00003333333F6666A63F8FC2753DD7A3703F10
:102B1000295C0F3E000000006666263FEC51383D00
:102B20003333B33E8FC2753C0AD7A33D8FC2F5BC89
:102B300000606A47000070428FC2F53DC3F51C413A
:102B40006666E63ECDCCCC3ECDCC8C3F3333D33F16
:102B5000295C8F3E333303401FED0D1A0EF084FCC9
:102B6000FFF63BAF1FED0F1AB4EE419AF1EE10FAEB
:102B70003FF633AFD9F8542D40F20463A11A002A6E
:102B800008BF40F6C411A1F582729A4200F2E180BA
:102B9000DFF81C6501223378002B00F00A8201EE79
:102BA000101A012B04BF022232701FED232A1FEDE1
:102BB000264A40F201131044C9F8544DC9F8584D43
:102BC00030EE490AB8EE41AA1FED271A98ED003AF7
:102BD000A9F83C3DC9F8180D81EE0A1A21EE022A27
:102BE00003EE042AB2EE044A0EF04DFCC8BFB0EE6C
:102BF000421A1FED302A88ED001A81EE022A1FEDDD
:102C0000321A0EF031FC88ED012A48BFB0EE410ABD
:102C10001FED361A20EE010AB1EEC01AB1EEC10A5C
:102C2000B4EE400AF1EE10FA80F13B821FED3C1A3F
:102C300020EE010A1FED3D1A0EF016FC48BFB0EE63
:102C4000410A1FED3F1A0EF00FFCC8BFB0EE410A5B
:102C5000307888ED020A022840F0B18102980068BD
:102C6000022818BF012001EE100AB8EE411AA8E1AF
:102C7000002003E00020A9F8040D042089F8F00CDE
:102C80007FE009F54E61D9F8F40C91ED060AB4EE37
:102C9000408A1FED520AF1EE10FAC4BF09F54E61E9
:102CA00081ED068A201A0EF007FC30DBB0F5617F5B
:102CB0002DD80120C9F8FC4CA9F8140D0020A9F862
:102CC000040D4FF482701BE0BFEE000A1FED601A86
:102CD000B9F8040D38EE000AB0EEC00A0EF0C4FBDD
:102CE00026D50130B9F81810A9F8040D80B2884231
:102CF00047D30120C9F8FC4C89F8F20C40F20520BA
:102D0000A9F8F00C3DE0012089F8F20C39E040F21E
:102D1000B731884224BF0020A9F8F00C31E01FED44
:102D2000730A0EF0C9FB1EDA002089F8F30C28E0C4
:102D300010B10138A9F8040DB9F8140D0130A9F843
:102D4000140D80B21E2824BF4FF44070A9F8F00C77
:102D500017E0B1F5E16F40F24981D5480121C9F88A
:102D6000544D017042E109F54E6080ED068A4FF442
:102D70008270A9F8F00C0120A9F8140D0020A9F820
:102D8000040D1FFA8AF0322824D3B9F8A60C0026C5
:102D900009F54E6A6428C0F09280B9F8A47CCDF899
:102DA00004A0AA46A9F8A86C4FF0640804AD09EB8A
:102DB000471000F12404B6F5486F0FD0B7FBF8F0C8
:102DC000202200FB0A41A8190EF07CFC20360137B6
:102DD0002034F0E7002609F54E6A70E0DDF804A023
:102DE00004A864210AF1840202F094FD99F8DC1C25
:102DF00099F8DD0C9AED212A9AED221A9AED230A10
:102E0000B6EE083A4A1C01EB410109EB810102F0E0
:102E10000302042801F6AC4189F8DC2C81ED002A7C
:102E200081ED011A81ED020A3CBF013089F8DD0C09
:102E30009AED2E4A039CB4EE434AF1EE10FA35DACD
:102E400099F8EC0C9AED2D3A02287BD0012818D085
:102E5000002840F091809FED9D5A0EF01EFBC0F2BD
:102E6000A2809FED9B4A0EF00EFBC0F29C8099F869
:102E7000EF0C012840F0C3800EF089F9022877D2C8
:102E8000C1E09FED8C5A0EF008FB79DB9FED8B5A69
:102E9000B4EE453AF1EE10FA72DB99F8EF0C022825
:102EA00040F0A8800EF073F9022804D30EF064FB02
:102EB000022089F8EC0C0020012689F8ED0C0BF1BA
:102EC000080009F6645144228BF80460CBF80040F6
:102ED0000EF0F8FBB9F8EC0C9FED811AABF84C0042
:102EE00099F8F00C99F8F11C99F8F22C8BF84E1027
:102EF0008BF850208BF84F0002992822DAF818003E
:102F0000CBF85400B9F8040D00EE100AB8EE400AF0
:102F100020EE010A8BED170ADAF82000CBF85800F2
:102F20000BF160000EF0CEFB09F65C50594688228A
:102F30000EF0C8FB30460DF5496DBDEC068B01B0B7
:102F4000BDE8F08F9FED5E0AB4EE404AF1EE10FA54
:102F500006D49FED5C0AB4EE403AF1EE10FA1FD5AC
:102F600099F8EF0C012821D10EF011F90328A2D312
:102F70000EF002FB01209CE7002089F8EC0C42E0F7
:102F80009FED4D5A0EF089FA0AD59FED4F4A0EF08B
:102F90007AFA05D599F8EF0C00287AD001202BE0B9
:102FA0000EF0EAFA87E70EF0E7FA2CE040F20110A3
:102FB00022E0C9F8544DC9F8584D327016E0B7EE0A
:102FC000001A98ED032A0020C8F81C00C8F8140065
:102FD00000EE012A9FED351A8AEE011A88ED062AC5
:102FE00088ED032A80EE010A88ED040A88ED0C9A28
:102FF0000020F0E440F20120A9F8EE0C5BE740F27B
:103000000110A9F8EE0C9FED333AB0EEC22AB4EEEF
:10301000431AF1EE10FA0EDD9FED2F4AB4EE442A6A
:10302000F1EE10FA07D5B0EEC05AB4EE445AF1EE04
:1030300010FA3FF540AFB4EE430AB0EEC11AF1EE1C
:1030400010FA08DD9FED244AB4EE441AF1EE10FAAE
:1030500001D5012030E79FED214AB4EE440AF1EE9C
:1030600010FA08D59FED1C0AB4EE401AF1EE10FAE2
:1030700001D5022020E70EF0FCF908DD9FED160ACD
:10308000B4EE401AF1EE10FA01D5032014E7042043
:1030900012E70EF07CF80428FFF40DAF0EF06CFA86
:1030A0006BE7B0EE410A08F019FDBFE500007A4475
:1030B000B00800206666263F8FC2F53D295C8F3E32
:1030C000CDCC0C3FAE47613E295C0F3DEC51383E04
:1030D000CDCC4C3D000016440000FA43000016C45D
:1030E0000AD7233C2DE9FC470027002800F06A821C
:1030F000DDF828A0BAF1000F00F064829146054681
:10310000D0E96C20571C461C95F82022C5E96C7646
:10311000CBB1002742F0200051461C2285F81B72DB
:10312000C5F8B071C5F8A471AAF80A7085F8200234
:103130008AF8100005F50970CAE905778AF8007069
:103140000EF0C0FA3EE240F2EE2302F0DF029F42B0
:1031500085F820220AD3002342F0100285F81B32A2
:10316000A5F82E32C5F8A43185F8202210B3DFF877
:103170006C24137802EB83067160591C0526CBB2D0
:10318000B3FBF6F303EB8303C91A0123117000218B
:10319000062B04D052F8236001333144F8E70522AE
:1031A00091FBF2F1E8B900200D280CD045F8201071
:1031B0000130F9E7DFF824340122062AD7D043F89A
:1031C00022100132F9E701EBC100102382006A638B
:1031D000312B03D045F823200133F9E7C001C5F8AE
:1031E000C40095F83C2095F8C80045F82210561CFC
:1031F0006B6BD5F8C4C0AB630D23B6FBF3F707FBCD
:10320000136685F83C6002F10C06B6FBF3F707FB8A
:103210001366171DB7FBF3F455F8266004FB13740F
:1032200055F82440344402F10D06B6FBF3F707FBD2
:103230001366D71CB7FBF3F155F8266001FB137139
:1032400055F82110314401EB440102F10B04B4FBA9
:10325000F3F606FB1344561DB6FBF3F755F824406E
:1032600007FB136655F82660344404EB44042144FC
:1032700002F10A04B4FBF3F606FB1344961DB6FBF9
:10328000F3F755F8244007FB136655F826603444DD
:1032900001EB840102F10904B4FBF3F606FB1344CD
:1032A000D61D0832B6FBF3F755F8244007FB13662A
:1032B00000F1110755F82660344404EB84042144DE
:1032C000B2FBF3F404FB1322212355F8222002EB76
:1032D000420201EB4201421CB2FBF3F4B7FBF3F3F1
:1032E000696344EA441403EB4313121B05F14004E1
:1032F000FB1A54F8226054F8233085F8C8208E1B3E
:103300006644C5F8C46044F82010D5F8C400D5F868
:10331000B411A3EB6013052908D805F1CC000021F6
:10332000052903D040F821300131F9E705F1CC043B
:1033300005F1D406002717CC16C68AF80070191BB1
:10334000C5E93330801A00EB4100C01080FB00015A
:10335000000B40EA015095F8881105EB810201311C
:10336000D2F8E440C2F8E400B5F84222CAF804906A
:10337000B1FBF2F6001BD5F8804106FB121185F86F
:10338000881167F100010019D5F88441C5F8800162
:103390006141B5F8FE41CAF814300023C5F8841124
:1033A000AAF8084095F82E428AF80A4095F82F426C
:1033B0008AF80B40B5F83042AAF80C40B5F8324212
:1033C000AAF80E400DF0FEFDD5E9631395F8202212
:1033D000CAF8180005F50978C5E9630181424FF084
:1033E00000008AF8102028BF0120994288BF0127D9
:1033F00095F8B831012B36D1D5F8B431292B2ED31D
:10340000D5F8AC01814284BFC5F8AC110846B3F5CC
:10341000967F24D3002185F8B811C5F8B01102F0C9
:103420007F01B0F5487F6E4A85F82012014698BFAB
:103430004FF448714908904288BF42F21071A1EBE5
:10344000D1029208C80802EBD102B2F5AF7F98BF53
:103450004FF4AF72C5E965105308C5E967230DF055
:10346000FEFF0027AEE0D5F8B0213840B2F5967FD8
:1034700021D91923B2FBF3F404FB1323DBB9D5F8EC
:103480009431B3F5167F16D9D5F89841A3EBD30341
:10349000C5F89431A4EBD4041B1BC5F8984104EB88
:1034A0009303B3F5AF7F98BF4FF4AF73C5F89C316A
:1034B0005B08C5F8A031002853D0B5F8FC315F2077
:1034C0008D2B0AD303EB83136424B3FBF4F34FF681
:1034D000E0741C405F2C88BF1846824216D2D5E9A2
:1034E000650202EBD101A1EBD201401A0A4688BF66
:1034F00002EB9002B2F5AF7F98BF4FF4AF72C5E90F
:10350000661250084FF4D07168502AE0B1F5AF7FD1
:103510000BD3D5F89C01814207D300204B460DF018
:1035200085FF9AF80000E0B148E0D5E96523D5F8B9
:10353000A40103EBD104A4EBD303D21A1C4688BF29
:1035400004EB9204B4F5AF7F98BF4FF4AF746208F8
:10355000C5E96634B1F5967FC5F8A02128BF814240
:1035600034D895F81B02022828D3B5F8FC0128B3FB
:10357000A62148436421B0FBF1F1D5F8B00188429F
:103580001CD9D5F8A411B1F5967F17D3D5F8A02191
:10359000914213D3D5F8A821D5F8B4319F1AC21B94
:1035A000B5F84402824206D30120A9EB87030DF04F
:1035B0003DFFC5F8B0710020C5F8A4010DF04FFF24
:1035C0009AF8007007F00100BDE8FC87D5F8B40157
:1035D000C5F8A4114FF4D47196E700BFC4070020CA
:1035E000A18601002DE9F84305460C46480413D492
:1035F000A00024D4A0075CD460057ED4200500F18F
:103600000681200700F13B81600040F1F68009F05F
:1036100059FF24F08044F0E00DF020FEDFF81C1488
:103620000F6D3FB1D7E90A1202F0E04201F00A0142
:10363000891849D00DF0C3FF24F48044DDE0BB4875
:10364000DFF8FC73016841F080010160B87801285F
:1036500004D104200CF082F80020B8700DF0FEFDBB
:10366000064604200DF030FEDFF8D8130A689042B9
:1036700019D12A7EBAB1FA68AAB1DFF8C003806C0A
:10368000002800F09780C16840F603020988914243
:1036900006D0C06840F604010088884240F08A8065
:1036A00005F1140088E040F6C4120860C5E9042260
:1036B00084E004F009FCDFF88403006C002840F08B
:1036C0009D8024F0020498E0D7E90A65D7E90A1240
:1036D000AA43B143C7E90A120DF071FFB868002888
:1036E000AAD056EA0500A7D0D7F808C03869B7F9BC
:1036F000301032462B46E0479EE70DF0AFFD054601
:103700000CF08CFF002800F0B780CC48876B002FAE
:1037100000F0B280DFF828830420CB49002288F82B
:103720001800C6480DF078FB0DF06DFFC74803F098
:10373000CCFBC7480068006B8047C8F81000012523
:10374000042088F802500CF0EFF9386990F828103E
:10375000C8F80400490703D5436A042100229847AA
:1037600001200AF0DFF9D8F80400457607F0EAFEF8
:10377000D8F8040081680B461A465B684BB11E8876
:10378000A6F60306072EF7D805FA06F616F0830FFD
:10379000F2D0537B03F0F003013353730023FD6831
:1037A00053602D88A5F60305012D00F28A80C8F824
:1037B00010309FE005F110000BF008F930460DF0D5
:1037C000FEFE0CF0C9F978B12E6A28466FF48071BC
:1037D00000224FF00073B0479848806B10B109F099
:1037E00071FE01E044F00204EE6928460021002247
:1037F0004FF08063B04724F0005434B1974821461D
:103800002830BDE8F8430DF040BFBDE8F8838C4E8A
:10381000B078012804D104200BF0A0FF0020B07084
:103820000CF09AF938B170686FF4807100224FF093
:103830000073056AA847306950B185480068006B7D
:10384000804732697168801A000BC86000203061BF
:103850007A4D8149002228460DF0DEFA02203076AA
:10386000286C20B17D48022128300DF00EFF09F0B0
:1038700029FE24F40064C0E70DF0C5FE41E00DF020
:10388000EDFC05460CF0CAFEA0B1DFF8B48198F853
:10389000000000070ED498F9000000280AD46846FA
:1038A00007F044FF08B1009820B1DFF8B49199F80F
:1038B000610048B30DF0A7FE09F004FE24F00804EF
:1038C0009BE7034633F8385FA5B190F8445090F871
:1038D000456005F0F00580F8445006F0F00501352C
:1038E00080F8455000255360C5634587507B00F044
:1038F000F000507357480022C261016001200CF0B3
:10390000CFFF24F4806478E700260127602E0FD0D3
:1039100009EB0600817A31B18772407A07FA00F02C
:10392000C0B20BF035FF2036F0E700BFCC210840D5
:10393000032088F81800454803F0C7FA0DF063FE2D
:10394000444F3E4D0022786900207861F968F860A4
:10395000284644490DF060FA3D480068006B8047F6
:10396000D8F80C10D8F82020411A02EB1130B0EB37
:10397000113F38BF4FF0FF3098F82410C8F82000EE
:1039800021B1D8F80810B0EBC12F20D90CF098FF66
:10399000B8B140F60900414621F83C0F00204880AC
:1039A0004A7B02F0F00201324A730A7B02F0F00215
:1039B0000A734860F8613960B8F83E0010F4406F4F
:1039C000FAD00020C8F82000012088F824000AF06E
:1039D0005BFD254800210160022000210CF060FF02
:1039E00002200BF0BBFE102007F058FC98F80100F5
:1039F00020B9D8F8040050300DF043FE1B48807801
:103A000010B90D2007F04AFC98F8250028B10020D5
:103A100088F8250005200BF0A1FE002088F818008A
:103A20001348C8F81C000220B5F85610B5F8542009
:103A3000914208BF072009F0C7F93DE7640600205E
:103A400048030020A0080020F905010054C400200C
:103A50008C0100100010044085980000E80400204C
:103A600070C2002029D50000000004607C330100F2
:103A7000759300000A2070472DE9F04792B00CAD15
:103A8000182128460DF0BFFA002476208A212A4604
:103A90001723CDE90A44CDE90844ADF81C4006944B
:103AA0000BF048FD002851D008AA7620E1210E2312
:103AB0000BF040FD00284BD006AA762000210523FC
:103AC00000240BF037FD002840D00DF117027620BE
:103AD000F02101238DF8174001240BF02BFD9DF8F8
:103AE0001700022807D0BDF8341046F2A810814212
:103AF0002CBF00240124DFF89893BDF82800A9F812
:103B00001400BDF8300089F80140A9F816009DF8AE
:103B1000320089F8020014B30D99DDF83A20BDF89F
:103B20003E3005F11500C9E90621BDF83810A9F8A5
:103B30000330A9F80510BDF84210A9F820109DF82F
:103B4000441089F8071009F108011FE0D04801E08E
:103B5000CF4800240470204612B0BDE8F0870D99CC
:103B600005F11600C9F822109DF8381089F80910DF
:103B7000DDF83A10C9F82610BDF83E10A9F80A1071
:103B8000DDF84210C9F82A1009F10C0100789DF8FF
:103B900020209DF821309DF822409DF82350087088
:103BA0009DF91C10102089F80D50099D91FBF0F033
:103BB000C9F80E5089F81200100140EA1310A9F854
:103BC0002E0003F00F0040EA0410A9F830009DF920
:103BD0002C000CF023F99FED8A0B0DF0ADFC9FED4E
:103BE0008A0B0DF0B5FC0446BDF92A000F460CF017
:103BF00015F99FED870B0DF09FFC9FED870B0DF0E6
:103C00009BFC9FED870B0DF0A3FC9FED870B0DF048
:103C100093FC9FED870B58EC106B3246434602F045
:103C2000D4FE02460B46204639460DF036FD0446CA
:103C30009DF92D000D460CF0F1F89FED7F0B0DF076
:103C40007BFC9FED7F0B0DF077FC22462B4602F0AC
:103C5000BCFE05469DF81A0001240F46000964F3D6
:103C60009F000CF09DFE9FED780B02460B4651EC39
:103C7000100B0DF010FD02460B46284639460DF09C
:103C80000CFD07469DF918000D460CF0C7F89FED96
:103C9000700B0DF051FC3246434602F096FE024690
:103CA0000B46304641460DF0F6FC02460B463846C0
:103CB00029460DF0F2FC9FED680B0DF049FC9FEDDD
:103CC000680B0DF039FC9FED680B06460D4657EC6E
:103CD000108B42463B4608F0B6FA9FED650B002874
:103CE0001CBF3D4646463046294657EC108B42469F
:103CF0003B4608F0CFFA00281CBF3D4646463046FA
:103D000029460AF071FD634D024676205A21A847E4
:103D1000762064215922A847762071211022A847D5
:103D2000762072210122A847762074215522A847C7
:103D300059480CF067F901AD112128460DF063F9DF
:103D400076201D212A4611230BF0F4FB00284CD0CD
:103D50009DF811009DF81250800050EA951A44D049
:103D600099F912000CF05AF89FED430B0DF0E4FBAB
:103D70009FED430B0DF0ECFB0246484805F00F07A2
:103D80000B4600EBC7000DF081FA054644480E468D
:103D90002A46334600EBC7000DF078FA0746AAF52D
:103DA000007088460CF03AF802460B462846314629
:103DB00002F00BFE02460B46384641460DF06BFC06
:103DC0009FED310B80460E4657EC105B2A463B4672
:103DD00008F060FA48B1404631462A463B460DF0AD
:103DE0005AFC08F0B9FFC9F834007620712100228E
:103DF0000BF020FE89F80040ADE600BF00BF00BF19
:103E0000000000000000B03F0000000000804840BB
:103E1000000000000000003FFCA9F1D24D62403FCD
:103E200055C1A8A44E40633F00000000000074404C
:103E3000000000000000F03F000000000000503FC4
:103E400000000000000038400000000000001040AA
:103E5000FCA9F1D24D62603F00000000000039C0B3
:103E60003333333333330B400000000000000000D5
:103E70000000000000E06F4000000000000014405F
:103E80000000000000F094400000000000408F405F
:103E90005007002035FA000020BF0200A8230100CF
:103EA00028240100F0B597B00EAC20460DF04EFA74
:103EB0004FF4E130214614900220ADF83800002084
:103EC00003F064FAAA4FAC4EF861AA48B047AB4C75
:103ED0002046B047AA48B047AA48B0472046B04756
:103EE0000BAC20460DF05AF8204601210DF076FA71
:103EF000204601210DF0E1FBA348214648300BF09C
:103F0000E3FCA24821460BF0DFFC20460DF0D3FB7A
:103F10009F48B0470BF0A4FC132001210DF088F856
:103F20001C2001210DF084F89A4C2046B0479A4895
:103F3000B04706F035FC2046B0479848B04709F036
:103F40005BF92046B0479648B04796480CF0E8FC2D
:103F5000954D0021002228460CF04CF905F11C007B
:103F6000002100220CF046F92046B0478F48B047A8
:103F700006F0C6FE7220642159220AF0D1FD38787D
:103F80008B49085C0CF0BAFE2046B0478948B04720
:103F9000022006F08BF938B1FA2004219622322350
:103FA00007F07CFA854800E08348B0478448B04772
:103FB000FFF762FD844C0028824D204618BF28463A
:103FC000B0478248B04707F09FFC7248B04780482E
:103FD000B04701F0E1FD002818BF2C462046B0474D
:103FE0007C48B04702F0C8FDA8B17B48B0470DF04F
:103FF000D1F90021794A8DF8061000F00F0100096F
:10400000515C105C8DF805108DF8040001A8B047D4
:104010007348B04702E06C480CF0C8F97148B047EB
:1040200071480CF01FFB5B48B0477048002100242A
:1040300009F074FF6E4800210BF0C2FE6D480021AC
:1040400008F0E2FD6C48B04707F010FC5A49002820
:1040500018BF29460846B0470DF12A050DF129067B
:104060008DF82B408DF82A408DF829400DF12B0456
:104070000DF0EBF90DF0E9F94B4C20460CF03EFD4C
:104080000028FAD05D480CF091F901AC0DF0B2FABD
:104090000DF07AFA0DF0FCF9042069460DF070FA83
:1040A000574A09A80DF060FA18B156480CF07EF98D
:1040B000FEE701AC20460DF0FCFA53480CF076F90F
:1040C0000DF098FA0DF060FA0DF0E2F90320694660
:1040D0000DF056FA4D4A08A80DF046FA18B14C48B2
:1040E0000CF064F9FEE701AC20460DF0E2FA494815
:1040F0000CF05CF90DF07EFA2046012101250DF04F
:1041000067F90DF0C5F9022069460DF039FA424A07
:1041100007A80DF029FA18B140480CF047F9FEE75E
:1041200001AC20460DF0C5FA3D480CF03FF90DF00A
:1041300061FA0DF029FA0DF0ABF9694620460095B9
:104140000CF022FF374A06A80DF00EFA18B13648D7
:104150000CF02CF9FEE701A80DF0ABFA33480CF097
:1041600025F933480CF022F9002017B0F0BD00BF4C
:104170001804002076360100AD0301003627010047
:104180006D260100B0260100640200200C0600200C
:10419000172A0100F7350100A12501002E2D01008D
:1041A000202B010034A80020F00100206F2901001D
:1041B00080350100312E01000E3501005032010022
:1041C000482C01004D350100F0320100862D010020
:1041D000782C0100542B01001D330100BD32010079
:1041E000A4360100AA2901007D13010018B70020A0
:1041F000509A0020A0C30020BA280100832A0100A1
:1042000041600000142F0100E1290100EDA0000031
:10421000F02E01004D2A0100CDA10000A72C0100C5
:104220007C28010041000000D42C01003C28010042
:10423000B62B0100002800F08781002900F084815E
:10424000002A00F081812DE9F04FAAB0BF4B019206
:10425000BF4A6FF03F074FF040094FF02A0C1C682F
:1042600044F080741C60136843F0010313605268CB
:10427000B0F8FE510092002D08BF4FF44875B1F818
:1042800008B0BBF1000F08BF4FF4487BABEB050350
:104290009B0193FBF5F313F1400FD8BF3B46402B36
:1042A000A8BF4B46B0F800821E93B8F1000F08BFBC
:1042B000A846ABEB0804A40194FBF5F414F1400FFD
:1042C000D8BF3C46402CA8BF4C461F94D0E9654A55
:1042D000002C08BF4FF47A7491F810E05FEA0E7278
:1042E00012D48B695B01B3FBF4F3A3F1200C02231E
:1042F0009CFBF3F313F13B0FD8BF6FF03A03452B50
:10430000A8BF4523A3F1050C8B89924ECDF880C040
:10431000DFF850C206EB8313322693FBF6F38E4E82
:10432000402BA8BF4B462393CB8906EB83132A2649
:1043300093FBF6F34FEA8A16402BA8BF4B46249313
:10434000631C96FBF3F616F1400FD8BF3E46402E95
:10435000A8BF4E462696D0E93306801B202690FB48
:10436000F6F010F1400FD8BF38464028A8BF4846A5
:104370002590A4EB0A00800190FBF3F0784B10F13C
:10438000200FD8BF6FF01F006028A8BF6020203822
:1043900022904869400190FBF4F010F14C0FD8BF17
:1043A0006FF04B003428A8BF34200C302190C87A1D
:1043B0006A4901EB8010232190FBF1F000B210F16B
:1043C000400FD8BF38464028A8BF48462890A800CC
:1043D0000521B0FBF1F0A0EB0B00800190FBF5F0A4
:1043E00010F1400FC8BF074608EB0B00402FA8BFD5
:1043F0004F46002A48BF6FF0200727978001A0EBA7
:10440000C51090FBF5F010F1360FD8BF6FF03500F6
:104410004A28A8BF4A205FEA8E614FF0000E4FF095
:10442000300158BFA0F10A0129910EA91EADBEF1BD
:10443000100F14D05CF82E6000270C2F06D0DC572C
:1044400055F82700013700FB0466F6E7B7110C3377
:1044500027EAE67641F82E600EF1010EE7E7424CBE
:10446000DFF808C14FF0000E02A8BEF10C0F14D007
:104470005CF82E600027102F06D0E55751F8273042
:10448000013703FB0566F6E7B711103427EAE67635
:1044900040F82E600EF1010EE7E7364B344DDFF8A1
:1044A000D8E04FF0000800279C46052F19D05EF891
:1044B000276000240C2C06D0295750F82420013402
:1044C00002FB0166F6E7B3EBA61FB8BFB311BCEB66
:1044D000A61FBEBF6346B8464FEAA61C0C3501377F
:1044E000E3E71B4840680099401A03D04CF2513171
:1044F000884201D340F28C50019C204A5FFA88F137
:10450000606084F800801830525C80B26270E268AB
:104510000132E2603022B0FBF2F01022A060ACEB7E
:10452000030090FBF2F010F1110FD8BF6FF01000F4
:104530001128A8BF11205230A07011B1206901309C
:1045400020612AB0BDE8F04F704700BFFCED00E0ED
:10455000001000E080F3FFFF80F5FFFF00EEFFFF9B
:1045600001200100BC270100C1200100E82B01004F
:10457000F728010001000080003201006C360100C4
:104580002DE9F0412DED0C7B4FF00008002800F0E4
:104590006181B34E04463078002800F05B81002032
:1045A0000821CDE90000684608F07AFC8046002822
:1045B00000F050819DF805009DF80410B1EE002A2E
:1045C00041EA00220007A74913466FF3DF2348BFE3
:1045D00042EA01039DF800009DF8012000EE103A28
:1045E0009DF8037096ED019A96ED028AB8EEC01A16
:1045F00096ED030A9DF8023040EA0225120728468C
:1046000011EE020A6FF3DF2048BF45EA010001EE18
:10461000100A43EA0720B8EEC11A3B07024611EE22
:10462000029A6FF3DF2248BF40EA010201EE102A2E
:104630009DF80600B8EEC11A9DF8072011EE028A17
:1046400040EA02231207184628EE081A6FF3DF200B
:1046500009EE091A48BF43EA0100B17800EE001ADA
:10466000B1EEC12A9FED801A82EE012A81B396ED48
:10467000054A96ED065A96ED073A39EE446A38EE49
:10468000457AB0EEC66A0CF097FDC8BFB0EE476A37
:1046900030EE437A0CF090FDC8BFB0EE476AB3EE3F
:1046A000007AB4EE476AF1EE10FA1AD5BFEE006A4E
:1046B0009FED6E7A32EE066AB0EEC66AB4EE476AD5
:1046C000F1EE10FA0DD59FED6C6A9FED6C7A0CE05F
:1046D000012186ED059A86ED068A86ED070AB170FE
:1046E00015E09FED636A9FED637A28EE068A29EE56
:1046F000069A20EE060A05EE078A04EE079A03EEF4
:10470000070A86ED068A86ED059A86ED070A4F3878
:104710009FED5B4A9FED5B5A00B203EE100AB8EEC4
:10472000C33A03EE045AB0EEC83A9FED574A84EDFF
:10473000065AB2EE085AB4EE453AF1EE10FA48BF06
:10474000B0EE448ABDEEC83A13EE100AB0EEC93A94
:10475000B4EE453AE080B3EE005AF1EE10FA48BFED
:10476000B0EE449ABDEEC93AB5EE408AB0EE404A8A
:1047700013EE100AB0EE403AF1EE10FAB5EE409AA0
:10478000A08008BFB0EE413AF1EE10FA08BFB0EEDB
:10479000434A9FED3E3A30EE033AB0EEC33AB4EEF0
:1047A000453AF1EE10FA48BFB0EE440ABDEEC03A09
:1047B0009FED2E4A13EE100ABFEE003A32EE033A96
:1047C0002081B0EEC33AB4EE443AF1EE10FA09DAC1
:1047D00028EE082A09EE092A00EE002AB1EEC22AC4
:1047E00082EE012A20EE00AA84ED032AB0EE4A0AE6
:1047F00008EE080AF1EEC00AB0EE490A04F0C2FF62
:1048000009EE09AA9FED22BA20EE0BCAB0EE480AC3
:10481000F1EECA0A84ED04CA04F0B4FF9FED1D1A3C
:1048200020EE0B0AB0EECC2A84ED050AB0EEC00AE9
:10483000B4EE412AF1EE10FAB4EE410A44BF002072
:104840002061F1EE10FA44BF002060610B2008F0F7
:1048500063FF20774046BDEC0C7BBDE8F08100BFD4
:104860008807002000F0FFFF00007A448FC2753DEA
:104870006666E63ECDCC0C3F295C8F3D7B146E3FD7
:10488000B81E853D0000C4410000000000007AC44D
:10489000E02E6542CDCC8C3F2DE9F84F2DED181B55
:1048A000229D0C4601460020002D00F04081239EF1
:1048B000002E00F03C810846079209930BF0AEFAF7
:1048C0009FEDA10B53EC102B069208930CF0E3FE26
:1048D00095ED120B02460B46CDE90A3251EC100B56
:1048E0000CF0DBFE054620460E460BF097FA044618
:1048F0000F462846314622463B4602F066F89FEDB9
:10490000940B82468B4655EC100B9FED930BEE0FEC
:104910000D90504658EC109B66F3DF714A464346B3
:1049200007F091FC002840F0018122984A46434656
:1049300090ED080B51EC100B059166F3DF710490BC
:1049400007F081FC002840F0F1802298DDE90A326E
:1049500090ED140B51EC100B0CF09FFE22463B46E1
:1049600002F033F80F4666F3DF714A4643460446C9
:1049700007F069FC002840F0D980DDE90A105246B2
:104980005B460C960CF087FE9FED750B5AEC10BB46
:104990005A4653460CF081FEDDF88880039798ED67
:1049A0000A0B98ED0CBB98ED0E9B98ED108B53EC19
:1049B000102B02F005F8DDE904230CF06CFE9FEDEE
:1049C0006AAB53EC1A2B02F000F89FED690B0591CE
:1049D000814653EC102B01F0F8FF02460B462746A8
:1049E00004460E460CF059FE0CF05CFC0CF05AFC30
:1049F000CDE90A100998079908440BF00FFA9FEDCA
:104A00005E0B0CF09DFD069A089B0CF044FE039B88
:104A10003A460CF040FE5A4653460CF03EFE98EDE6
:104A2000160BCDE9081051EC1B0B0CF089FD9FED26
:104A3000540BCDE906100599484653EC102BCDE9EF
:104A4000043201F0C2FF9FED500B9FED51BB9FED73
:104A500052CBCDE9021051EC180B4FF0030BCDE90E
:104A6000001059EC108BBBF1000F65D0DDE904326A
:104A700051EC1A0B01F0A9FF02460B46DDE90010CC
:104A80000CF00BFE42464B4601F09FFFDDE902327F
:104A900004468A4651EC190B0CF0FFFD22465346A2
:104AA00001F093FF02460B46DDE906100CF0F5FD20
:104AB00004460C980E4653EC1B2B60F3DF71204626
:104AC00007F0E8FB0746DDE90810224633460CF004
:104AD000E2FD02460B46002F08BF2B460D9C08BF87
:104AE0002246DDE90A1001F070FF22462B4641EC18
:104AF000180B07F0CFFBB0B1B0EE480AF0EE680A31
:104B000002F076FE02F074FE53EC1C2B51EC100BFD
:104B100001F05BFF229A92ED180B53EC102B01F081
:104B20004FFF41EC1A0BABF1010B9CE70020BDECF1
:104B3000181B01B0BDE8F08F51EC1A0B08F00CF90E
:104B4000239908600120F2E70000000000002840DF
:104B500000000000000000008DEDB5A0F7C6B03EDB
:104B6000000000000000204100000000000039406B
:104B70006666666666127140000000000000E03F55
:104B800000000000000039C0000000000000F03FFD
:104B900011EA2D819997713D66666666661271C04D
:104BA000AC490246002818BF0120097808400128B6
:104BB00040F04F812DE9F84F2DED0C3BCDE902027D
:104BC0002C2008F0A9FD01902D2008F0A5FDA24C95
:104BD00000902D200021A0472C208321A0472D20CC
:104BE0002221A0474CF250300BF00CFA1020002686
:104BF0004FF00008002500283FD0CDE90406002032
:104C00000621ADF82400089008A808F049F92E46BE
:104C10009DF820A09DF821B09DF822409DF82370BA
:104C20009DF825909DF8245042F210700BF0EAF99F
:104C300045EA09205FEA0972884B01466FF3DF21DC
:104C400048BF40EA030144EA0720751801463A07C5
:104C50006FF3DF2148BF40EA03014AEA0B20884492
:104C60005FEA0B7201466FF3DF2148BF40EA0301A0
:104C7000DDE904060E440138BDE700EE105A01EEEE
:104C8000108A02EE106A9FED768A039801210BF0DC
:104C900096FF80ED002A80ED011A80ED020A2E2099
:104CA00009F029FA4CF250300BF0ACF910204FF01B
:104CB000000B00240026002842D0CDE9040B002080
:104CC0000621ADF81C00069006A808F0E9F8B346E6
:104CD00026469DF818709DF819509DF81A809DF889
:104CE0001B909DF81DA09DF81C4042F210700BF027
:104CF00089F944EA0A205FEA0A72584B34460146B1
:104D00006FF3DF2148BF40EA030148EA09200BEBBB
:104D100001065FEA097201466FF3DF2148BF40EAEE
:104D2000030147EA05200C442A0701466FF3DF21FF
:104D300048BF40EA0301DDE9040B8B440138BAE7C0
:104D400001EE104A00EE106A02EE10BA039D2E200A
:104D5000002100240BF033FF85ED032A85ED041AB2
:104D600085ED050A09F0C7F995ED000A95ED033ABE
:104D700095ED022A95ED055A95ED011A95ED044A37
:104D8000002000210022002333EE400A9FED353A37
:104D900035EE422A34EE411A9FED344A82EE032A60
:104DA00080EE030A81EE031A9FED2F3AB4EE432AF8
:104DB00085ED082A85ED060A85ED071AF1EE10FA51
:104DC000B4EE442A9FED2A2A98BF0120F1EE10FA92
:104DD000A8BF0121B4EE421A9FED262A0840002107
:104DE000F1EE10FA85F82600A8BF0121B4EE421AB0
:104DF000F1EE10FA98BF0122B4EE430A11400022EE
:104E0000F1EE10FAB4EE440A85F8251098BF01229D
:104E1000F1EE10FAA8BF01231A4085F8242018BF2C
:104E2000002900D0044685F827400B4C2D20002196
:104E3000A04701992C20A04700992D20A04744F6B7
:104E400020600BF0DFF80298BDEC0C3B01B0BDE830
:104E5000F04F704788070020F7E0000000F0FFFFE8
:104E60000000803D00007A4333333340CDCC4C3ECC
:104E7000333333C0CDCC4CBE2DE9FE4F0746086816
:104E80000024B0B1D7E9018A0E460CF0E7F981465B
:104E9000D8F8E800082888BF0124B068204202D171
:104EA0007068204208D00320307448460CF087FB1D
:104EB00000242046BDE8FE8FD8F8C01069B198F8EC
:104EC000F8100029EFD006213174D8F8C410C8F8C2
:104ED000C4604E6198F8FC100DE000210522C8E97D
:104EE0003066C8E93411C8E9361198F8FC10002979
:104EF00008BF0122327400220129726109D1022007
:104F00004FF4E02188F8FC0098F8FB000AF0F4FD6B
:104F1000706889490138884205D804200AF004FEE7
:104F200006200AF001FE02200AF0FEFD98F8F800C3
:104F300040B9DAF83C003168814203D298F8FC00AD
:104F400000286CD0D8E9361009B118B900E028B3B0
:104F50000CF0EEFADAF80000416941F0010141611C
:104F600048460CF02CFB98F8F80008B10124A0E7A3
:104F700008F16C05D8F8EC1028460CF0B6FA0028B9
:104F8000F4D0D8F8C00003210174384606F0B4FF0D
:104F90002846002100240CF0A8FA8AE79AF80400B9
:104FA0000CF05BFB654CDAF810100222206991FAD4
:104FB000A1F1B1FA81F14368D8F8CC0040680068EB
:104FC00098472069DAF8141002224368D8F8CC0018
:104FD00091FAA1F1B1FA81F14068006898479AF816
:104FE00004000BF0DDFB9AF804000CF038FB0CF029
:104FF0009FFA0020C8F8E000D8F8C0000068B0F5BB
:10500000806F01D90CF094FA98F8FE000028A1D125
:10501000DAF80000416841F0020141609AE798F82F
:10502000F90020B1D8F8EC0001307FF48BAF48468E
:105030000CF0C5FAB2683AB1D8F8E80002210928A4
:1050400038BF0121009103E008F1F4020020009034
:10505000746834B1D8F8E8000227092838BF01275E
:1050600002E008F1F6040027DAF80000334D416849
:1050700041F002014160D6F800B0D946BBF1000F03
:1050800040D0D8F8E800019209284FF0010011D271
:105090002A68B9F1000F1FD0C0071DD02178DAF8B7
:1050A00000009268904700281EBF3C44A9F1010906
:1050B0000120EDE72A68B9F1000F16D0C00714D01F
:1050C0002188DAF800009268904700281EBF3C440F
:1050D000A9F101090120EDE7DAF80000D26802A980
:1050E0009047DDE90120107007E0DAF80000D2688F
:1050F00002A99047DDE9012010800098ABF1010B77
:105100000244BBE7D8F8F000DAF80010CA680240A1
:10511000102802D1002AF9D101E0002AF6D07068E7
:105120000BF0B2FAD8F8C0100020C8F8C400C8F8D4
:10513000C00008741AE700BFFEFFFF0FC401001093
:105140002DE9F04F8DB0044600209A4616460F46D2
:10515000CDE90B00CDE909008A488568804607F053
:10516000E3F91C2803D007F0DFF91B281BD1308896
:1051700040F60201884218BFB0F5C15F03D1F07B51
:10518000022810D93EE043F6070188420BD196F879
:105190002400032807D330697B4940F0806020F069
:1051A000604088422ED100206FB366B3387825FA6C
:1051B00000F0C00726D0304600210CF052FA7348A8
:1051C000C4E90176006880B109A800900CA90BAA77
:1051D0000AAB304603F098FD0B980B214FF6FF7297
:1051E00050230BF0FDFAFF280CD00CF037F8684F75
:1051F00006467878012802D840B1012070E0304698
:105200000CF0DDF900200DB0BDE8F08F03F0F0FCEC
:1052100060480DF10409016841F0020101605E4837
:10522000C8F8000048460BF073FFDFF870B15D4925
:105230004A469BF801009BF80050039058482830DC
:105240000AF03CFA584859494A460AF037FA4846A3
:105250000BF0F6FEDFF85881564A19214B460295AD
:10526000404609F0A9FE544A08F11C001A214B4699
:1052700009F0A2FE514852490CF06EF951485249CA
:105280000CF06AF95148006810F4402F06D0504ADB
:1052900007F12800042100230BF08AF99BF8020093
:1052A00010B10D2005F0F2FE08F140000BF0BFFD3B
:1052B00008F138000BF0BBFD464900200722387684
:1052C000B8843862386181F860200521C7E902108E
:1052D0004149F9613870042000210BF0E1FA787837
:1052E0002F4941F820400130787030460CF067F9C2
:1052F000BAF1000F02D0DAF8000008E00DF1040A5C
:105300003649202250460CF0DDF94FF0FF30DAF834
:105310000420BAF81010DAE90635002AB2FA82F64B
:1053200008BF40F6C412206001207609618325631E
:1053300060762B4826764FF4FA766261C4E9036200
:10534000C4E90700C4E90903DAF80C0000B12062DF
:10535000DAF8140000B16062DAF8080000B1E06128
:1053600004F13800C8210BF04EFE04F1500000217A
:105370000BF0B6FA1B4904F1B8000CF0EDF820462A
:1053800041E700BFCC2108400F0000056408002061
:105390004803002000200940110000E07C33010098
:1053A000E8040020E10A0100DCC4002045AC000054
:1053B0006406002029D50000E5C8000098C400203C
:1053C000D505010054C400208D0A0100B44F0050DF
:1053D000CDDE000070C2002075930000BC2F0100DC
:1053E000A7BC00001F1601002DE9F84F2DED028B20
:1053F000A6B058EC104B9FED9A0B074600208A464A
:105400000B902046414656EC105B2A46334606F088
:1054100027FF9FED950B00281CBFB0462C46204669
:10542000414648EC184B53EC102BCDE9053206F001
:10543000FDFE48B9B0EE480A0BA8F0EE680A07F086
:105440000FFF0B9801380B908DED088B8B4A8A4922
:105450009DF8270080F080008DF8270030208DF81F
:105460003000387B412808BF0A46059E069D0792FA
:10547000204641462A46334606F0E5FE08990028B4
:105480002A46334608BF2146099808BF404640ECEB
:10549000181B4146204606F0C9FE0DF1300BBD68D1
:1054A00004970BF1010698B9B0EE480A25A8F0EE72
:1054B000680A07F0D5FE2598B0EE480AF0EE680AB3
:1054C000C0F1010003F0D0FEB0EE408AF0EE608A39
:1054D00058EC189B4846414609F086F93146044687
:1054E00008F0A4FB074620460AF098FC02460B464B
:1054F0004846414601F064FA41EC100B0135CDE914
:1055000002762DD39FED5A1B06EB070BCDF804A0B6
:1055100058EC114B59EC10ABDDE9053250464946C9
:1055200006F084FEC8B950464946224643460CF070
:10553000B4F805460E4609F057F907460AF06EFC26
:1055400002460B462846314601F03AFA41EC100B70
:105550000798C05D0BF8010BDCE7DDF804A039E02B
:105560009FED431BBB4459EC118BD5B151EC100B93
:1055700042464B460CF091F806460F4609F034F9C6
:1055800004460AF04BFC02460B463046394601F011
:1055900017FA41EC100B0798013D005D0BF8010F65
:1055A000E3E75C46079D14F8011928460BF0C0FD9F
:1055B000401B08280EDB049EDDF80880079F0025AD
:1055C000217838460BF0B4FDC01B0E2806DD04F828
:1055D0000159F5E7049EDDF8088003E007990844C7
:1055E000407820700020702152468BF80000307BFC
:1055F000412808BF50210B9808F02FFDB268039C8A
:10560000501C04D120460BF0F3FD421EB260204630
:10561000414653460AF0F0F8B06808B1012202E0B2
:105620003068C0F3C00220464146534607F0B4FA42
:10563000DAF800007822411ECAF80010317B4129B7
:1056400008BF58220270DAF80000411ECAF80010A4
:105650003021017026B0BDEC028B01B0BDE8F08FA7
:10566000000000000000F0FF00000000000000004B
:1056700000000000000030409B320100AC3201000D
:105680002DE9F04F85B004468A46002B1846214686
:1056900018BF0120002C18BF012108400E990029D5
:1056A0000D4618BF01252840012840F02D810490A7
:1056B00098892588277FA84205D26588A8423D465B
:1056C00098BF002500E00125BD4203D10025A77742
:1056D000657711E0A67FB5420BD1667F94F804C0D0
:1056E00001366677F6B2664506D3002625772F4643
:1056F00001E00126A5776677012F12D16425B0FB62
:10570000F5F5EEB242F20F75A84288BF642693ED1C
:10571000020A94ED021A03960BF08DFE16D50120B5
:105720001AE001254FF0000EA4F81F50BAF1000F47
:1057300084F821E093ED020A2FD09AF834024FF05A
:105740004009002660F07F0E00202AE094ED031A45
:105750000BF071FE02DB002084F8200094ED041AA7
:105760000BF069FE01DD012005E094ED051A0BF058
:1057700062FE02D8002084F8210094F82050012D08
:1057800003D102204FF0020C18E094F82100012808
:1057900009D105204FF0050C10E0002001264FF044
:1057A000000903902BE094ED061A0BF044FED9BFDC
:1057B00003204FF0030C04204FF0040CE077BAFAFA
:1057C0008AF04609BAF1000F0BD09AF834E25FEA8A
:1057D0008E600AD40EF003001EF00C0F18BF0430C8
:1057E00006E04FF0000E002002E06EF07F0E402039
:1057F00040EA051094F8215040EA45196546A7F1A2
:10580000010CDAB102F6985090ED033A90ED022ABD
:1058100090ED001ABDEEC33ABDEEC22A13EE100A97
:10582000019012EE100A029092F8AC0D01280ED1F0
:10583000032049F008094FF001080CE000209FED1B
:10584000341A4FF000080290CDE9000004E092F80D
:10585000A80D4FF0000800905A7DBCFA8CF0012A88
:1058600001D19A7D0AB909F180094FEA501C1868E4
:105870000860608C013019F03F026084888018BF96
:10588000012236B100274FF448764B204FF0000B31
:1058900007E0BAF830B2BAF83272BAF82C629AF865
:1058A0002E02CD76039D81F82A2081ED070A81F82A
:1058B00019C081F8188081ED041A81F80EE0A1F872
:1058C0000CB04F810E818871A1F828902C228D7622
:1058D000019DCD82029D8D82009DCD735868086226
:1058E00004F1280093ED040ABCEEC00A81ED090A18
:1058F0000BF0E8FE606D013060655FEA8960049836
:1059000002D0A16D0131A16505B0BDE8F08F00BFE7
:1059100000000000002800F0208170B52DED108BF4
:105920000D46002900F015811446002A00F011816F
:105930000646204644210BF066FB9FED921AB01DEF
:105940009FED910A29460246B0EE412AB0EE413A57
:10595000B0EE414A71B3B2F9023005EE103AB2F935
:105960000030B8EEC55A06EE103A32F9023CB8EEF5
:10597000C66A07EE103A931DD3ED000AB8EEC77A57
:10598000F5EE400AF1EE10FA09D866EE060A47EE87
:10599000070A45EE050AF1EEE00AC0EE800A31EE94
:1059A000201A32EE052A33EE063A34EE074A013960
:1059B0002032CFE705EE105AB8EE45EA82EE0E8AA5
:1059C00081EE0E1A83EE0E9A84EE0EDA9FED6D2AAA
:1059D000B0EE423AB0EE424AB0EE42FAF0EE428AFF
:1059E000B0EE425A84ED00DA84ED019A84ED028A29
:1059F00084ED031A002D52D0B0F9021006EE101AF1
:105A0000B0F90010B8EEC66A07EE101A30F9021CA1
:105A1000B8EEC77A00EE901A811DD1ED001AF8EEAB
:105A2000E00AF5EE401AF1EE10FA09D867EE071A0F
:105A300040EEA01A46EE061AF1EEE11AC1EE801A07
:105A400077EE492A70EECD4AB0EEC77AF0EEE00A62
:105A500071EEC11A013D2030F0EEE23AF0EEE45A68
:105A600030EE877A01EEA14A02EEA22A04EEA45A91
:105A700075EEA33A76EE485AB0EEC66AF0EEE56AE5
:105A800037EE066A05EEA53A86EE006A73EEA63A90
:105A9000C3EE803A78EE868A3FEE23FAAAE784EED8
:105AA0000E1A82EE0ECA85EE0E0A83EE0EBA9FED36
:105AB000373A3CEE002A84ED071AB1EEC01A84EDA5
:105AC000040A84ED05CA84ED06BA3BEE022A82EE92
:105AD00003AAB4EE411AF1EE10FA84ED08AA3DD6FD
:105AE000B1EECC0A84ED091A0BF0E1FC3BD684ED53
:105AF0000A0AB1EECB0A0BF0DAFC39D684ED0B0AB8
:105B0000B1EECA0A0BF0D3FC37D684ED0C0A28EEAE
:105B1000080A88EE8E1A8FEE0E2A09EE090AF1EEB7
:105B2000C00AB1EE4D0A84ED0D2A84ED0E1A03F081
:105B300029FE9FED17AAF0EE480A20EE0A0A84ED2E
:105B40000F0AB0EE490A03F01DFE20EE0A0A84EDAA
:105B5000100ABDEC108BBDE87040704705F0BEFF29
:105B6000B0EE401ABCE7B0EE4C0A05F0B7FFBEE756
:105B7000B0EE4B0A05F0B2FFC0E7B0EE4A0A05F0FE
:105B8000ADFFC2E70000000000007A440024744921
:105B9000E02E65420AF02BB92DE9FF4701200BF0FA
:105BA00095F807F029FBDFF850823A2042F20B41CA
:105BB00008F1020208F0D4FC8146002800F0F380CE
:105BC00000240DF10E023A2043F20101ADF80E401F
:105BD00008F0C6FC78B1BDF80E10012060F3420158
:105BE0004FF6FB7001EA0002ADF80E103A2043F2C6
:105BF000010109F059FA44F620600AF003FA029410
:105C0000ADF8064002AD7D4C42F20C402946A0475B
:105C10000BF0F6FC9FED680B56EC107B0BF084FC50
:105C200041EC100BDFF8D8A142F20E4029468AED74
:105C3000000BA0470BF0E4FC9FED610B0BF080FC28
:105C400041EC100B42F2104029468AED020BA047AE
:105C50000BF0D6FC9FED5C0B0BF072FC41EC100BD3
:105C600042F2124029468AED040BA0470BF0C8FC13
:105C70000BF05AFC41EC100B42F2244029468AED0D
:105C8000060BA0470BF0BCFC9FED510B0BF058FC32
:105C900041EC100B42F2264029468AED080BA04742
:105CA0000BF0AEFC0BF040FC41EC100B42F2284034
:105CB00029468AED0A0BA0470BF0A2FC9FED460B8C
:105CC0000BF03EFC41EC100B42F22A4029468AEDD3
:105CD0000C0BA0470BF094FC9FED410B56EC107B96
:105CE0000BF022FC41EC100B42F22C4029468AEDCD
:105CF0000E0BA0470BF084FC0BF016FC41EC100BD4
:105D00000DF106053F4C3A2042F22E412A468AED1B
:105D1000100BA0470BF018FC9FED330B56EC107BDB
:105D20000BF002FC41EC100B3A2042F22F412A46C4
:105D30008AED120BA0470BF007FC0BF0F5FB41ECD2
:105D4000100B3A2042F281412A468AED140BA047FB
:105D50000BF0FAFB9FED260B0BF0F2FB41EC100B66
:105D60003A2042F282412A468AED160BA0470BF0F8
:105D7000EBFB0BF0D9FB41EC100B0DF10E023A20BE
:105D800043F201018AED180BA04750B1BDF80E0097
:105D900043F2010140F006023A20ADF80E2009F06E
:105DA00083F9012000E0002088F80000484604B094
:105DB000BDE8F08700BF00BF000000000000703F9A
:105DC000000000000000B03E000000000000303D78
:105DD000000000000000F03E000000000000103D48
:105DE000000000000000B03D000000000000503F37
:105DF000000000000000103F4408002099F100005E
:105E0000D8C2002061E500002DE9F84F2DED028B8E
:105E1000A2B08046806820B1B0F1FF3F04DC0620CC
:105E200000E00120C8F80800029004918DED060BF7
:105E30009FED7B1B55EC104B9DF81F00294653EC42
:105E4000112B80F080008DF81F0030200192059307
:105E50008DF82400204606F0F6F99FED730B0699A5
:105E600000284FF0000A08BF2146079856EC109B07
:105E70009FED710B08BF284640EC181B54EC10BB7B
:105E800055EC187B4A4633463846294606F002FA56
:105E900050B1384629465A4623460BF0FCFB41ECEC
:105EA000180B0AF1010AEBE79FED610B019F2546F4
:105EB000CDF80C8056EC104B58EC189B059B3A46DD
:105EC0004846414606F0B2F988B94846414622465E
:105ED000334606F0B8F950B1484641465A462B467B
:105EE0000BF0DBFB41EC180BAAF1010AE4E7484692
:105EF000414608F079FC0DF1240808F1010631460D
:105F000007F094FE0299884205DD013118F801205E
:105F100008EB010426E0C94308EB0004A9460590FC
:105F200001EB000857EC185B2846394608F05CFC8A
:105F300009F074FF02460B462846394600F040FD42
:105F40005A464B460BF0A9FB41EC180B08F04CFCF1
:105F500000F1300218F1010804F8012FE2D305988E
:105F60000DF1240800EB0A05D0B2039F35280CD3AD
:105F7000601E3021027801320270D2B23A2A02D376
:105F800000F80119F6E7404544D000202070049C39
:105F900015F1030F02DBB868854207DD397B681E07
:105FA00022460239C9B208F058F8012530460BF0F4
:105FB0001FF9013800220121A8421ADB002801D470
:105FC000325C00E03022B2F1300318BF012363EAF3
:105FD0000101C90705D13978090702D4002201213E
:105FE00005E021684B1E23600A7001220021013860
:105FF000E2E738682946234600F0080002433046AD
:1060000018BF012206F0C8FD22B0BDEC028B01B022
:10601000BDE8F08F0020013504F8010C09AEB6E7A9
:1060200000000000000000000000C0FFFFFFDF4193
:10603000000000000000F03F0000000000002440CD
:106040008AB0804CDFF800824FF0000B04AD4FF0B7
:106050000009002604F1380720460BF0C2F898F832
:1060600001000028F8D1284602F066FF0028F3D08E
:1060700004362820B6FBF0F0049600EB8000A6EB77
:10608000C00018B904F11C000BF039FA6F4829461A
:1060900006F09CFC0BF084F9042814D19DF8140040
:1060A000C04310F0060F06D007986949884202DC09
:1060B0006849884207DC1FFA89F0F62828BFF620D5
:1060C00000F1040902E00120D9FA50F91FFA89FA17
:1060D000614800233246BAF1640F22BFA8F862B0CB
:1060E000A8F812B0A4F842B000970799BAF1630F6C
:1060F00088BF0123FCF7F6FFBAF1630F09D840B15E
:10610000012008F12C02394688F802005248FEF7B7
:1061100091F80BF045F9BAF1630F9DD804289BD193
:10612000DDE90601CA1710EB610142EBE0700B02DA
:10613000000240EA116298F85000C0B3D8F8540049
:10614000D8E912EA039001300290C8F85400D8E967
:106150001070B3EB070B62EB000C4FEADB1141EA66
:106160004C61C9194FEAEC177841B3EB0E03C8E94B
:10617000101062EB0A025B0A43EAC253521213EB9D
:106180000E0342EB0A02C91AC8E912329041090A09
:1061900041EA006298F8510088B112F1B50F4FF052
:1061A000000B04F13807D8BF88F851B054E701203C
:1061B000C8E91032C8E9123288F850004CE7B52A15
:1061C0004FF0000B04F13807FFF646AF012088F8C6
:1061D00051000398A0F2F310B0F5FA6F2FD898F899
:1061E000600098F86110029B08EB4002013000F05B
:1061F00003000329A2F8583008F1580288F860001B
:106200009CBF013188F8611000200B4623B132F8A1
:10621000027B013B3844F9E7884204F138070ED38A
:10622000B0FBF1F040F2FD72A0F2C711914206D826
:1062300080B243F69821B1FBF0F0A8F86200C8F8EC
:1062400054B009E7F00100201804002034A8002011
:1062500000093D00FFF6C2FF18B700202DE9FC47FA
:10626000D0E900588246D8F80000D0F8409019F4E0
:10627000F06FC0F8449035D05FEA495117D5D5E9A1
:106280001401411A504609F00DFED8F8000081694A
:10629000C90605D401688DF807109DF80710F6E7C8
:1062A000296801312960A97B09B90121A973696CA9
:1062B00040684FF0004600F00F0404EA0100B0FA15
:1062C00080F126FA01F1014005D02F6C1FB12A6838
:1062D000AB6C5046B847B4FA84F026FA00F0204080
:1062E0004042A863D5F85801D8F83C1009F040079F
:1062F00040680068D0F804251140394347D0DAE9F6
:106300000064504606F044FFD7B1F07C90B90BE032
:10631000316F69B10068B16EB26F8854306FB16F80
:1063200001310138B167306720688169C906EFD54E
:10633000F07C28B1D6E91401411A504609F0B2FDAB
:1063400096F86400E0B13079022819D017B1B1791C
:10635000012901D0316F99B90024B16E0128346749
:1063600086F86440B46607D1B36CB26FD6F8CC60DF
:1063700050460094B04703E006F17C000BF081F931
:10638000504603F077FCD5F858014068006800F2E9
:1063900004500068D8F83810084228D0D5F8F80022
:1063A00028B3DAE90076504605F082FF504604F043
:1063B00029FB7879012812D1D7F8F40078B997F839
:1063C000E80060B1002087F8E800BB6CD7F8EC105B
:1063D000D7F8FC20D7F8504100905046A047D7F896
:1063E000F80020B93068816B41F4006181635FEA95
:1063F000095023D5D8F8000081690907FCD4016B46
:1064000021F480710163297A91B10020287295F8F6
:106410004400800606D52C6C24B1AB6C504620217C
:106420000022A0475046012109F018FED8F80000CC
:10643000816B21F400618163687908B1BDE8FC8754
:1064400005F58070BDE8FC470BF01BB92DE9FF4155
:10645000DFF8BC81002003900290D8F83840B4B334
:10646000D8F84C0010B9D8F8480070B3D8F84800F4
:1064700060B12069D8F848100969814206D194F8C2
:106480003300C00602D5D8F84C0090B1002702A80E
:1064900087F0010103AA05F077FD0546FFB9F5B1C4
:1064A0000299002900F09D805A480AF0EBFB002772
:1064B00014E0D8F84800C06840880028F9D0D8F81F
:1064C0004800C06840880128F3D00127DFE7524820
:1064D000022128300BF0D9F80027002500242CB326
:1064E0004E48466816B30298B0FA80F0400928403A
:1064F00001281BD1D8F84800D8F84C10039A87F02F
:106500000103CDE9003208F1380208F14003B04739
:10651000012868D0022809D1D8F8480001220123B7
:106520000069D8F84810B1F9301065E0002C204619
:1065300018BF01203840012851D1394821694068ED
:10654000814203D034484FF4806145E0029800282E
:1065500018BF01202840012806D1D8F8480018B9F2
:10656000D8F84C0000284DD008200AF0ABFA94F877
:1065700033004C25C00608F1380058BF48250AF002
:10658000CBF848F80500274BD4E90601C2439A60CE
:10659000DA681043D860C843186058680843214639
:1065A00058600820E5680AF07BF928460AF008F9E7
:1065B000288843F60601411A022906D3B0F5C15FC7
:1065C00003D040F60201884203D1012029460AF097
:1065D00067F911484FF0804128300BF056F8BDE8BC
:1065E000FF8100277BE70398002818BF044601229B
:1065F0000023B4F9301020690092002201F0ECFE73
:10660000BDE8FF81082009F0C3F8BDE8FF8100BFA5
:106610006406002098C40020E80400206C080020D4
:1066200048030020081004402DE9FE4FD0F80080F8
:10663000994614460E46824613B10020C9F8000060
:106640000AF00CFE834698F8070038B198F8640009
:1066500048B10AF0D2FF6FF00805B4E00AF0CDFFB0
:106660006FF00E05AFE0002C4AD0504606F090FDCA
:1066700000200121C8E91A64C8F87040C8F8780001
:10668000C8F8380088F80C0088F80A00504688F8E6
:10669000641008F017FF504603F0ECFA08F14C04C0
:1066A00002AD204629460AF048F8D8F87810D8F804
:1066B00070707218B84238BF0746029910463A46C1
:1066C0000BF000F82046394609F035FBD8F8700089
:1066D000D8F87810C21B3944012FC8F87020C8F8C8
:1066E000781001DBB842DCD198F8041002290CD1F3
:1066F0000020C8F8680088F86400C8F870001CE042
:106700000AF07BFF6FF009055DE0B84215D100206B
:10671000D8F86860012988F86400C8F868000CD1CE
:106720000124584688F810400AF049FF98F80F00F5
:1067300000284BD00AF092FD83460AF05EFF98F8DD
:10674000040008B100252FE0D8F8701008F17C0093
:1067500031B30C990AF0C9FE10B1012088F80C0081
:106760000AF07CFD0446504606F012FD0020C8F8F1
:106770006800C8F8700088F86400504603F07AFAA0
:1067800098F80A6098F80C5020460AF018FF002D7F
:1067900018BF6FF00C05002E18BF6FF00D0503E059
:1067A000002100250AF0A1FE0AF058FDB9F1000F02
:1067B00007D098F8041001291CBFD8F87810C9F840
:1067C00000100AF0FCFE2846BDE8FE8F002598F870
:1067D00010000028AED00AF041FDA8F80F400AF0E2
:1067E000EEFED8F84830D8F87820D8F8CC7050466B
:1067F00031460095B84788F80F50E8E72DE9FE4F7D
:10680000D0E90198D8F80010CA690A62D20740F0AE
:10681000AF80D8E904014FF0000A4FF0000B0843A5
:10682000D9F8CC1049680968C1F8040509F13000AD
:10683000029009F1C8000190BBF1010F00F2A180A4
:10684000D9F8C000002800F09C80D9F8E010DC22C4
:10685000D9F8CC702023002908BFD82208BF1823FC
:1068600058F803404FF0240308BF1C237F68D8F872
:10687000146058F803303F68D7F80455354211D0FA
:10688000A46864070ED10468D9F8D050A54209D194
:1068900044693CB9D8F80040656A25F00205656294
:1068A000C7F804659B685B0702D00BF1010BC3E7D7
:1068B00059F80230002BF8D049F802A0B1FA81F162
:1068C000D9E934424909006849011A448442C9F8A7
:1068D000D420C9F8E01028BF82420CD24846414675
:1068E00000F0D0FE99F8FE000028DED00AF0D4FABD
:1068F00018BF8862D9E70AF0B1FCD9F8C820D9F8E6
:10690000C010019B81F810A022B113465269002AE1
:10691000FBD114331960C9F8D4A04A69C1F814A096
:10692000D9F8E01000294FF0DC01C9F8C02008BFF9
:10693000D82159F80110C9F8D0100AF040FED9F852
:10694000C00058B14846414600F09CFE99F8FE0050
:1069500050B10AF0A1FA18BF886205E0D8F800002B
:10696000416A21F00301416202980AF090FE9CE71F
:10697000D9F8C0203AB103211174BDE8FE4F05F0EB
:10698000BBBABDE8FE8F486820F002004860486A44
:1069900020F003004862D8E904021043D9F8CC2063
:1069A00052681268D062C2F80405486920F00100FC
:1069B0004861012008624046BDE8FE4F09F043BD32
:1069C0002DE9FC4F83F0004301E02DE9FC4F1F034C
:1069D000FF0847EAD2574FEA42284FEA43095FEAE5
:1069E000595906D147EA080A1CBF00210020BDE81A
:1069F000FC8F57F000575FF4E06E1EF1FF0EF1457B
:106A000005D14FF00000190D0905BDE8FC8F002BE2
:106A100005D55FF0000AD8F100086AEB07070C0300
:106A2000E40844EAD0544FEA40254FEA4106760D87
:106A300008D144EA050A19BF002100201946104672
:106A4000BDE8FC8F44F00054764504D10020090DC8
:106A50000905BDE8FC8F002904D55FF0000A6D42EE
:106A60006AEB0404B6EB090E08D5A2463C4657462D
:106A7000AA464546D046CEF1000E4E46BEF1360F30
:106A80005CBF4FF0000B23E0BEF1000F04BF4FF0DE
:106A9000000B1AE0CEF1390ABAF120092EBF08FA2C
:106AA00009FB07FA0AFB4BEA080BDEF1200A07FA9A
:106AB0000AFA38BFBA4647FA0EF72DBF28FA0EF881
:106AC000AEF1200E4AFA0EF8D04415EB08057C41D1
:106AD00054EA050A02BF00210020BDE8FC8F002C0B
:106AE00058BF4FF0000A06D55FF0010A5FF0000EB4
:106AF0006D426EEB0404A6F101066D006441FAD507
:106B000015F4806E11D005F480794BEA090B15F568
:106B1000806554F1000428BF761C0BD205F400797F
:106B20005BEA090B08BF25F4006525F4E0656D00FC
:106B300044EB0404B61CDEBF00210020BDE8FC8F3E
:106B40005FF4E06E1EF1FF0E76450AD34FF00000B1
:106B500013F00043FF21C900C91D09051943BDE811
:106B6000FC8F270547EA1530210B41EA065141EA1F
:106B7000CA71BDE8FC8F70472DE9F04F8FB06349B3
:106B8000012008700AF096F803F00AFE604C0B2012
:106B90000121A047182000210027A0475D485E4D35
:106BA000A8470B200AF0C8F901200AF0CFF91620F7
:106BB0000021A04742F21070A84716200121A047EB
:106BC0005648A847112007F045FF4FF47A70A847B0
:106BD000112007F03FFF4FF47A70A84701A84FF04B
:106BE00005094FF0030A4FF0000800F10C040BA850
:106BF000851CB9F1000F35D0012006F087F938B3B4
:106C00002020AF81AF606F602F60CDE90977CDE9BB
:106C10000777C4E90077A760ADF82C0007A80390B8
:106C20000BA8CDE901A001A80AF05CF806469DF882
:106C30001EB0012007F0A4F8322009F0E3F9002E7D
:106C400018BFD84604D0A8F10100C0B2FE280ED368
:106C5000112007F0FFFE4FF4FA6009F0D3F9A9F113
:106C60000109C6E7A8F10100C0B2FE2846D2DFF84C
:106C70009C902B4E01250220E02189F8015089F8D3
:106C80000280B0472348244CA04701200121B0478F
:106C900003201021B04704204021B04705200021E7
:106CA0004FF00008B04706202C21B04707200C21E8
:106CB000B04709200021B0470A208721B04718209B
:106CC00001210AF0B5F944F62060A047154F1120C4
:106CD000B8474FF47A70A0471A20B8471248A04727
:106CE0001120B8474FF47A70A0470A200721B04717
:106CF000042089F8008002F02FFA03E00348002501
:106D00000570457028460FB0BDE8F08F920800204E
:106D100031100100A08601000500010040420F0073
:106D2000A9E0000055EA000020A107002DE9F84F76
:106D300083464FEA8209DDF828C05FEA094008BFB0
:106D40004FF448799BF81A520BF20222032622F8DC
:106D50001590BCF1000F18BF0226DBE96570F14009
:106D600027FA06F43944091B6C1C0C25B4FBF5F515
:106D7000CBF89411091A05EB4505A4EB85048BF8B3
:106D80001A4288BF00EB910041080B9CCBE96701D8
:106D90009BF81B120B299CBF01318BF81B120E466E
:106DA000002526B132F8020B013E0544F9E7B5FB98
:106DB000F1F09BF8FBA10BF5DD7881B2ABF8FE0199
:106DC0008808ABF8FC019BF8FA0128F81090013014
:106DD00000F01F07BAF1200F8BF8FA713CBF0AF1DF
:106DE000010A8BF8FBA10120A4F8089063605FFA08
:106DF0008AF520704EF66020B0FBF1F1E1729BF84D
:106E0000201221F050016CF3861121748BF82012AE
:106E10001FFA89F100EB5100B0FBF1F0C0B21E285F
:106E2000014698BF1E21DC2888BF6FF02301002097
:106E3000A172022D01D2A0813DE02946424621B136
:106E400032F8023B01391844F9E7B0FBF5F20020B3
:106E50002B464646002133B136F8024B013BA41ABB
:106E6000C4FB0401F7E72A46002300260AF0AAF82B
:106E700009F009F90B996A1E0025D3B28881A7EBA6
:106E80000A000021ECB29C420ED22C18013504F00D
:106E90001F07013404F01F0438F8177038F8144045
:106EA000E41BC4FB0461EDE7304600230AF08AF8D6
:106EB00009F0E9F80B9CE0810020ABF80092CBF8D8
:106EC000B001CBF8A401BDE8F88F0021017570472F
:106ED0002DE9F84F2DED085B90463022009101908E
:106EE0009FED591B55EC104B02708DED040B29469C
:106EF0009DF8170053EC112B80F080008DF81700DF
:106F00002046CDE9023205F09EF904999FED500B21
:106F100000284FF0000908BF2146059808BF284601
:106F200055EC10AB9FED4E0B40EC181B5BEC104B7F
:106F300056EC187B52462B463846314605F0AAF9E6
:106F400050B13846314622465B460AF0A4FB41EC7C
:106F5000180B09F10109EBE79FED3F0B2646474669
:106F600058EC104B55EC18ABDDE90232504629467F
:106F700005F05CF988B9504629462246434605F09B
:106F800062F950B15046294632465B460AF085FB0D
:106F900041EC180BA9F10109E4E75046294607F036
:106FA00023FC019901F10108414606F03FFE00EB88
:106FB0000901BA46396008EB000700984844451CAF
:106FC000012D1BDBB14656EC184B2046314607F02D
:106FD0000BFC08F023FF02460B4620463146FFF724
:106FE000EFFC4A465B460AF058FB41EC180B07F0F1
:106FF000FBFB303007F8010B013DE4D117F8010C21
:1070000035280DD3B81E3021027801320270D2B279
:107010003A2A02D300F80119F6E70199884208D00C
:10702000002007F8010C4046BDEC085B01B0BDE84C
:10703000F08F0020DDF8048007F8010CDAF800007A
:107040000130CAF80000EEE7000000000000000078
:107050000000C0FFFFFFDF41000000000000F03F24
:107060000000000000002440B0B560480021604CE2
:10707000016094F83A01032812D002282ED001288A
:1070800040F0AF8094F8400105F0F2FB002084F856
:1070900040015948817B0220002908BF06209EE05C
:1070A00054480168B1F5C060C4F82C01B8BFC1F5FF
:1070B000C060D4F81011002900D5494288422ADD69
:1070C000D4F8140109F02CFAD4F8180109F03AFAAE
:1070D000D4F8280109F05AFA01201DE04548056856
:1070E00009F0E6FFC4F8140109F0EAFFC4F818013A
:1070F00009F0EEFFB5F5C061C4F82801C4F810111D
:1071000009D094F830215AB1D4F81401D4F82021D0
:10711000D4F82C110AE0002084F8300106205EE04B
:10712000C4F82401D4E94502C4F82C110223C4F8A0
:107130001C01002901EB410148BF6FF00103194414
:10714000042391FBF3F111440029C4F820110FDD51
:107150001F2931D3D4F824212AB33E28A8BF3E20CA
:1071600001302929A8BF2921C4F81C010B3909E0E5
:10717000D4F82421032A09D111F1140FD8BF6FF0DC
:1071800013011531C4F82011002113E00128D8BFE4
:107190000120013811F10A0FD8BF6FF00901C4F8BE
:1071A0001C010B3103E03329A8BF33211539C4F882
:1071B00020110321C4F8241109F0B2F9012009F0CB
:1071C000D3F9D4F8200109F0BDF9D4F8240109F06D
:1071D000DDF9A5F2FF510420032938BF0620C4F8C9
:1071E0003C01BDE8B04001F031BF00BF3C500C4055
:1071F0000000002008400C40EC3101002DE9FF4761
:10720000D0E901590E4604460AF028F895F8FD1019
:1072100021B97169102901D8032906D80AF0CFF9DC
:107220000024204604B0BDE8F087012785F8FD70F2
:107230000AF0C5F900204E4A85F8FC00C5E9300087
:10724000C5F8C80085F8FE003069C5F8E40070692B
:10725000C5F8E800307B85F8F9000028317885F81A
:10726000F8107168C5F8EC10B9F80E10A5F8F61012
:10727000317E52F8211085F8FA1008BF1027C5F8A2
:10728000F07099F80C0003F001FF204607F040F879
:1072900099F83B00374985F8FB008A46D4E9018715
:1072A0003A6B97F83A0003F099FE7A6B98F8FB0076
:1072B000514603F093FE98F8F91097F83800012929
:1072C00015D1FA6A514603F089FEBA6A97F8390077
:1072D00046F2020103F082FE98F8FB00264909F00D
:1072E000B9FB98F8FB00214609F0C2FD0AE0BA6A32
:1072F00046F2020103F072FEFA6A97F8390051462D
:1073000003F06CFEE846404609F09AFE99F8050045
:107310001A4A4346CDE90040284699F8041007F080
:107320004BFE404609F0F4FED9F8080014494246E5
:107330000094029005F1300008F0C0F906F026F93B
:10734000104AC5F8CC0005F11C000421234609F0C1
:107350002FF995F8F80008B1B06805E005F16C0068
:10736000002109F0BDFA0848C5F8BC0059E700BF84
:1073700030310100026000207D9A0000FD670000AE
:10738000F5E30000E9130100A1150100FEB5044674
:107390005A480078A04213D908780D46012801D137
:1073A000686868B16878012801D1A86840B1544F75
:1073B00057F8346009F052FFF17921B10AF0FFF873
:1073C00000242046FEBD07EBC40401216768F1716B
:1073D0000AF0F5F8002005F1040C7074F081B0603B
:1073E00030602988B180A98BC6E93D00C6E90E004E
:1073F00086F86400B186297D2B69B1719CE806107E
:10740000C6F85021BCF1000FC6E910C34FF0FF329F
:10741000C6F8CC10A969C6E93B203163A97F86F87C
:107420003610296AC6E91A00C6E91C00B16486F85C
:10743000E800C6F8580102D13249C6E9101097F8A1
:10744000400003F023FED7E9031206F14C0009F0D7
:1074500057FED7E9051206F1D00009F051FE2A497E
:1074600038680968C96888477A6C97F8240046F23A
:10747000020103F0B3FD254DBA6C97F820002946B0
:1074800003F0ACFDF86901280CD1FA6C97F82800DC
:10749000294603F0A3FD3A6D97F82C0046F202014D
:1074A00003F09CFD06F072F8C6F85801204601F082
:1074B000E5FF174A06F5AE700421234609F078F877
:1074C0006D46284609F0BCFD387A7968114A2B468A
:1074D0000094019006F1140007F06EFD06F17C00A7
:1074E000002109F0FDF906F58070002109F0F8F996
:1074F0003868D7E90C121060486062E78B360100EB
:1075000068350100AFC20000D00100100260002009
:10751000FD0E01005D6200002DE9F84FD0E900B7D3
:10752000984616468946054613B10020C8F8000063
:107530008EB109F066FC824609F090FE04469BF885
:10754000070060B19BF8E80078B10AF044F86FF0EA
:107550000800BDE8F88F6FF00900BDE8F88F0AF069
:107560003AF86FF00E00BDE8F88F00200121CBE95A
:107570003B96CBF8F460CBF8FC008BF8E810CBF826
:107580003C008BF80D008BF80B000BF58070002190
:10759000009009F0AAFF384609F0D2FEBAF1000FB8
:1075A00002D19BF8050070B3284603F02BFA0AF0CD
:1075B00012F89BF8050068B90A99009809F095FF40
:1075C00010B101208BF80D00284604F071FE002058
:1075D0008BF8E800B8F1000F1CBFDBF8FC00C8F81E
:1075E00000009BF80B0030B100208BF80B006FF00F
:1075F0000D00BDE8F88F9BF80D00002818BF6FF054
:107600000C00BDE8F88F09F0E6FFD5E9007497F8A3
:107610004400C00615D5D7F840C0BB6C28461021E1
:107620000022E0470DE0D7F8FC00314609EB0002EC
:10763000204608F0C7F8D7F8FC10361A0144C7F8FE
:10764000FC10002EEFD1204609F06AFD0028FAD088
:10765000204609F069FE97F84400800605D53C6C89
:10766000BB6C284620210022A0470020B8F1000F63
:1076700087F8E800C5D0D7F8FC00C8F80000002063
:10768000BDE8F88F2DE9FC4FD0F8C080D0F8D0C00D
:10769000D0F8E820D8F80030C346E6469C4511D320
:1076A000D8F814B0BBF1000F00F0898090F8FC30DE
:1076B00005244FF0000E002B08BF0124DBF800303A
:1076C0008BF81040A3EB0E05A2F1080AB5F5806F08
:1076D00028BF4FF48065D0F8D82032B101F12003E3
:1076E00001F12402C0F8DC5005E0C0F8D85001F1E7
:1076F000180301F11C020026BAF1000FC8BF0126D1
:10770000DBF8044012681F68CDF800E07CB1354B0F
:1077100053F82630BB6005FA06F30126BAF1000FD4
:10772000C8BF02260EFB06332344013B05E02E4B67
:1077300053F82630BB6000F1F6033B6043F6F0746B
:107740000191D1F8009004EB0516264009F1080ECE
:10775000C7F804E0BC683443BC600024BAF1000FF1
:10776000C8BF0124DBF808709FB16146DFF87CC018
:107770005CF824308C46936005FA04F30124BAF1D6
:10778000000FC8BF0224009901FB043139444C1E8C
:1077900005E0154951F8241000F1F404916054609B
:1077A000C2F800E0916831439160C34504BF05EB26
:1077B0000C01C0F8D01090F8FE10019A09B1BDE894
:1077C000FC8FD9F8241041F00301C9F82410D0F837
:1077D000CC00D2E904124068114300688162BDE820
:1077E000FC8F00BF18310100203101002831010059
:1077F0002DE9F84354EC105B554AE04310420DD19B
:10780000284621462A46234609F047FF2A462346B2
:10781000FFF7DBF841EC100BBDE8F883002C04DD2A
:10782000201590B191462A4626E024F000402843D6
:1078300000F08680B4F1FF3FF2DC09F0ADFE9FED71
:10784000420B21210160BDE8F883002024B96905BD
:10785000EC0A15380D46F9E791460021E20202D400
:1078600001316400FAE7C1F12003401A05FA01F280
:1078700025FA03F301301C430121A0F2FF3C4FF035
:10788000000861F31F545FEACC701EBF600040EA3D
:10789000D27452000025600040EAD2744FF4001008
:1078A000520060B14119A142DCBF80440D18611A39
:1078B000B8BF21464008490041EAD274F0E74FF0D2
:1078C000000E4FF000470020FFB1C119AC4212DD9D
:1078D000641B00260023BE448A4238BF013C0029B5
:1078E00048BF0126C819B0F1FF3FC8BF012333408C
:1078F000521A1D4403E002D18A42E9D225466100B2
:107900007F0841EAD2745200DEE752EA040009D04F
:107910001EF1010019BF0EF00100864408F10108B4
:107920004FF0000E09F100410A4A4FEAC87001EA1F
:10793000CC4140EA5E0001EB6801114441EC100BC0
:10794000BDE8F88300BF00BF000000000000F87F22
:107950000000F07F0000E03F2DE9F84F2DED028B95
:107960009CB054EC105B9FED4C0BD0F808B08846EF
:1079700081462846214657EC106BBBF1FF3FDCBF28
:107980004FF0060BC9F808B032463B4604F068FCDD
:107990009FED430B00281CBF3C4635462846214638
:1079A00044EC185B53EC102B04F040FCB8BB9FED8B
:1079B0003E0BCDE900B947464FF0000A5BEC106B77
:1079C0009FED3B0B55EC104B58EC189B32465B4639
:1079D0004846414604F037FC50B1484641462246ED
:1079E0002B4609F05AFE41EC180BAAF1010AEBE70D
:1079F000DDE900B9B84656EC187B22462B463846DE
:107A0000314604F03AFC60B13846314622462B46F6
:107A100009F041FE41EC180B0AF1010AEBE74FF0C7
:107A2000000AB0EE480A03A802AA5946F0EE680A16
:107A3000FFF74EFA029D0446022D09D1204609F0B7
:107A4000D7FB204400210AF1010A012500F8011C9E
:107A500099F80C105046424606F0FFFAD9F8082073
:107A600020462946434607F0C7FE204609F0C0FBE2
:107A7000854206BFD9F80000C0F3C00201222946A2
:107A80004346204605F088F81CB0BDEC028B01B0DF
:107A9000BDE8F08F00BF00BF000000000000F0FF55
:107AA0000000000000000000000000000000F03FA7
:107AB00000000000000024402DE9B04F2DED0A7BAE
:107AC000DFF834810546002498F80000012840F0D2
:107AD0008D809FED4A8A4A48E946B1EE00BA4FF0E0
:107AE000000B082D38BF40258246B0EE48AAB0EE04
:107AF000489A002D48D048460621ADF8044000942D
:107B000005F0CEF9D0B39DF805009DF804100BF1F7
:107B1000010B41EA002100070A466FF3DF2248BF4C
:107B200041EA0A0200EE102A9DF803309DF8000099
:107B30009DF801109DF80220B8EEC00A40EA01202D
:107B400000EE0B9A42EA03271B073A466FF3DF2247
:107B500048BF47EA0A0200EE102A09070246B8EEBB
:107B6000C00A6FF3DF2200EE0BAA48BF40EA0A0208
:107B700000EE102AB8EEC00A00EE0B8A41F28830FF
:107B800008F040FA013DB4E7BBF1000F2DDD00EE37
:107B900010BA9FED203A4FF07E509FED1D2AB8EEAF
:107BA000400AC8F8100017A08AEE001A88ED021AE1
:107BB00088EE001A89EE000A88ED011A9FED131A6B
:107BC000B4EE410AF1EE10FAB4EE430A48BF0430B5
:107BD00090ED001AF1EE10FAC8BFB0EE421A30EE86
:107BE000010A012488ED030A00E000242046BDECD0
:107BF0000A7BBDE8B08F00BF8807002000000000AE
:107C000000F0FFFF00007AC400007A440000FAC3CD
:107C100000007AC40000FA432DE9F047012816D18C
:107C2000DFF830A1DAF83401012813D10220CAF8B4
:107C3000340108F00BF90120012407F0EDFF60B1D9
:107C4000CAF8344108F0FCFD4FF0FF347FE06FF0DC
:107C500001047CE06FF0040479E09AF85A419AF844
:107C600059119AF85801002C18BF0124002918BF97
:107C70000234002818BF0434012009F025FB013824
:107C800018BF01209AF83811B1FA81F1490910EAB8
:107C9000010902D1002002F0B5FCDAF808002E4DEF
:107CA00010F0010807D12D4F286A816838468847AF
:107CB0000428F9D00646404609F00DFCB8F1000F43
:107CC00008D1012E04D1286A012142682348904737
:107CD00009F0E6F928684169204688479AF8540176
:107CE00018B14FF4806009F0F5FA9AF8530118B111
:107CF0004FF4816009F0EEFA194801210160032078
:107D00000021CAF8340117480160204606F01AFE27
:107D10000128FAD1144E3068042007F07DFF044694
:107D200012480125B9F1000F0560306802D1012029
:107D300002F068FC09F0F4FB082007F06DFF044333
:107D4000CAF8345118BF4FF0FF3408F079FD2046CF
:107D5000BDE8F08700000020B8010010004003409B
:107D6000282008600C2008402C2009400C400940C5
:107D7000B0EEC01A10EE100A11EE101AB1F1994FC0
:107D80000CD3B1F1FF4F84BF30EE000A70474CA115
:107D90000028C8BF043191ED000A70473F4A914264
:107DA00010D29FED3F1AB7EE002A4FF0FF3330EEAE
:107DB000011AB4EE421AF1EE10FA38DDB1F1665F45
:107DC00035D2704702F5380399420DD202F5A0036F
:107DD00099421BD2B0EE000ABFEE002A002331EE1A
:107DE000000A31EE011A18E002F19E73994219D28D
:107DF000B7EE080AB7EE002A022301EE002ABFEE12
:107E0000080A31EE000A80EE020A10E0B7EE000A1E
:107E1000BFEE002A012331EE000A31EE021A81EE94
:107E2000000A04E0BFEE000A032380EE010A20EE00
:107E3000002A9FED1C1A9FED1C4A9FED1D5A91428E
:107E400022EE023A03EE014A23EE041A9FED174A8E
:107E500003EE045A9FED174A03EE054A22EE042A68
:107E600031EE021A02D200EE410A70471249002890
:107E700001EB830191ED002A104910EE012A01EB7C
:107E8000830191ED001A32EE400A31EE400AB1EE64
:107E9000401A48BFB0EE410A704700BF0000E03E04
:107EA000CAF249714712DABD98CA4CBE25AC7C3D76
:107EB0000DF5113EA9AAAA3EAC2F01009C2F01008E
:107EC000DB0FC9BFDB0FC93F2DE9F047DFF8349165
:107ED000D9F840A0BAF1000F00F088800AF10C0236
:107EE0000820FF2151FA80F0C3B21B1A18BF0123EA
:107EF00012686AB163B11388A3F60303012B01D999
:107F00000432EFE7DAF8100092E8FA003830FAC0ED
:107F1000DAF808200025DAE90A10CAE90A55B2B1F0
:107F200010F0E2440CD021F00F0220F0E2434FF0B9
:107F3000000852EA030005D009F045F9B04701E016
:107F40008846044609F03FF942462346B04709F007
:107F500085F90446B9F8560001306FF31F30A9F8CF
:107F600056004FF6FD70AAF8300009F140008AF87B
:107F7000335008F0D1FB204609F021FBB9F8560038
:107F8000B9F85410884231D11F48204940680D6823
:107F900030B190F8FC200720002A08BF052000E03F
:107FA00005204C6804F010FF55B195F8FC00002145
:107FB00000284FF0000008BF286885F8FC1000E09A
:107FC000002044B194F8FC200021002502B9256866
:107FD00084F8FC1000E00025A84288BF0546681C14
:107FE00004D02DB9BDE8F04708F050BDBDE8F087DA
:107FF000FBF740FDB5FBF0F10548BDE8F04708F0A0
:1080000041BE00BF6406002048030020E8040020B1
:1080100054C400202DE9FC4191EA03084CBF4FF005
:1080200000484FF000084FEA03354FEA1535560077
:108030006D4176006D414FEA43075FEA575711BF24
:1080400045F4800500210020BDE8FC8140F2007E5F
:108050001EF1FF0E774578D04FEA01334FEA133314
:1080600042005B4152005B414FEA4104640D11BF85
:1080700043F4800300210020BDE8FC81744564D0F6
:10808000E41B002100205FF0370EAB4200D1B2426A
:1080900005D340414941921B63EB050301E0404198
:1080A0004941BEF1010E05D053EA020702D0520049
:1080B0005B41EAE7BEF1200F09D2BEF1170F0CD3E6
:1080C000CEF1200720FA07F100FA0EF00FE0AEF132
:1080D000200E00FA0EF1002009E001FA0EF1CEF1B7
:1080E000200720FA07F741EA070100FA0EF011F421
:1080F000800F06D1401C51F1000140004941641E2F
:1081000002E0801C51F1000111F4000F1ABF641C41
:1081100021F4000121F4800140F20037FF37E41917
:10812000DEBF00210020BDE8FC8107F58067BC426E
:108130000BD249084FEA300049084FEA300041EAC3
:10814000045141EA0801BDE8FC810020FF214FEA0B
:10815000C101C91D4FEA015141EA0801BDE8FC8196
:108160002DE9FF47044645480078A0420AD9444F0C
:108170000D4657F8346009F071F896F8E01031B107
:1081800009F01DFA0024204604B0BDE8F08707EB93
:10819000C4044FF00109D4F804A086F8E09009F077
:1081A0000EFA9AF8100002F071FF364F002D18BF3A
:1081B0002F46354DF868411C002808BF0AF113010D
:1081C000097808BF0AF11100007886F825112946C0
:1081D00086F824019AF8122002F000FF9AF8142081
:1081E00096F82501294602F0F9FEDAF800004FF072
:1081F00000086D46C0F81088397831707968716070
:10820000397AC6F82011C0F81C98284608F018FFE3
:10821000DAF808001D4A2B46CDE9004006F11400AB
:10822000DAF8041006F0C8FE284608F071FFDAF804
:108230000C0017492A460094029006F1E40007F06A
:108240003DFA06F13000012108F04AFB307830B9E0
:1082500006F18000002108F043FB0E4870602046C4
:10826000C6F81080C6F80C8005F00CFD0A4A06F529
:1082700096700421234608F09BF984E76F330100D0
:1082800060350100E032010000400024659D0000DF
:108290008DB6000009150100850E01004949487995
:1082A00000B170470878DFE800F0044E141C0C623F
:1082B0006E2B8879012861D1464890ED000A03F0C1
:1082C000BFBB898A40F2E730814238BF084604F0DC
:1082D00057BA8879012851D13E4890ED020A03F03F
:1082E000AFBBC879012849D191ED080A9FED381A32
:1082F000B4EE410AF1EE10FAA8BFB0EE410A30E048
:10830000C87801283AD13048BEEE002AB6EE001AED
:1083100040F2E73190ED190AB5EE400AF1EE10FA9D
:10832000A8BFB0EE412A30EE020ABDEEC00A10EE40
:10833000100A002848BF404200B28842B8BF014638
:1083400088B204F01DBA8879012817D12148B2EE0D
:10835000041A90ED010A80EE010AB6EE001A30EE22
:10836000010ABDEEC00A10EE100A04F009BA487AFC
:10837000012803D191ED090A03F062BB2D202D21C4
:108380002D2206F0CDBB10B50F48002340F2EE249D
:1083900090F843206FF0250050FA82F0B7284FF094
:1083A000000038BFD0B2094AD2F8B021A24228BF9B
:1083B0001846C98A002918BF0121BDE8104003F002
:1083C000F1BA00BF18040020F001002018B7002007
:1083D00000C07944640200202DE9F84F4FF00054AA
:1083E000002A994616460F46804618BF4FF0804433
:1083F0004D1C08F033FF824635B140463946002215
:1084000006F0C2FA07460FE03C48816C11B10969D9
:10841000414506D0C16C11B10969414503D0876B54
:1084200002E0876C00E0C76C37B197F93300B0F118
:10843000FF3F03DD04245BE0032459E0DFF8BCB018
:108440000A9DDBF84800874218D0DBF84C008742D1
:1084500029D0404639464A462B4603F0D9FD00282C
:10846000E8D02748017E012941D0007E04283ED073
:1084700024482549283009F008F938E0DBF848009D
:108480000022234607F0A2FE08F006FF1F48002E38
:1084900018BF00F5803008F093F9F5B1DBF848001B
:1084A00009F00FF80CE008F0F7FE1848002E00F174
:1084B00000501CBF0120C2F2024008F081F965B1F2
:1084C000DBF84C0008F0FDFF38690E49086291F8AE
:1084D000240040F0010081F82400B9F1000F06D01B
:1084E000DBF83810404601222B4603F091FD83242F
:1084F000504609F064F82046BDE8F88F6406002075
:1085000048030020E80400200200004001000104AC
:108510002DE9F84F2DED086B0C4601460020002A8E
:108520007DD0002B7BD008461546039307F076FCE0
:108530009FED3D0B53EC102B09F0ADF895ED120BB0
:1085400083468A465A46534651EC100B09F0A5F86B
:10855000064620460F4607F061FC02460B463046B1
:108560003946FEF732FA9FED320B04460E4651ECC7
:10857000100B9FED310BCF0F3146204658EC109B6E
:1085800067F3DF714A46434603F05DFE60B995ED3F
:10859000020B4A46434651EC100B029167F3DF7120
:1085A000019003F050FE08B1002038E058465146D3
:1085B0002246334609F06FF89FED210B53EC102B48
:1085C00009F06BF895ED000B95ED048B95ED069B8E
:1085D00053EC102BFEF7F4F9DDE9012306460F46B4
:1085E00009F059F802460B4651EC190BFEF7EDF96C
:1085F00004460D463046394632463B4609F04DF8B2
:1086000002460B4651EC180B09F047F822462B4660
:10861000FEF7DBF904F0A0FB039908600120BDEC34
:10862000086B01B0BDE8F08F00000000000028409A
:1086300000000000000000008DEDB5A0F7C6B03EC0
:1086400000000000000020412DE9F04790460C4654
:1086500006464FF001096068D6E9007A10B9E06873
:10866000002848D008F0FAFD3978012901D1F968CD
:10867000B9BBFC603C61C4F8149008F0A0FF07F19E
:1086800030050021284608F030FF013008D1387845
:108690000128E0D02846414608F027FF013030D0BD
:1086A000387820B907F18000002108F01EFF08F09B
:1086B0008CFFDAF8040008F0D0FF3046214604F0C1
:1086C00033FA8146DAF8040008F0C9FFB9F1000F67
:1086D00002D008F077FF44E0387808B34FF0000983
:1086E0003FE0F96849690A3110D16FF00A01616110
:1086F000D4F8149011E06FF00A006061D4F814907F
:1087000032E06FF00209C4F814902DE001214FF01F
:108710000009616139693C61CC6108F050FF23E0D8
:1087200007F180094146484608F0DFFE013016D1C6
:1087300008F094FD8046F86870B1304607F0E2FC1E
:10874000404608F03CFF48464FF0FF3108F0CDFEB0
:108750006FF00200606102E0404608F030FFD4F89C
:108760001490284608F08DFF4846BDE8F087704712
:108770002DE9F0410546880058BFBDE8F081002092
:10878000002405F0CFF93D493D483E4FCC610860DB
:1087900040F60A008846B887FC8797F8480000F042
:1087A000F00087F848003C6497F8490000F0F000BA
:1087B000013087F84900284602F0C4FEAC68012069
:1087C00021460E46496849B10A88A2F60302072AE3
:1087D000F7D800FA02F212F0830FF2D0707B00F0AB
:1087E000F000707307F13C0070602748806B28B17F
:1087F000C0680088A0F6030002281AD3284630F883
:10880000381FB1B10021E9636987386495F84400E5
:1088100095F8451000F0F00085F8440001F0F000F4
:10882000013085F8450097F8490000F0F00087F81E
:10883000490008F04FFB1548F86197F8250030B162
:1088400007F0B0FC0028FBD005F042FE0BE0012051
:1088500008F03AFD012806D0707B00F0F0000130EE
:1088600070730B48F86100202146C8F81C00C8F856
:1088700000400120BDE8F04108F012B800100440AB
:1088800001010E044803002064060020E5350000C5
:1088900079E200002DE9F04F89B0DFF80CA1054620
:1088A0000C469AF80000002870D000200DF122023A
:1088B00043F6FF71ADF822003A2005F051FE06465E
:1088C00000286CD0BDF82270F80756D027F00102BE
:1088D0003A2043F6FF7106F0E7FB4FF00008DFF89F
:1088E000CCB03A2044F20501ADF82080ADF81E80EE
:1088F00008AAD8470DF11E023A2044F20801D847D1
:10890000BDF91E00ADF81C80ADF81A8044F20601D6
:10891000BDF92090804607F07C0044F20707042848
:1089200008BF44F2040708BF44F2030107AA3A2033
:10893000D8470DF11A023A203946D847BDF91A0036
:10894000DFF870B0BDF91C704146039018485A46D4
:10895000CDE9040005AB4846FFF7DAFD68B104A88D
:10896000039B41463A46CDE900B04846FBF794FFE9
:1089700018B1DDE90410CAE9010115B1DAF8040003
:10898000286064B1DAF80800206008E015B1DAF870
:108990000400286014B1DAF8080020600026304690
:1089A00009B0BDE8F08F00BF4408002061E5000079
:1089B0000000C841D8C200202DE9F04387B0DFF89D
:1089C000F88081462025EFF3118085F31188D8F8CF
:1089D00038501DB180F31188002569E0C8F838903F
:1089E000364F80F311880020C9F80C104FF4803105
:1089F000C9F81C20C9E91200C9E90801002B18BFF9
:108A00001F46D7E90116C9F81810397B012905D18D
:108A1000C9E91060C9F8146030460CE0284A3146B4
:108A20000023002508F0CEFAC9E910012549C9F84C
:108A300014008E423CD897F800C0DFF88CE000218B
:108A4000C9F85C10C9E91510BCF1020F08BF014656
:108A5000C9F8501001AB9EE8F5001946BCF1000FB3
:108A6000F5C108F124001A4ACDF808900090174883
:108A700008BF0246142109F1280007F017FE054639
:108A80002020EFF3118180F3118881F3118899F888
:108A9000100010B9484605F0CFFD35B108F130009F
:108AA000494608F047F84D4602E00025C8F838501E
:108AB000284607B0BDE8F083D80200201830010036
:108AC00040420F003F420F0078310100DDF5000009
:108AD000411101001EF0040F14BFEFF30981694634
:108AE0008869A1F1480214BF82F30988954621EDF7
:108AF000100BF1EE102A41F8082DEFF3118102B4AA
:108B000000B5DFF8D8E0F047374A1268116801EA8B
:108B1000000010605DF804EB1EF0080F09D101BCE5
:108B200080F311885DF8080BE1EE100ABDEC100B24
:108B3000704704BC1EF0040F14BFEFF309816946AF
:108B4000A1F1200114BF81F309888D464A604FF0DE
:108B50008070C86125488861234B1B6818680860CD
:108B600040F201101860704702B401B4EFF31481B1
:108B700000291CBF002282F3148802B402B4DFF87B
:108B800060E0F04701BC01BC00281CBF022181F35A
:108B9000148801BCDFF84CE0F0470F484FF08051DB
:108BA000016001BC80F3118800BF00BFFFF7FEBF6A
:108BB0001EF0040F14BFEFF30981694601F1200193
:108BC00051F8080BE1EE100AB1EC100B14BF81F361
:108BD00009888D46704700BF04ED00E0E5CF000036
:108BE000371601003D160100AC360100688B00000D
:108BF0002DE9FF413B4E96F8420100286AD1012041
:108C000086F8420108F06CFB374F86F87001374D4B
:108C10007868C6F86C01387B86F84101A86810F4C2
:108C2000402F13D1386988B128686421C0F30660E9
:108C300000FB01F4FAF71EFFB4FBF0F22C4906F139
:108C40009400002306F040FF08F022FA01AC204611
:108C500008F0E2FB2749A846002506F10C00002297
:108C600008F08EFA204608F0D7FB234906F15000A1
:108C7000082208F085FA214A06F1D80032210023A3
:108C800006F09AF91E4C1F4A06F1F4002C2100232D
:108C90002560454606F090F9D8F80800797BC0F3C6
:108CA000815021B1032804BF012186F8391103281E
:108CB00003D040F00200022810D1206840F04000AC
:108CC0002060022006F030FF6868400702D40020D0
:108CD00006F02AFF002004B0BDE8F08106F0BAFBE0
:108CE000F2E700BF00000020EC310100AC4F005063
:108CF0000D120100B7D60000FDEC000079CF000096
:108D000090220840697000002DE9F8431D46434B4E
:108D1000DDF8208043F606061C68038814F0007412
:108D200011D0B34227D0B3F5C15F33D040F602066D
:108D3000B3423ED100F112030B60416911608169B9
:108D40002960C1692EE0B3420AD0B3F5C15F03D0F8
:108D500040F60206B34203D100F11203143002E0E0
:108D600000F11A031C300B600068106000202860BE
:108D7000C8F800004BE000F11A034FF000090B6047
:108D8000C1691160016A2960416AC8F8001000F1E8
:108D900018011CE000F112030B6041691160416A87
:108DA0002960816AC8F8001000F1100190F80F9056
:108DB0000DE000F11A030B60C1691160816A29603E
:108DC000C16AC8F8001000F1180190F824902868D2
:108DD00068B10E8808F0E2F9042808D8074606F0C2
:108DE0000701484604F088FD296841F82700D8F8B3
:108DF000000060B108F0D2F9042808D805464846BA
:108E0000FF2104F079FDD8F8001041F82500002C6E
:108E100018BF01242046BDE8F88300BF941200501B
:108E20002DE9FE4FD0E90085994614460F4683464A
:108E300013B10020C9F8000074B108F00FFA06461B
:108E400098F8070058B198F8E80070B1304608F07B
:108E5000B6FB6FF008046CE06FF0090469E030467F
:108E600008F0ADFB6FF00E0463E000200121C8E9BB
:108E70003B74C8F8F440C8F8FC0088F8E810C8F85B
:108E80003C0088F80D0088F80B002846019508F092
:108E900057FA304608F093FB08F1D0060DF1080AA6
:108EA00008F0DCF904463046514606F05BFFD8F87E
:108EB000F450D8F8FC10A842394438BF054602984F
:108EC0002A4608F0FFFB3046294606F0DFFAD8F8BC
:108ED000F400D8F8FC10401BC8F8F4004819C8F892
:108EE000FC00204608F06BFB012D03DBD8F8F400F2
:108EF0000028D5D108F0B2F90746D8F8FC0050B1E7
:108F0000019808F01DFA584601F07CFDD8F8FC00E5
:108F100010B1002402E000206FF00F04B9F1000F3F
:108F200018BFC9F80000002088F8E800384608F0AB
:108F300046FB2046BDE8FE8FF0B58DB00025002829
:108F40007DD0404F04467878002878D038780028C3
:108F500075D1012003F0DAFF002500286FD08DF8CD
:108F60003050CDE90A558DF824500895CDE90655C5
:108F7000CDE9045507A803900AA8029009200190A2
:108F800001A807F0AFFE0646012004F0F9FE002E0E
:108F900055D09DF81C2002F0F000C02825D19DF985
:108FA00022109DF824309DF823609DF820C09DF884
:108FB0002150C8B2002943EA004040EA062048BFD9
:108FC00000F17F409DF91F30D9B2002B45EA0141E5
:108FD00041EA0C2148BF01F17F413D7912F00602C0
:108FE00005D00123282D04D30CE0002527E045B14E
:108FF000FE232B443B71DDB20023222D88BF0123C9
:1090000000E0002300EE101A02EE100A6FF03F0598
:109010009FED0D1A6371C4E90210002B18BF02F115
:10902000C005B8EEC00AB8EEC22A257120EE010ACA
:1090300022EE011A012584ED040A84ED051A284662
:109040000DB0F0BD9208002063EC443D2DE9F84FCF
:109050003C4C3D4E3D4D42F62A294FF0010A4FF05F
:10906000030B00274FF00508D4F83C01062833D83D
:10907000DFE800F00433183B203D4B000F20F06088
:10908000C6F8109005F0D4FF45F804AC55F8040C70
:109090008007FBD5C6F81CA094F8390190B10120D7
:1090A000EF6210E02F60C4F83CB128688007FCD460
:1090B0000320DBE72F60C4F83C8128688007FCD4DC
:1090C0000520D3E70320C6F800B0C4F83C012F60A8
:1090D00029688907FCD4C9E7FEE70126022084F845
:1090E0003A6105F02BFE2E6009E0022000E003202B
:1090F00084F83A01002005F021FE0120286004F1E7
:109100005000BDE8F84F08F0A4BA002045F8040C60
:10911000286055F8040C8007FBD428688007FCD42D
:109120000B480025012105600A4801600D2002F06E
:10913000B5F8022006F012FBC4F83C5184F83B510C
:10914000BDE8F88F0000002000400C4058600C4043
:109150003C500C4004800C402DE9F041DFF8F480D5
:10916000044698F8010018B998F8020000286ED05B
:10917000012088F80000112005F06CFC4FF47A7093
:1091800006F040FF0120012104F08EFF032C1BD0CC
:10919000022C0DD0012C24D12F4C0220A321A0475A
:1091A00004200521A04705200521A047012616E03F
:1091B000294C0220A0210226A04704200121A0471B
:1091C00005200121A0470AE0234C0220A021A0474E
:1091D00004200421A04705200421A047032683245E
:1091E00014E01D4F0220E021B84703201021B847AA
:1091F000042010210426B84705200021B847062086
:109200002C21B84707200C210724B847092000214A
:10921000002704F049FF0A20214604F045FF0F48CB
:109220000F4DA84718200121012407F001FF42F249
:109230001070A847102005F00DFC4FF47A70A84775
:1092400088F8036088F800702046BDE8F0810024AB
:10925000FAE700BF92080020A9E00000A086010004
:1092600005000100007D704710B52DED028B04460E
:1092700051EC100B40F2FF73C1F30A529A4216D020
:10928000B0EE408AF0EE608AD2B921F0004202438B
:1092900053D09FED2D0B53EC102B08F0FEF9344A00
:1092A00041EC180B944207DC9FED290B3FE002468E
:1092B0000B46FDF78AFB3EE0C1F30A50A0F13602EF
:1092C000101940F2FF7290420FDB08F065F922217D
:1092D00001609FED250B53EC182B51EC100BDA0FAE
:1092E00062F3DF7141EC100B2BE0012808DB6FF318
:1092F0001E5141EA005052EC181B40EC181B1CE0B8
:1093000010F1360F0ADC08F047F9222101604CF217
:1093100051308442DDDA9FED120BDCE736306FF31B
:109320001E519FED0D0B41EA005152EC180B53EC0E
:10933000102B08F0B2F941EC180BB0EE480AF0EE31
:10934000680ABDEC028B10BD000000000000504315
:1093500059F3F8C21F6EA501000000000000903C08
:109360000000000000000000000000000000F07F8E
:10937000AF3CFFFFB0B50C46880722D4600758BF4A
:10938000B0BD354D0120A870042006F0CDFB334858
:109390000068006B8047E8602D48806BF0B1696819
:1093A000046961B1A1420AD094F82800400704D5AD
:1093B000636A2046042100229847012060766C6091
:1093C0000DE0FEF781FD2248006CE0B3214844F037
:1093D00002012830BDE8B04008F057B96C686068F9
:1093E0001F4900780860022006F09EFB102001F063
:1093F0004DFE012028761B48807810B90D2001F021
:1094000045FE6868416818488A680AB9C96821B188
:1094100000218160154940F8141C154907220A6093
:10942000016800210160426841601249124AE96105
:109430000168114301601A2008F011F91920BDE8F4
:10944000B04008F00CB9BDE8B04004F03BB800BF34
:1094500064060020E8040020480300208C0100106E
:10946000D02108407C33010014100440510007064D
:10947000000004607187000002400040FEB5D0E9A2
:10948000005401A807F0C4FD95F834003649374A66
:10949000384E085C95F83510515C354A084395F80C
:1094A0003610515C2A6B40EA0103316820684F682E
:1094B0000299B847206840F2F272E1692E4B2F4FB3
:1094C000426494F854209A5C94F85530FB5C1A433B
:1094D0000129426311D10146D4E90A2351F8307FB2
:1094E000FF2A27F4004718BF07F50047FF2B0F603E
:1094F00009D00A6842F4804208E0014651F8302F52
:1095000022F400420A600A6822F480420A60C16ABA
:1095100041F01001C162016B41F001010163E16B97
:1095200009B3A16BF9B1012107F048FCD5F8580146
:10953000E16B40680068C162C0F8041591FAA1F1BE
:109540007268B1FA81F15368022298477068A16B82
:1095500002224368D5F8580191FAA1F1B1FA81F1DC
:10956000406800689847FEBD90360100A6230100C0
:1095700062360100D0010010853601006736010017
:10958000002873D0002971D0002A6FD0002B6DD035
:1095900070B50568049C013505600D7C2D070BD165
:1095A0001D78013D032D07D344B192F85020D20716
:1095B00004D00522827107E0002CFAD1827932B101
:1095C000013A8271120602D00124002501E0002434
:1095D0000125274E02469FED261A9FED260A42F8E6
:1095E000186F02F8134C5C2442F8084C42F24254C3
:1095F000002D42F80C4C18BFB0EE401A82ED021A52
:1096000018BF5C249B6842F8044C9FED1B1A03F5BD
:10961000A164002B174B08BF40F22654C97A42F8C8
:10962000104C00EE101A27291146B8EE400A80EEC1
:10963000011A9FED120A88BFB0EE410A41F8043FBB
:1096400012F8143C022B04D0012B18BF02F10801C0
:1096500000E0114691ED001A9FED092A21EE021A51
:1096600081EE000A80ED090ABDE87040704700BF36
:10967000A470B141CDCCCC3F000070429A99993F83
:1096800000007A442DE9F047A4B007F0E7FD334924
:109690000A78012A04D124B0BDE8F04707F08FBF53
:1096A0004FF0010981F8009007F089FFFFF7A0FA59
:1096B000082001F0EBFC21AC204607F0C1FCDFF8EC
:1096C000A0A0294A10212346DAF80C002290254850
:1096D00005F072FC2548002501AE0478244890F876
:1096E00000804746A74213D8DAF8000050F8271048
:1096F00021F0FF0046F82700880707D4F8B201F0F0
:10970000010107F095FC09FA07F005430137E9E785
:10971000184805601848C16801F44001B1F5800F90
:1097200007D10068000E56F8201041F0070146F8F6
:1097300020101248A4EB0802042306EB880103EB77
:10974000820240EA880007F0BDFF0D482022016830
:1097500062F30D21016024B0BDE8F087B10800205C
:10976000D0320100ECC60020BDE80000E72B01006C
:10977000BB270100D0200240A84F00500010084035
:109780000030094010B510EE901A21F00042B2F1FD
:10979000FF4F06D810EE100A20F00043B3F1FF4F40
:1097A00002D930EE200A10BDB1F17E5F03D1BDE8D1
:1097B0001040FEF7DDBA022404EA917444EAD07442
:1097C00063B1B2F1FF4F12D012B1B3F1FF4F18D114
:1097D000274961F31E0000EE100A10BD022C0FD3C2
:1097E000032C14BF9FED250A9FED250A10BDB3F190
:1097F000FF4F14BF1C481D4800EB840090ED000A89
:1098000010BD9A1AD2151A2A03DD9FED190AC40F4A
:109810000EE0B1F1FF3FD8BF12F11A0F06DB80EE68
:10982000200AB0EEC00AFEF7A3FA01E09FED110A8C
:10983000002CE5D0022C0DD0012C04BFB1EE400A63
:1098400010BD9FED0D1A30EE010A9FED0D1A30EE9E
:10985000010A10BD9FED081A30EE010A9FED071AAC
:1098600031EE400A10BD00BF8C2F01007C2F01009B
:10987000DB0FC93F000000002EBDBB33DB0F4940AA
:10988000DB0F49C02DE9FE4F4FF4804007F0E8FBA5
:10989000A0B1354C35496068D1F8132009786FF3D1
:1098A0009F5201F00401806842EA417101AA01F06F
:1098B00043F860688168012006F0F2FF2E482C4FC3
:1098C0002C4D44F2020B00244FF0000A00F1400935
:1098D000BAF1020F3CD055F82A80D8F80000A0B3A6
:1098E000D8F80000806907F0BBFB0646D8F80000F6
:1098F0000023324606F06AFC16F00A0F1ED0D8F894
:1099000000008069B9686BEA00000840B860D8F8C8
:109910000000C069396821EA000038601020D8F8DA
:10992000001006F0BDFFD8F80010484606F0B0FD64
:10993000002044F00204C8F8000006E02EB1D8F878
:1099400000000D4944F4804408650AF1010ABFE7AC
:1099500024B10A482146283007F097FE02F0A4F906
:10996000BDE8FE4FFCF772BD4803002085030021CF
:109970000C1004405835010064060020E804002063
:109980002DE9FF41354D04466868D8B16878A0429A
:109990005ED03348334EB168C90601D50130FAD3E1
:1099A000306820F00200306002A807F031FB012C83
:1099B0000AD1A9682D4803293ABF2D4A52F821201F
:1099C000032205E0002244E00022022C41D1264877
:1099D000696808234968C1F8E40081F8FA2025493C
:1099E000884609690F680399CDE900034FF080406C
:1099F0000023B8474746012C03D1D8F8000003687C
:109A00000CE0D8F800000368E878012806D10820A7
:109A10000A214FF4C0429847092005E009200A2195
:109A20004FF4C042984708203968134A0B6809214F
:109A30009847B068400701D57068FAE70320F061E5
:109A4000306840F002003060B42007F0C1FD6C7057
:109A50000122104604B0BDE8F08100BF38080020A4
:109A600030F8FFFF0400004040420F0090D0030098
:109A700070330100B401001000600020F8B5044606
:109A800007F0CEFA07464568204607F0E7F9B8B177
:109A9000D7E9014607F0E2FB0546D4F8C000B8B1AB
:109AA00004210174384601F091FED4F8C800B0B129
:109AB000014640690028FBD1D4F8C000486112E09B
:109AC00007F0CCFB0446D5F8C00078B3103034E082
:109AD0003068416821F002014160284630E0D4F846
:109AE000C000C4F8C800416900274761C4E9347761
:109AF000C4E93677C4F8C01031B320463146FDF7CB
:109B0000C1FDD4F8C000C4F8E0700068B0F5806F03
:109B100003D920463146FDF7B5FD94F8FE0010BB91
:109B20003068416841F0020141601CE095F8FB009B
:109B3000002105F0E1FF05F1FC0001210170204644
:109B4000BDE8F84007F03BBD94F8FB000021C4F8E5
:109B5000C47005F0D1FF012084F8FC003068416A30
:109B600021F003014162284607F029FD04F130008D
:109B7000BDE8F84007F08BBD2DE9FC4191EA0308F0
:109B80004CBF4FF000484FF000084FEAC32545EAAC
:109B900052554FEAC2264FEA43077F0D11BF45F0E9
:109BA000004500210020BDE8FC815FF4E06E1EF15D
:109BB000FF0E774555D04FEAC12343EA50534FEA91
:109BC000C0224FEA4104640D11BF43F0004300215D
:109BD0000020BDE8FC81744543D0E419A3FB0501D6
:109BE000A3FB06E7A2FB06631EEB030E57F100077B
:109BF00051F10001A2FB05631EEB060E57F10007B1
:109C000051F10001FF1851F10001C01951F100019B
:109C10004CBF40F2004E40F2002E10EB0E0051F10E
:109C2000000148BF641C01D4400049415FF4407703
:109C3000FF37E41BDEBF00210020BDE8FC8117F5E3
:109C40008067BC420DD24FEAD02040EA41504FEA33
:109C500041014FEA113141EA045141EA0801BDE8EE
:109C6000FC810020FF21C900C91D090551EA080136
:109C7000BDE8FC812DE9FC4706680446707A00289F
:109C80006BD0D4F80490D6F85801D0F80480D9F8F5
:109C90003470204603F07CFA706F20B306F14C0557
:109CA000284607F0EAFC316F884221D23079022839
:109CB0001ED0B06E002850D0204603F069FA346FF1
:109CC000284607F0DAFC201AD6F868A0B46F70674F
:109CD000284607F0D2FC0021F1740AEB0401084485
:109CE0000190706F0CE0B06E10B1306F0028D5D1CC
:109CF00006F14C0001A906F035F801217067F174F6
:109D000058B30021B0F5806FB17384BF4FF4806009
:109D10007067012301990144013979601049B960E4
:109D200043F6F07101EB00100840B9680843B860D1
:109D3000D9F83C10D9F8000091FAA1F2B2FA82F2F7
:109D400003FA02F2D8F800309A61D6F85821526826
:109D500012689162012107F03DF8BDE8FC8700BF61
:109D60000180000C70B5D0E9005204460121106852
:109D7000C0F81C18D0F80418C90718BF70BDD0F877
:109D80000438A9684E690A3614D0D5F8D46013F0A7
:109D9000120F17D01EB903F01F060A2E21D05A0742
:109DA0006FF0040258BF6FF00502DB0648BF6FF08A
:109DB00006024A61042107F034FB2046BDE87040EA
:109DC00006F0F0BE6EB1721EC5F8D4202CD0D5F8C6
:109DD000D0104A1CC5F8D0200978C0F80818012115
:109DE00017E0D5F8DC10C1B10139C5F8DC10D5F8A1
:109DF000D8104B1CC5F8D830D0F8080808700121DD
:109E0000D5F8DC00002808BF0421012888BF0921FB
:109E10001068BDE8704007F004BB042107F001FBA7
:109E2000A86800214161C8E7D5F8DC2052B1098B50
:109E3000012361F348030B21012AC0F8003808BF51
:109E40000321E6E70421E4E72DE9F0418EB0044662
:109E50004A1E002009AE12F1030F09D8304A0796B6
:109E60000490029106928DF814000222684600E0E8
:109E700003220C908DF834202020EFF3118780F31B
:109E80001188608A30B1608A01386082012087F3CE
:109E9000118841E000293CD02248012104F1140836
:109EA000057A0172806946620B9005F0EDF9A069B0
:109EB000CDF824800A900660A6619DF8340002283F
:109EC00008D119494A680C980160426010604860E6
:109ED00001F07EFF87F31188284605F02FF8202136
:109EE000EFF3118081F311880C9939B10A684B683E
:109EF0001A604A6809684A6000210C910B99002297
:109F00004A6280F311889DF83400002818BF0120B0
:109F100002E087F3118800200EB0BDE8F08100BF99
:109F200067FA000014070020800400202DE9F843A0
:109F300015460C46804602F033FB2C4800212D4F7D
:109F400001602B488146006838688169272088476E
:109F5000294E2A49306B08403063B06F20F480707E
:109F6000B0673868016B4FF4806088473868016BD0
:109F70004FF4816088473868016B4FF4C0608847B0
:109F80001F48012101601F48C6F880413160016807
:109F9000890704D4691C08BF4FF04045C560D9F853
:109FA0000000F0698007FCD5072004F0A9FC022816
:109FB000FAD1B8F1000F13D1134C386A81682046EA
:109FC00088470428F9D0012804D1386A032142685F
:109FD00020469047D6F8180220F00300C6F8180271
:109FE0003868806BBDE8F843004700BF0C4009406B
:109FF0002C200940B80100100C200840FFFFFEFE95
:10A0000028200860100009400040034070B5203946
:10A01000062918D8DFE801F01A23042D384048003B
:10A02000147800222321FF2CF1D0D0E9015695F8B5
:10A03000FB0004F0A3FF726B2B49204685F8FB4020
:10A0400000F0CCFF49E06FF001044AE0406890F86E
:10A05000F910012943D1012180F8FC103DE0456849
:10A060000021002495F8FB0005F046FD85F8FC4032
:10A0700037E0446894F8FB00FF282ED004F07EFF00
:10A08000FF2084F8FB0028E04068D0F8C01031BB06
:10A09000012180F8FE1020E04068D0F8C010F1B92E
:10A0A000002480F8FE401CE04168D1F8C020B2B125
:10A0B00091F8FE209AB180680268D0E90430546AB1
:10A0C000184344F003045462D1F8CC10496809687D
:10A0D0008862506840F002005060002401E04FF0B8
:10A0E000FF34204670BD00BF0260002088B03348B6
:10A0F0003349314EDFF8D09000276D464FF001080C
:10A10000B6EE008ABEEE009A00F11C0401F1480B85
:10A1100000F1540A7078012804D14CF2503005F057
:10A1200071FFF7E707F042F918B1204607F059F838
:10A1300003E049F6404005F065FF2846FAF720FAAB
:10A140000028E7D028375846009707F02DFA5046E8
:10A150002946202207F0B6FA584686F8048086F889
:10A16000038005F0CBFB174829464A46F8F72CFB3D
:10A1700070790028CED130780728CBD19DED040A24
:10A18000B0EE491A40F2E731B5EE400AF1EE10FAAE
:10A19000A8BFB0EE481A30EE010ABDEEC00A10EEBC
:10A1A000100A002848BF404200B28842A8BF0846B3
:10A1B00080B202F0E5FAADE718040020F0010020BB
:10A1C00064020020509A0020F0C000208EB0344E6F
:10A1D000344D01270024B7EE008A707801285BD047
:10A1E00006A8F7F7E1F88346059405A803F0E2FB1B
:10A1F0008046ADF81240ADF810408DF80F400DF1DB
:10A20000120004A90DF10F0201F098FD8246CDE97C
:10A21000014402A801A9FEF73DFB8146284607F04C
:10A22000C3F9BBF1000F05D01F4806A9202207F093
:10A2300049FAB771B8F1000F02D00598F771306292
:10A24000BAF1000F05D0BDF81200B0829DF80F00E2
:10A250003072B9F1000F02D001987772706228460F
:10A26000B77205F04BFB9DED020ADDED010A9DED95
:10A27000051ABDF81010BDF812004A46434605F015
:10A2800053FE707920B93078072818BFFEF706F81A
:10A29000B0EE480A01F0AEF8012005F0BFFF9CE7E0
:10A2A000180400200C06002064020020F8B500F01D
:10A2B00077FA324C0F20611C07F07EF90F20012144
:10A2C00006F0B6FE1220214607F076F91220002192
:10A2D000002406F0ADFE43F6982005F093FE00261C
:10A2E0000027012F28D8F00726D1B7FA87F04009B8
:10A2F00006F036FE0025AE1E18BF0126022D19D02D
:10A300001220294606F094FE43F6982005F07AFEC6
:10A310001F20522103F0EFFE47F2305005F072FE8D
:10A32000002003F0F9F90135AD28E4D1022003F053
:10A33000F3F904460137D4E7F00718D0104801219B
:10A340004470104C01702C209321A0472A20012139
:10A35000A0472B204021A0472D202221A04746F2D4
:10A36000A81005F04FFE4020FDF7A6FB02E00448D0
:10A370000021017006F00100F8BD00BF00040020BC
:10A3800088070020F7E00000F0B5314A046A516BFD
:10A39000137D0C61446A01F1200C032B0B704C619E
:10A3A000846A8C61C46ACC6190E8F000ACE8F0008B
:10A3B00000F1400400F110074C64F0CF01F1300CC3
:10A3C000ACE8F000046B0C64446B8C64846BC06B71
:10A3D000CC64086519D8DFE803F002120A10156D85
:10A3E000C4B2106C936C55F824404C600FE01A48CE
:10A3F00080694860D0E90A3009E0002001E0154892
:10A40000C06D4860106C936C01E000200023926BDB
:10A41000C1E9020332B12BB110F8014B013B02F844
:10A42000014BF8E70D4802684A6590F824208A65D8
:10A4300090F82520CA65C28C0A66826A4A66C26A9A
:10A440008A66026BCA66426B0A67806B4867F0BD1A
:10A45000B0030020D80200201407002004ED00E023
:10A460002DE9F0438FB00C4600272F491546814651
:10A4700024229846009703A807F024F96B46002091
:10A4800050210022C9F8007004F03AFF002847D09C
:10A49000074626484FF40071002C07F148068160FA
:10A4A00008BF0446D4E900320021A0680792002AC0
:10A4B0004FF0000208BFE268FE64F963C7E90D517E
:10A4C000F9627964BB60BE6410442369002B18BF35
:10A4D00001233B6308900C91CDF82880CDE9045707
:10A4E000CDE90D114FF0FF3301208DF830000693B8
:10A4F00007F110000CAA05F0F5FE0D4803A96A4605
:10A5000004F0B8FBF86040B14563C9F800702168F9
:10A51000F86800F009FD002003E0384605F0EEFC85
:10A520000C200FB0BDE8F083382F0100F4070020A5
:10A53000D90F010070B52548066805F01FFE2448B4
:10A540000025244C0560206C806C80472248006800
:10A5500038B122480068B6F1FF3018BF304600F02D
:10A56000EDFD1F4840F2391205601E48016862F394
:10A570001B4101601C48016801F44051B1F5805F46
:10A5800006D10168194A114001F5003202600160EC
:10A59000174D0126EE612068016A1420884715488E
:10A5A000016841F4E021016013482E60006800F466
:10A5B0004000B0F5000F03D1206C416C0F48884774
:10A5C0000F4801680029FCD170BD00BF1C1300506A
:10A5D00084046042B00100108001284380052043BC
:10A5E0008C2108404820034028000940EFFFFCFC74
:10A5F0000000244300200940B44F0050BD378600BE
:10A600000C00684270B5F8B1012858D1012006F05D
:10A610005BFE012853D02D4C94F8380100284ED110
:10A620002848294E0569306810F4402F30D17DB399
:10A6300006F0F6F8502006F0CBFF0120A84704F101
:10A64000940007F006F825E007F00DF81E480068B2
:10A6500010F4402F0AD11B4804693CB11B489430C8
:10A66000FCF733FC06F0CCF80020A047174C94F818
:10A67000380120B31648016821F080010160802173
:10A680008160032005F06AF8002084F8380116E0A4
:10A6900006F0EDFF012084F83801306810F4402FF7
:10A6A00000D14DB9207A800606D409488021816006
:10A6B000016841F080010160032005F035FA0020B7
:10A6C00070BD00BFEC310100B44F0050000000200D
:10A6D000902208402DE9F84F1E4614460F46814649
:10A6E00006F0BCFD804606F0CBF800284AD00546AF
:10A6F0002848DDF82CB0FCF7E8FBDFF89CA0274ADF
:10A700000A9B4FF0FF31BAF854001A400232013070
:10A710006FF31F30AAF854000020AE6085F8324075
:10A72000C5E90379C5E90F100BF0200185F8440055
:10A7300085F838006863C5E90800C5E9062180226C
:10A74000BAF85410A5F85000C5E9120085F8332076
:10A750002986397B01F00F01022904D1012185F8F6
:10A760003810B968696389F8FC000AF13800294695
:10A7700005F08EFEDAF83800A84208BF02F0A2FE0B
:10A780002C8E01E04FF6FE74404606F018FF20B212
:10A79000BDE8F88F54C4002064060020FDEFFF9F41
:10A7A0002DE9F0418CB0DFF8AC8098F8000001286A
:10A7B00004D1D8F8040008B1012444E004F028F9D9
:10A7C00009AD284606F0EAFB28460121012406F0DF
:10A7D00005FE2846012106F070FF1F48294605F0B6
:10A7E00073F8284606F067FF1C4D1D4F0B202946C5
:10A7F000B8471C4E0B200121B04714202946B8470A
:10A8000014200121B0470F202946B8470F2001210D
:10A81000B047D8F80400A0B901AD284606F078FD8D
:10A82000114900208DF81C008DF810008DF80400EF
:10A83000059108210691294604F0A0FAC8F8040001
:10A8400028B1A8F8004020460CB0BDE8F0810024F3
:10A85000F9E700BF38080020D0C50020010400201F
:10A86000B91501003110010040420F002DE9F843F5
:10A870002020EFF3118980F311882C480068006BC9
:10A8800080472B4E4FF000082A4F012286F85D804A
:10A8900086F85C20D7E9104522462B4606F092FB4D
:10A8A000A0FB042300FB053301FB0431746DC7E9F1
:10A8B0001221B168B268611A821A914205D986F8EC
:10A8C0005C8089F31188BDE8F883051B89F3118842
:10A8D0000020854206D304442D1A0120214602F0AF
:10A8E0007BFFF6E72021EFF3118781F3118896F8BB
:10A8F0005D10012903D10020214602F06DFF411CAB
:10A9000005D0411BB06D814238BF084600E0B06DF4
:10A91000011906F017FA002086F85C00012086F87D
:10A920005E00B46087F31188BDE8F8838C010010E5
:10A930008004002040C30020F0B585B00D46002102
:10A940001446CDE90311CDE9011101A9009104A933
:10A9500003AA02ABFEF7D8F9029F002F394618BFB1
:10A960000121019E0140002E324618BF01221140F4
:10A97000002D10D411B3049840F22B2105806FF301
:10A980009F5538462A4605F05BFE0398314602F093
:10A99000CAFB676010E0C9B104984FF0FF316FF354
:10A9A0009F552A46018030462B2105F049FE039829
:10A9B000314602F055FD666015201EE0C8B10498CE
:10A9C0004FF6FF720188914214D110E078B16FF315
:10A9D0009F5503982B212A4605F032FEFF2806D00A
:10A9E00004984FF0FF3101801420656005E00320DA
:10A9F00005E004980580658010202080832005B044
:10AA0000F0BD7047F8B505680446D5F8F80000B108
:10AA1000F8BD68796668022807D105F1D00069465B
:10AA200005F08BFEC5F8F80009E0D5F8EC10D5F874
:10AA3000FC20D5F8F4001144C5F8F8000091002876
:10AA4000E6D031688A6B22F400628A6395F844107C
:10AA5000C9060AD52F6C47B1297A31B9AB6C2046AB
:10AA600010210022B847D5F8F800B0F5806F84BFF8
:10AA70004FF48060C5F8F8000099336B01444A1E1A
:10AA80003168B66B1A600E4A9A6043F6F07202EBB8
:10AA9000001010409A6810439860D5F8580140683B
:10AAA000006886620846022106F094F9287A002898
:10AAB000AED120460121012605F0B2FC2E72F8BD70
:10AAC000018000C070B5002852D02A4E044630786C
:10AAD00000284DD0706800284AD0274D172105F175
:10AAE000080006F090FA2548254940F6F612C5E917
:10AAF0000010707828720130707060786872207869
:10AB0000E178A872E972A078287360796873207977
:10AB1000E179A873E973A0792874607A6874207A5F
:10AB2000E17AA874E974A07A2875207B617B00F033
:10AB3000030040EAC1100A216875E07BA875A07B7C
:10AB4000E875207C2876E07C6876A07CA876207D5D
:10AB5000E876E08AB0FBF1F1904288BFFF212977C7
:10AB6000607E6877207EA877BDE8704004F032BB35
:10AB7000002070BD4C050020CCC60020FF534203CE
:10AB80000201061B70B5002851D02A4E04463078C9
:10AB900000284CD07068002849D0274D172105F1B6
:10ABA000080006F030FA25482549C5E900107078FC
:10ABB00028720130707020786872E078A872A078EE
:10ABC000E872207A2873607A6873A07AA873E07AB2
:10ABD000E873207B2874607B6874A07CE27B237C14
:10ABE000A17B667C42EA430242EA800061F3C40032
:10ABF000FF2140EA4610A874A088FF2828BF084615
:10AC0000E874E088FF2838BF01462975E07C687544
:10AC1000207DA875607DE875A07D2876E07D217E89
:10AC200040EA41006876BDE8704004F0D3BA0020E5
:10AC300070BD00BF4C050020CCC60020FF53420170
:10AC40000201061B2DE9FC412A4D95F86100002800
:10AC500044D000240026602C40D095F86100F040DC
:10AC6000C00702D120340136F5E7112095F8618044
:10AC700000FA06F706F0F2FA95F86110B94385F884
:10AC8000611006F09CFC281928D0817A31B310217C
:10AC9000194A2C59B14011EA080190F9091052F8EB
:10ACA00021804668CFB209D001F0B6FC002079B20D
:10ACB00000224FF00073009020460EE0017A022936
:10ACC00002D1C17CC90601D401F0A6FCCDF80080F8
:10ACD00079B2204600224FF00063B04795F861003A
:10ACE00028B106480021BDE8FC4106F0CEBCBDE815
:10ACF000FC8100BF70C2002094300440DCC40020FE
:10AD0000BCB5012005F0E2FF02F076FA294D0020E3
:10AD100003248DF80700287024B320200321FF228C
:10AD200004F088FE28B942F2107005F06BF9013C7E
:10AD3000F2E7214C202042210022A047202043217D
:10AD40003F22A047202044213F22A0472020452128
:10AD5000FF22A0470DF1070406F072FB06F070FB1E
:10AD6000012028702420712105F013F820B1012062
:10AD7000687004F08FFD01E000206870FF2000245F
:10AD80008DF80600287801280BD10DF1060220204D
:10AD9000002103F0A3FE20B19DF806003F2121EA27
:10ADA0000004287869782C71EC70AC70084300F0CE
:10ADB0000100BCBD9708002035FA000070B50129DC
:10ADC00053D00446002942D128480121057A017256
:10ADD0002021EFF3118681F3118894F820100329C4
:10ADE0002AD0022914D0012922D12168E26C63689B
:10ADF00019606168236859601168914204D1A169A2
:10AE0000C26822EA0101C160606A88B1C06808E0D6
:10AE1000616A69B10A68C8684B681A604A6809685B
:10AE20004A6028B101684268116041680068416069
:10AE3000204604F047FA05E0206861680860606811
:10AE40002168486086F31188284604F077F8216B62
:10AE5000481C0AD006480029806818BF0846436885
:10AE6000D4E90A21BDE87040184770BD14070020DE
:10AE7000D802002070B506F04FFB06F037FA06F056
:10AE80003BFA0446C04310F00C0F03D100BF00BFD3
:10AE900030BF3BE060071ED404F010F8054600EB1D
:10AEA000800001214600012005F0E2FD864212D912
:10AEB0001C4CA5F11800606104F10C0005F0C2FF04
:10AEC00000BF00BF0120FCF7A7FE00BF00BF0020AD
:10AED00084F820001CE000BF00BF200715D40E4EF0
:10AEE0000E4D30688168284688470428F9D0B0FAAA
:10AEF00080F004F01001400940EA111006F0B5FBA3
:10AF0000074801210160006800E030BF00BF00BFBA
:10AF1000BDE8704006F004BBD801001000400340BB
:10AF20002C200940000000202DE9F0412A4B012788
:10AF300002462024187A1F72EFF3118C84F31188D3
:10AF400054698C4202D18CF3118840E01D6A8F4015
:10AF5000002905EBC10648BF03F12C0648BF0027B6
:10AF600092F82050012D26D1D2F800E0D2F84C8082
:10AF70005568C5F800E0D2F804E01568C5F804E0AB
:10AF8000D8F80050454505D1D2F818E0DD6825EA2B
:10AF90000E05DD609D699542354601D1DE6135685B
:10AFA000D5F804E01560C2F804E0CEF800206A602D
:10AFB000DD683D43DD60D66497615161B1F1FF3FCB
:10AFC000DCBF0021D961012119748CF3118803F0D1
:10AFD000B5FF2046BDE8F081140700202DE9F84FA9
:10AFE000FF2831D0264B0C4605464FF4BE21AF005A
:10AFF00004F0020843EA80004158C9B2914227D1C7
:10B0000021489A464FEA142947EA0006834606F08B
:10B0100025F90BF10101220C86F8009039430A70E2
:10B0200046F00201220E0A7006F0C9FAB8F1000FCC
:10B0300002BF45EA0A0004F0010101701148012134
:10B0400081EA5801384316E04FF0FF30BDE8F88F31
:10B0500000F5BE2024F0FF0162B9B8F1000F02BF75
:10B060002B4304F001041C70064B012484EA5804AD
:10B070003B431C60114301600020BDE8F88F00BF16
:10B0800000200240001A4442011008402DE9F0411E
:10B09000254E0546371806F0E1F8044697F84A01B0
:10B0A000411C87F84A1128B1204606F088FA002092
:10B0B000BDE8F081DFF8748018F8257007F03F00D4
:10B0C000142898BFFFF7E2FF08EB8500458878B2A7
:10B0D000B0F1FF3F0CDD78061FD4154800684169C8
:10B0E00028468847284603F02DFC0128FAD1DBE7E3
:10B0F0000F4E3068C169284688473068416A284643
:10B1000088473068C16A284688470A48012101609B
:10B11000094801688907FCD5C6E706EB8500D0F829
:10B12000601101208847BFE70000002000250100D2
:10B13000B80100102820086028200840F8B505460E
:10B140002248234E4168890705D40168F02242EA6B
:10B15000114186F84D101F494FF001221F4F0A6020
:10B160001D49098839680968846820468847A00114
:10B1700005D4E00103D5307840F002003070386823
:10B18000214642682846904704F0E4FF1448154AD7
:10B190000068C0F305311170C1054FF0130158BFAD
:10B1A000232140237354382101EA901000F56050A8
:10B1B000A2F85C003868816820468847022004F0C5
:10B1C000D9F8094801210160F8BD00BFAC4F00501B
:10B1D0000962084004A40C4000A00C40F0010010DB
:10B1E0000C1400500EB00C40940460428B4208BF17
:10B1F000824207D9009A002A01D0106051600021D4
:10B2000000207047002B08BF002A10D1009A002AA6
:10B2100001D01060516002000B0000210020002BC3
:10B2200008BF002A1CBFC943C04301F0CCBDF0B524
:10B230001C4615460B46024600200021B4FA84F64F
:10B24000202E04BFB5FA85F62036B3FA83F7202FF7
:10B2500004BFB2FA82F72037F61BB6F1200727BFEA
:10B2600005FA07F400257F42B4403EBF25FA07F7F0
:10B270003C43B540A34208BFAA4201D3521BA3419D
:10B28000404149416D0845EAC4756408761EF1D510
:10B29000059F002F01D03A607B60F0BDF8B5254FC7
:10B2A00005463E1805F0DAFF044696F84A010138D3
:10B2B00086F84A01000637D11F4810F9251000EB27
:10B2C00085004588CEB2B1F1FF3F0CDD70061FD47A
:10B2D0001A480068816928468847284603F010FB11
:10B2E0000228FAD11AE0154F3868016A28468847C3
:10B2F0003868816A284688473868016B284688473D
:10B300000F48012101600F4801688907FCD505E05D
:10B3100007EB8500D0F860110020884706F03F0059
:10B32000142898BFFFF7BAFF204606F048F900201E
:10B33000F8BD00BF0000002000250100B80100108A
:10B3400028200860282008402DE9F041002918D461
:10B350001F4615460E46044605F0C6FD80462046AB
:10B360003146802203F010FB20B1064690F93300ED
:10B3700000280AD4404606F08CF900210220BDE8DE
:10B38000F08100200021BDE8F081D6E9080145F0F8
:10B390000A0547F0E04728403940084310D04046AE
:10B3A00006F077F9D6E9082303EA070102EA050067
:10B3B00042404B40C4E92C01C6E90823BDE8F081B6
:10B3C000B1680B48814203D0B168C4F8A810B060DE
:10B3D0004046C4E9285706F05CF904F150004FF0EC
:10B3E000FF3106F082F8D4E92C01BDE8F08100BFFE
:10B3F00055D60000B5EE400AF1EE10FA3BD91E48D2
:10B400001EA29FED202A9FED234A81780171012918
:10B4100008BF043292ED001A002908BFB0EE421AAC
:10B420009FED192A90ED043A80ED021A21EE022ACE
:10B4300002EE003A9FED150A80ED032A9FED142AD3
:10B4400083EE000A80ED043A20EE020AB4EE420ACE
:10B4500032EE403AF1EE10FA48BFB0EE434A84EEC5
:10B46000020A9FED0D2A80ED054A20EE020A80EEC9
:10B47000010A80ED060A7047A80700206F12833B7F
:10B480000AD7A33C6666FE4133335340403FCB4A64
:10B490000000C842000000000000FA432DE9F84314
:10B4A0002DED028B054625480478012C3FD1244E12
:10B4B0000F462D20002198469146B04741F2883032
:10B4C00004F0A0FD00EE105AB5EE008A202005F031
:10B4D000EDFCC5F302212120B04722203946B047B8
:10B4E00000EE109A232005F0E1FCC5F30221242090
:10B4F000B0475FFA88F12520B0474FEA182126208F
:10B50000B0472A201021B0472B204021B0472720E8
:10B510003F21B0472C209321B0472D202221B04756
:10B5200046F2A81004F06EFD1020FCF7C5FA204684
:10B53000BDEC028B01B0BDE8F08300BF880700209E
:10B54000F7E0000010B586B00146427E8068002317
:10B5500043F606040593CDE9033302934380038841
:10B560001C1B022C10D3B3F5C15F03D040F60204BC
:10B57000A34212D1038A002A23F4FE6312BF03827E
:10B5800043F43472028208E0038B23F4FE630AB1B1
:10B59000038302E043F43472028300224A7602A954
:10B5A000009105A904AA03ABFDF7AEFB28B10598ED
:10B5B0004FF6FF71008888420ED0049C0299204605
:10B5C00001F0B1FD0748016821B1204606B0BDE891
:10B5D0001040084706B010BD049C0299204601F0B7
:10B5E0003FFFEFE764080020F8B5044610681546F1
:10B5F000D2E903720E466969206167612148AF692B
:10B600000068002F18BF38462063002908BF4FF498
:10B61000007162B1D31D11444FF0FF3023F00703D6
:10B620002063C91A21F00701C4E90A1308E00731B1
:10B63000082221F00701A16203F062FEE062F8B186
:10B64000D5E9010104F13803EA69666307C395F897
:10B650002000012884F8480003D10B4841690131DA
:10B66000416100206065204601F0C6F808B1032062
:10B67000F8BD054804F1080105F05CFA0020F8BDAA
:10B680000120F8BD2CC700201407002070B5056804
:10B690000446A96848690A301BD16B68204600221D
:10B6A0009847A8686FF009064661022004F056F832
:10B6B000E8682969884213D06B68E8680022C0698D
:10B6C000E860E86846612046E9689847E8684661AE
:10B6D000EEE74869033008D100202861E86020E0E7
:10B6E0000020E860A860286170BDE8682A6990427F
:10B6F00011D06B68E868C069E86005F0BBFDE968D7
:10B70000204601F011FA0028EED005F1E400BDE872
:10B71000704005F0BCBF0020E86028616B6805F050
:10B72000A9FD0220BDE8704004F018B82DE9F84FDB
:10B7300000248046002100220460684600F024FCBA
:10B74000204DDFF884A081464FF0FF374FF0190BF2
:10B750000020602C1ED02A19917AB9B1107A0228E3
:10B7600016D0DAF80400418B0069084495F862109D
:10B7700011FB0B01506904F0C7FA0646F8F77AF995
:10B78000B6FBF0F0B84238BF074601202034E0E7AE
:10B790000120002709EA0001012904D10099B942DA
:10B7A00038BF0F4606E0B9F1000F01D0009F01E05D
:10B7B000C10701D0C8F8007040EA090000F001009C
:10B7C000BDE8F88F70C2002048030020F8B5D0E92A
:10B7D00001650446287905F040FFD6F8CC20696958
:10B7E000286852681268D16296F8F93013B9C368B4
:10B7F000DB06FCD4436823F0020343602B69D36269
:10B800001943476A27F003074762C2F804154169E4
:10B8100021F00101416101210162D6E93512D6F81A
:10B82000C00001604AB1EB699B68C3F309139A42F7
:10B8300003D91144DA4311440160D6F8DC204AB13F
:10B840006B6A9B68C3F309139A4203D9DB431A441A
:10B8500011440160204602F05BFD287904F0A0FF4E
:10B860002879BDE8F84005F0FABE70472DE9F041AF
:10B8700088B0DFF88880012098F80010D9BB204AF2
:10B88000002108F11C0C41F6060E80260027002539
:10B89000482F14D0D31905F12504302FC3E9061120
:10B8A000C3E908C2C3F810E09C771E7706BF58773B
:10B8B000002403F128045C6118370135E8E76C4681
:10B8C000204605F01FFDC82008F10C0108F13C02DC
:10B8D000234600900B48F9F733FC01460028C8F8CE
:10B8E00004001EBF01200022C8F80820002918BF4C
:10B8F000012188F8001008B0BDE8F0814C05002057
:10B90000BC06002018BE00207CB5012005F0DEF941
:10B9100001F072FC00260DF10602442011210123E2
:10B92000ADF8066002F0D0F8044630B144200A2198
:10B9300043F23822012303F0BFF9174DADF804603C
:10B9400060200C2100232C7001AA02F0BDF8BDF884
:10B950000410124A12FA81F1B1FA81F1490900EAA0
:10B960000104012C11D10E4E602000210022002381
:10B97000B0476020032140F60E020023B04760204C
:10B9800004214FF4E0620023B04728786C70204314
:10B9900000F001007CBD00BF500800207AFEFFFFD0
:10B9A000B9EC0000F8B50C4622494978012918BFC6
:10B9B000F8BD1E2801D3DD2807D34025002C18BF71
:10B9C0006FF03F052E46284620E0C2B20A256426C5
:10B9D0002746B2FBF5F1B2FBF6F3642801EB8101D7
:10B9E000A2EB410103FB160226BF1348C05C0020F6
:10B9F000114B002CD2B2595C18BF80273843B2FBE0
:10BA0000F5F241EA0705995C41EA07060B4FC1B21E
:10BA10003420B847F1B23520B847E9B23620B847EC
:10BA200001213A46002C18BF0F213720BDE8F8400D
:10BA3000104700BF970800204D34010093FD00001F
:10BA400022484078012818BF7047B5EE400AF1EE51
:10BA500010FA26D49FED1E1AB4EE410AF1EE10FA48
:10BA60001FDAF8B5B2EE041AB6EE002A0A2200EE8A
:10BA7000012ABDEEC20A10EE100A81B2B1FBF2F348
:10BA800003EB8303A1EB43046423B1FBF3F101FB5C
:10BA90001300C0B2B0FBF2F5C8B238B10D49095C71
:10BAA00005E02D202D212D2203F03AB800210A4F68
:10BAB0003420B847074E705D40F080013520B8470C
:10BAC000315D36203A46BDE8F8401047970800201F
:10BAD0000000C8424D34010093FD000010EE100A32
:10BAE000C14311F0FF4F02D100EE000A7047B0B51C
:10BAF00000282ADDC10D2ED001227F39002462F3F7
:10BB0000DF5001F0010200FA02F34FF080720020D2
:10BB100062B11519B5EB430FDCBF1044AC18C5EB8F
:10BB20004305C8BF5D0052082B46F1E700F0010253
:10BB3000002B18BF10440E4A02EA815101EB60004D
:10BB400000F17C5000EE100AB0BDB5EE400AF1EEF7
:10BB500010FA06D1B0BD01210202CDD40139400056
:10BB6000FAE705F019FD9FED030A21210160B0BD40
:10BB7000000080FF0000C07FF8B50446FD201D4690
:10BB80008DF8030020461E68324600F041F810B1DF
:10BB900001208DF803009DF80300FD2815D1A6B102
:10BBA000E068007B00F00F0002280ED137682046C5
:10BBB00031463A4600F02CF820B9002F3E46F5D128
:10BBC000002602E002208DF803009DF80300FD2806
:10BBD00004D1E06B10B104208DF803009DF80370D0
:10BBE000042F0FD0022F06D0012F0FD12846214657
:10BBF00004F060FC0AE0326822B12846214604F0D5
:10BC0000E9FB03E02846214604F042FC78B2F8BD87
:10BC100070B5B2FA82F3B1FA81F45B096409B0B38A
:10BC200012B190F844506DB389B191F844406CB3AF
:10BC3000446B0E69096C05698908A408AE4214BFFB
:10BC4000ED6800252944611AB1F1704F22DAB2B1D2
:10BC5000D168097B01F00F01022915D1516B0569EB
:10BC6000006C146980088908A54214BFE2680022AC
:10BC70001044081AB0F1704F01DB012804DB0124E5
:10BC8000012304E0002302E0012400E0002404EA90
:10BC9000030070BD00240029C8BF0124002AF6D08B
:10BCA0000129D5DAF3E770472DE9F84F204E214FEF
:10BCB000DFF8848000254FF0010B4FF002094FF0B0
:10BCC000110A602D08BFBDE8F88F7C192ED0A07A2C
:10BCD00001282BD1607A41B20BFA00F01131C0B2C9
:10BCE0000BFA01F1CA43326072681143716004F0CB
:10BCF000E9FE04F11000002104F0BEF8812809D10A
:10BD0000A06920B1002104F0B7F8812802D184F89D
:10BD10000A900BE0607A97F861100AFA00F0084385
:10BD2000002187F86100404605F0AFFC2035C8E7E8
:10BD30000810044070C20020DCC400202DE9FC4142
:10BD4000DFF888800646144698F8010040B30020CA
:10BD50000F460DF1060208210023ADF80600ADF8EC
:10BD60000400602001F0B0FE054647B101AA602042
:10BD70000921002301F0A8FEBDF804003880CDB1F0
:10BD8000BDF80610002041F26F729142A8F804102D
:10BD900088BF012088F8020006B131808CB911E01B
:10BDA00016B1B8F80400308014B198F80200207081
:10BDB000002507E016B1B8F80400308014B198F8F7
:10BDC000020020702846BDE8FC8100BF500800201A
:10BDD0002DE9F041044680681F4F206297F85E000D
:10BDE00001281DD197F85C00D0B91C480068006B91
:10BDF0008047DFF86C80D8E910562A46334605F0B4
:10BE0000E1F8A0FB052300FB063301FB0531C8E97F
:10BE10001221B9687B6DBA689A1A411A91420ED9FB
:10BE200004F0C4F801212175A2681044E06097F87D
:10BE30005C00012808BF87F85D10BDE8F081012192
:10BE40002175A2681118181A8242E160F5D21046D5
:10BE5000BDE8F04104F076BF800400208C010010A2
:10BE600040C30020002840D02DE9F0418EB01F498A
:10BE70000AAE002503904FF020080896059507911B
:10BE80008DF8185001A801210D901948EFF3118782
:10BE900088F31188047A017280690C9003F0F4F938
:10BEA00014494A680D980160426010604860FFF7CD
:10BEB0008FFF0C9846620B960A96204687F31188EE
:10BEC00003F03CF8EFF3118088F311880D990A68AC
:10BED0004B681A604A6809684A600D9580F31188BA
:10BEE0000C9845620EB0BDE8F0417047D90B0100D7
:10BEF0001407002080040020F8B5D0E9016705464A
:10BF000005F0ACF90446D6F8C00098B396F8F810DE
:10BF100019B9007C0338012831D82846FFF756FCB0
:10BF2000D6F8C00000220223016805463DB12F7CEF
:10BF3000033F022F28BF2B742A606D69F6E7324653
:10BF4000016052F8C81F21B10A4649690029FBD196
:10BF5000143210600020C6E93000C6E93400C6E99A
:10BF60003600204605F02BFB06F13000BDE8F84016
:10BF700005F08DBB3868416821F002014160204620
:10BF8000BDE8F84005F01BBB10B504461E4849B19A
:10BF900038300068B0B1C3681B7B03F00F03022B7D
:10BFA000F7D101E0806B68B102B11060C268137B09
:10BFB00003F00F03022B08D151B101698A8DC968C2
:10BFC000114415E0002100201CE00120002119E0AF
:10BFD00012880169A2F60302012A4A8B8CBF096903
:10BFE000496919231144094A92F8622012FB03118E
:10BFF000406B03F089FE2060F7F73CFD2168B1FB40
:10C00000F0F10120216010BD6406002070C2002004
:10C010002DE9F84F07461E4815460E46009300F1DD
:10C0200038094C4624680CB1B442FBD14FF0000AE9
:10C0300000F1400B44B32069D4F80080B84220D10D
:10C04000204600224FF0805304F0C0F8009870B1F1
:10C05000204600224FF0807304F0B8F830690D4993
:10C06000086291F8240040F0010081F8240048465D
:10C07000214604F05BF85846214604F009FA0AF11B
:10C08000010A002D4446D5D15046BDE8F88F00BFC7
:10C0900064060020E8040020F8B5204F0646144648
:10C0A0000D46387858B900200DF1030200218DF8B3
:10C0B0000300202002F012FD28B301203870FF2079
:10C0C0000DF1020200218DF80200202002F006FD91
:10C0D000C0B19DF802103F228A4339798A4206BFD7
:10C0E000BA701146B9783A71FA78F97006B13170C0
:10C0F0001DB182F0FF030B402B701CB181F0FF01DA
:10C1000011402170F8BD0EB1002030700DB100203B
:10C1100028700CB1002020700020F8BD9708002086
:10C1200010B52DED028BB5EE400AB0EE408AF1EE6F
:10C1300010FA04D5184804F039F9B1EE488ABCEE7B
:10C14000C80A9FED161AB6EE002A10EE100AB8EED5
:10C15000400A38EE400A00EE012ABCEEC20A10EE98
:10C16000104AE1087C2984BF0024013001F05CFE04
:10C170000B4804F01BF9632C07D80A4804F016F9A1
:10C18000092C02D8074804F011F92046BDEC028BB7
:10C19000BDE8104001F048BECE32010000007A44F4
:10C1A00056350100EA31010070B50446B0F90E00C1
:10C1B000217A82B2890702D5217B1F290CD8174921
:10C1C0006368C96C51F820509D4218BF41F8203077
:10C1D0005142E181217B0BE0104BD3E9133545F847
:10C1E000204053F820600E4DAE4218BF43F8205057
:10C1F0000F2A03D90B4B6FF00F0204E0042A04D37B
:10C20000094B6FF0030203449954217AC90718BF00
:10C2100002F0ECFC0020A06070BD00BFB003002065
:10C22000D58A000000E400E018ED00E010B541EC14
:10C23000100B43EC112B01F03FFA002801D0002035
:10C2400010BD012010BD10B541EC100B43EC112BBB
:10C2500001F032FA002801DB002010BD012010BDE2
:10C2600010B541EC100B43EC112B01F025FA00281E
:10C2700001DD002010BD012010BD10B541EC100BF8
:10C2800043EC112B01F068FB002801DA002010BDFF
:10C29000012010BD10B541EC100B43EC112B01F047
:10C2A0005BFB002801DC002010BD012010BD7047A1
:10C2B00070B50568D5F8F81031B3D5F85821446841
:10C2C0005668A16B20683268D162022104F076FDC5
:10C2D000D5F85801A16B154A40680068C0F80415EC
:10C2E00091FAA1F112683068B1FA81F19269904730
:10C2F0000446D5F8F800011B6879022806D105F13B
:10C30000D00003F018FD0BE000240CE0D5F8F40099
:10C31000D5F8FC200A44401AC5F8FC20C5F8F40002
:10C320000020C5F8F800204670BD00BFD401001001
:10C3300070B5184B2021EFF3118081F31188174C51
:10C340001548DA6C02609C64154C1A661C64154B27
:10C3500004689C4210D14268144B22F47F421A4474
:10C36000426081764FF40071C160D0F82C1221F048
:10C370004041C0F82C1270BD0B4D0024362CEAD081
:10C380000E2C8EBF42F8245053F8246042F82460EB
:10C390000134F3E7B003002008ED00E000080000DE
:10C3A0000038012000000000950201000000FA059D
:10C3B0002DE9F04186B0DFF8688098F8650060BB31
:10C3C000012088F86500C8F80480C8F8008003F0F0
:10C3D0009DFF144801AA114690E8F8000520F8C115
:10C3E00008F1100404901049204601F0DDFFC8F860
:10C3F0004C4002F02BFF0D48D0E9102347F6916026
:10C40000101A73F1000031BF4FF0FF30002047F6E3
:10C41000906104F0D7FDC8F8580006B0BDE8F0817F
:10C42000800400203C3201006DA8000040C30020C1
:10C43000C8B3B0B50446E430982104F0E4FD002010
:10C440003D21C4E9600084F88801204604F0DBFD4A
:10C4500004F14000892104F0D6FD04F1CC0015213F
:10C4600004F0D1FD04F5C6702C2104F0CCFD0120B0
:10C47000422184F8B80104F5DD7004F0C4FD0A48D7
:10C480002021C4F8FC0104F5007004F0BCFD8025F7
:10C4900004F509701C2184F8205204F0B4FD84F8DE
:10C4A0003452BDE8B0407047C800200310B52DEDF0
:10C4B000028BB5EE400AB0EE408AF1EE10FA04D5D8
:10C4C000154803F073FFB1EE488ABCEEC80A9FED31
:10C4D000131AB6EE002A10EE100AB8EE400A38EE33
:10C4E000400A00EE012ABCEEC20A10EE104A632C8C
:10C4F00084BF0024013001F097FC094803F056FF87
:10C50000092C02D8074803F051FF2046BDEC028BEE
:10C51000BDE8104001F088BCCE3201000000C842E6
:10C5200056350100EA3101001A481B4AD0F8841040
:10C5300000681140194A914211D1C0F30332C0F38F
:10C540004061082A0ED0092A11D00F2A07D1020211
:10C5500013D400F08072A9B1A2B1112000E0FF2035
:10C5600040B270470A20002908BF0C20F8E74FF0BE
:10C57000FF30002908BF0920F2E70E20002908BF7C
:10C580000D20EDE70B20002A18BF1020002918BF4E
:10C590000F20E5E79412005000F0FF0F0010B40BDD
:10C5A00010B517480168890726D417480468A00207
:10C5B00021D41648006800688047C0F13E00072279
:10C5C000C1100729B8BFC210012000EB24718A42B4
:10C5D000D8BF0A460E490968C1F30321891A0F29F9
:10C5E000A8BF0F210129D8BF014641F0F000094939
:10C5F00081F84D00087810BD0249C16010BD00BF30
:10C6000010000940FD000040B44F0050EC01001044
:10C610000C1300500D620840F8B5054604F01EFEEC
:10C620000446A87A50B36F7A012604F049F9697A72
:10C6300048B1154A48B21130536806FA00F08343F6
:10C64000C0435360106006FA01F31049002206FA55
:10C6500007F02A72AA72C5E90422AA61C5E900227C
:10C6600091F8605091F862202B4381F8603012B14C
:10C67000013A81F86220C0B203F08AF82046BDE892
:10C68000F84004F09CBF00BF0810044070C20020B6
:10C690002DE9F041D0E901480546D8F8000041688D
:10C6A00021F002014160204604F0D5FFD4F8CC000F
:10C6B00002F024FF04F1300004F0E5FF94F8F800E4
:10C6C00018B904F16C0004F0DAFFD5E901750D4EDC
:10C6D00095F83800B04795F83900B04795F83A001A
:10C6E000B04797F8FB00B04798F80C00FEF7D6FD6E
:10C6F00004F11C0004F0B4F8002084F8FD00BDE84B
:10C70000F08100BF7DEF0000F8B51A490122044610
:10C71000087A0A7254F8485F02F010FCA54208BF7C
:10C72000F8BD15484FF0FF31FDF78EFB2068134E22
:10C73000A0421AD0076881680569026843681A60D8
:10C74000426803685A602A686B681A606A682B68D6
:10C750005A60096811B1C06800B18847B0682946BD
:10C760001C22436898473846E2E70348BDE8F84092
:10C7700001F062B81407002008C70020D80200208A
:10C780001A494978012918BF7047B0F57A7F04D358
:10C790002D202D212D2202F0C3B970B50A22642369
:10C7A000B0FBF2F1642801EB8101A0EB4105B0FB85
:10C7B000F3F101FB130305D298B2002100240A28EB
:10C7C00002D206E00A48415CD8B2B0FBF2F0084A57
:10C7D000145C084E3420B04735202146B047044849
:10C7E0003246415D3620BDE8704010479708002072
:10C7F0004D34010093FD000070B51A491A4A0446F1
:10C8000001F086FF0146E061012051B3002184F868
:10C81000200061626069B0F1FF3F1ADD60690121AB
:10C82000124A01FA00F0A0616069157A1172116A6A
:10C8300001EBC000E0642020EFF3118680F3118843
:10C84000204604F0AFFA86F31188284602F076FB02
:10C8500006E00648A16121462C30E06404F06AF944
:10C86000002070BDF5060100FDEE00001407002059
:10C87000F8B5054616484BF2F521174E006800FB47
:10C8800001F714483C0A006800F44020B0F5802FFE
:10C8900010D11248006880030CD4F068006880470B
:10C8A00002F0A8FB3168C9688847C010390B4843BB
:10C8B00004EBE0342DB90A48006820F07F402044A2
:10C8C00044083069416C2046BDE8F840084700BF85
:10C8D00008400C40B44F0050E00100108C13005091
:10C8E00010200940F8B5164F1648BD6C04F0C0FB87
:10C8F0000446154801680668214011F0200318BF5E
:10C90000002D0AD0284600223D6503F05FFC0F4849
:10C910004FF48041283004F0B8FE04EA060010F419
:10C92000602008BFF8BD0A4991F8612042EA5040F2
:10C9300081F8610007480021BDE8F84004F0A5BE79
:10C940006406002020000E000C100440E8040020C3
:10C9500070C20020DCC40020F8B5184D687808B912
:10C96000A87840B3164E012411202C70B047154F03
:10C970004FF47A70B8470A20872101F095FB42F204
:10C980001070B8471A20B0470F48B8471120B04779
:10C990004FF47A70B8470A20072101F085FB42F274
:10C9A0001070B8471020B0474FF47A70B847002095
:10C9B00028702046F8BD0024FBE700BF9208002045
:10C9C00055EA00000500010020A107000022A8B3DD
:10C9D000A1B32DE9F041D0F800ECD0F8084CD0F824
:10C9E00004CCAEEB0C05A54220D2D0F80C4C91E85B
:10C9F000EC010EF1010104EA0E0404EB440400EB27
:10CA0000C40484E8EC01BFF35F8FC0F8001CA1EB05
:10CA10000C01D0F8102CD0F81C3C01329942C0F81F
:10CA2000102C88BFC0F81C1C012205E0D0F8181C8F
:10CA300000220131C0F8181CBDE8F04110467047D3
:10CA400000B17047B0B51A4C606D58B340F2000C9D
:10CA5000EFF311808CF311882020EFF3118180F324
:10CA60001188D4E91850616DB1FA81F1C1F11F014B
:10CA700000EBC101A94215D9086802680A6051603B
:10CA80000A688A4204D1416A626D22EA0101616545
:10CA900000F04EFC616D29B1606EB1FA81F1C1F117
:10CAA0001F01E5E7002084F85000BDE8B040704762
:10CAB000D8020020F0B540F6FF7C10F8013B0024BE
:10CAC000082CFAD00646DF0716F8015B0DD147782F
:10CAD00007F00F060336122E0DD190F90220D6B2C0
:10CAE000B2F1FF3F09DD03300DE001F8015B304694
:10CAF00001345B08E4E7023006E0C27806F07F0606
:10CB0000043046EAC21612363F0947EA051262456A
:10CB100008BFF0BD2A013A44D543002EE8D04A5D53
:10CB2000013E0A700131F8E770B56FF007024A6103
:10CB3000D0E90020CC6891E8680002F1D00C0068D0
:10CB40009160C2F8DC40ACE86800D0F80468760672
:10CB500042BF6FF00800486170BD0126C0F8106840
:10CB60004FF4FF76098B06EA410145B1C0F8001881
:10CB7000591CC2F8D0101978C0F8081805E041F027
:10CB80000101012CC0F8001801D1032100E00B21A4
:10CB900004F047FC002070BD2DE9F0411C4617460B
:10CBA0008846054604F024FBB8F1010F01DB8045FF
:10CBB00001DD002102E005EB0801013927B12268FF
:10CBC000531E23602E23137030224346834205DD1B
:10CBD0002768013B7E1E26603A70F7E74045B8BFE4
:10CBE0008046B8F1010F08DBA9420BD3226811F887
:10CBF0000109531E23601070F6E72068411E216072
:10CC000030210170BDE8F08130B3B0B50D465C2134
:10CC1000044604F0F8F92DB1204629461C2204F000
:10CC200051FD0DE00D480E490E4A0F4B0F4DA0610E
:10CC30000220C4E90253C4E9042120710C48206099
:10CC40004FF080703C21E06104F1200004F0DBF93A
:10CC500008486064BDE8B040704700BF000016425D
:10CC6000333317420000184233330D4200000C42A8
:10CC700070177C150000C8417CB50446069836291B
:10CC800003DB00220092174A0CE01646124A1D46AA
:10CC9000124BE181126E52F821209A4207D00022F5
:10CCA00000920F4A0B4603F06FFF01207CBD08463F
:10CCB00001F07AFF287A29696A68A0602173C4E9C3
:10CCC0000026297D012904BF0230A0602046FFF71D
:10CCD0006BFA00207CBD00BFB0030020950201006C
:10CCE0000E2201002023010010B596B0184C202020
:10CCF000EFF3118180F31188E06810B903F0D8F9DF
:10CD0000FAE7E068216A134A0223B0FA80F0C0F122
:10CD10001F00137501EBC002E26151F830000021E1
:10CD20002174A06140F2000CEFF311808CF31188A4
:10CD30002020EFF3118180F3118804F039F9A16903
:10CD400068461C301C3103F0F5FA16B010BD00BF68
:10CD500014070020B00300200CB44FF07F4343F4CD
:10CD600060034FEA4102D21A1BD24FEA105040EA48
:10CD7000013010F5807024BF400801F580114FEAA2
:10CD80005020002948BF40F000404FEA4101490DC2
:10CD9000B1F560710CD4FF290DD240EAC1500CBC32
:10CDA0007047DB431A40024305D0D8430CBC7047A0
:10CDB00000200CBC704701F00041FF204FEAC0503A
:10CDC00008430CBC7047704770B5054604F046FA3E
:10CDD000174E044696F82400A84386F824003068CD
:10CDE00020B1B830FCF73EFA054600E00025706837
:10CDF00018B1B830FCF736FA054396F8240030B97C
:10CE00002DB9306A18B190F82810890704D420464B
:10CE1000BDE8704004F0D3BB456A204604F0CFFB68
:10CE2000306A022100220024A847346270BD00BF8E
:10CE3000E80400202DE9F041184F04460D46B8697A
:10CE4000C66B2068B04214D004F10C0800214046A3
:10CE5000FCF7FAFF28B9BDB140462946FCF7F4FFBC
:10CE6000C0B10121C4E90061387A397202F066F874
:10CE700007E0A06802280AD00128E5D160680130E7
:10CE800060600020BDE8F0811020BDE8F0812D2019
:10CE9000BDE8F0819120BDE8F08100BF14070020BB
:10CEA0002DE9F04198B060B3054602200C4600F031
:10CEB0002DF8002630B30DF13E072021B81C04F0F8
:10CEC000A2F80DF11C082221404604F09CF840F61F
:10CED0000B600696CDE90466CDE90278ADF83E0018
:10CEE000A01C019001A803F0FDFE0646022000F000
:10CEF00047FF3EB108F102012846224604F0E2FB5A
:10CF000000E00026304618B0BDE8F08170B5174D3E
:10CF100004462878012801D1686810B9FDF740FC63
:10CF2000C8B1134804F040FB124E0B200121B0475A
:10CF300014200121B0470F200121B0472046FCF703
:10CF40001FFD28B1022C08D0012C0AD1A87805E0D9
:10CF5000074802F0D3FC002070BD0F20002104F030
:10CF600067F8782004F034FB012070BD38080020F9
:10CF7000D0C5002031100100B0B5174C60682168A1
:10CF800001EA000521EA0002680622601DD5134867
:10CF9000006800F44000B0F5000F03D110480068AD
:10CFA00002F0C2FB042004F08FF9811E022905D291
:10CFB00002F050FA022002F0D1FB03E0012808BF82
:10CFC00002F048FA202002F027FE280648BF01F0B0
:10CFD000C5F9A560B0BD00BF90220840B44F005015
:10CFE0009C0800202DE9F0414FF02008EFF311815B
:10CFF00088F311880122144F11490D7A0A721149E0
:10D0000091F8506081F850200021104A3C7D39751C
:10D01000396D1268D2B251F82210886040F2000CCB
:10D02000EFF311808CF31188D1E900018847EFF309
:10D03000118088F311883C7546EA0520BDE8F0812F
:10D0400014070020D8020020B003002004ED00E007
:10D0500010B52DED028BB5EE400AB0EE408AF1EE30
:10D0600010FA04D5134803F0A1F9B1EE488ABCEEDA
:10D07000C80AB2EE041AB6EE002A10EE100AB8EE94
:10D08000400A38EE400A00EE012ABCEEC20A10EE59
:10D09000104A092C84BF0024013000F0C5FE064868
:10D0A00003F084F92046BDEC028BBDE8104000F08F
:10D0B000BBBE00BFCE32010056350100F0B5846A18
:10D0C000631E13EA010518BF651B1342294408BFFC
:10D0D0001446A94201D20020F0BDA4F1010C00F1D8
:10D0E000200213461268002AF5D01CEA020618BF77
:10D0F000A61B57687518AF42F3D37C1BB01846B116
:10D10000AF4256600ED01368435001444C6011602A
:10D11000F0BDAF4201D1116803E0126842500144F2
:10D120004C601960F0BD89B36FF0C0020B0E02EACB
:10D130008112202B05D0212B05D0A02B05D1302129
:10D1400018E0102116E0202114E0B1F1807F01D217
:10D1500040210FE0102B05D0112B05D0402B05D11D
:10D16000702107E0502105E0602103E09021502B61
:10D1700008BF8021114341F00F0104C8531C18BFA0
:10D180008A42FAD14FF0FF3140F8041C70477047D3
:10D1900070B50468616F59B3D4F858214568566872
:10D1A000E96B28683268D162012103F007FED4F8E8
:10D1B0005801E96B0F4A40680068C0F8041591FAFD
:10D1C000A1F112683068B1FA81F192699047616FFC
:10D1D000091AE07C20B104F14C0002F057F905E097
:10D1E000206FA26F401A20675018A0670020606768
:10D1F00070BD00BFD401001070B588B0164E012478
:10D200003078012801D1706818BB05AD284603F0BD
:10D21000C5FE2846012104F0E1F82846012104F06A
:10D220004CFA0E48294602F04FFB284604F043FA18
:10D2300001AD284604F018F8002029468DF80C406E
:10D24000FAF78EFF0446706000281EBF01240120FB
:10D250003070204608B070BD5C080020A4C50020D6
:10D26000B0B504460020164D206051EC100B21F0A3
:10D270000042AA421ED852EA00031BD00023B3EB9F
:10D28000125F0BD151EC100B9FED0B0B53EC102BDD
:10D2900004F003FA21F000426FF0350303EB125261
:10D2A000A2F2FE32226005F500121140054A114338
:10D2B00041EC100BB0BD00BF000000000000504367
:10D2C000FFFFEF7F0000E03F1248417901BBB0B59E
:10D2D0008AB0012510492422457101AC204604F092
:10D2E000F1F94FF400708DF824500E4D0E4922468E
:10D2F00000230690094805900020049008480190FA
:10D30000284603F02BF8094845630AB0BDE8B04051
:10D31000704700BFD8020020382F010068B90020F4
:10D32000DC2F0100FCC3002043160100140700207D
:10D330002DE9F047164C002100F12C03154D4FF05C
:10D34000010A80F8281084F850100ECBD4E9168911
:10D35000276E2E7DC4E91703A26585F814A001632A
:10D3600040F2000CEFF311818CF31188D0E9053203
:10D37000C169104698472020EFF3118180F311888E
:10D380002E7584F850A0C4E916892766BDE8F08799
:10D39000D8020020B0030020B0B5134D0124E86B83
:10D3A00001680120884701281BD028683C21012200
:10D3B00000230024C5680D48A84790B102F02EF85C
:10D3C0000B480C490068D1E900238860C01A0A4B59
:10D3D000A2EB92025843B2EB104F98BF020C01240B
:10D3E0000A602046B0BD00BFA401001000A00C40A0
:10D3F000302009400808002040420F00B0B5144812
:10D40000144D807B95F83911084306D003F026FFB0
:10D4100095F83B1121B104F0D2F800242046B0BDAC
:10D42000012485F83B4104F0CAF8022002F07CFB9D
:10D430000D20FDF72BFE084801680029EED10749B1
:10D4400040220A604A60002185F83A11C461E4E78D
:10D45000EC3101000000002004800C4038500C40EA
:10D4600079B36FF0C0020B0E02EA8112202B05D0B7
:10D47000212B05D0A02B05D1302118E0102116E07A
:10D48000202114E0B1F1807F01D240210FE0102B68
:10D4900005D0112B05D0402B05D1702107E050217C
:10D4A00005E0602103E09021502B08BF802111434B
:10D4B00041F00F0104C8531C18BF8A42FAD140F84A
:10D4C000041C70471CB51548017E022904D119209F
:10D4D000BDE81C4003F0BCBD017E01291DD0007ECB
:10D4E00004281AD003F0BAFE044601A8FEF71EF97C
:10D4F00028B101990A4831B103F0C4FB0AE0084899
:10D50000F9F7E3FC06E0F9F7E0FC064804212830CF
:10D5100004F0BBF8204604F052F81CBD480300207C
:10D5200098C40020E8040020B0B54FF0FF3003F0AD
:10D5300097FD104D04461049E86988420DD10F4807
:10D540000F49002203F068FC0220287602F004FB59
:10D5500018B9FEF7A9FBF8F779FF0A48044208BF9B
:10D56000B0BD09484FF000512830BDE8B04004F08C
:10D570008CB800BF48030020E53500006406002099
:10D580008598000002000040E80400202DE9FF41DA
:10D59000144DD5E900673879FDF778FD03F05EFE9C
:10D5A00004463078B0B90DF10408404603F048FD58
:10D5B000B87979790C4A434601950290301D01F003
:10D5C000FBFC38684FF0FF31C162084981600121DE
:10D5D00031704160204603F0F2FF024804B0BDE81C
:10D5E000F08100BF70350100F51401000018002023
:10D5F0001148017801291DD14168D9B1F0B50F4911
:10D60000002244F253230F4C0F4D104E104FC1F81F
:10D610001B208B820A4B8A61CA754278C1E9007669
:10D62000C1E902540B618A75511C4170BDE8F0409C
:10D6300001F0D0BD002070474C050020CCC6002072
:10D6400064650CFF4E2D4E6F7274424109536D613B
:10D650000201060E2DE9F041D0F8A8501F461646EB
:10D660008846044625B12046414632463B46A847F7
:10D67000D4E928010F40064056EA070008BFBDE87C
:10D68000F08120464146802201F07EF9C4E92C67F2
:10D6900040B1D4F8A8108160D0E90812B143BA4370
:10D6A000C0E908120020C4F8A80004F15000BDE849
:10D6B000F04103F0E6BF7047F0B550EC101B154D7C
:10D6C00020F000444A4275EB040206D352EC113BB1
:10D6D00022F000465F42B54101D20120F0BD43EA8D
:10D6E000010534432C4304BF0020F0BD12EA0004BE
:10D6F00006D4CC1A70EB020406DA4FF0FF30F0BD0E
:10D700005C1A72EB0004F8DB59405040084318BF24
:10D710000120F0BD0000F07F10B588B00446022063
:10D72000FFF7F4FB20B300200B218DF81E408DF88D
:10D730001F008DF81C00ADF81A000590CDE903001C
:10D740000DF11A008DF81D1002900DF11D000190D1
:10D7500003200090684603F0C5FA0446022000F05A
:10D760000FFB9DF81C00002C08BF4FF0FF3000E0BD
:10D77000FF20C0B208B010BDF0B51549154A002011
:10D780008C46141813586146271D2169E0CF4CF8C8
:10D7900000300CEB00032030B0F5387F5D609E60F8
:10D7A000DF60196161695961A1699961E169D961B4
:10D7B000E7D111584CF800100CEB00011044041D87
:10D7C00000691CCC4A608B60CC600861F0BD00BF72
:10D7D00000800021081C01002DE9F047054615488E
:10D7E0008A464FF0FF394FF0000804686768BC4272
:10D7F0001DD026462468307D0128F8D16DB1F0682F
:10D8000050450AD1306918B130625044F06001E0EF
:10D8100086F81480D6E906108847307D0128E6D1C5
:10D82000F068A0EB0A00484538BF8146DFE748466C
:10D83000BDE8F08780040020B0B5164A0121147AB3
:10D8400011722022EFF3118582F31188024652F8FB
:10D85000143F93420FD010680368136001745A603C
:10D86000C16809B100220A758068294602F0AEF845
:10D8700085F3118808E0017CC90706BF418A0131A0
:10D880000121418285F311882046BDE8B04001F0B6
:10D8900055BB00BF1407002070B5144E2021306E18
:10D8A000EFF3118581F31188716D726EB1FA81F118
:10D8B000C1F11F0102EBC101814210D90C480121C5
:10D8C000047A01720B4803F0A8F8002086F8500093
:10D8D000204685F31188BDE8704001F02FBB002081
:10D8E00086F8500085F3118870BD00BFD802002073
:10D8F00014070020BDDF00000F280ED840F20252AE
:10D90000DFE800F014101210080D081010100D10B0
:10D910000810100D4FF2011208E01E2802D141F24A
:10D92000011203E0002201E04FF4817231B1FF29BE
:10D9300007D14FF203101040C03008E042F0300031
:10D9400005E0C8070CBF42F0200042F010000004C0
:10D9500000F203707047FEE7F0B550EC101B144D59
:10D9600020F000444A4275EB040214D352EC113B00
:10D9700022F000465F42B5410DD343EA010534432E
:10D980002C4304BF0020F0BD12EA000406D4CC1AD8
:10D9900070EB020406DA4FF0FF30F0BD5C1A72EB58
:10D9A0000004F8DB59405040084318BF0120F0BD87
:10D9B0000000F07F40B3BCB5144D04462878F8B1A0
:10D9C00000200DF1060200210123ADF806008DF8BC
:10D9D0000500442000F078F890B10DF105024420D4
:10D9E000012101F07BF858B19DF80510BDF8060043
:10D9F00000F0DAFD84ED000A85ED020A0120BCBDCD
:10DA0000A86820600020BCBD00207047500800209E
:10DA100010B588B003F0EAF9FBF734FEFCF7F1FF2C
:10DA200000F0F6FF02AC204603F074F92046012115
:10DA300003F0CEFC20464FF4805103F0F6FD0520A4
:10DA4000019001A9204603F09FFA074A07A8214642
:10DA50000023FCF705FD204603F02BFE03F0F8FB46
:10DA6000002008B010BD00BFA53E0000B0B5144DA9
:10DA7000A969CC6B20640120A063616C31B1D1E94C
:10DA800000238868096951649847F6E72046FEF745
:10DA90003BFE206B48B10121287A29720949CA69E5
:10DAA000CC61226001F04AFA03E004F11000FFF7B4
:10DAB000C3FEE0684FF0FF31BDE8B040FDF734BA77
:10DAC00014070020D8020020B0B58AB014460246E0
:10DAD000002024B3ADF82400CDE90700CDE905000E
:10DAE00002208DF827101D46049009A8ADF81C20CF
:10DAF0000390012002900DF12700019001A801F090
:10DB0000B5FA60B19DF825209DF82410002D13462C
:10DB10001CBF0B461146C9B241EA032121800AB05D
:10DB2000B0BD0000B0B5124949684A68D2E9011594
:10DB3000D46860B155EA040005D00E480022C261E5
:10DB40000D4A5032026021B1FDF78FFE01E001B1B4
:10DB5000884755EA040008BFB0BD03F0BBF905B122
:10DB6000A84704B1A0470448BDE8B04002F028BE71
:10DB700048030020001004400100070638B370B5C8
:10DB8000044600F54E650026243040F686412E609E
:10DB900003F039FA04F6AC40322103F034FA0C48B1
:10DBA0001E21686004F6E84003F02DFA2046A4F830
:10DBB000146DC4F8086DC4F80C6DC4F8106D01F054
:10DBC00098FD04F65C50882103F01DFA70BD704783
:10DBD0000000754400B5EFF3038212F0FF0F0DD083
:10DBE0006A46A2F1200282F309886FF0020E1060EB
:10DBF0004FF08071D1610B49916170475DF804EB82
:10DC0000694681F3098880F308884FF00200EFF33A
:10DC1000148180F314880448016821F040410160B8
:10DC2000704700BFFCDB000034EF00E0F0B585B0CA
:10DC30000B4600216A460A2405468DF8131002F1AE
:10DC4000120195FBF4F606EB8607A5EB4707002FBC
:10DC500048BF7F4230370935122D01F8017935462A
:10DC6000EFD8B0F1FF3FDABF2D2008700131541A10
:10DC7000184604F1140203F025FD04F1130005B069
:10DC8000F0BD00007CB5D0E90056002101243068C9
:10DC9000C0F81018C0F81C48684603F0B9F90C49E0
:10DCA000D5F8202130680968002A0B68019918BF4F
:10DCB000012298473068074A00F5026102EA4113E1
:10DCC00001F07041194411440C63C0F804487CBD54
:10DCD000AC010010E0FFFF0110B503F0BFFA0F4CDC
:10DCE000217E022902D0217E042904D10E490C682C
:10DCF00003F065FC10E003F062FC09480068006B6B
:10DD00008047084AA0FB020301FB023110F190504A
:10DD100041F17A00E16C0C18204610BD4803002048
:10DD20008C01001000093D00043004402DE9F04151
:10DD3000ADF5027D0C46816805460DF10A00B1F192
:10DD4000FF3FDCBF0621A960D4F8008001AAF9F7E3
:10DD5000BFF8019FAA6823460646394601F04CFDEC
:10DD6000206839462346804506BF2868C0F3C002B4
:10DD700001223046FEF710FF0DF5027DBDE8F0816F
:10DD800010B504460F4810490A68D20601D5013083
:10DD9000FAD3022C04D0012C06D10C48807800E084
:10DDA0000F20012103F044F9782003F011FC022C2C
:10DDB00002D10120FBF7E4FD0548BDE8104001F069
:10DDC0009DBD00BF30F8FFFF0C0000403808002068
:10DDD000D0C500202022EFF3118182F3118890F842
:10DDE0002820012A02D181F311887047F0B50D4A2D
:10DDF000012492F8503082F85040466B456A7768AB
:10DE000006604760386080F82840546D2C435465A4
:10DE1000706081F31188BDE8F04003B17047FFF7EF
:10DE20003BBD00BFD802002010B3B0B586B00021C2
:10DE30000A2303AA58B1B0FBF3F404EB8405A0EB6A
:10DE4000450040F03000505401312046F2E75018B0
:10DE50000023421E6846994204D012F80149C45476
:10DE60000133F8E70022425402F0A0FA06B0B0BD38
:10DE7000014802F09BBA00BFEA310100B0B501F0E1
:10DE80000BFE0E4C0E4D1420611CA8470A202146A3
:10DE9000A84709202146A8470A490820A847B920D1
:10DEA00000F0B4F8084C1420A0470A20A04709202D
:10DEB000A04708202146BDE8B04008470064002084
:10DEC000B9150100022000207DEF000010B50428E4
:10DED0001CD10F48FBF7C6F9C0B1F5F7CBFD0446DE
:10DEE0000B48F7F757FE604380084A280ED80848C9
:10DEF000F8F7EBFF052001F017FE0648012180F836
:10DF0000251005480421283003F0BFFB002010BD78
:10DF100098C4002048030020E8040020B0B504465F
:10DF2000C8B10D4620464FF4147103F06CF835B1BA
:10DF300004F5107029460C2203F0C4FB08E00848E1
:10DF4000C4F848020748C4F844020748C4F840022D
:10DF50002046FEF76DFA002C18BF01242046B0BD04
:10DF60003200190532006400FA002600002218B3BE
:10DF700011B3D0F804CCD0F8003C63451CD0F0B508
:10DF8000BFF35F8FD0F80C3C03EA0C0303EB4303B1
:10DF900000EBC30393E8F44081E8F4400CF1010185
:10DFA0000122BFF35F8FC0F8041CD0F8141C0131AC
:10DFB000C0F8141CBDE8F04010467047B0B5124CD4
:10DFC000D4E91851606DB0FA80F0C0F11F0001EB88
:10DFD000C001086802680A6051600A688A4204D178
:10DFE000416A626D22EA01016165FFF7A1F9606D86
:10DFF00040B1616EB0FA80F0C0F11F0001EBC001CA
:10E00000A942E6D8B0BD00BFD8020020B0B5044692
:10E010001420002103F00CF807250A20002103F04A
:10E0200007F8681C0FD024FA05F000F00101092060
:10E0300002F0FEFF0A20012102F0FAFF082003F09F
:10E04000C7FA013DE9E71420012102F0F1FF4FF486
:10E050002F70BDE8B04003F0BBBA7CB50028154670
:10E060000C460646009248BF404200210A22642323
:10E07000F4F768FB06F10900122808D804F0DF0065
:10E08000502804D02868411E29603021017028687A
:10E09000411E29602B21002E48BF2D2101702868C8
:10E0A000411E296004707CBDB0B588B004460120D3
:10E0B0000D46FEF72BFFE0B1002044F040018DF843
:10E0C0001F508DF81E000590CDE903000DF11A00D8
:10E0D0008DF81D1002900DF11D000190032000909D
:10E0E000684602F0FFFD0120FFF74AFE322001F0F2
:10E0F00089FF08B0B0BDB0B588B0044602200D4617
:10E10000FEF704FFE0B10A208DF81F508DF81E4085
:10E110008DF81D0000208DF81C00ADF81A00059048
:10E12000CDE903000DF11A0002900DF11D000190E0
:10E1300003200090684602F0D5FD0220FFF720FE84
:10E1400008B0B0BD70B500F12003856A1C462046BA
:10E1500024680CB18C42FAD36E1E0C60016016402C
:10E16000A5EB060518BF2A444A603CB15518A542E4
:10E1700004D1D4E900452A44C1E90042984207D0BD
:10E1800043681C188C4203D109681A44426001603C
:10E1900070BD00000D4890F82810C90714D1F8B5DB
:10E1A000012180F8281003F025F900200949019089
:10E1B00007480290081A0390074801A901F028F8BF
:10E1C00006498860BDE88F40704700BFB00300205B
:10E1D000501A0020509A002078C50020D802002054
:10E1E00010B50E480078B0B10D4801F05DFD0D4C42
:10E1F000204602F063F80C48046101F06FFF40F222
:10E20000000CEFF311808CF3118803F01DFABDE8C8
:10E210001040FEF769BD03F015F800BFD8020020DA
:10E2200079E80000FCC50020B00300200E480F4A2A
:10E230000F4B0168825800680340D0B20D4A7F2816
:10E2400088BF0020934207D1090F022906D307D0C7
:10E25000032901D1153004E0FF2002E00A2000E08C
:10E260000B3040B2704700BF1813005088FDFFFF0D
:10E2700000F0FF0F0010B40B80B50D4801420CD028
:10E28000012003F021F8012808D10B4800210C4A95
:10E29000C1610A49CA613C31016080BDF5F7EAFB02
:10E2A0003221B1FBF0F10348BDE8804002F0EABC46
:10E2B0000400002098C400200010044048030020FF
:10E2C000E53500001048032180F85A10022180F83B
:10E2D0004B100121017500210170062180F8951075
:10E2E000052180F88B10042180F84E10072180F85A
:10E2F0006A100649C0F8AF100A2180F827100921DA
:10E300008177082101737047D50300217D410021E9
:10E310007FB5D0E90154204602F095F820684168A5
:10E3200021F002014160416921F00F0141610321A7
:10E33000016202A802F06CFE074995F8F93095F8E1
:10E34000FA202068D5E9396509680C680399CDE998
:10E350000065A0477FBD00BFC4010010B0B502F04A
:10E360007DFF044603F014F90028FBD0032001F0E0
:10E37000F5F90B48002180F83811204603F01FF909
:10E380000848816802200D4688470446102001F0A5
:10E3900043FC24B103202946BDE8B0400847B0BD86
:10E3A00000000020EC310100B0B54161002180F88F
:10E3B000281092E83A00C0E9063401611169C0E909
:10E3C0000B11691C08BF052505620121A9404162A6
:10E3D00007494A6E02EBC502426301F14802406000
:10E3E000006000F10801104602F0A4FB0020B0BD5F
:10E3F000D80200202DE9F0414768044602F02EFFC4
:10E4000005464FF00008D7F8C8609EB17169706882
:10E41000C6F81480C7F8C81002F036F9284603F091
:10E42000CEF8D7F8BC2020463146904702F016FFC0
:10E430000546E8E72846BDE8F04103F0C0B810B54E
:10E4400003780A788BB182B1A2F141040131013025
:10E450001A2CA3F1410438BF42F020021A2C38BF15
:10E4600043F020039A1AEBD00CE0A2F141001A28E5
:10E47000A3F1410038BF42F020021A2838BF43F010
:10E4800020039A1A104610BD0E485022016841F42C
:10E49000087121F0020101600B48032140F8041CBF
:10E4A00041F2300181600121016082604FF4CA6253
:10E4B000016082604FF4865201608260016003480F
:10E4C000016070470000046058600440004104404F
:10E4D000B0B502F0C3FE044603F05AF80C48002120
:10E4E00080F83811032001F039F9204603F067F86D
:10E4F0000848816802200D4688470446102001F034
:10E500008BFB24B103202946BDE8B0400847B0BDCD
:10E5100000000020EC3101002DE9FC479846AAB12B
:10E5200015460E46074600244FF0FF3A0DF1040948
:10E5300031192A1B38464B46CDF800A0F8F774F87D
:10E5400001990C4428B96D1AF2D102E000246FF051
:10E550000900B8F1000F18BFC8F80040BDE8FC87FB
:10E5600010B58AB0144602460020DCB149BAADF8B5
:10E570002400CDE90700CDE905000220ADF8261002
:10E58000049009A9ADF81C20CDE902010DF1260087
:10E59000019001A800F06AFD20B1BDF8241009BA6D
:10E5A000090C21800AB010BD70B560F31321044638
:10E5B000084602F0F5F905460E46200B012101FA46
:10E5C00000F0002101F034FD2A46334603F065F8DF
:10E5D0009FED050B53EC102B03F05FF8FEF7BCFB2F
:10E5E00000EE100A70BD00BF000000E0552B433F55
:10E5F00081B0B0B587B000250B930C4605920D4B4A
:10E600000495002918BF0121611ACDE902010848CB
:10E610000BA90691009005A802AAF3F7F5FB0CB12F
:10E6200002990D7007B0BDE8B04001B0704700BF5F
:10E63000E9FB00009D0C0100B0B52021EFF311842F
:10E6400081F3118801250B49CA6A0D604069B0F554
:10E65000802F98BF4FF4802002EB1040486106489D
:10E66000232100680268002090470448056084F375
:10E670001188B0BD042009408401001080022443A9
:10E6800010B50446D1E9000289680828E26198BF04
:10E690000820A062431E134003D0C31A1A44C91AAB
:10E6A000E261B1FBF0F1484304F1100160620548FA
:10E6B00002F040FAE069616A002202602062416073
:10E6C00010BD00BF7C0800202DE9F843DFF838902A
:10E6D0000546984617460E46484601F051FC04464A
:10E6E000284631463A46FEF7E9FC074648462146A9
:10E6F00002F093FD2FB9054A40462B46009602F0E2
:10E7000043FA3846BDE8F88324C600208121010081
:10E7100070B5D0E90A43BE251CB103F8015B013C8A
:10E72000FAE7D0E90A34D0E90D56C06B043B23F078
:10E7300003032344074C43E9022143E90405602114
:10E74000FF2243E90646A3F17804204602F056FC76
:10E75000204670BD8D0D0100B0B5104C002525740C
:10E76000E06810B901F0A4FCFAE7E068216AB0FAA9
:10E7700080F0C0F11F0001EBC000E169884209D9B7
:10E78000E061A169026801F11C0002F11C01A261B3
:10E7900001F0D0FD207C0028E1D1B0BD140700209D
:10E7A00010B5FDF7C5FD02F0CBF8FFF7F3FC0B4801
:10E7B0000B490C4C016094F8440010B9012084F816
:10E7C0004400FDF7F5FD01F0A1FD01F0DBFDFEF7D2
:10E7D0007BFD01F0C7F80120207010BD28C7002084
:10E7E00040C30020D80200200CB54FEA41034FEA95
:10E7F0005353B3F54073FF3B44BF00200CBDD3F12E
:10E800001F030FD94FEAC12242F0004222FA03F25D
:10E810000B2B3EBF1533D840024300294CBF50425A
:10E8200010460CBD00294FF0004058BF401E0CBDE3
:10E8300070B50D46044602F011FDD4E901128A427A
:10E8400004D102F0BCFE4FF0FF3070BDE3682268D7
:10E850000133B3FBF1F606FB11315554E160A168B9
:10E86000626901319142A16088BF0A46626102F08B
:10E87000A6FEA06870BD00000C48032290F850105E
:10E88000012180F850100A4802750A4A137A117261
:10E89000006948B110B5084C204602F05DFD2046E5
:10E8A000BDE8104002F05EBD704700BFD8020020F6
:10E8B000B0030020140700208FD10000F8B50D48E8
:10E8C0000D4D0E4F0126046804608CB1B4FA84F03B
:10E8D000696880F01F0006FA00F251F82010944396
:10E8E0000029F2D057F820205203EED58847ECE7F4
:10E8F000F8BD00BFE0200240D03201000010084007
:10E900000F49C3070A68496D01D1002106E001F0F3
:10E91000040102F00103C91818BF0121830744BF95
:10E9200002F0020341EA5301400744BF02F0040031
:10E9300041EA90010220002918BF0120704700BF62
:10E94000402108400F49C3070A68496D01D10121E0
:10E9500006E001F0040102F00103C91818BF01210B
:10E96000830744BF02F0020301EA5301400744BF9A
:10E9700002F0040001EA90010220002918BF0120E2
:10E98000704700BF40210840F0B50F4C00234FF006
:10E99000580C8EB20027B3F5307F0FD0E1180D8EE2
:10E9A000B54208D139B10D69854204D14AB191F817
:10E9B0003350154203D158330137ECE700210846A4
:10E9C000F0BD07FB0C41FAE758B4002070B50446CF
:10E9D00005680D48C6680D480068006B8047811BBC
:10E9E000080B05EB1132B5EB113F40F6C41188BF9F
:10E9F00050088842206004D880084A2802D84FF482
:10EA00009671216070BD00BF480300208C0100108A
:10EA100070B502F023FC04460B48017821B1204672
:10EA2000BDE8704002F0CBBD0121017007480578B8
:10EA30000748002DF3D0064656F80C1B8968884716
:10EA4000013D3046F5E700BFB20800208A360100DC
:10EA500088330100B0B588B0044601200125FEF7D7
:10EA600055FAB8B100208DF81F408DF81E000690B1
:10EA7000CDE904000DF11E0003900DF11F00CDE95A
:10EA8000015001A802F02EF90120FFF779F9322098
:10EA900001F0B8FA08B0B0BD0F4A10F8011B5318C6
:10EAA0005B78DB06F9D42D2918BF2B2901D1027818
:10EAB00001E001380A46431C0020303A092A06D8F2
:10EAC00000EB800002EB400013F8012BF5E72D2945
:10EAD00008BF4042704700BF001F010010B58AB058
:10EAE000144602460020CCB18DF82710CDE907006E
:10EAF0008DF82600CDE9050001200DF12601ADF8C5
:10EB00001C200490CDE902010DF12700019001A81D
:10EB100000F0ACFA10B19DF8261021700AB010BDBB
:10EB2000F8B50D460C494978012918BFF8BD0B4EC0
:10EB30001446B0470A4F01463420B8472846B0472C
:10EB400001463520B8472046B047014636203A46B0
:10EB5000BDE8F840104700BF9708002055FF0000AF
:10EB600093FD0000F8B50D4E04460D4F306E50F881
:10EB70002100B84201D00020F8BD0A480D462430DB
:10EB80000090204601F092FD0028F4D0306E50F83D
:10EB90002500C01B18BF2046F8BD00BFB0030020F1
:10EBA00095020100D802002010280FD310380E4A19
:10EBB0000123410900F01F0002EB810103FA00F07C
:10EBC000D1F8F020C1F87001104070470F281CBF29
:10EBD0000020704704480168026822F002020260C7
:10EBE00001F00200704700BF10E000E010280FD3D2
:10EBF00010380E4A0123410900F01F0002EB810189
:10EC000003FA00F0D1F8F020C1F8F000104070478E
:10EC10000F281CBF0020704704480168026842F0BA
:10EC20000202026001F00200704700BF10E000E045
:10EC300000B170472021EFF3118081F311880B4957
:10EC40004A6D3AB180B580F31188FEF725FEBDE824
:10EC5000804004E0002281F8502080F311880449AC
:10EC60000122087A0A7200F069B900BFD8020020B8
:10EC7000140700202DE9F04115468846074600207C
:10EC80005821002200262B4600F03AFB78B1394685
:10EC900042462B46044601F061FB08B1264606E0D9
:10ECA0000448214658228068436898470026304629
:10ECB000BDE8F081D802002080B58AB08DF825101B
:10ECC0001146002B08BF090A8DF8271018BF120A39
:10ECD0008DF826200021CDE90711CDE90511CDE9F8
:10ECE00003110321ADF81C0002910DF125010191E2
:10ECF00001A800F0BBF90AB080BD00000B48016814
:10ED00008907FCD50A4801210A4AD0F83C010128AC
:10ED10004FF0010008BF2020082390610020106000
:10ED20000548036043601160704700BF58600C40A5
:10ED30000000002000400C4038500C4040F0020120
:10ED4000022918BF70477CB50A4D0B4C80B2702267
:10ED5000042329684E68009020460021B0472868A7
:10ED6000002170227023D0F80CC0204602B0BDE80C
:10ED700070406047A401001000A00C400C4A1278BB
:10ED8000012A11D1094A127882420DD9094A002973
:10ED9000094B18BF0A4600EB400103EB810053F812
:10EDA0002110CB6811461847002070478A360100B1
:10EDB000B20800205C2F0100883301000B480C4989
:10EDC0009FED0C1A00229FED0C2A90ED020AC0E97B
:10EDD0000421B5EE400A81EE001AF1EE10FAC8BF28
:10EDE000B0EE412A80ED062A704700BFA807002038
:10EDF0000000C8420000FA4384927B4198B10A495E
:10EE00000A4AC0E907210821094A01834FF07A51D3
:10EE1000C0E904214FF461718181064981600121BB
:10EE200001710549016070479A99193F9A99193EF5
:10EE3000000020413333D33F6666263F012917D0B7
:10EE400010B5B0F90E40002C48BF64422046FFF7D1
:10EE5000ABFE0848084AC16C51F82430934218BFF1
:10EE600041F82420006D002140F82410BDE8104036
:10EE7000704700BFB003002095020100B0B50C46FA
:10EE8000002100F12005C4E90111416A0A4821600E
:10EE900001F076F801462D6845B16868D4E9012390
:10EEA00002448342626038BFA060F4E70248BDE8D4
:10EEB000B04002F0B2B900BF24C6002070B52020D7
:10EEC000EFF3118480F3118809480068006B8047D4
:10EED000084AD2E91556084AD2E9102384F311886A
:10EEE00002F070F8281AB04288BF002070BD00BF41
:10EEF0008C0100108004002040C3002070B50E4833
:10EF00000121047A017285692020EFF3118680F3D4
:10EF10001188284600F0B8F9032085F8200028461B
:10EF200000F0D0F986F311886D602D602046BDE8B1
:10EF3000704000F003B800BF1407002000B1704714
:10EF400010B50C4C2020EFF3118180F31188207C48
:10EF5000012805D1084890F8500008B9FFF7FCFBDC
:10EF60000020207240F2000CEFF311808CF3118826
:10EF700010BD00BF14070020D8020020FF2817D0C2
:10EF8000B0B5044601F04EFE0A4D286850F8241032
:10EF9000204602F011FB686850F8241011B10021DE
:10EFA00040F82410A868002140F82410BDE8B040C3
:10EFB000704700BFD0320100BBB12DE9F04786B0E9
:10EFC000DFF82CE0EC4666469EE8B00786E8B0071E
:10EFD000D3E900451B7A8DF8083063460194049507
:10EFE000FFF7C0FD06B0BDE8F0870023FFF7BABD0C
:10EFF0007831010070B50D4B1B3800FB00F193E830
:10F000007000DB6801FB00F283FB0223C6FB0123D7
:10F01000C5FB00231009190940EA0370001941EBF0
:10F02000E471000C40EA014070BD00BF18080020E8
:10F030007CB50C4D0C4C00214FF4C072072328689E
:10F040004668022000902046B047286800214FF40F
:10F05000C0720723D0F80CC0204602B0BDE8704053
:10F06000604700BFA401001000A00C4070B504462A
:10F0700000209CB10A4E716881B10A4D284602F009
:10F0800093FA7068214641F28832F9F7DDFA0446B6
:10F09000284600F033FCB4FA84F0400970BD00BF8C
:10F0A0005C080020A4C5002080B58AB08DF825102A
:10F0B000090A8DF82720120A8DF8241000218DF8F6
:10F0C0002620CDE90711CDE90511CDE90311042171
:10F0D000029109A9ADF81C00019101A8FFF7C6FF34
:10F0E0000AB080BD10B50A480A490B4A0B4CC0E96A
:10F0F000022102210171817016200021A047062003
:10F100000021A047072000212246BDE810401047FB
:10F11000A8070020D044583C6F12833B31100100F7
:10F1200080B5012001F0C6FD012001F0CFFD1620C1
:10F13000012101F07DFF47F2305000F063FF0448E9
:10F140000449054AC0E9022100210171817080BD96
:10F15000A807002048E1D1426666FE410C4840788D
:10F16000012818BF704710B50A4C34200021A04771
:10F1700035200021A04736200021A047372000215C
:10F18000A047242000212246BDE81040104700BFC0
:10F190009708002093FD0000BCB5054600200C46F2
:10F1A0000DF10602ADF80600ADF804003A2029463C
:10F1B000FFF7D6F968B1681C01AA81B23A20FFF7BF
:10F1C000CFF930B1BDF80400BDF8061041EA0040A7
:10F1D0002060BCBD0C49122000225A2802D00A52DD
:10F1E0001830FAE71CB5094C002210310023CDE994
:10F1F0000022606801F001F9C0F3400010B1A1687D
:10F200000131A1601CBD00BFBC0600204C050020E0
:10F2100010B504460848002908BF01462046FFF7FC
:10F220002FFA06480649074A074BC4E90210204650
:10F23000C4E9003210BD00BFDC3301007DEE0000E8
:10F24000BF16010079FC0000C9E6000010B588B0C7
:10F2500001AC0A491C22204602F034FA0020094A77
:10F26000002123468DF810000A20039002208DF81B
:10F2700004000348F9F7A0FB08B010BD18300100E6
:10F2800040C300200D140100B0B50D49CA680368E1
:10F2900044682360436804686360C46C83692568BC
:10F2A000A54204BF9A43CA608A69824204BF002211
:10F2B000CA6101220A74022180F82010B0BD00BF8B
:10F2C0001407002090F84800012818BF704710B5B7
:10F2D0002020EFF3118480F3118807484169013938
:10F2E000416105D1054884F31188016A00208847EF
:10F2F00084F3118810BD00BF14070020B003002064
:10F30000F8B50E460B4900281C468D68314618BFDB
:10F3100005462F682846002A08BF0822B847074636
:10F3200028B9054A20462B46009601F02DFC3846A8
:10F33000F8BD00BFD80200209722010010F1240F71
:10F34000D8BF6FF023001B28A8BF1B2003210F226A
:10F350002430A1EB101122EA000022FA01F14FF64D
:10F36000FF7222FA00F040EA01400149086070474C
:10F3700018A00C40B0B50A490A4A0B4B0C684D68FE
:10F38000AC42FCD1844208BFB0BD155C145DAC42F8
:10F390004FF0FF3538BF01252C441C5D0C60EDE7B4
:10F3A00000600C40783501007C35010010B50A4C36
:10F3B00000212068426801209047206801680120F0
:10F3C000884708B100F02AF804480068E06800683F
:10F3D00080470349C86010BDE0010010302009409B
:10F3E0000808002010B50A490A4C0860D1F89800B6
:10F3F00040F00300C1F89800206881692020884708
:10F40000054800682068806BBDE81040004700BFD9
:10F410008C210840B80100102C20094010B50A4882
:10F420000B4C0188C907094907D14FF0012222601E
:10F4300000880868BDE810400047086880474FF022
:10F440008070206010BD00BF00A00C408000001044
:10F4500004A40C407CB50B4D0B4C00214FF04052E6
:10F460001C2328684668032000902046B04728687F
:10F4700000214FF4007209234568012000902046C6
:10F48000A8477CBDA401001000A00C40F8B50C46B4
:10F49000054601F0E3FE2B1D6E690ECB8F1AA742C5
:10F4A00038BF3C4622442344B24288BF16466E61B0
:10F4B000B3FBF1F606FB1131C5E9022102F07FF83A
:10F4C0002046F8BD70B50668054601F0C7FE044643
:10F4D000707A70B901207072284600F0F9FC6868F3
:10F4E00001F028FF2846FAF7C5FB2846002100F066
:10F4F00097FF2046BDE8704002F061B8F8B5D0E94A
:10F50000006501F0ABFE0446307870B1287901F057
:10F51000EFFD012806D1286800274760301D02F062
:10F520009AF837702879FBF7B9FE2046BDE8F84015
:10F5300002F045B8C2B110B58AB0044600208BB1C4
:10F54000CDE90700CDE9050001208DF82710CDE9B0
:10F550000323ADF81C4002900DF12700019001A893
:10F56000FFF784FD0AB010BD0020704710B5094CAC
:10F57000207838B9084809494FF4A76202F0A2F888
:10F5800001202070064800210160BDE81040FEF710
:10F5900099BE00BF370800204C400021D016010062
:10F5A000E004002198B1B0B5094A0A4B00215C245F
:10F5B00042F24255C0E90011C0E90215C0E9044415
:10F5C000C0E90832044AC0E90623BDE8B0407047EC
:10F5D0006666B641CDCCCC3FA470B14170B504464F
:10F5E0000B4801210160D4E91001D4E916238518E4
:10F5F00041EB0306280C40EA064100F00BF8D4E981
:10F600001623D4E9060150346CC4BDE870400847A5
:10F610000420094010B50C4601F07EFF0A498A69B2
:10F62000A31A0632B3F1004F07D89442134688BF9D
:10F630002346121B48BF23461A460A6000B110BD7C
:10F64000BDE8104001F06CBF1820094070B50948B2
:10F65000094C84420BD0094D094EB54207D0F5E85C
:10F66000020110F8012B54F822209047F5E702F030
:10F6700016F870BD983801008C380100D8380100A8
:10F680002039010004B54200120E0DD0FF2A0ED021
:10F6900002F56072C10F42EAC122014648074902E1
:10F6A000090B41EA025104BD0021002004BD0146BE
:10F6B0004002C90DC900C91D090504BDB2B110B58C
:10F6C00086B09368062B03D35C1C01D000200BE0AE
:10F6D000002404930194D2E90034D268CDE90234C5
:10F6E000059201AA01F03AFB06B010BD002201F01C
:10F6F00035BBC0B1B0B5044600F5546500F61850EE
:10F70000282101F080FC00204FF07E51C5E9001057
:10F71000C5E90200C4F8540DC4F8580D012084F85E
:10F72000500DBDE8B040704708490A4B42180849DF
:10F730009A42096808D801F44001B1F5000F03D1DD
:10F7400005490968496C0847704700BF5C8F82FF14
:10F75000B44F0050B71E0500F001001070B50B4DFE
:10F7600004462E1801F07AFD96F84311013986F807
:10F770004311090605D10121AA68A14022EA01012D
:10F78000A96001F01CFF002070BD00BF0000002038
:10F79000B0B5054601F062FD044608480178A9436A
:10F7A00001700078000704D405480821283001F0D2
:10F7B0006CFF2046BDE8B04001F001BF48030020C7
:10F7C000E80400202DE9F04106460A4815460C469B
:10F7D00000278046BC4209D0D8F80020E95D306897
:10F7E0009269904708B10137F4E73C462046BDE8EE
:10F7F000F08100BFD0010010F8B51C4615460E463A
:10F80000471801F0F5FC012DB8BFF8BD71190129A9
:10F8100001DB814201DD302102E0791911F8011C80
:10F820002268013D531E23601170ECE710B50A49B0
:10F830000122087A0A720949CC6944B12268CA6176
:10F84000FFF77CFB2046BDE8104000F057BBBDE849
:10F850001040FFF773BB00BF14070020D802002040
:10F8600070B50A4C12200021A04715200121012566
:10F87000A047074E1E2001213570A0474CF25030A2
:10F88000757000F0BFFB012070BD00BF311001009A
:10F89000A80700200A484078012818BF704710B513
:10F8A000084C34200021A04735200021A0473620F5
:10F8B0000021A047372000212246BDE81040104714
:10F8C0009708002093FD0000F8B500220A4BC0E91C
:10F8D00000228262002918BF0B461968CDE9012277
:10F8E0000392816001210C308DF8041001AA00F010
:10F8F000F9FC002004B080BD94330100B0B50B4981
:10F9000001250C7A0D7289690268C96B8A4208D197
:10F91000416800250139416003D140F80C5BFDF7D7
:10F920008BFF2046FFF70AFB2846B0BD14070020D6
:10F93000B0B50B4A0023156C946CC0E901452A78D8
:10F9400041B1BE2A06D1691C631C11F8014B013B71
:10F95000BE2CFAD00360B2F1BE0018BF0120B0BDCA
:10F96000B00300200B4890F8641089B9012180F899
:10F9700064102021EFF3118281F311884FF0FF31E1
:10F98000C162016C826C21F0070111440839C16326
:10F99000704700BFB0030020B0B5044682608161AB
:10F9A00000201D462075D3E9010120610648E16170
:10F9B000214601F0BFF82878012818BFB0BD2046C5
:10F9C000BDE8B04001F03EBA8004002070B50B4A9B
:10F9D000D368C56C84696E682343056046603060F7
:10F9E0006860D360012380F820301374202081F3F5
:10F9F0001188EFF3118180F3118870BD1407002086
:10FA00000A48083880F308880948016841F4700101
:10FA1000016000BF00BF01F044FE08B1FFF716FE11
:10FA200001F076FA002001F0C3FD00BF0040012084
:10FA300088ED00E080B58AB08DF8261000218DF8A1
:10FA40002720CDE90711CDE90511CDE903110221E8
:10FA5000ADF81C0002910DF12601019101A8FFF7FC
:10FA600005FB0AB080BD10B52021EFF3118481F3AE
:10FA70001188017C02290CD10268816843681A60F0
:10FA80000022027442680068426008462146FFF77F
:10FA90009DFF84F3118810BD80B50A49142001F040
:10FAA0008BFD1420002101F0C3FA012001F090FD2C
:10FAB0001420012101F0BCFA4FF40C70BDE8804025
:10FAC00001F086BD01640020BFB5044653B100209B
:10FAD0000190D3E901500390187802958DF8040045
:10FAE00001AB00E0034B2046FFF756FF204604B071
:10FAF000B0BD00BFE8330100FF2808BF7047B0B5B4
:10FB00000D46044601F0AAFB0649C5F3024311F86D
:10FB1000242002F0F8021A4401F82420BDE8B04085
:10FB200001F04DBD02100840B0B50446012000FAB6
:10FB300004F501F093FB07498A682A438A6021444F
:10FB400091F84321013281F8432101F038FD002072
:10FB5000B0BD00BF000000200A484068826800F184
:10FB60003801134652680AB18A42FAD1597B090713
:10FB700006D1408F40F60901884204BF012070473A
:10FB8000002070474803002007480068C00608D4DA
:10FB900006480749006808400649884204BF01201A
:10FBA00070470020704700BFB04F00505013005006
:10FBB00000C4FF3F00C0071CB0B50024094D21F070
:10FBC0000041404275EB010023F000414FF000007E
:10FBD00038BF0120524275EB010138BF0124204398
:10FBE000B0BD00BF0000F07F70B50D461446014661
:10FBF000D5E9012082420BD9161AB44238BF2646F5
:10FC00002868324601F05EFD2968A8683144296001
:10FC10002044A860204670BDB0B504460948056878
:10FC200055B1A868204205D0D5E90332204600210D
:10FC3000984718B92D68F3E70020B0BD4FF0FF30AA
:10FC4000B0BD00BF000000209EB0094C012184F827
:10FC50003010616B09B969466163FAF795FB0320BF
:10FC6000207504480068C0B20F2800D2FEE7FEE706
:10FC7000B003002004ED00E02DE9F041DFF824801E
:10FC8000064614460D46404600F07AF907463046CF
:10FC900029462246FEF756FA40463946BDE8F0416D
:10FCA00001F0BBBA24C6002010B50A4B2022EFF3A6
:10FCB000118182F311881A6C072A04DCDC6B44F88A
:10FCC0002200501C1864002081F31188082AB8BF54
:10FCD000012010BDD802002070B50A4D0446202036
:10FCE000EFF3118180F31188286C461E701C0128E7
:10FCF000B8BF70BDE86B50F8261020468847013E1B
:10FD0000F4E700BFD8020020B0B50C460546FDF769
:10FD1000E3FF291A04F57A72C4EB9100012898BF19
:10FD200001200023B2EB910F28BF1846B1F1404FDC
:10FD300028BF1846B0BDB0B50C46054601F08EFA96
:10FD4000D5E901122B69A24238BF1446121BAA60E2
:10FD50001A19B2FBF1F303FB1121296101F02FFC09
:10FD60002046B0BDF8B50C46054601F077FAEA68C2
:10FD700095E8C2000132B2FBF6F303FB16252944D5
:10FD8000216001F01CFC701BF11B814238BF08464A
:10FD9000F8BD80B58AB08DF827100021CDE9071194
:10FDA000CDE90511CDE903110121ADF81C00029147
:10FDB0000DF12701019101A8FFF758F90AB080BDA4
:10FDC00068B1B0B50D4640F6E451044601F01BF9A8
:10FDD00020462DB12946242201F074FC02E0704730
:10FDE000FFF70CF82046BDE8B040FDF7C7BE70B580
:10FDF00004462020EFF3118580F31188207D01282F
:10FE000008D1E66800F0D2F8216A301A884288BF2B
:10FE1000002000E0002085F3118870BD002804BF99
:10FE2000002170474CBF404200464FF01F014CBFBD
:10FE300041F4406141F48061491E4000FCD34FEA27
:10FE4000015141EA103100057047000006480122C7
:10FE5000017A027205480160054890F8501080F858
:10FE600050200448016070471407002024C7002078
:10FE7000D802002054B4002010B50C460849097E71
:10FE800002290AD100F09CFC04B12060C1B202201A
:10FE9000012908BF6FF07E0000E00120C0B210BD54
:10FEA00048030020F8B50C46D0E90016002701F100
:10FEB0004C053068013C47F100018269D20606D446
:10FEC00029B10068C1B22846FEF7B2FCF1E7F8BDDF
:10FED000D0E900100A6C5AB191F84410090707D50F
:10FEE00001684FF480624A648A6B42F480628A63DC
:10FEF0000068816B41F040018163704710B5044692
:10FF0000103000F0E5FB204650F80C1F09B100F05E
:10FF100027FD04482146502280684368BDE8104010
:10FF2000184700BFD802002010B5094C6275E18166
:10FF3000002141F26F72A37584ED041AA08184ED53
:10FF4000010AC4ED020A904288BF0121217510BD4B
:10FF5000DC070020A0F13001C9B2092904D8074903
:10FF6000084410F8300C70472D38C0B24C288EBFB2
:10FF700000200149085C7047542501004D34010000
:10FF8000B0B5094D0446A168A869814204BF0120AB
:10FF9000B0BD04F10C004FF0FF31F9F755FFA8692F
:10FFA000A0600020B0BD00BF1407002010B52020C5
:10FFB000EFF3118480F3118805480068006B8047D7
:10FFC000044AD2E9102384F3118800F0FBFF10BD2E
:10FFD0008C01001040C3002000B1704710B5074CE1
:10FFE000207C012805D1064890F8500008B9FEF79A
:10FFF000B3FB00202072BDE81040704714070020BA
:020000021000EC
:10000000D802002080B50949884206D301F0C4FA1D
:10001000162101604FF0FF3080BD09300A21B0FB8E
:10002000F1F00130FBF71EFF002080BD40420F00C1
:10003000002804BF0029704704B53F2212F58062F2
:10004000521E490041EAD0714FEA4000F8D3000B3C
:1000500040EA0150090B41EA025104BDB0B5056800
:1000600002200C46FFF77AFB64B1D5F8EC000021C2
:10007000B1EB107F06D10420FFF770FB4FF0FF308B
:10008000C5F8EC00B0BD4FF080410A4689088242B5
:10009000FBD810B500214AB1541802EB5103A0421D
:1000A00034BF4B08001B19469208F4E7084610BD00
:1000B00081B040F2000CEFF311808CF31188002026
:1000C0000090009810B900980130F9E72020EFF374
:1000D000118180F3118801B0704700000648006963
:1000E00040B180B5054801F037F90548BDE88040CA
:1000F00001F038B9704700BFB0030020390A010091
:100100000D0C010070B5D0E9006501F0A7F80446B8
:10011000F06830B1284601F0FBF9B0686FF00901D2
:1001200041612046BDE8704001F049BAB0B50D46C6
:10013000044601F093F8D5E9001211B14A606A68EB
:1001400000E06260002A18BF14462160BDE8B0409C
:1001500001F035BA80B5FFF717FD60B106480068B9
:1001600081034FEA00414FF0000058BF0816BDE878
:100170008040FFF7E3B880BDB44F005080B506481B
:100180000649006808400649884204D1FEF74EF847
:100190001328C8BF80BDFEE71813005000F0FF0F02
:1001A0000010B40BB0B501F059F80446064890F8B9
:1001B000380118B100F0A2F9054600E001252046FB
:1001C00001F0FDF92846B0BD00000020F8B51D463D
:1001D0001646044601F042F844B104F120072034E9
:1001E0008ECF33432F432A4331438EC4BDE8F840BA
:1001F00001F0E5B980B5B2F5803F06D301F0CCF946
:10020000162101604FF0FF3080BD034B11461A46A6
:1002100000F068F8002080BDF433010010B54AF208
:10022000C571441A054938BF002400FB01F1044898
:1002300038BF481CFBF716FE204610BDA086010003
:1002400021F9FEFFB0B50B78DDB20378DBB25B1BA2
:10025000B3FA83F464092DB124B101300131013ABC
:10026000F1D100E004B100231846B0BD70B50446DA
:10027000006C04F144052CCDA0FB010602FB0161DA
:10028000C6184D41300C40EA0541FFF7C3F9C4E9F7
:10029000146570BD1EF0040F14BFEFF309806846AB
:1002A00085462DE9F00F684671467446024A90472C
:1002B00068462146FEE700BF5111010010B5074A0C
:1002C00004460C30012100F00DF800202146A0600A
:1002D0000348BDE8104000F02DBC00BFF43301001E
:1002E0007408002010B54182034614300121002417
:1002F0009861C3E90241117819745861024819469E
:10030000BDE8104000F016BC84080020084890F8B2
:100310006C1001B17047012180F86C10406E002113
:100320003029F7D04218526042500831F8E700BF38
:10033000D80200202DE9F04F2DED108BC0F800D031
:10034000D1F800D0BDEC108BBDE8F08F00BF00BF2E
:1003500000BF00BF00BF00BF00BF00BF10B5044614
:100360000748002A08BF02462046FBF73DF920B1A6
:1003700001462046FAF722FD0024204610BD00BFAA
:10038000382F0100084890F8381001B1704701215A
:1003900080F83810006A00213029F7D042185260E6
:1003A00042500831F8E700BF1407002078B1BCB50F
:1003B00004460748C56945B1204600F020FF0246C3
:1003C00001AB2846214600F005FFBDE8BC40704760
:1003D0001804002070B514460D46064600F03EFF96
:1003E0006168C5E900416168002918BF0E463560A3
:1003F0006560BDE8704001F0E2B81CB504460598A0
:100400000190049800902046FAF764F901462046CE
:100410000A224FF0E04302B0BDE81040FAF794BF63
:10042000B0B5056802200C46FFF77EFB54B1D5F845
:10043000EC000021B1EB107F04D10420BDE8B040F6
:10044000FFF772BBB0BD0068C168490701D581687C
:10045000FAE70221C0F88010C168C90702D1D0F8BC
:100460008C10F9E70021C0F8801070470648006939
:1004700048B110B5054C204600F06EFF2046BDE89F
:10048000104000F06FBF7047B0030020776B000092
:10049000B0B50C46054600F0E1FE00212160696818
:1004A0000029616008BF29460C606C60BDE8B0405F
:1004B00001F085B8B0B50C46054600F0CFFE00212E
:1004C000616029680029216008BF29464C602C60C2
:1004D000BDE8B04001F073B880B50548012100685F
:1004E000426801209047034803490068486080BD86
:1004F000E0010010302009400808002010B506482F
:100500003C21012200230068C4680448A047002859
:1005100018BF012010BD00BFA401001000A00C40B6
:100520001CB5064980B24FF47F42082309684C6825
:10053000009003483021A0471CBD00BFA40100105B
:1005400000A00C401CB5064980B24FF4F8021223FB
:1005500009684C68009003480421A0471CBD00BFF7
:10056000A401001000A00C401CB5064980B24FF455
:100570000032112309684C68009003480421A04709
:100580001CBD00BFA401001000A00C401CB5064912
:1005900080B24FF440620A2309684C680090034817
:1005A0002021A0471CBD00BFA401001000A00C40EA
:1005B00050B14AB110B5044608300EC02146044877
:1005C000FFF766FF002010BD6FF00200704700BF0C
:1005D0000000002005480649C069884208BFFCF7B2
:1005E00071BF04480421283001F04FB848030020AF
:1005F000E5350000E804002080B54FF0FF3000F042
:100600002FFD800758BF80BD03484FF4006128309C
:10061000BDE8804001F039B8E80400200648007EBB
:10062000022804D10548816C09B9C06C08B10020CA
:1006300070470120704700BF480300206406002077
:1006400070B5144600220E46054600F02DFAFF282C
:1006500007D02B2E18BF40F22B2646EA842145F8FE
:10066000201070BD10B507490446172000F0A4FF04
:100670001720214600F0EEF9172000F0DFFA0120E4
:1006800010BD00BF0240012080B5074901388842F3
:1006900005D80620FFF762F80420FFF75FF8022074
:1006A000BDE88040FFF75AB8FEFFFF0F1CB50446B7
:1006B0000498002B0090054808BF03462046FCF72D
:1006C000DBFA002818BF002420461CBD7831010049
:1006D00000F11401816141612021EFF3118281F366
:1006E000118801684368196041680068416082F3BD
:1006F0001188704710B5074C207C012808BFFEF711
:100700002BF80020207240F2000CEFF311808CF3E4
:10071000118810BD14070020B0B5054600F09EFDFD
:100720002C6834B121680029296008BF29460022BD
:100730004A6000F044FF2046B0BDF8B50C460546BF
:1007400000F08CFD95E8C2002D692944216000F07D
:1007500036FF701B874238BF3846F8BDBCB5046809
:1007600025790DB9A4792CB14FF0FF340094F5F739
:100770005BFFBCBD02B0BDE8B040FDF7CDBE6BB1C4
:1007800010B50130D2B20C78944200F8014C04D07C
:1007900001300131013BF6D1002010BD002070472F
:1007A000102809D31038012200F01F01400902FA75
:1007B00001F1024A42F82010704700BF80E200E0D9
:1007C00006490A68002AFCD10022CA610860C8698B
:1007D0000028FCD00020C861486870470010044021
:1007E00070B50024A34208D050F824506E1C04D0E9
:1007F00015408D4202D00134F4E7FF24E0B270BD11
:1008000005484FF4825100680028044848BF4FF45F
:1008100041510160704700BFAC4F005028A10C400F
:1008200005484FF4805100680028044848BF4FF441
:1008300040510160704700BFAC4F0050A8A00C4071
:1008400080B505480068FEF7F3F904480068BDE884
:100850008040FEF773BB00BF54B4002024C70020C3
:10086000B0B5044600F0FAFC054604482146FFF7FF
:100870005DFC2846BDE8B04000F0A1BE00000020AD
:10088000064A0021B1F5307F06D0501890F9333078
:10089000002B02D55831F5E70020704758B40020EE
:1008A0000A460146044843682BB18068084202D0DA
:1008B00002484068184770477C3301004803002015
:1008C00005480068C00704BF00207047034800685F
:1008D000C0B2C009704700BF40210840000004407A
:1008E0001FB5044600200390CDE9010001208DF8DA
:1008F000040001AA2046FFF7F5FC204604B010BD15
:1009000004480549054AC0E90221012101718170AD
:10091000704700BFA8070020022B873D0AD7A33CE1
:1009200068B110B54FF44261044600F06CFB7F20C3
:100930008021C4F8081CC4F80C0CBDE810407047B6
:10094000F8B501A80021FEF7F3FF039A6846BE211F
:100950008242009228BF8FBD1170009A0132F7E7E2
:1009600010B50446006800F00BF8044821685822CE
:100970008068436898470020206010BDD80200209E
:100980002021EFF3118281F311888168C368196017
:10099000C16883685960002182F31188FAF70EBAA2
:1009A000002804BF0021704701001F2111F580615C
:1009B000491E4000FCD3090541EA1031000570478B
:1009C0001CB504686479022C02D1F8F729FA1CBD21
:1009D000049C049402B0BDE81040F6F79DBD60B1E0
:1009E000002200F6F8418A600A60A0F8042D80F821
:1009F000AC2DA0F8AA2DC0F8F02C704760B159B109
:100A0000D0F8102C0A60D0F8142C4A60D0F8182CBA
:100A10008A60D0F81C0CC860704710B5EFF31484DE
:100A2000002C1CBF002181F314888047002C1CBFC0
:100A3000022181F3148810BD10B5054C2069FFF721
:100A40009FFAA16801B9E060481CA06010BD00BF1A
:100A5000B0030020FF2807D0044A526852F8203023
:100A60008B4218BF42F82010704700BFD0320100FF
:100A7000002201284FF0000004BF40F2EE204FF4A6
:100A80007A72022908BF0246104670470548B0F83E
:100A90005410B0F85600814218BF70470820FEF786
:100AA00077BE00BF64060020B0B5144640F2FF32A6
:100AB00050230546FFF794FE1CB155F82010890A13
:100AC0002160B0BD10B5044600F0C8FB03490A78A8
:100AD00022430A70BDE8104000F071BD48030020B9
:100AE000B0B505484468C56900F018FC01462046C9
:100AF0002A46BDE8B04010474803002010B5002149
:100B00000024F9F7A1F928B900F046FD0B214FF0B8
:100B1000FF340160204610BDB0B5054D0024022C05
:100B200008BFB0BD55F8240080470134F7E700BF87
:100B3000E03501002022EFF3118382F31188086071
:100B400042684A6042681160416083F311887047CF
:100B500010B504460448002A08BF02462046FDF7A7
:100B600023FC204610BD00BF3C3201002021EFF3E2
:100B7000118281F311888168C3681960C168806837
:100B8000416082F31188704705492431884208BFCB
:100B9000704718B10099C0E900238160FEE700BFEB
:100BA000D8020020D0E9001000220068C0F8102808
:100BB0000122C0F81C2801F1E40000F068BDB8EE85
:100BC000C00AB8EEC11AB8EEC22A20EE080A21EE19
:100BD000081A22EE082A704710B52021EFF311847D
:100BE00081F3118880682146FEF7F0FE84F31188B6
:100BF00010BD00000446FFF739FC034803210175CE
:100C0000204600F0D5FC00BFB003002004488168F6
:100C10000139816018BF7047D0E9031000F0FDBAB8
:100C2000B0030020FF2806D0034911F8202002F06D
:100C3000FB0201F82020704702100840FF2806D070
:100C4000034911F8202042F0040201F820207047E7
:100C500002100840022807D0032804D180B5F8F715
:100C6000F5F9002080BDFEE7FCF7C8BB044890F80A
:100C7000411119B1D0F86C0100B10047704700BFB5
:100C80000000002010B50129044698BF012100F0A2
:100C9000DEFC2046BDE8104000F0DBBCD1E90132AB
:100CA0009A4204D20A68531C0B6010708A680132A1
:100CB0008A60704710B504461520214600F0B8F947
:100CC0000148047010BD00BFA807002010B50446FD
:100CD0001E20214600F0ACF90148447010BD00BF51
:100CE000A807002028B101460348406808B100F079
:100CF00099BC0020704700BF38080020044949789B
:100D0000012918BF704700F00F013720FFF741B8E5
:100D10009708002070B504494FF400728A6091E88A
:100D20007C007CC0002070BDF407002040B1D0F8EA
:100D3000001CD0F8040C081AB0FA80F04009704783
:100D400001207047B0B50C46054600F059FB02483B
:100D500044650565B0BD00BF8004002080B5044B2C
:100D60002433FFF7F5FE4169002908BF084680BD1E
:100D7000D80200202022EFF3118382F31188026B46
:100D80001143016383F31188FDF724B800BF00BF4E
:100D900000BF00BF0498804700980199029ADDF8CF
:100DA0000CE0104710B52021EFF3118481F3118876
:100DB0002146FEF70BFE84F3118810BDB0B50C463A
:100DC000054600F04BFAA96CA143A964BDE8B04008
:100DD00000F0F5BBB0B50C46054600F03FFAA96C33
:100DE0002143A964BDE8B04000F0E9BB80B5F7F746
:100DF000FFFEF8F747FCFDF741F8BDE88040F7F744
:100E0000B6BC2020EFF3118180F31188B1FA81F094
:100E100081F311884009704710B52023EFF3118446
:100E200083F31188C0E9002184F3118810BD10B547
:100E3000044600F013FA0021C4E90011BDE8104097
:100E400000F0BDBB10B52021EFF3118481F31188B0
:100E5000FAF7BEFF84F3118810BD0000034909684A
:100E600021FA00F000F00100704700BFC0200240EE
:100E7000FF2803D0024A926842F82010704700BF52
:100E8000D0320100042805D180B51046FCF7FAFEE7
:100E9000BDE8804000207047D9F8CC10D8F8140085
:100EA00049680968D1F8042502427047B8EE400A43
:100EB00020EE080ABDEEC00A10EE105AE9B2304723
:100EC000002000212290ABF812100BF140002821E5
:100ED00000F099B8034801680029FCD000210160A6
:100EE000704700BF1C1004400349012291F85000D4
:100EF00081F85020704700BFD8020020042805D197
:100F000080B51046F8F7BAFABDE880400020704777
:100F10000349002912BF01C900200021FCF778BD58
:100F2000C8160100F0B50349043191E8FC00FCC08B
:100F3000F0BD00BFA807002003498A7882421EBF87
:100F400000224A70887070473808002003498A6878
:100F500082421EBF00224A70886070473808002015
:100F60000349CA7882421EBF00224A70C870704787
:100F70003808002028B1F0B5024991E8FC00FCC017
:100F8000F0BD7047DC0700200968052904DC012951
:100F9000A2BF0160002070471620704710B50349BA
:100FA00091E81C001CC0002010BD00BF943301005C
:100FB00010B5034CE06BFCF70DFE0020E06210BDA5
:100FC000B003002040B584B002AE0096FAF70EF9E7
:100FD000029A039B04B040BD80B5C868496B006CA1
:100FE0008847BDE88040FCF741BD10B500239A4218
:100FF00008BF10BDCC5CC4540133F8E70B46114662
:101000001A4600F011B90A46002100F00DB900009F
:101010000249D1E90012C0E900127047B003002074
:101020000249896851F82000704700BFD0320100A2
:10103000FF281CBF014A8154704700BF00200240B6
:101040000121002201724FF0FF31C0E900217047F9
:10105000102802D3014910380860704700EF00E003
:1010600002490A681040C2430A60704710100440E9
:1010700002490A681040C2430A60704708100440E1
:1010800000F00F01000918F8011018F8000070476F
:1010900002484FF000410160704700BF00A10C40C2
:1010A0000248016841F003010160704724220840B2
:1010B00002480068C0F30720704700BF30A00C4012
:1010C00002480068C0F38440704700BF04A00C4091
:1010D00002480068C0F38120704700BF20A00C4088
:1010E000024840210160FFF7F7B900BFA8A00C40FB
:1010F0000249084490F84A01704700BF00000020F0
:1011000010B50023541E80E81E00C0E9043310BD52
:1011100000214FF0FF32C0E90011C0E90221704701
:1011200000680121806900F0080081EAD000704762
:101130000278914203D00AB10130F9E700207047EC
:10114000024901220A60D0E906010847042009404B
:101150000249012281F83020FEF776FDB00300201D
:10116000002142580431002AFBD1081F801070472B
:1011700080B50A46D0F803101046FFF744FF80BD43
:10118000234603958DF804500295FEF79DBC99F80F
:10119000EE0C013089F8EE0CC0B2704740F20371DA
:1011A0004FF6FF720523FFF71BBB14208BF80E00D0
:1011B00001208BF805007047B0EEC77AB4EE467A8E
:1011C000F1EE10FA7047DAF80860DAF81000BAF9B0
:1011D000301070471CB54FF0FF340094FFF7F0FB60
:1011E0001CBD80B54FF0FF31F8F72EFE002080BD0A
:1011F0000021425C0131002AFBD1481E70470021CA
:10120000425C0131002AFBD1481E704780B5FFF7D0
:1012100067FFBDE88040FDF7A1B801B1704700212C
:1012200081600C30FCF708BB00239A4208BF70476E
:10123000C1540133F9E70B46D0F80320C11D18460D
:1012400000F040BA01480178FDE700BFD802002055
:101250000148C069004700BFB00300202021EFF320
:10126000118081F3118870470021C0E90011C0E9A5
:10127000021170474869B0FA80F0420920461847C9
:1012800002460B465046414600F007BA90ED000B6F
:1012900051EC100B00F001BADBF84C0000222346A1
:1012A000FEF794BF02460B462046314600F0F5B9E2
:1012B00002460B462846594600F0EFB902460B4657
:1012C0003046414600F0E9B9014909680968084714
:1012D000E001001001490968C96A0847B801001017
:1012E0000148006800680047E801001001480068F4
:1012F00040680047E801001001488068704700BF5F
:10130000000000200149202200F0DCB9BC2F0100C0
:101310000149202200F0D6B95C2F01000148806D00
:10132000704700BFD80200200068016B21F4807173
:10133000016370470068016B41F4007101637047FD
:101340000068016B41F480710163704701492422F8
:1013500000F0B8B9CC2E010001490860704700BF09
:10136000A808002001490860704700BFAC080020B1
:1013700001488078704700BF38080020014800F01D
:10138000BEB800BFF001002001480078704700BFE0
:101390004C05002001488078704700BF920800206B
:1013A0000148C078704700BF92080020014840788B
:1013B000704700BF9208002001484078704700BF86
:1013C0008807002001480078704700BF8807002088
:1013D00001298EBF162001610020704702298EBFAF
:1013E000162001600020704780B51046FCF790FF82
:1013F000002080BD0148FEF761BF00BF24C6002069
:1014000001460148FEF732BF40C300200148C06CCE
:10141000FCF7E0BC8004002000210170C0E901114C
:101420007047C0F80418022000F0D2B8CDE9000AD5
:101430002846F5F77BBCB4EE410AF1EE10FA70478E
:10144000202000212246FDF749BB2046294632468E
:10145000FAF722BE54EC105B2A46234670474046FA
:1014600051461C2200F02EB9B4EE410AF1EE10FAFA
:101470007047B4EE432AF1EE10FA70470AF13800D3
:101480001C21FFF7C0BDB4EE443AF1EE10FA7047EC
:1014900020464FF4805100F0C8B8B4EE454AF1EE52
:1014A00010FA7047B8EEC00A80EE280A2047B4EE62
:1014B000400AF1EE10FA7047B4EE408AF1EE10FAED
:1014C000704700224FF08073FEF780BE02460B4645
:1014D00020462946704700214FF0FF32F8F726BD1D
:1014E0004068002180F8FD10704780B5F8F7ACFC2B
:1014F000013880BD406801210068C164704780B533
:10150000FCF79AF9002080BD0068803000F0B9B87F
:1015100000680421FFF785BFEFF3108072B67047B3
:10152000EFF3108062B670473A46334600F0B5B824
:1015300040465146F6F7A6B853EC102B00F0ADB874
:1015400053EC102B00F0A9B8BDF90600FEF766BCFD
:1015500053EC102BF5F739BA00220023FEF7B4BA8A
:1015600022462B46F5F731BA21460023F8F778BF1B
:101570005246434600F091B8002089F8EE0C7047BF
:1015800000902046FFF700BD20460121FFF720BF55
:1015900080B5FBF701FF80BD00487047A40800201C
:1015A00040686C3000F06DB84FF0FF31FBF742BC83
:1015B000FEF792FBFCF7CFF90022F9F70FBD80F39D
:1015C000118870470220FEF7C9B80220FEF7ACBAB6
:1015D0000138FDD170472046FFF7F1BF2B4600F0E0
:1015E0005CB80D46FFF7DCB93346F5F7EEB928468F
:1015F000FAF71EBF2046FFF78DBB5846FFF7DFBF47
:101600000298FEF70BBC2846FFF7D9BF2046FCF72F
:1016100016BF20EE280A30470D46FEF7FFBB072015
:10162000FBF7D2BB02681269104781600020704747
:101630000021FDF703BCC0B2FBF702BA000AFEF7B7
:10164000CBBCFFF769FAFCE70020FDF7F1BA816037
:101650007047FFF7F7BBFFF7EBBFFDF7A5BAFDF744
:10166000C5BA00207047FDF7A1BEFDF7BBBEFEF76F
:1016700033BF00207047FEF7C3B980687047FFF79B
:1016800027B8FCF7D9B8FFF771BAFFF773BBFCF7BF
:10169000A1BBFDF7CDBAF6F7BDBCF8F76DBAFDF703
:1016A0007FB8F8F747BF00207047F9F76BBA002002
:1016B0007047002070470020704759207047012074
:0816C00070470000FFF791BC28
:0816C80000000000000000001A
:1016D000F543002179400021954000216944002113
:1016E000A5440021C5400021D1400021DD4000215A
:1016F000F94000214F45002141410021DB0705D081
:1017000000F003F80249087070BD70B5014D28471C
:10171000E00400211D240200074C657900F009F85F
:1017200061796940490703D50121044A89031160A1
:1017300070BD70B5024908478003002108110440BC
:101740002D59000070B5004700F016FA0048004718
:10175000577F000000F016FA004800471B88000081
:101760000599880A802805D1134988788007800F59
:1017700000F020FA00480047D96E00000FB40F486F
:10178000C188002902D0104600F014FA079B9B0A7A
:10179000084D832B08D1084C23899B0604D500F003
:1017A00005F8002800D042350FBC284770B5044822
:1017B000004700001F0B0200600100218003002190
:1017C000EB0902000848094A03689A420AD108480E
:1017D0000289084BD21A01D0012A03D1406E064972
:1017E00088470399054B1847A8020021BD03020052
:1017F0006001002121180000F1350000BD06000045
:1018000070B51F4D2878C4B21E4880472878032839
:1018100034D1032C32D01C488068400DC2071A48CE
:10182000014660318030002A03D01F240C574588C0
:1018300002E01E240C570588002C1FD01348154ABF
:1018400041690079414348101149496940181049DC
:101850004039497F904740054015694288420DDB79
:10186000A8420BDC0C4B996988B20246090C624312
:1018700009045212801880B20843986170BD0000BC
:10188000E4020021794100002800002180030021AA
:1018900000030021CB8100004040044010B5864C7D
:1018A00021464031087D012834D18448C07D40085C
:1018B000C0072FD02046603042795208D20729D085
:1018C0004089800B012825D1087E4109C9070CD029
:1018D000A16F00070988C00F400209040843606631
:1018E000A06F801C00F080F913E0744820308069FC
:1018F000406800280ED0724A00230178D356591A46
:1019000008D4C90008184178C90703D00168616686
:101910004068A0666B48804710BDF8B5664C6A49C0
:1019200026462036707B2546403500902F79B8003A
:10193000401880688047002828D16049C97D09097E
:10194000C90723D022466432152F20D0297E0023D8
:101950004F09FF0703D06D7D002D00D00123009FAC
:10196000A56FBB4312D0737B002B0FD0237D5B068A
:101970000CD5D288920B012A08D1C908C90705D015
:10198000A988890B012901D100217173F8BDAB7EB3
:10199000E97D012BE3D00023E1E770B5464C2546F5
:1019A000606A803500281DD15420005D0022002887
:1019B00017D06420005D8008C00712D0A96888880D
:1019C000800B01280DD13D48C07D4008C00708D0DC
:1019D0003A48203080690068002802D02962A86057
:1019E00000E02A6239488047616A002903D1296AE8
:1019F000002900D0A96070BDF8B52F4C34492046AD
:101A00004030027D002A2FD0807E25468035032875
:101A100002D0042803D027E00120E87524E06420E8
:101A2000005D8008C0071FD0A8688088800B01284F
:101A30001AD12248EA7DC07D002A13D0C008C00711
:101A400012D026462036777B88470146394308D195
:101A5000217D090605D56988890B012901D100215D
:101A60007173F8BD8008EAE78847F8BD12488030F6
:101A70000021C175174800470F49403108712628D9
:101A800014D006DC152813D01B280BD01F2804D136
:101A90000AE03D280ED047280AD00B4980004018A4
:101AA000806870470C4870470C4870470C48704776
:101AB0000C4870470C48704760010021C8000021A5
:101AC000E004002159490200005502008F3D020048
:101AD00075300200152A0200E943002175430021F8
:101AE00017430021974200211942002110B50C49EB
:101AF00088470C4A0621515E002907D0022905D0EB
:101B0000092903D0102901D0112907D17721C94310
:101B1000884201DD002801DD7F20C04310BD0000A8
:101B2000A96500008003002110B51048C188104845
:101B3000052918D00F4C21684A0852002260A26B78
:101B400052085200A2632160FFF7FCFDA06B000762
:101B500008D40120206060600020401C0C28FCDBC1
:101B60001420206210BDFFF7EDFD10BD80030021A1
:101B70003F5B000000600440806B0C490007000FD1
:101B800048717047094A0A4918235079CB56497E53
:101B9000C018814201DD084602E00F2800DD0F2059
:101BA000D189090909010143D1817047E00200216F
:101BB000880000210849C979CA08D20708D0C14065
:101BC0000648C90701D0064900E00649491CC16022
:101BD0007047002070470000E80000212800002125
:101BE0008801000050010000820881079200C90EA0
:101BF0000CCAC078CA40494220318B401A431102B6
:101C0000090A0006084370473960EE2DCE2DC22D1B
:101C1000540FEF2FEF0F975F9D17005040020040C9
:101C20000C00000088140900F905010000808B00F9
:101C30008000500F00001D0A900500000500000400
:101C4000207BC10000000F00277F7F0100800C0077
:101C5000000098140900F905000000808B00800046
:101C6000700F00001D129005000005000004207B8D
:101C7000C10000000F00267F7F010D720E720F72EF
:101C800010725DA3E5A44A65D0B00071D0A010B178
:101C90001B7262812010623930062000301601115B
:101CA0000114016C5C605C605C605C605C605C604A
:101CB0005C605C605C6065608360CD6020125D602C
:101CC0001012117312731373B1811000B09170B0C0
:101CD000406021C2FBC502C360C42018136F236E8D
:101CE000111612166A68EB94A378839C7081001E0B
:101CF0005C4430C0B092F0C1D09232C6C0C9201846
:101D000081400312236E12167E683CB65C6005B0FB
:101D1000917200C1F09128B120B113B111B1E8B0B6
:101D2000007128B1E8A030B210B9808C309911B19F
:101D3000A284B484F3C0D1B0007112B002B011B16A
:101D4000D1A091722C7230B613B003B0E0B0007124
:101D500020B17081C09290814096007120B1C392F1
:101D60004296007120B14496007120B1E0A030A6E7
:101D700033B6D3B0007113B1D3A030C0109920C0D6
:101D80003099D1B0007111B1D1A0917203A002A01D
:101D90006E65057306739173917230A2C0C710907F
:101DA0005C60F36460782465F0C5D1682A65D5B0BD
:101DB00015B131C0007190805022344574B010A923
:101DC000937310B90F72137331B2D5A05DB3408B0A
:101DD000203900973F6534B261C25865F322ED4463
:101DE000666578B0A3C2466530C074655C60B08437
:101DF000A095709980890E10A08490957099808923
:101E00000E1480C00E1880C00E18518381392139FC
:101E10006106311600111014006C1E311E318E3116
:101E20008E392E97408230221645D5B0007115B1FB
:101E3000D5A00E6100C1E09110781099E7139A784F
:101E4000E5B440C5109002B004B006B00070507800
:101E500050903090707860904090007035B26CB0C7
:101E600011B089B0E5B4D1A0D0A03DB1FDB00070F3
:101E7000319A438A548A3331533D3431543D9396D9
:101E8000A49653B0D460E5A444A064B08381031E3B
:101E90003F4100703399179100715DA323729173D4
:101EA0009172037204726E6530D00090C0FF109082
:101EB00008A00573067300705B894089B018233150
:101EC000A88C831803181318339910A911B110B9ED
:101ED000D1B00070081E6C41007144B711B138993F
:101EE00000710070308601C85131100430960070C6
:101EF000009AF08900227545E0B9007022000100C7
:101F00000080808080808080808090909090908001
:101F100080808080808080808080808080808080C1
:101F200080180404040404040404040404040404E1
:101F30000402020202020202020202040404040475
:101F400004044343434343434141414141414141EF
:101F50004141414141414141414141410404040465
:101F6000040423232323232321212121212121218F
:101F700021212121212121212121212104040404C5
:101F800080000000000000000000000000000000D1
:101F90000000000000000000000000000000000041
:101FA0000000000000000000000000000000000031
:101FB0000000000000000000000000000000000021
:101FC0000000000000000000000000000000000011
:101FD0000000000000000000000000000000000001
:101FE00000000000000000000000000000000000F1
:101FF00000000000000000000000000000000000E1
:1020000000F30FED21F910E7DCC8F139E52D10E1FF
:102010002A06D1F808361C130E011F28213414DBC0
:10202000E0FE10190801C10F1F0D0C33EF1D072B27
:102030001405E02111CFEE32E9D3B81C2BE9F3F9F6
:10204000C812F007F7F2F9E91F3230F80BFFD41786
:1020500005232AF6EE2503F01016E9FB1717F3F90E
:10206000E10E0AF90FF82CEC28FCD616CE15E00E7E
:1020700018EFEBE9F609FF1B7A0718FFFAE92008C9
:102080000AF5EF03F1FBFA11E1F5F43B0CDA15E682
:1020900003F42FEC2E1EEDE8EB0414F5F4CEAC0E99
:1020A0001BF8F6DDCBF423FDD5CBD6E108DE23EE1D
:1020B0000FED07420DCEC8D1E1F312043ADB47071A
:1020C000F8FAF510EA081DF221E1F107FDFFE6EB51
:1020D0001FD700E325FAF80FFA1B00E83D07FE02C0
:1020E000D810F1E9DB38220BFE2AD404EC0B3511B1
:1020F000080BF8F4EB0D09F5E0EDE6E01200E3DC87
:1021000018E3460EFAEAEA501C2128F2D429EF26F9
:102110002010FED3FFFE1719E4041129FBF404DCA0
:10212000F11DE71C08DB12C9E8FA1E0FFBDED21115
:10213000EB0DE9E9DC25F12B1A1608EAEDFADBEFE5
:102140000CF702F73E6D0605BBE64BFF05051E05C5
:10215000DFF03BD0F7F2E421E91FF31D0C0B0FEF8A
:102160001913D3F11EF301DD07F300CA240E3B60FF
:10217000391AFF25F8F60DD70C06CE120616261FC3
:102180003C6F7574206F66206D656D6F72793A20B3
:1021900068616E646C65203D20307825782C207352
:1021A000697A653D25752028433A2F74692F736934
:1021B0006D706C656C696E6B5F6363313378785FEB
:1021C0006363323678785F73646B5F385F33335F95
:1021D00030305F31362F6B65726E656C2F746972AB
:1021E000746F73372F7061636B616765735C7469BB
:1021F0002F73797362696F732F68656170732F48ED
:102200006561704D656D2E633A313534290048772C
:102210006920616C726561647920646566696E65C8
:10222000643A20696E7472232025642028433A2F73
:1022300074692F73696D706C656C696E6B5F636335
:10224000313378785F6363323678785F73646B5FBD
:10225000385F33335F30305F31362F6B65726E65B8
:102260006C2F746972746F73372F7061636B616761
:1022700065735C74692F73797362696F732F66611C
:102280006D696C792F61726D2F6D332F4877692ED0
:10229000633A33393729006F7574206F66206D6596
:1022A0006D6F72793A20686561703D307825782CC1
:1022B0002073697A653D25752028433A2F74692F6C
:1022C00073696D706C656C696E6B5F6363313378D5
:1022D000785F6363323678785F73646B5F385F333F
:1022E000335F30305F31362F6B65726E656C2F74E3
:1022F0006972746F73372F7061636B616765735CAC
:1023000074692F73797362696F732F72756E746954
:102310006D652F4D656D6F72792E633A37382900E0
:10232000696E746E756D3A202564206973206F752F
:1023300074206F662072616E67652028433A2F749F
:10234000692F73696D706C656C696E6B5F63633167
:102350003378785F6363323678785F73646B5F38A5
:102360005F33335F30305F31362F6B65726E656C73
:102370002F746972746F73372F7061636B61676557
:10238000735C74692F73797362696F732F66616D03
:10239000696C792F61726D2F6D332F4877692E63C9
:1023A0003A33383929000008000000000000F03FEF
:1023B000000000000000F03F000000000000F03FBF
:1023C000000000000000F03F000000000000F03FAF
:1023D000AE47E17A14AEEF3F000000000000F03F8E
:1023E0005839B4C876BEEF3F000000000000F03F4F
:1023F000000000000000F03F560E2DB29DEFEF3FB1
:10240000D7A3703D0AD7EF3F000000000000F03F67
:10241000AE47E17A14AEEF3F000000000000F03F4D
:10242000000000000000F03F0000000080845E41DA
:102430000000000080844E410000000080843E4186
:102440000000000080842E4100000000B27C1E418C
:102450009A999999314E0E41000000008084FE4007
:102460000000000080C3EE4033333333538CDE4032
:10247000000000008084CE40000000008084BE4048
:102480009A9999999984AE406666666666849E407C
:10249000CDCCCCCCCC848E40CDCCCCCCCC847E40AE
:1024A0003333333333836E40001000401500000097
:1024B000FF0000004CC60020200000006CC6002079
:1024C00020000000000000000200000003000000E7
:1024D000FF000000FF00000020180020101800205E
:1024E00004000000020000000500000010000000D1
:1024F0000F000000110000001200000000020000A8
:102500008E0000008E0001008E0002008E0003008D
:102510008F0000018F0000028F0000038E00010475
:102520008E0000058E0008048E000004890000065D
:10253000500000007F0001003F0004003F00020047
:102540003F0001007F0002008E0002048E000102A5
:102550008E000101400000000000000000000000AB
:102560000000000000000000777C395E79713D7644
:10257000061E003800545C7300506D783E00000069
:102580006E00000000000800777C585E79713D7491
:10259000061E003800545C7300506D781C0000006B
:1025A0006E5B494E49545D205368617265642053E7
:1025B000504920427573204D616E61676572202815
:1025C0004144533132393252204D6F6465203120FD
:1025D0002F204144584C333632204D6F64652030F3
:1025E000292E2E2E20007B2274797065223A2265D6
:1025F0006E76222C227077725F6D41223A33312E33
:1026000038302C227077725F6D57223A3130342E79
:1026100039342C227077725F7374223A302C226D19
:102620006F6465223A307D0D0A007B2274797065F3
:10263000223A22656E76222C227077725F6D4122DB
:102640003A302E3032302C227077725F6D57223A3A
:10265000302E3036362C227077725F7374223A3106
:102660002C226D6F6465223A307D0D0A00202020F7
:10267000536D61727442414E20416C6C2D696E2D18
:102680004F6E65204D756C74692D54687265616478
:1026900065642054492D52544F5337204669726D5A
:1026A000776172652020202020202020200D0A0044
:1026B0002020205461726765743A204343323635D6
:1026C000325231204C61756E6368506164202B205A
:1026D000536D61727442414E20536869656C642089
:1026E00052657620332E35202020202020202020E7
:1026F0000D0A007B2274797065223A22656E76227B
:102700002C227077725F6D41223A302E3030342C9B
:10271000227077725F6D57223A302E3031332C227F
:102720007077725F7374223A322C226D6F64652267
:102730003A307D0D0A003D3D3D3D3D3D3D3D3D3D39
:102740003D3D3D3D3D3D3D3D3D3D3D3D3D3D3D3DB9
:102750003D3D3D3D3D3D3D3D3D3D3D3D3D3D3D3DA9
:102760003D3D3D3D3D3D3D3D3D3D3D3D3D3D3D3D99
:102770003D3D3D3D3D3D0D0A003E3E20494D55202D
:102780005374617469632047726176697479204378
:10279000616C6962726174696F6E20436F6D706CF9
:1027A0006574652028312E30303067204E6F726D91
:1027B000616C697A6564292E0D0A0000220100000F
:1027C0009F0C00008EFFFFFF18FDFFFF4707000072
:1027D000FEFFFFFF201000003B040000300A000055
:1027E000AF040000350200009EFCFFFF5402000011
:1027F0004606000022040000550B000000000040C7
:1028000017FF0000000000000400FFFF08000000A8
:10281000100000004018002030180020401A00204E
:10282000301A00200A000000090000000C0000001F
:102830000B00000009080AFF0A00000020202D3EBE
:10284000205461736B5F54656C656D657472795F5C
:10285000554920285072696F7269747920312C2093
:1028600053747265616D696E67202620434C492957
:102870003A2052554E4E494E470D0A0020202D3E1B
:10288000205461736B5F53656E736F72735F536C2B
:102890006F7720285072696F7269747920322C200A
:1028A0003120487A20506572696F646963293A2043
:1028B00052554E4E494E470D0A005B494E49545DF4
:1028C00020434332363532523120322E34204748AD
:1028D0007A20424C4520524620436F7265202831B1
:1028E000204D6270732042726F616463617374651E
:1028F00072292E2E2E20000DF80D0040E80C0689BE
:1029000025D8C2F7E8F2EC033B09D5D214733A108C
:102910001200E893FC32E04ABA28E914C4281AF0FD
:1029200032FD07130EDED4D80091392A0DE4E737C3
:1029300011FDF1422C256C752C25752C25752C2547
:10294000632C25752C256C752C256C752C256C75C8
:102950002C256C752C256C752C252E32662C252E7D
:1029600032662C252E32662C252E31660D0A005B30
:10297000494E49545D20554920447269766572205C
:10298000285043414C363430384120362D4275743E
:10299000746F6E20262043483435354820446973CF
:1029A000706C6179292E2E2E20005B494E49545DB2
:1029B000205265676973746572696E67204144537C
:1029C000313239325220445244592043616C6C6296
:1029D00061636B202844494F203233292E2E2E204C
:1029E0000020202D3E205461736B5F454347202813
:1029F0005072696F7269747920342C2044524459A2
:102A000020556E626C6F636B6564293A2052554E97
:102A10004E494E470D0A005B494E49545D20506FA8
:102A2000776572205261696C732028312E385620E8
:102A3000454E2C2049324320536869667465722CD8
:102A400020494D55205357292E2E2E200020202D71
:102A50003E205461736B5F494D5520285072696F59
:102A60007269747920332C20323520487A205065E1
:102A700072696F646963293A2052554E4E494E4738
:102A80000D0A005B424F4F545D20537061776E69B1
:102A90006E672054492D52544F5337204D756C7436
:102AA000692D546872656164656420576F726B6547
:102AB00072732E2E2E0D0A003E3E20427574746FE6
:102AC0006E205357362028446973706C6179204D0D
:102AD0006F64652920507265737365642120372DFA
:102AE000536567204D6F64653A205B003E3E20458C
:102AF0004E544552494E47204445455020534C457D
:102B0000455020285375622D3575412053687574E2
:102B1000646F776E292E2E2E2054696D65723D00EC
:102B20005B494E49545D20535053432052696E67B0
:102B30002042756666657220262044524459204220
:102B4000696E6172792053656D6170686F72652E70
:102B50002E2E20005B494E49545D204144533132B2
:102B60003932522032342D426974204543472026A1
:102B7000205265737069726174696F6E20414645B9
:102B80002E2E2E20003E3E20426174746572792004
:102B90004D6F64656C20526573657420746F2031CD
:102BA0003030252028302E30206D4A204163637557
:102BB0006D292E0D0A005B424F4F545D20416C6C15
:102BC000205461736B73204F6E6C696E652E2053B9
:102BD000797374656D204F7065726174696F6E6191
:102BE0006C2E0D0A0D0A001E4E0000005DFDFFFF59
:102BF0006D0D0000D5FFFFFF750800007CFFFFFF93
:102C0000DAFFFFFFF703000034010000FD050000BC
:102C100006FFFFFF53FCFFFF3E3E20427574746FBA
:102C20006E2053573320507265737365643A2045A4
:102C30006E746572696E6720536C656570204D6FA8
:102C400064652E2E2E0D0A005B494E49545D2042CC
:102C50004D45363830202F20424D453639302045FD
:102C60006E7669726F6E6D656E74616C2053656E01
:102C7000736F722E2E2E20005B494E49545D204DFD
:102C80004C583930363332204661722D4952204D2E
:102C900065646963616C20546865726D6F6D6574FD
:102CA00065722E2E2E20005B464154414C5D20540F
:102CB00061736B5F53656E736F72735F536C6F7785
:102CC000206372656174696F6E206661696C65640A
:102CD000210D0A005B464154414C5D205461736BE9
:102CE0005F54656C656D657472795F5549206372D8
:102CF000656174696F6E206661696C6564210D0A97
:102D0000003E3E2053747265616D204D6F64653ADC
:102D1000205241572028436F6E74696E756F75732A
:102D20002057617665666F726D73290D0A005B49E5
:102D30004E49545D205368617265642049324320D6
:102D4000427573204D616E616765722028343030A2
:102D5000206B487A292E2E2E20003E3E205374727E
:102D600065616D204D6F64653A2053454D414E5469
:102D7000494320283E3935252052656475637469BE
:102D80006F6E290D0A005B494E49545D204F505427
:102D90003430343120414C5320262056434E4C349D
:102DA0003034302050726F78696D6974792E2E2E10
:102DB00020003E3E205354415455533A2054492D4F
:102DC00052544F53372052756E6E696E672C2041F6
:102DD000445331323932204D6F64653D003E3E2010
:102DE0004144584C333632204D454D532053656C89
:102DF000662D5465737420285461626C65203232EC
:102E0000293A2064583D003E3E2050445220436FF2
:102E10006F7264696E6174657320526573657420A6
:102E2000746F2028302E302C20302E30292E0D0AA1
:102E3000005B494E49545D204144584C33363220A2
:102E4000332D4178697320416363656C65726F6DE2
:102E5000657465722E2E2E20003E3E205047412084
:102E60004F66667365742043616C69627261746554
:102E70006420284F464653455443414C292E0D0AA1
:102E8000003E3E20454E544552494E4720534C4546
:102E9000455020285374616E646279292E2E2E20AD
:102EA00054696D65723D006D67205B50415353203E
:102EB0002D20414C4C20332041584553204F504544
:102EC000524154494F4E414C5D0D0A000000000034
:102ED00000000000000000000000000000000000F2
:102EE0000100000000C2010003000000000000001B
:102EF0005B464154414C5D205461736B5F494D55B5
:102F0000206372656174696F6E206661696C6564C7
:102F1000210D0A005B464154414C5D205461736BA6
:102F20005F454347206372656174696F6E20666117
:102F3000696C6564210D0A000000000000000000BB
:102F4000000000000100000000000000000200007E
:102F50000000000000000000010000000000000070
:102F6000FFFFFFFF000000000000000040420F00D4
:102F7000080000000000000000000000DB0F493FD7
:102F8000DB0F49BFE4CB1640E4CB16C000000000C5
:102F900000000080DB0F4940DB0F49C03863ED3E85
:102FA000DA0F493F5E987B3FDA0FC93F6937AC3192
:102FB00068212233B40F14336821A233FFFFFFFFCF
:102FC0000000000000000000000000003A013A018B
:102FD00000000000000000000000000074692E7373
:102FE000797362696F732E6B6E6C2E5461736B2EE6
:102FF00049646C655461736B003E3E2057414B45FC
:1030000020436F6D6D616E642052656365697665FE
:10301000642E0D0A004E4F0000000000000000006A
:10302000E8030000000000000000000000000000B5
:10303000000000003E3E2053776974636865642099
:10304000746F204D6F6465205B335D0D0A003E3E5A
:1030500020537769746368656420746F204D6F64D2
:1030600065205B345D0D0A003E3E20537769746332
:1030700068656420746F204D6F6465205B325D0D60
:103080000A003E3E20537769746368656420746F5C
:10309000204D6F6465205B315D0D0A003E3E205778
:1030A000414B452050554C534520524543454956C8
:1030B00045440D0A00532C25752C25752C25752C9F
:1030C00025752C25752C25752C25750D0A003E3E81
:1030D0002046616C6C20416C61726D20436C6561AF
:1030E0007265642E0D0A006D67205B5741524E20B9
:1030F0002D20434845434B20415845535D0D0A0060
:1031000091C600000DA00000E1140100FD71000057
:10311000794E0000F9BE0000038000C0038000D596
:10312000038000CC038000DD0380000C0380005D81
:103130000000000002000000010000000300000089
:1031400010000000200000000020004011000000DE
:10315000FFFFFFFF0000000006050D040E00000049
:103160007445505072534875644C75785072784964
:103170007274454347417474000000000000000071
:103180000100000000000000E0000000010000005D
:103190007B2274797065223A22696D755F7374229F
:1031A0002C226478223A0020204543472052696E41
:1031B000674275663A205075736865643D003E3E0F
:1031C00020537769746368656420746F204D6F6461
:1031D00065205B003E3E20546172652043616C694E
:1031E0006272617465642E0D0A00300000000000F8
:1031F00075AE0000550C0100010101000000000047
:1032000003070000CFFCFFFF54FCFFFFED060000AA
:10321000ECF8FFFF7B2274797065223A2253454D0A
:10322000222C226872223A007B2274797065223A3D
:1032300022696D75222C226178223A00000000007C
:103240000000000000000000050000000000000079
:103250004F4E4C494E45202849443D307841442941
:103260000D0A003E3E205B444941474E4F535449AE
:1032700043535D0D0A00442C256C752C256C642C81
:10328000256C642C25750D0A003E3E20535953547D
:10329000454D204157414B450D0A00303132333402
:1032A00035363738394142434445460030313233B0
:1032B00034353637383961626364656600303132DF
:1032C00033343536373839414243444546002D00C2
:1032D0007401002078C10020F4C10020FFFFFFFF2F
:1032E00000000000000000000000000000000000DE
:1032F0004E4F542044455445435445440D0A002044
:10330000204543473A204F6E6C696E653D00202092
:10331000494D553A204F6E6C696E653D004F4E4CDD
:10332000494E45202849443D3078002C2053747282
:1033300065616D4D6F64653D007B22747970652217
:103340003A22656E7622004D4F44452053454D414B
:103350004E5449430053454C46544553545F494DE0
:1033600055002C22706F7374757265223A22000129
:10337000000000000200000001000000FF0001004A
:1033800000000000000000000031010018BF002014
:10339000FC27010000000000000000000100000008
:1033A0002C226261745F706374223A002C204452B4
:1033B00044595F50494E3D002C22636F6E74616327
:1033C00074223A002C205061727449443D307800D8
:1033D0002C2050777253746174653D00000000002A
:1033E00000000000000000000000000000000000DD
:1033F00000000000000000000000000000000000CD
:103400002C227077725F6D4A223A002C2044726F32
:10341000707065643D002C227077725F7374223A7D
:10342000002C227077725F6D57223A002C22707741
:10343000725F6D41223A002C226261745F687222D1
:103440003A00434C4541525F46414C4C003F065BBD
:103450004F666D7D077F6F52455345545F50445210
:1034600000534544454E54415259002C2273746513
:103470007073223A0053454C465F54455354004400
:10348000454550534C454550002C22706974636883
:10349000223A002C22666C616773223A00646565EB
:1034A00070736C656570002C20506F707065643DA2
:1034B00000222C2266616C6C223A0052455345541E
:1034C0005F424154002C22726D737364223A00549F
:1034D0004152455F494D550053454D414E54494376
:1034E000004D4F444520524157002C2270617373A8
:1034F000223A002C2264697374223A002C227072E2
:103500006F78223A002C2274656D70223A00464191
:10351000494C45440D0A002C2043533D44494F007B
:103520002C2273646E6E223A002C2266616C6C222F
:103530003A002C22726F6C6C223A002C2056616C7F
:1035400069643D002C226D6F6465223A004F4E4C39
:10355000494E450D0A002E00AC060020B0060020A2
:10356000D8BC00204831010068BB0020A82401001D
:10357000ACC60020E835010001020003020001038F
:1035800001020408030C050A2C22636F32223A0060
:103590002C22696171223A002C22676173223A0061
:1035A0002C226D6C78223A002C22616374223A003E
:1035B0002C2272706D223A002C2262706D223A0029
:1035C0002C2273706D223A002C2049443D30780043
:1035D0002C226C7578223A0044594E414D494300E3
:1035E0002DF800006D0C0100000002400929FF00C9
:1035F00053544154555300444F4E450D0A002C225C
:10360000647A223A00414354495645006D6720646C
:103610005A3D006D672064593D002C22617A223AA0
:10362000002C227078223A002C227079223A002C49
:10363000227272223A002C226479223A002C2261F2
:1036400079223A00736C656570002C2248223A009A
:103650002C2250223A002C2254223A00534C454549
:103660005000000602868200081018204E5356466D
:103670005157414B45000D0A0D0A0044494147008E
:1036800054415245000001020304010144000100BD
:10369000002040605241570059455300730D0A0005
:1036A0007D0D0A00290D0A005D0D0A00F4030020BB
:0336B0000D0A0000
:1036B40000E500000FA1020100BF0514BF02A71618
:1036C400013F0005A60000AF007016B5FB026000C4
:1036D4003420002001042F0020024000330000B0F9
:1036E40000310001F000B601F6033402F203F401E4
:1036F400F60174E004B5053900F906B11EFF86022F
:103704000803005920003130F18CC6127720017073
:10371400EC00311E7F0218C514FF656CDC02FA3B15
:1037240079033C44E1E10000F5CB0B0100F0272BC9
:10373400FF0C2C050900972018C0213F04062F0F09
:1037440006430AC8FD4143F24E62008C0500B300F3
:103754001E39BF7539F8010A4E0F696DDFF5000097
:1037640079D75618041FFB0FCC25B0280800208CED
:10377400D4003057B481267218460D1772FBAC057D
:103784003AFBD388F30024FF60202E63022801282B
:10379400FF5300008386050005FF400140303C18BC
:1037A4003864FF403C00E387E70003EF08950021FD
:1037B4000130005F00FF41410104C044DD07FF0008
:1037C400738C0D00738B1FDF00610304C02D325313
:1037D400C0FF03A3025301D450F9FF00E050870057
:1037E400F85014F300FF000060BFF6011407002036
:1037F4009400315DBF06483F70380230003140BC50
:103804000034747F2A714B4A46787F0080ED3F79FB
:10381400B77A447A756666FEDF4148E1D14237F4EF
:103824004233E3337B38337C8F073A3112424C3BCB
:103834001D647EA0AF43013FC06B3F0EFE813F027B
:103844000E09536D617274FF42414E2D4E6F6465D3
:10385400C08360468070BA40B140F4854F0579BB9F
:103864009700007370F0742FF000317CFA003484F8
:1038740000345226CC014E31EE6D72103589E68F3C
:10388400D100338AF000FFF0B5CA000037120100FE
:10389400711101000200000010000000020000008D
:1038A40010000000020000001000000002000000F0
:1038B40010000000020000001000000002000000E0
:1038C4001000000002000000E02C000002000000D4
:1038D40000800000B4360100000000209838010088
:1038E400301A0020A038010030180020A838010048
:1038F400401A0020B038010040180020B8380100F8
:1039040010180020C038010020180020C838010019
:0C391400509A0020D0380100501A00200A
:020000025000AC
:107FA80000008001100080FFFDFF5800FFFFBBF3B9
:107FB800FFFFFFFFFFFFFFFFFFFFFFFFFFFFFFFFC9
:107FC800FFFFFFFFFFFFFFFFFFFFFFFFFFFFFFFFB9
:107FD800FFFFFF00FFFFFFFF00FFFFFF00C5C5FF1A
:107FE800000000FF00000000FFFFFFFFFFFFFFFF92
:087FF800FFFFFFFFFFFFFFFF89
:04000003100016775C
:00000001FF
