:1000000000380120C1D400004DDC00004DDC0000B0
:100010004DDC00004DDC00004DDC00004DDC00003C
:100020004DDC00004DDC00004DDC00004DDC00002C
:0C0030004DDC00004DDC0000057B0000F2
:10004000ECB00DF0B7FC229064A9DFF81C9EDFED48
:10005000B68A00244FF0010A0DF1980B0DF58C784B
:10006000881D149001F10A001390B0484830159093
:10007000002021902390D9F818008DF88F416294C8
:100080000DF28F11012262AB0DF0A1FF083003D1F8
:10009000D9F818000CF0ACFF6298002800F0E98154
:1000A0009DF88F110D2902D00A2940F08B802199EB
:1000B000002900F0DC8164A80129445400F08E80FE
:1000C000DFF8A81D05460BF0FAFF002800F0B58008
:1000D000DFF89C1D0EF0B7FD002800F0B880DFF8B7
:1000E000941D0EF0B0FD002800F0DB80DFF8881DC5
:1000F0000EF0A9FD002800F01B81DFF8801D0EF036
:10010000A2FD002800F00981DFF8741D0EF09BFDB0
:10011000002800F00281DFF86C1D0EF094FD00282D
:1001200000F0E485DFF8601D0EF08DFD002800F082
:10013000DD85DFF8581D0EF086FD002800F06D8685
:10014000DFF84C1D0EF07FFD002800F06C86DFF814
:10015000441D0EF078FD002800F06B86DFF8381D96
:100160000EF071FD002800F07686DFF8301D28467D
:1001700005220DF043FD002800F06086DFF8201D09
:10018000284605220DF03AFD002800F05786DFF8DA
:10019000141D284609220DF031FD40B1DFF8081D7D
:1001A000284609220DF02AFD002840F060812198A0
:1001B0000B2832BF002013980CF022FA89F80CA00B
:1001C00000F045BE219A48B212B31E2A00F25181B6
:1001D00064A9219A8854013221924AE19DF8900144
:1001E000A0F13101032937D9442800F0268157288E
:1001F00000F020815A2808D0642800F01E8177285A
:1002000000F018817A2840F0328189F80BA016E1BD
:1002100000282DD4A1F13102032A68D9422900F027
:10022000A685432904D0522900F0C6856329CFD181
:100230000AF060FCDFF8380D17E100200021219062
:10024000DFF80C0D89F80D100DF08CFD11E1DFF8D1
:10025000FC0C89F80DA008E1DFE811F004000201B0
:10026000F600FC00012007F095FEDFF8F80CFCE03A
:100270006FF0630151FA80F0A9F810002320A9F86B
:10028000140099F80500002840F0F18099F800006A
:10029000062840F0EC80B9F81000012109F06CFE4E
:1002A000E5E02546DFF8900CDFF8184CA0470EF08B
:1002B000A1FB0BF06DFCDFF8840CA04799F80D0052
:1002C000DFF87C1C0128DFF87C0C08BF0846A0473B
:1002D00058460EF097F9DFF8700CA0479DF898008B
:1002E0000BF056FCDFF8300CA0472C46BFE0DFE8EF
:1002F00012F00400860555057805012007F04AFE36
:10030000DFF8640C0AF014FADFF8600C0EF048FC19
:100310000EF05AF9DFF84C0C96E7402006F048FD45
:10032000DFF8CC0BA1E000BF00007A44640200209B
:10033000DFF8C00BDFF88C5BA847DFF8BC0BA847E1
:100340000EF05EFB0028DFF8B80BDFF8B01B18BF1B
:100350000846A847DFF8AC0BA8470EF045FB002184
:10036000DFF8A42B8DF81A1100F00F010009105CC2
:10037000515C8DF8180140468DF81911A847DFF837
:100380008C0BA8470EF024FBDFF8846BB047DFF836
:10039000840BA84717200EF0E5F8B047DFF8787B0C
:1003A0003846A847DFF8740B59460DF011FFDFF807
:1003B000700BA8472698B047DFF8680BA847279826
:1003C000B047DFF8640BA8472898B0473846A847DD
:1003D000DFF8580BA8470EF01FFBDFF8247B00283E
:1003E000DFF8186B384618BF3046A847DFF8400BD7
:1003F000A84799F80300002818BF37463846A84791
:10040000DFF8300BA8470EF001FB0021DFF8F82AD7
:1004100021918DF8721100F00F010009515C105C00
:100420008DF871118DF870015CA8A847DFF8E80A13
:10043000A8471EE0DFF81C0B17E089F80CA000208D
:100440002190C9F8240014E0032007F0A3FDDFF891
:100450000C0B0AE0042007F09DFDDFF8FC0A04E025
:10046000022007F097FDDFF8F80A0DF07BFC002072
:10047000219023984FF47A77002600F11005102E72
:1004800066D0DFF8980A5CA90BF0FCFB002861D06D
:1004900099F80200C0071BD089F80240B9F814008F
:1004A000B0B92320A9F8140099F8050080B999F88B
:1004B000000006280CD1B9F8100010B1B9F81000EE
:1004C00003E0DFF8A80A90F84300012109F054FD89
:1004D000B9F81400D8B1B9F814000138A9F814001B
:1004E000B9F8140098B999F8050080B999F8000096
:1004F00006280CD1B9F8100010B1B9F8100003E0CB
:10050000DFF8680A90F84300002109F035FDD9F8BA
:10051000180099F80D10012917D1B0B1DDE95E017D
:100520009DF874215C9B8DE80700DFF8482A584647
:1005300038210BF055FE012807DB0246D9F81800D8
:100540005946434646940EF080F90136C82796E78F
:10055000239502E023983044239099F80400C007C3
:100560007ED099F80D0001287AD1DDF854804046FC
:100570000EF03AFBDFF8F40989F80440D34690F80E
:10058000701090ED198A90ED1A9AB0F95CA0B0F94C
:100590005A50B0F95860404620910CF00FFFA04629
:1005A000DFF8D809DFF81C49A04700EE106ADFF831
:1005B000D0690EF097FADFF8CC09A04700EE105A88
:1005C0000EF090FADFF8C009A04700EE10AADA4654
:1005D0000EF088FADFF8B409A047DFF8EC58B0EE67
:1005E000480AA847DFF8A809A047B0EE490AA8477B
:1005F000DFF8A009A0472098DFF814B9C0F38010F5
:10060000D847DFF89409A047DFF89069306ED847E3
:10061000DFF88C09A04796ED190AA847DFF884098E
:10062000A04796ED1C0ADFF88059A847DFF87C093F
:10063000A04796ED1E0AA847DFF87409A04796ED7B
:100640001F0AA847DFF86C09A04796F85000D84762
:10065000DFF898080DF1980BA04744460DF58C780B
:100660000DF0A8F90646229841F28831301A8842E6
:10067000C0F085808DF898408DF818418DF858416C
:100680005846414656AA09F087FE002866D09DF8D4
:100690001801810727D599F80000DFF81C290130DF
:1006A00000F0070000EB400189F80000505C0A44AC
:1006B000517892780BF0E8FF99F80000DFF8FC1809
:1006C000085C0DF0C1FE0EF023F9DFF8F4080DF020
:1006D00049FB99F800000BF05BFADFF8E8080DF031
:1006E00041FB9DF81801C1071CD00EF083F9451C91
:1006F000032888BF0125E8B207F04CFC45204321C0
:1007000047220BF0C1FF0EF003F9DFF8BC080DF033
:1007100029FB28460BF03CFADFF8A8080DF022FB75
:100720009DF81801410709D5DFF8A00889F80BA04A
:10073000C9F824400DF016FB9DF8180180060DD570
:10074000402006F035FB432041214C220BF09CFF5A
:100750000EF0DEF8DFF878080DF004FB99F80500DC
:1007600001280BD199F80E0020B1013889F80E004C
:10077000000603D189F8054006F0C8FD229699F8D5
:100780000A00C00700F0F381DFF8486830460EF039
:100790002BFADFF8E40789F80A4099ED079A99EDFA
:1007A000088AB9F812B099F809A099F8068099F862
:1007B000075090ED00AA90ED01EA90ED02FA90ED5D
:1007C00003DA90ED04CA90ED05BA99F8080020907C
:1007D00030460CF0F3FD99F80D00012840F05C81E3
:1007E000DFF82C080DF0BEFAB8F1000F27D0DFF8C3
:1007F0002408DFF8D046A047DFF8AC67B0EE4A0A1D
:10080000B047DFF81408A047B0EE4F0AB047DFF852
:100810000C08A047B0EE4E0AB047DFF80408A04726
:10082000B0EE4D0AB047DFF8FC07A047B0EE4C0A27
:10083000B047DFF8F407A047B0EE4B0AB0473DB130
:10084000DFF8C8070DF08EFAB0EE490A09F0AEFFE6
:10085000DFF8D8070DF086FA58460BF099F9BAF18F
:10086000000F07D0DFF8C8070DF07CFAB0EE480A99
:1008700009F09CFFDFF8BC07DFF84846A0470EF000
:10088000B9F8DFF88CB6D847DFF8E00690F8438077
:10089000DFF8D406D0F8B051DFF89C07A04740F24B
:1008A000EE204FF0000A854228BFD0464046D84788
:1008B000DFF88807A047B9F86200D84756A80DF0BE
:1008C000A1FEDFF87C07A0472CAD95ED2B0A09F0BF
:1008D0006DFFDFF87007A04795ED2C0A09F066FF61
:1008E000DFF86407A04795ED2D0ADFF8DC65B04717
:1008F000DFF85807A04795ED2E0AB047DFF85007FC
:10090000A04795ED2F0AB047DFF84807A0479DF8AC
:100910005801D847DFF8D405A047D9F81800544645
:100920004FF0010A002800F0B480DFF8405606229C
:10093000B9F86210B5F84000B5F844C0B5F84630D3
:1009400095F84850AE06CDE90435434602EAE6760E
:100950008DE8431046ADDFF80027402128460BF014
:100960003FFC012826AB06DB0246D9F818002946D1
:1009700026940DF06AFFDFF80066306A06F1200861
:1009800010B940460CF088FB2098DFF8102696F846
:10099000265009F1280300F001000090DFF8CC0593
:1009A00000F13801404607F083FC7DB196F826003F
:1009B00060B9DFF8B80590F84800000706D4622057
:1009C00089F82A004FF49C40A9F8280096F82400E2
:1009D00099F82950209096F825001F9099F82A0040
:1009E0001E90D9F830001D90B06A1C90F06A1B90E0
:1009F000306B1A90706B1990B06B0CF0BDFBCDE9A9
:100A00001710F06B0CF0B8FB1690306C88460CF0A9
:100A1000B3FB8246706C8B460CF0AEFB41EC100BC6
:100A200016984BEC11AB336A002DDFF8302648ECFA
:100A3000120BDDE917108DED0E1B8DED100B41EC47
:100A4000130B19988DED0C2B8DED0A3B089008BF08
:100A50004E252098802100901F98CDE901051E9811
:100A600003901D9804901C9805901B9806901A9866
:100A7000079026AD28460BF0B3FB012807DB0246A2
:100A8000D9F818002594294625AB0DF0DEFE4FF06D
:100A9000010A0DF1980B6AE099F80D004FF0010A78
:100AA0000DF1980B002862D158460DF0D3FDDFF808
:100AB0002455DFF8B414DFF8FC235B4605F12C0065
:100AC0000090DFF8140504F047F8DFF81005DFF8B0
:100AD000F443A04795F83200DFF83464B047DFF8FC
:100AE0000005A047A88EB047DFF8F804A047E88EBD
:100AF000B047DFF8F404A047288FB047DFF8EC04D4
:100B0000A04795F83A00B047DFF8E404A04795F80D
:100B10003B10DFF8E404DFF8DC24012908BF1046AD
:100B20000029DFF8D81408BF0846A047DFF8D00432
:100B3000A04795F84400B047DFF8C804A0472098C4
:100B4000B047DFF8C404A047B8F1000F18BFB0EEFB
:100B50004A8AB0EE480A0AF013FBDFF8B004A04757
:100B6000B0EE490A0AF00CFBE048A047002499F8CF
:100B70000B0020B999F80C00C00700F0AA8099F882
:100B80000C00D9F8246089F80B4089F80C4089F8EA
:100B900001A025ADC0071AD0DFF8D004C94CA0478A
:100BA00030460AF0F5FFDFF8BC04A047DFF8C004C8
:100BB000A0476420452150220BF066FDA9480CF0A7
:100BC00025FF0CF07FF830460CF040F819E0DFF814
:100BD0009004BC4CA04730460AF0DAFFDFF88404EA
:100BE000A047DFF88404A04753204C2150220BF08B
:100BF0004BFD9C480CF00AFF0CF064F830460DF0F9
:100C000069FA96480CF002FF0024202000218DF89C
:100C1000584156AA0BF016FD8DF894402694D9F849
:100C20001800294601225B460DF0D1F910B926982B
:100C30000028F4D18A4806FB00F50CF0BBFE804684
:100C40002EB10CF0B7FEA0EB0800A84224D21D2064
:100C50000DF088FC68B9FF2000218DF818012020D4
:100C600046AA0BF0EFFC20B19DF81801C0438006A6
:100C700012D1D9F818008DF8934046940DF19301E4
:100C8000012246AB0DF0A3F908B9469820B94CF201
:100C900050300CF0BBFED3E70BF0F6FF08F034FB4E
:100CA0000AF00EFB08F05CFC7520502120220BF0AE
:100CB000EBFC99F80000C149085C0DF0C5FB0DF094
:100CC00027FEEC4889F801400DF04CF8EA480DF099
:100CD00049F892480DF0D0FB00280DF58C783FF4D0
:100CE000CAA938460CF092FEFFF7C5B9584603F082
:100CF000CBF900283FF4BBAB26467148714CA047A6
:100D00002CAD714F95ED000A0DF0A0FF6F48A04784
:100D100095ED010A0DF09AFF6D48A04795ED020A86
:100D20000DF094FF9DF8BF006A4900286A4818BF7B
:100D30000846A0476948A04795ED000A0DF086FFD8
:100D40006748A04795ED010A0DF080FF6548A04770
:100D500095ED020A0DF07AFF6348A0479DF8BF00A9
:100D60000AF016FF6148A0473446FFF780BB2320F6
:100D7000A9F8140099F8050000287FF478AB99F8D9
:100D8000000006287FF473ABB9F8100000287FF448
:100D900082AA764890F84200FFF77FBA032007F056
:100DA000F9F8714809F0C4FC70480DF0F9FE0DF037
:100DB0000BFC6A48FFF748BA002000212190A9F8EF
:100DC000101099F8050000287FF453AB99F8000043
:100DD00006287FF44CAB0020219009F0CDF8FFF7F6
:100DE00048BB042007F0D6F85F4809F0A1FC5F4833
:100DF0000DF0D6FE0DF0E8FB5748FFF725BA0220AC
:100E000007F0C8F8584809F093FC58480DF0C8FEA0
:100E10000DF0DAFB5248FFF717BA26480CF0E3F959
:100E20002648FFF722BB23480DF0C3F92248FFF7FD
:100E30001CBB0BF077FD1E48FFF717BB2198072856
:100E400032BF002014980BF0DBFB89F80BA0C9F827
:100E50002400FFF70CBB1548FFF707BB90D0030039
:100E6000A086010030570500B0030020CB00010030
:100E70008F0201008A030100F0030100EB0301006F
:100E800086020100D9000100E3010100ED0101002B
:100E9000BA0101001F020100E6030100B4030100D2
:100EA000CC030100D9010100F70101007DFD000024
:100EB00059F90000509A00206BFE000081FB0000F1
:100EC000ABFB000065DD000081B100006E03010096
:100ED000910301004BFC000020FE00002BFF0000EE
:100EE000600301009F030100590201000804010092
:100EF00059F50000E7FF0000920001000C0401001A
:100F000099FD00002003010041000100980201004A
:100F100091BB0000240101002404010034A800203A
:100F200014FF0000CF010100AF01010083000100A8
:100F3000B30201003C01010056FB0000AF000100BC
:100F40001004010047020100180101004BFA0000E3
:100F5000FEFA000039FE0000B8FD0000ECFD0000C4
:100F600006FE0000D2FD000058B40020F001002071
:100F7000FDFB0000FAFF00006402002098FF000063
:100F800021A40000AD030100A6030100330201000B
:100F9000A1020100380301001502010030BD00204C
:100FA0001003010062020100ADA7000083030100ED
:100FB0007C030100AA020100E4FE0000F00201002F
:100FC0008FF800001404010058FF0000BCF9000075
:100FD00042FF00008004002078BF0020ACFF00002A
:100FE0009803010029020100C50201000B02010063
:100FF000E600010075030100300301000102010059
:101000003D0201004801010074020100F8020100E4
:10101000BD000100BA030100C6030100C0030100C6
:101020001803010028030100000301005002010021
:10103000400301006B0201000803010048030100A6
:101040009901010083010100A401010030010100A8
:10105000780101008E01010052FE0000D6F600006A
:1010600025FC000018040100D3F400005BF8000028
:101070000AF40000C6F300000D0001000A207047CA
:101080002DE9F84F2DED048B96B00025002800F0D7
:10109000C4840646DFF8000A0078002800F0BD840A
:1010A000DFF8F849762071210022A04776207221CE
:1010B0000122A047762074215522A04746F2A810AD
:1010C0000CF0A4FC11AC112120460DF00CFB762095
:1010D0001D21224611230BF0C3FF002800F09C8441
:1010E0009DF84A109DF84900090141EA00309DF839
:1010F0004B1040EA1110410302D1002500F08CBCD6
:101100009DF847209DF846109DF84830120142EAAC
:10111000013141EA131109919DF852100D919DF88A
:1011200051100691BDF84C1009BA090C0C910DF044
:1011300021F89FEDB30B0F9681468B4653EC102B95
:101140000E9210930DF0B5FD0446DFF84C090F46E2
:10115000808A0DF00FF89FEDAC0B05460E460DF0A2
:101160000BFD02460B462046394604F0ACFD044612
:10117000DFF824090F46B0F916000CF069FB0246AF
:101180000B46204639460DF094FD9FEDA10B80469D
:101190008A464846594653EC102BCDE907230DF0FB
:1011A00088FD9FED9D0B04460F46284631460DF005
:1011B000E3FC02460B4639462046DFF8DC7804F0B3
:1011C00082FD02460B460DF074FD044697F90200BD
:1011D0000DF03FFD9FED920B53EC102BCDE90A2350
:1011E0000DF067FD0DF092FC0DF063FD02460B461D
:1011F0004046514604F067FD9FED8B0B04460D46BB
:1012000053EC102B0DF053FD8246884609F072FE18
:101210000F99059008607878012840F06181B7F94E
:101220001A000490B7F920000CF012FB9FED800B20
:1012300055EC107B3A460DF0F4FC0446DFF85808F4
:101240000E4690F907000CF003FB3A460DF0E9FC5E
:101250000DF0AEFC22460DF0EDFC834609980D46DC
:1012600000010CF087FF02460B46044609908946B0
:101270000DF01FFD5A462B4606460F460DF019FD90
:1012800005468B463046394622464B460DF011FD49
:101290000646DFF804080F4690F908000CF0D8FA6B
:1012A0009FED650B0DF068FC02460B463046394653
:1012B0000DF0FFFC2A465B4604F005FDCDE9071062
:1012C00004980CF0C5FA9FED5E0B0DF055FC0DF087
:1012D00013FB0446DFF8C0070D46008B0CF04AFFF5
:1012E0009FED590B0DF048FC0DF056FC0446DFF85D
:1012F000A8070D4690F903000CF0AAFA9FED540BD5
:101300000DF03AFC0DF0F8FA0DF0F6FA0DF0FEFBD8
:1013100004F0D9FC0546DFF880070F4690F9040079
:101320000CF096FA9FED4C0B0DF026FC0DF0E4FA54
:101330000DF0E2FA0DF0E0FA02460B462846394677
:1013400004F0C1FCCDE90310DFF84C07C08B0CF0B2
:1013500011FF9FED430B0DF0A7FB04F0B4FC9FEDD4
:10136000420B0DF009FC0DF0C7FA0646DFF828071E
:101370000F46808B0CF0FEFE2A46234604F0A3FCA9
:101380009FED3B0B0DF0F8FB02460B46394630460D
:10139000DFF8047704F097FC054697F905000E4640
:1013A0000CF056FA9FED340B0DF0E6FB0DF0A4FAAD
:1013B0000DF0A2FA2A460DF03DFC834697F906008F
:1013C0000DF047FC9FED2E0B0DF0D6FB0DF094FABF
:1013D0000DF092FA0DF090FA5A462B4604F073FC89
:1013E000099A4B460DF065FC02460B46DDE90310F9
:1013F00004F069FC02460B46DDE9071074E100BF0A
:10140000000000000000103F00000000000050BF7E
:10141000000000000000E03E00000000000020BFCF
:101420000000000000003040000000000000B44058
:10143000000000000000F03C000000000000E03B65
:10144000000000000000903F00000000000020406D
:10145000000000000000703F000000000000003F9E
:10146000000000000000D0C0000000000000203E8E
:10147000000000000000B03E000000000000F03D51
:10148000000000000000A03D000000000000E03F60
:10149000000000000040EFC0000000000000C03E5F
:1014A000000000000000F03F00000000000000000D
:1014B000000000000000D03F000000000000F040ED
:1014C00000000000000030BF0000000000003041BC
:1014D00000000000006AB840000000000000003E6C
:1014E0001FED170B204629460DF046FB1FED180B8C
:1014F0000DF04EFB054697F909008B460CF0A8F954
:101500000DF012FA0DF010FA0E9A109B0DF0D1FBAF
:101510000446B7F924000E460CF09AF92A465B46B9
:101520000DF0C7FB22460DF085FB1FED250B0DF0DE
:1015300023FB1FED370B53EC102BCDE903230DF0EC
:10154000B8FB1FED290B0DF023FB0446788C0E46EB
:101550000CF010FE02460B46204631460DF0A9FB6A
:101560001FED2F8B81460C4653EC182B08F0DEFF45
:10157000002840F0BD80B7F928000CF069F90DF0A3
:10158000D3F901940446DFF810050F4690F90B00DB
:101590000CF05EF9DDE907230DF08BFB0646CDF874
:1015A00008A0C2468846284659462A465B460DF0A2
:1015B00080FB324643460DF07CFB05460E46204636
:1015C000394622463B4604F07EFB2A460DF032FBAC
:1015D0001FED490B0DF0D0FA0446DFF8BC040D46B0
:1015E000B0F926000CF034F91FED4D0B0DF0C4FAE4
:1015F0000DF0D2FA1FED4E0B0DF0BEFA044609981D
:101600000DF012FB1FED500B02460B4651EC100B78
:1016100004F054FB0DF0C0FA1FED530B0DF0ACFAC3
:10162000019B4A460DF043FB0646DFF86C048846F2
:10163000B0F92C000CF00CF90DF07CF90DF07AF9F2
:101640001FED5B0B0DF098FA1FED7F0B834689466B
:10165000304641460DF090FA02460B4604460D46D0
:101660000DF027FB0DF052FA0DF023FB0446DFF8D6
:1016700028040D46007B0CF07DFDDDE907230DF00D
:1016800018FB22460DF0CDFA0546DFF80C040F4694
:10169000B0F92A000CF0DCF8DDE903230DF009FBBA
:1016A000324643460DF005FB5A464B4604F00BFB11
:1016B0003B462A46DFF8E07304F005FB044697F941
:1016C0000A000DF0C6FA9FEDDE0B0DF055FA0DF095
:1016D00063FA9FEDDD0B0DF04FFA0B464146D04605
:1016E000DDF808A00246304604F0EDFA41EC180B94
:1016F0009FEDD90B51EC180B53EC102BCDE90832B0
:101700000DF0D5FA09F0F6FB0F9E706097F90D0009
:101710000CF09EF89FEDC40B0DF02EFA0DF0ECF8D6
:101720000446388E0DF080FADDE90A230DF0C1FA87
:101730000DF032FA04460C980DF076FA22462B464C
:1017400004F0BCFAB9460C900F4699F90E000CF063
:101750007FF8DDF838B0109B5A460DF0AAFA0DF06C
:1017600027FA9FEDB30B0DF013FA044699F90F0019
:101770000DF06FFA9FEDB60B0DF0FEF90DF0BCF811
:101780000DF016FA0DF008FA0446B9F82E000DF027
:101790004BFA9FEDB30B0DF0EFF922460DF041FA35
:1017A00002460C980B4639460DF083FA044699F828
:1017B00010000F460CF0DEFC109B5A460DF079FA33
:1017C000834699F911000DF044FA9FEDA70B0DF037
:1017D000D3F90DF0EDF95A462B4604F074FA22467F
:1017E0003B460DF066FA22463B460DF062FA224671
:1017F0003B4604F068FA9FED900B83460F4655EC8C
:10180000104B22462B4608F09EFE00281CBF2F4698
:10181000A346099C089D5846394622462B4608F0A7
:10182000B9FE00281CBF2F46A3465846394609F08A
:1018300061FBB0600D9908EE100A99ED0D9A8806CB
:1018400020D4BBEE0E1A05989FED972AB7EE003A0A
:1018500038EE011A01EE023A00EE100ABBEE051A4C
:1018600030EE010A9FED911A00EE013A9FED900AC9
:1018700029EE039AB4EE409AF1EE10FA48BFB0EEAA
:10188000409A4AE0069801F00F084FEA911A860044
:10189000814890F912000BF0DBFF9FED750B0DF006
:1018A0006BF99FED750B0DF073F902467C480B4602
:1018B00000EBC8000DF026F804467A480D46224693
:1018C0002B4600EBC8000DF01DF8804606EB0A0021
:1018D0008946A0F500700BF0BBFF0DF017F904F07E
:1018E000F2F902460B46404649460F9E0DF0DFF9DD
:1018F0009FED630B80468A460DF0D6F808F04AFE4D
:1019000058B1404651462A4623460DF0D0F909F019
:10191000F1FA614909EE100A48639FED5B0B5846E6
:10192000394686ED039A0DF0BFF808F026FE58B14F
:101930009FED570B5846394653EC102B08F010FE1C
:1019400010B1B3EE090A17E0584639462A46234635
:1019500008F0F9FD40B19FED580AB3EE091A38EED0
:10196000000A30EE010A07E09FED520AB3EE091AB1
:1019700038EE000A31EE400A9FED501A9FED502AD2
:10198000B6EE083A89EE011A21EE021A21EE031A88
:101990009FED4C3AB4EE431AF1EE10FAC8BFB0EE28
:1019A000431AB5EE401A9FED483AF1EE10FAB5EE43
:1019B000400A48BFB0EE431AF1EE10FA48BFB0EE4D
:1019C000430A31EE000AB1EE041A32EE400A9FEDEE
:1019D000412A20EE010A9FED3D1AB5EE400AF1EED4
:1019E00010FA48BFB0EE430AB4EE410A9FED3B3A0D
:1019F000F1EE10FAC8BFB0EE410A9FED351A86ED40
:101A0000040A012500EE012A9FED331A00EE013A87
:101A100086ED062A86ED053A3577284616B0BDECE8
:101A2000048B01B0BDE8F08F000000000000E03F33
:101A3000000000000000F03F000000000000000077
:101A40000000000000006040000000000000B03F07
:101A5000000000000000B03E0000000000005940FF
:101A6000000000000000D03E000000000000A03E8A
:101A700000000000000014400000000000F094404E
:101A80000000000000408F400000000000004340C4
:101A9000000000000000454014050020F5D40000BF
:101AA00088F1000008F20000A69BC4BB6F1203BCC3
:101AB0000000FA44000028C2000018C2000048429A
:101AC0000000C84200009642000000000000FA43F7
:101AD0000AD7233CCDCC4C3DCDCC4C400000C84374
:101AE0002DE9F04FADF5077DD0F8009006469B46F6
:101AF0001546869148460CF0B6FE4FF0000A09EBF9
:101B000000044FF0FF300027CDF814A2A14580F06B
:101B1000C580A04609F101048DF810A28390CDE99B
:101B200081AA14F8010C002800F0B880252805D0FF
:101B300029463460D84701340137F2E7346085978D
:101B400081AC3146204600F0AEF82046314686AAE8
:101B500000F0CAF830680278411C7A2A2AD0682A34
:101B600044461CD06A2A09D06C2A0FD0742A09D0A6
:101B70004C2A2CD1819840F0800025E0819840F4D7
:101B8000006021E0819840F400501DE00146819AF8
:101B900011F8013F6C2B12D142F4807107E001462D
:101BA000819A11F8013F682B0CD142F400718191A8
:101BB00002300BE08198444640F4805004E042F04B
:101BC000400001E042F0200081900846027800F1D8
:101BD0000109732A8DF81022C6F800901FD06E2AD2
:101BE0002AD1819843F660710840411E80EA0102C3
:101BF0008A420ED990FAA0F0B0FA80F0411F08296D
:101C000007D8F817DFE801F0440505394005390524
:101C10000500869850F8041B0F60869026E09DF81A
:101C2000040240061AD4CDF800B081A886AA29463D
:101C300085AB00F01CF919E00DF1060881A986AA10
:101C4000404600F069F9909B024640462946984775
:101C5000411C18BF38448590074608E0CDF800B015
:101C600081A886AA294685AB00F09CF8859F781C40
:101C70004FF0FF307FF44AAF0EE0869951F8042B05
:101C8000C2E900708691F1E7869802C80F70C4E738
:101C9000869802C80F80C0E74FF0FF3738460DF531
:101CA000077DBDE8F08F10B50A680124E30708BF7F
:101CB00010BD1378302B0CD0232B0CD02B2B0CD039
:101CC0002D2B04D00024202BF0D1042306E0012387
:101CD00004E0102302E0082300E00223046801323C
:101CE0000A6023430360E0E7FEB504460868164631
:101CF0000D4603782A2B11D13068011D3160006830
:101D0000B0F1FF3F606005DC40426060206840F059
:101D1000010020602868471C2F6017E000210DF1AA
:101D20000202303B4718092B06D87B1C2B60435C12
:101D300053547B780131F4E7002050549DF80200A1
:101D400020B10DF102000AF05BFC606038782E28AB
:101D500027D1781C28607A782A2A08D13068011D9A
:101D600031600068A060286801302860FEBD002056
:101D70000DF10201303A092A07D83A18931C2B605A
:101D8000537892780B540130F4E700220A549DF8FE
:101D9000020028B10DF102000AF032FCA060FEBD85
:101DA000A260FEBD2DE9FE4F054610680C46011DE0
:101DB000116007680C9AD7B3AE6898469146002E1A
:101DC00004D438460CF01CFD864203D338460CF090
:101DD00017FD0646D5F804A0B3460195B245C8BF25
:101DE000D346D8F80000CDF808805844C8F8000061
:101DF0000FDD01980078C0070BD1ABEB06054FF063
:101E00000008A84505DA20202146C84708F1010846
:101E1000F7E7DDF808800025B5420EDA57F825000F
:101E2000B0F5807F19D22146C8470135F4E700207C
:101E3000214603B0BDE8F04F1047B24515DD0198CB
:101E40000078C00711D0ABEB06050026AE420CDAD5
:101E500020202146C8470136F8E74FF0FF30C8F888
:101E600000000CF0B9FE58210160BDE8FE8F2DE99D
:101E7000F84F054610680C46011D116006680A9A65
:101E8000C6B3AF689B469046002F04D430460CF092
:101E9000EAFC874203D330460CF0E5FC0746D5F850
:101EA00004A0B9460095BA45C8BFD146DBF800008A
:101EB0004844CBF800000DDD00980078C00709D138
:101EC000A9EB070B00255D4504DA20202146C04719
:101ED0000135F8E70025BD4204DA705D2146C047B0
:101EE0000135F8E7BA4503DD00980078C00706D150
:101EF000BDE8F88F00202146BDE8F84F1047A9EB58
:101F000007050026AE42F3DA20202146C0470136FD
:101F1000F8E700BF00BF00BF2DE9FE4F16460027BF
:101F20008B46D1F8048040F2FD112022044601972F
:101F30000CF0D4FB04F5FE7084F8FD7102909BF860
:101F40000C00A0F16101172929D80122BA4B8A405F
:101F50001A4209D001A902AA5846334600F070F986
:101F600000274FF0000991E012F0710F25D10229EE
:101F700015D130680027011D3160006884F8FC012C
:101F8000C0B2DBF80010B0FA80F04FEA501921F02F
:101F90000201CBF8001004F2FB11029176E0A0F1EF
:101FA0004501032909D3252800F08A80412804D05F
:101FB0005828CFD04FF000096AE03068073020F091
:101FC000070000F10801316090ED000B9BF80C5008
:101FD00056EC107BA5F17B09384631463A4633462C
:101FE0000BF032FB002840F00C8194499FED900BE0
:101FF00026F00040414053EC102B394315D003F03C
:1020000000414FF00009084440EC107BF70FA5F1A8
:102010004100062829D9A5F16100062836D8DFE855
:1020200000F02A353535DCD7D2006E20314619F163
:102030001A0F38BF4E2084F8FB014FF0660038BFFE
:10204000462084F8FC014FF0690038BF492084F82D
:10205000FA0104F5FC700290384608F074FA78B181
:102060002D204FF0000904270EE0DFE800F0040FF8
:102070000F0FB6B1AC0002A9584602F0D5FA70E7CE
:102080002B204FF00009032784F8F9019BF80C007E
:10209000A0F16F014FF0010A092905D80AFA01F1F0
:1020A00040F24322114221D158281FD06FB1012F95
:1020B0001CD101200190DBF8000000F002000CE0D0
:1020C000252020800120BDE8FE8FDBF80010019A5A
:1020D00001F00200002A00F0858002992D22B0FA5A
:1020E00080F04FEA501A01F8012902919BF8000094
:1020F00004EB08072646C007029809D104F2FD1137
:10210000DBF804202646091A9142DCBF791A4E1CDE
:10211000411C304600224FF4FF7300250BF068FF8E
:10212000B9F1000F02901CBF00F8015B0290B842A9
:1021300007D8391A0138202201310CF0CFFA0020DB
:1021400038709BF80000C00605D4311B20462022C1
:102150000CF0C4FA31E0A6422FD0311B20463022C9
:1021600030250CF0BBFA0198B0FA80F0400900EA83
:102170000A00012805D19BF80000400701D4204641
:1021800005E03178204600F8011B06F8015B9BF85A
:102190000C1041290DD0582905D0612909D0782982
:1021A00001D0702909D19BF80020120701D46129C0
:1021B00003D1717841703020707020460CF053FBD1
:1021C0004844BDE8FE8F02A9584603F089F8C8E6E6
:1021D00002A9584609F05EFCC3E602A9584604F07D
:1021E00037FDBEE628B948077FF580AF0298202169
:1021F00003E002982B214FF0000A00F80119029029
:1022000074E7612019F11A0F38BF412084F8FB01EF
:102210004FF000094FF06E0038BF4E2084F8FC01EB
:1022200084F8FA01022704F2F91002902EE700BFA9
:10223000000000000000000008C190000000F07FD6
:10224000F8B50546806814460F46B0F1FF3F04DD3F
:10225000286820F01000286001E00120A860287B99
:102260001026582807D0782805D0702803D06F286A
:1022700014BF0A2608262846194600F053F8AA6813
:102280004AB950EA010206D12878000749D52B7BCC
:102290000020002112E02B7B642B04D16423B1F1D8
:1022A000FF3F05DD0AE0692B08D1002906D5692327
:1022B00001223A600022404262EB01013246009462
:1022C00000F0ACF83021AA68904205DA22680130AB
:1022D000531E23601170F6E7287B582818BF782812
:1022E00010D1297809070FD521684A1E226070286D
:1022F00008BF782008702068411E216030210170DD
:10230000287B01E07028ECD06F280AD128780007DC
:1023100007D520684178302903D0411E2160302143
:102320000170F8BD10B5027B702A2BD0006843F60F
:1023300060731840431E80EA03049C420DD990FA52
:10234000A0F0B0FA80F00538082806D8DFE800F0E1
:102350004D050520390520050500A2F1640014286B
:102360000ED8012303FA00F02B4B18420AD110F0CB
:10237000210F05D00868021D0A600068C11710BD52
:10238000582A46D10868021D0A600068002110BD65
:10239000A2F16400142808D8012303FA00F01E4BB0
:1023A000184204D110F0210F01D1582A31D1086808
:1023B000073020F0070000F108020A60D0E90001B0
:1023C00010BDA2F16400142808D8012303FA00F01C
:1023D000114B184204D110F0210FCBD1582A18D13B
:1023E0000868021D0A600078D0E7A2F16400142892
:1023F00008D8012303FA00F0074B184204D110F06B
:10240000210FB7D1582A04D10868021D0A6000883C
:10241000BCE70020BAE700BF00081200F8B5054687
:102420001148124E582B069F144608BF064655EA1F
:10243000010011D13868421E3A60302202700BE070
:102440002846224600F014F83A68531E3B6000FB11
:1024500014530546F35C137055EA0100F0D1386857
:102460000CF001FA0138F8BD1F0001003000010036
:10247000102A06D0082A09D1C00840EA4170C908CC
:102480007047000940EA01700909704719B9B0FBAB
:10249000F2F00021704780B500230CF003F980BDF5
:1024A0002DE9F84F2DED068BADF5496D002600287E
:1024B00000F0AC830F46002900F0A8839346002A61
:1024C00000F0A48397ED038A8146B5EE408AF1EED1
:1024D00010FA1DD8B7F90610B7F90400B7F90820AB
:1024E00001EE101A00EE100AB8EEC11AB8EEC00ADA
:1024F00021EE011A00EE001A00EE102AB8EEC00A12
:1025000000EE001AB1EEC10A9FEDB01A80EE018A0A
:102510003868394620220390B9F8A40C09EB401022
:1025200024300CF0D9FBB9F8A43C642009F61C58FF
:102530005E1CB6FBF0F101FB1064B9F8A61CA9F80B
:10254000A44C63299CBF0131A9F8A61CB9F8A80CBA
:1025500000F1010A09F618500290D9F8180DA9F8EF
:10256000A8AC48B999F83D2D32B9D9F8542D1AB90B
:10257000DFF814280025157089B29FED950AB0EE9A
:10258000481AB0EE482A0C2928BF0C216422B6FB59
:10259000F2F54FF44866754304F16306C5EB431347
:1025A0008C4D4B4403F54B6321B3B6FBF2F4B0EE14
:1025B000414AB0EE425A04FB053494ED003AB4EEC1
:1025C000413AF1EE10FAB4EE423AC8BFB0EE434AD7
:1025D000F1EE10FAB4EE403A48BFB0EE435AF1EED5
:1025E00010FAC4BFB0EE452AB0EE441A0139013EDC
:1025F000203BD9E731EE420A98ED092A9FED763A61
:10260000B7EE001A0CF064FA01D5039C1DE09FEDB3
:10261000733A039C0CF05CFA17DCB6EE081AB4EEC1
:10262000418AF1EE10FAC0F2CD80B7EE041AB4EE92
:10263000418AF1EE10FA00F2C5809FED691A9FED14
:10264000693A28EE011A02EE031A88ED091A9FED85
:10265000662AB4EE420AF1EE10FA02D59FED639AB3
:1026600018E09FED633A38EE411A9FED624A21EE81
:10267000039AB0EEC11A9FED5D3AB4EE441AF1EE42
:1026800010FA48BFB0EE439A98ED0A1A9FED5A3AF5
:1026900001EE039A0021B4EE420A88ED0A9AF1EEA7
:1026A00010FA89F83C1D27DAC8E90B11012089F8D6
:1026B000500DD9F8540D00286CD0201AB0F5C86F11
:1026C00009D9DFF8C416002089F83D0DC8F81000BC
:1026D000C8E90000087099F8F20CE0B1D9F8FC0CD8
:1026E00040F6B831201A8842C0F0B78148460BF056
:1026F00060FDB9F8A8ACB0E199F8501D01294DD1A1
:1027000098ED0B0AB4EE409AF1EE10FA40F3908087
:1027100088ED0B9ACDE799F8F00C052800F21481AA
:10272000DFE810F006001B01140112013E015D01FB
:102730009FED2F0A0CF0E5F940F15D8199F8F30C5B
:10274000013089F8F30C000A40F08781012009F577
:102750004E63B7F90610B7F90820C9F8F44C89F8A8
:10276000F00C0020986189F8F30CB7F9040001EE31
:10277000101A02EE102AB8EEC11AB8EEC22A00EE04
:10278000100A83ED011A83ED022AB8EEC00A83ED28
:10279000000A62E1B4F5C86F93D89CE798ED0C0A83
:1027A000B4EE409A9FED150AF1EE10FA48BF88ED9D
:1027B0000C9AB4EE409AF1EE10FAFFF67AAF88ED7B
:1027C0000B9A73E7B0EE421A41E700BF00007A446B
:1027D000CDCCCC3D80F3FFFF3333333F6666A63F5D
:1027E0008FC2753DD7A3703F295C0F3E00000000EB
:1027F0006666263FEC51383D3333B33E8FC2753C9D
:102800000AD7A33D8FC2F5BC00606A470000704242
:102810008FC2F53DC3F51C416666E63ECDCCCC3E8D
:10282000CDCC8C3F3333D33F295C8F3E33330340D1
:102830001FED0D1A0CF042F9FFF63BAF1FED0F1A1A
:10284000B4EE419AF1EE10FA3FF633AFD9F8542DB9
:1028500040F20463A11A002A08BF40F6C411A1F592
:1028600082729A4200F2E180DFF81C65012233781F
:10287000002B00F00A8201EE101A012B04BF022285
:1028800032701FED232A1FED264A40F20113104437
:10289000C9F8544DC9F8584D30EE490AB8EE41AA6E
:1028A0001FED271A98ED003AA9F83C3DC9F8180D1C
:1028B00081EE0A1A21EE022A03EE042AB2EE044A3D
:1028C0000CF00BF9C8BFB0EE421A1FED302A88EDAC
:1028D000001A81EE022A1FED321A0CF0EFF888ED93
:1028E000012A48BFB0EE410A1FED361A20EE010A58
:1028F000B1EEC01AB1EEC10AB4EE400AF1EE10FA20
:1029000080F13B821FED3C1A20EE010A1FED3D1ABB
:102910000CF0D4F848BFB0EE410A1FED3F1A0CF09E
:10292000CDF8C8BFB0EE410A307888ED020A02281F
:1029300040F0B18102980068022818BF012001EE22
:10294000100AB8EE411AA8E1002003E00020A9F81F
:10295000040D042089F8F00C7FE009F54E61D9F8E8
:10296000F40C91ED060AB4EE408A1FED520AF1EE26
:1029700010FAC4BF09F54E6181ED068A201A0CF0E9
:10298000C0F830DBB0F5617F2DD80120C9F8FC4CD0
:10299000A9F8140D0020A9F8040D4FF482701BE073
:1029A000BFEE000A1FED601AB9F8040D38EE000AF8
:1029B000B0EEC00A0CF082F826D50130B9F8181034
:1029C000A9F8040D80B2884247D30120C9F8FC4C15
:1029D00089F8F20C40F20520A9F8F00C3DE0012046
:1029E00089F8F20C39E040F2B731884224BF002068
:1029F000A9F8F00C31E01FED730A0CF082F81EDA32
:102A0000002089F8F30C28E010B10138A9F8040D72
:102A1000B9F8140D0130A9F8140D80B21E2824BF96
:102A20004FF44070A9F8F00C17E0B1F5E16F40F2F7
:102A30004981D5480121C9F8544D017042E109F599
:102A40004E6080ED068A4FF48270A9F8F00C0120E8
:102A5000A9F8140D0020A9F8040D1FFA8AF03228F5
:102A600024D3B9F8A60C002609F54E6A6428C0F0F4
:102A70009280B9F8A47CCDF804A0AA46A9F8A86C65
:102A80004FF0640804AD09EB471000F12404B6F5DB
:102A9000486F0FD0B7FBF8F0202200FB0A41A819BD
:102AA0000CF01AF9203601372034F0E7002609F53A
:102AB0004E6A70E0DDF804A004A864210AF18402E3
:102AC00002F094F999F8DC1C99F8DD0C9AED212AB2
:102AD0009AED221A9AED230AB6EE083A4A1C01EB47
:102AE000410109EB810102F00302042801F6AC4127
:102AF00089F8DC2C81ED002A81ED011A81ED020AB2
:102B00003CBF013089F8DD0C9AED2E4A039CB4EEEF
:102B1000434AF1EE10FA35DA99F8EC0C9AED2D3AB9
:102B200002287BD0012818D0002840F091809FED2A
:102B30009D5A0BF0DCFFC0F2A2809FED9B4A0BF088
:102B4000CCFFC0F29C8099F8EF0C012840F0C380C4
:102B50000BF06DFE022877D2C1E09FED8C5A0BF08E
:102B6000C6FF79DB9FED8B5AB4EE453AF1EE10FAD1
:102B700072DB99F8EF0C022840F0A8800BF057FEAA
:102B8000022804D30CF018F8022089F8EC0C00207D
:102B9000012689F8ED0C0BF1080009F66451442276
:102BA0008BF80460CBF800400CF096F8B9F8EC0C08
:102BB0009FED811AABF84C0099F8F00C99F8F11CD4
:102BC00099F8F22C8BF84E108BF850208BF84F00B0
:102BD00002992822DAF81800CBF85400B9F8040D4D
:102BE00000EE100AB8EE400A20EE010A8BED170A3B
:102BF000DAF82000CBF858000BF160000CF06CF80C
:102C000009F65C50594688220CF066F830460DF5FE
:102C1000496DBDEC068B01B0BDE8F08F9FED5E0AFB
:102C2000B4EE404AF1EE10FA06D49FED5C0AB4EE21
:102C3000403AF1EE10FA1FD599F8EF0C012821D196
:102C40000BF0F5FD0328A2D30BF0B6FF01209CE7A3
:102C5000002089F8EC0C42E09FED4D5A0BF047FF45
:102C60000AD59FED4F4A0BF038FF05D599F8EF0CC8
:102C700000287AD001202BE00BF09EFF87E70BF0B5
:102C80009BFF2CE040F2011022E0C9F8544DC9F836
:102C9000584D327016E0B7EE001A98ED032A002066
:102CA000C8F81C00C8F8140000EE012A9FED351A80
:102CB0008AEE011A88ED062A88ED032A80EE010AC1
:102CC00088ED040A88ED0C9A0020F0E440F201201F
:102CD000A9F8EE0C5BE740F20110A9F8EE0C9FEDAD
:102CE000333AB0EEC22AB4EE431AF1EE10FA0EDD1A
:102CF0009FED2F4AB4EE442AF1EE10FA07D5B0EE5C
:102D0000C05AB4EE445AF1EE10FA3FF540AFB4EEBB
:102D1000430AB0EEC11AF1EE10FA08DD9FED244A25
:102D2000B4EE441AF1EE10FA01D5012030E79FED20
:102D3000214AB4EE440AF1EE10FA08D59FED1C0AC0
:102D4000B4EE401AF1EE10FA01D5022020E70BF0A4
:102D5000BFFE08DD9FED160AB4EE401AF1EE10FA40
:102D600001D5032014E7042012E70BF060FD0428CE
:102D7000FFF40DAF0BF020FF6BE7B0EE410A07F058
:102D800097F9BFE500007A443A0600206666263FC0
:102D90008FC2F53D295C8F3ECDCC0C3FAE47613EE6
:102DA000295C0F3DEC51383ECDCC4C3D0000164423
:102DB0000000FA43000016C40AD7233C2DE9FC4763
:102DC0000027002800F06A82DDF828A0BAF1000F81
:102DD00000F0648291460546D0E96C20571C461CE1
:102DE00095F82022C5E96C76CBB1002742F020008F
:102DF00051461C2285F81B72C5F8B071C5F8A47144
:102E0000AAF80A7085F820028AF8100005F5097002
:102E1000CAE905778AF800700BF05EFF3EE240F2E7
:102E2000EE2302F0DF029F4285F820220AD300231E
:102E300042F0100285F81B32A5F82E32C5F8A431F5
:102E400085F8202210B3DFF86C24137802EB830698
:102E50007160591C0526CBB2B3FBF6F303EB830379
:102E6000C91A012311700021062B04D052F82360E7
:102E700001333144F8E7052291FBF2F1E8B9002073
:102E80000D280CD045F820100130F9E7DFF8243484
:102E90000122062AD7D043F822100132F9E701EBCC
:102EA000C100102382006A63312B03D045F8232030
:102EB0000133F9E7C001C5F8C40095F83C2095F846
:102EC000C80045F82210561C6B6BD5F8C4C0AB6324
:102ED0000D23B6FBF3F707FB136685F83C6002F1A0
:102EE0000C06B6FBF3F707FB1366171DB7FBF3F4ED
:102EF00055F8266004FB137455F82440344402F15D
:102F00000D06B6FBF3F707FB1366D71CB7FBF3F10F
:102F100055F8266001FB137155F82110314401EB7F
:102F2000440102F10B04B4FBF3F606FB1344561DF7
:102F3000B6FBF3F755F8244007FB136655F82660F7
:102F4000344404EB4404214402F10A04B4FBF3F6D4
:102F500006FB1344961DB6FBF3F755F8244007FB18
:102F6000136655F82660344401EB840102F109042C
:102F7000B4FBF3F606FB1344D61D0832B6FBF3F799
:102F800055F8244007FB136600F1110755F8266039
:102F9000344404EB84042144B2FBF3F404FB132215
:102FA000212355F8222002EB420201EB4201421C90
:102FB000B2FBF3F4B7FBF3F3696344EA441403EBA5
:102FC0004313121B05F14004FB1A54F8226054F815
:102FD000233085F8C8208E1B6644C5F8C46044F8C9
:102FE0002010D5F8C400D5F8B411A3EB601305295F
:102FF00008D805F1CC000021052903D040F8213084
:103000000131F9E705F1CC0405F1D406002717CC0E
:1030100016C68AF80070191BC5E93330801A00EB18
:103020004100C01080FB0001000B40EA015095F800
:10303000881105EB81020131D2F8E440C2F8E400C6
:10304000B5F84222CAF80490B1FBF2F6001BD5F89D
:10305000804106FB121185F8881167F10001001903
:10306000D5F88441C5F880016141B5F8FE41CAF840
:1030700014300023C5F88411AAF8084095F82E42B0
:103080008AF80A4095F82F428AF80B40B5F830428A
:10309000AAF80C40B5F83242AAF80E400BF002FB39
:1030A000D5E9631395F82022CAF8180005F50978C8
:1030B000C5E9630181424FF000008AF8102028BF63
:1030C0000120994288BF012795F8B831012B36D1EC
:1030D000D5F8B431292B2ED3D5F8AC01814284BF69
:1030E000C5F8AC110846B3F5967F24D3002185F8C6
:1030F000B811C5F8B01102F07F01B0F5487F6E4AF3
:1031000085F82012014698BF4FF448714908904253
:1031100088BF42F21071A1EBD1029208C80802EBFD
:10312000D102B2F5AF7F98BF4FF4AF72C5E9651019
:103130005308C5E967230BF0BCFC0027AEE0D5F8C7
:10314000B0213840B2F5967F21D91923B2FBF3F4B0
:1031500004FB1323DBB9D5F89431B3F5167F16D9E8
:10316000D5F89841A3EBD303C5F89431A4EBD4046C
:103170001B1BC5F8984104EB9303B3F5AF7F98BFD1
:103180004FF4AF73C5F89C315B08C5F8A031002837
:1031900053D0B5F8FC315F208D2B0AD303EB83139A
:1031A0006424B3FBF4F34FF6E0741C405F2C88BF3B
:1031B0001846824216D2D5E9650202EBD101A1EB95
:1031C000D201401A0A4688BF02EB9002B2F5AF7FE7
:1031D00098BF4FF4AF72C5E9661250084FF4D07132
:1031E00068502AE0B1F5AF7F0BD3D5F89C0181423E
:1031F00007D300204B460BF043FC9AF80000E0B1E7
:1032000048E0D5E96523D5F8A40103EBD104A4EB8C
:10321000D303D21A1C4688BF04EB9204B4F5AF7FE7
:1032200098BF4FF4AF746208C5E96634B1F5967F74
:10323000C5F8A02128BF814234D895F81B02022886
:1032400028D3B5F8FC0128B3A62148436421B0FB7C
:10325000F1F1D5F8B00188421CD9D5F8A411B1F527
:10326000967F17D3D5F8A021914213D3D5F8A82182
:10327000D5F8B4319F1AC21BB5F84402824206D376
:103280000120A9EB87030BF0FBFBC5F8B071002010
:10329000C5F8A4010BF00DFC9AF8007007F00100CE
:1032A000BDE8FC87D5F8B401C5F8A4114FF4D4717A
:1032B00096E700BF88050020A18601000BF046B903
:1032C0002DE9F04792B00CAD182128460BF00BFA0F
:1032D000002476208A212A461723CDE90A44CDE925
:1032E0000844ADF81C40069409F0BAFE002851D0FD
:1032F00008AA7620E1210E2309F0B2FE00284BD067
:1033000006AA762000210523002409F0A9FE002842
:1033100040D00DF117027620F02101238DF81740DF
:10332000012409F09DFE9DF81700022807D0BDF882
:10333000341046F2A81081422CBF00240124DFF88B
:103340009893BDF82800A9F81400BDF8300089F85A
:103350000140A9F816009DF8320089F8020014B364
:103360000D99DDF83A20BDF83E3005F11500C9E9A8
:103370000621BDF83810A9F80330A9F80510BDF8EA
:103380004210A9F820109DF8441089F8071009F19F
:1033900008011FE0D04801E0CF4800240470204617
:1033A00012B0BDE8F0870D9905F11600C9F822109A
:1033B0009DF8381089F80910DDF83A10C9F8261080
:1033C000BDF83E10A9F80A10DDF84210C9F82A101D
:1033D00009F10C0100789DF820209DF821309DF81E
:1033E00022409DF8235008709DF91C10102089F888
:1033F0000D50099D91FBF0F0C9F80E5089F81200AC
:10340000100140EA1310A9F82E0003F00F0040EA63
:103410000410A9F830009DF92C000AF019FA9FED6C
:103420008A0B0BF0A9FB9FED8A0B0BF0B1FB044656
:10343000BDF92A000F460AF00BFA9FED870B0BF03F
:103440009BFB9FED870B0BF097FB9FED870B0BF022
:103450009FFB9FED870B0BF08FFB9FED870B58ECCD
:10346000106B3246434602F02EFC02460B462046C5
:1034700039460BF01EFC04469DF92D000D460AF05E
:10348000E7F99FED7F0B0BF077FB9FED7F0B0BF0C8
:1034900073FB22462B4602F016FC05469DF81A00E7
:1034A00001240F46000964F39F000AF063FE9FEDBC
:1034B000780B02460B4651EC100B0BF0F8FB024662
:1034C0000B46284639460BF0F4FB07469DF91800D9
:1034D0000D460AF0BDF99FED700B0BF04DFB324627
:1034E000434602F0F0FB02460B46304641460BF0E5
:1034F000DEFB02460B46384629460BF0DAFB9FED11
:10350000680B0BF045FB9FED680B0BF035FB9FED57
:10351000680B06460D4657EC108B42463B4607F0BB
:1035200012F89FED650B00281CBF3D46464630460D
:10353000294657EC108B42463B4607F02BF80028F3
:103540001CBF3D4646463046294608F045FF634DC0
:10355000024676205A21A847762064215922A8479E
:10356000762071211022A847762072210122A847D7
:10357000762074215522A84759480AF047FA01AD30
:10358000112128460BF0AFF876201D212A46112381
:1035900009F066FD00284CD09DF811009DF81250EE
:1035A000800050EA951A44D099F912000AF050F9B7
:1035B0009FED430B0BF0E0FA9FED430B0BF0E8FAA5
:1035C0000246484805F00F070B4600EBC7000BF01A
:1035D00099F9054644480E462A46334600EBC70093
:1035E0000BF090F90746AAF5007088460AF030F90A
:1035F00002460B462846314602F065FB02460B4662
:10360000384641460BF053FB9FED310B80460E468A
:1036100057EC105B2A463B4606F0BCFF48B14046DB
:1036200031462A463B460BF042FB07F063FCC9F8E3
:10363000340076207121002209F05CFF89F80040F7
:10364000ADE600BF00BF00BF000000000000B03FBB
:103650000000000000804840000000000000003F23
:10366000FCA9F1D24D62403F55C1A8A44E40633F32
:103670000000000000007440000000000000F03F67
:10368000000000000000503F000000000000384033
:103690000000000000001040FCA9F1D24D62603F24
:1036A00000000000000039C03333333333330B40A4
:1036B00000000000000000000000000000E06F407B
:1036C00000000000000014400000000000F09440E2
:1036D0000000000000408F4014050020F5D40000D9
:1036E00020BF020088F1000008F20000F0B597B09A
:1036F0000EAC20460BF05AF94FF4E13021461490FD
:103700000220ADF83800002002F0BCFFA64FA84E02
:10371000B861A648B047A74C2046B047A648B04776
:10372000A648B0472046B0470BAC20460AF0A6FF9B
:10373000204601210BF07CF9204601210BF0C7FA4D
:103740009F482146483009F01FFE9E48214609F057
:103750001BFE20460BF0B9FA9B48B04709F0E0FD8C
:10376000132001210AF0D4FF1C2001210AF0D0FF10
:10377000964C2046B0479648B04705F0C5FD204618
:10378000B0479448B04707F09BFD2046B0479248A9
:10379000B04792480AF0AEFC914D00210022284625
:1037A0000AF004FA05F11C00002100220AF0FEF9DB
:1037B0002046B0478B48B04705F0D2FE7220642106
:1037C000592208F061FF38788749085C0AF03CFE0E
:1037D0002046B0478548B047022005F081FB38B14C
:1037E000FA2004219622322306F032FA814800E0C2
:1037F0007F48B0478048B047FFF762FD804C002803
:103800007E4D204618BF2846B0477E48B04706F098
:1038100065FB6E48B0477C48B04701F029FC0028A2
:1038200018BF2C462046B0477848B04702F022FB2C
:10383000A8B17748B0470BF0D7F80021754A8DF84A
:10384000061000F00F010009515C105C8DF80510A6
:103850008DF8040001A8B0476F48B04702E06848FF
:103860000AF080FA6D480AF07DFA6D480AF044FBD0
:1038700056480AF077FA6B480021002408F0DAF97C
:103880006948002109F0CDFF6848002107F08AFA55
:103890000DF12A050DF129068DF82B408DF82A40EF
:1038A0008DF829400DF12B040BF0F9F80BF0F7F827
:1038B0004B4C20460AF0D4FC0028FAD05C480AF0B1
:1038C00051FA01AC0BF0B3F90BF07EF90BF0FBF8F9
:1038D000042069460BF074F9564A09A80BF064F904
:1038E00018B155480AF03EFAFEE701AC20460BF04D
:1038F000EAF952480AF036FA0BF099F90BF064F93C
:103900000BF0E1F8032069460BF05AF94C4A08A87D
:103910000BF04AF918B14B480AF024FAFEE701AC63
:1039200020460BF0D0F948480AF01CFA0BF07FF95A
:103930002046012101250BF075F80BF0C4F8022098
:1039400069460BF03DF9414A07A80BF02DF918B173
:103950003F480AF007FAFEE701AC20460BF0B3F946
:103960003C480AF0FFF90BF062F90BF02DF90BF06F
:10397000AAF86946204600950AF076FE364A06A85F
:103980000BF012F918B135480AF0ECF9FEE701A87E
:103990000BF099F932480AF0E5F932480AF0E2F9F9
:1039A000002017B0F0BD00BFB0030020E10301000C
:1039B00065DD000016F500004DF4000090F40000F5
:1039C0006402002080040020F0F70000670301007B
:1039D00081F30000D2FA0000C3F8000034A80020F0
:1039E000F001002012F70000F0020100D5FB0000FA
:1039F0007D020100D4FF0000ECF90000BC020100D0
:103A0000740001002AFB00001CFA0000F7F8000017
:103A1000A1000100410001001C0401004DF700005D
:103A2000DDE9000058B40020509A002078BF002043
:103A300026F8000019550000B8FC0000BAF7000095
:103A4000218D000094FC000084F70000018E00002E
:103A500078FA00005CF6000041000000A5FA0000C2
:103A60001CF6000028F900002DE9F0412DED0C7B3B
:103A70004FF00008002800F06181B34E0446307812
:103A8000002800F05B8100200821CDE90000684695
:103A900007F09EFA8046002800F050819DF805004E
:103AA0009DF80410B1EE002A41EA00220007A74960
:103AB00013466FF3DF2348BF42EA01039DF800007D
:103AC0009DF8012000EE103A9DF8037096ED019AE2
:103AD00096ED028AB8EEC01A96ED030A9DF8023000
:103AE00040EA02251207284611EE020A6FF3DF2092
:103AF00048BF45EA010001EE100A43EA0720B8EE8C
:103B0000C11A3B07024611EE029A6FF3DF2248BF4B
:103B100040EA010201EE102A9DF80600B8EEC11A33
:103B20009DF8072011EE028A40EA02231207184688
:103B300028EE081A6FF3DF2009EE091A48BF43EA9E
:103B40000100B17800EE001AB1EEC12A9FED801A93
:103B500082EE012A81B396ED054A96ED065A96ED5E
:103B6000073A39EE446A38EE457AB0EEC66A0AF092
:103B700065FEC8BFB0EE476A30EE437A0AF05EFEDB
:103B8000C8BFB0EE476AB3EE007AB4EE476AF1EE12
:103B900010FA1AD5BFEE006A9FED6E7A32EE066A11
:103BA000B0EEC66AB4EE476AF1EE10FA0DD59FED9D
:103BB0006C6A9FED6C7A0CE0012186ED059A86ED2A
:103BC000068A86ED070AB17015E09FED636A9FEDE6
:103BD000637A28EE068A29EE069A20EE060A05EE9A
:103BE000078A04EE079A03EE070A86ED068A86ED39
:103BF000059A86ED070A4F389FED5B4A9FED5B5AA9
:103C000000B203EE100AB8EEC33A03EE045AB0EE67
:103C1000C83A9FED574A84ED065AB2EE085AB4EE00
:103C2000453AF1EE10FA48BFB0EE448ABDEEC83A0C
:103C300013EE100AB0EEC93AB4EE453AE080B3EEA6
:103C4000005AF1EE10FA48BFB0EE449ABDEEC93A00
:103C5000B5EE408AB0EE404A13EE100AB0EE403A9C
:103C6000F1EE10FAB5EE409AA08008BFB0EE413AEE
:103C7000F1EE10FA08BFB0EE434A9FED3E3A30EE47
:103C8000033AB0EEC33AB4EE453AF1EE10FA48BF4B
:103C9000B0EE440ABDEEC03A9FED2E4A13EE100A74
:103CA000BFEE003A32EE033A2081B0EEC33AB4EEF2
:103CB000443AF1EE10FA09DA28EE082A09EE092A48
:103CC00000EE002AB1EEC22A82EE012A20EE00AAFE
:103CD00084ED032AB0EE4A0A08EE080AF1EEC00AA3
:103CE000B0EE490A04F0E6FB09EE09AA9FED22BAFC
:103CF00020EE0BCAB0EE480AF1EECA0A84ED04CAFF
:103D000004F0D8FB9FED1D1A20EE0B0AB0EECC2A72
:103D100084ED050AB0EEC00AB4EE412AF1EE10FAC5
:103D2000B4EE410A44BF00202061F1EE10FA44BF16
:103D3000002060610B2007F059FC20774046BDEC65
:103D40000C7BBDE8F08100BF4C05002000F0FFFFB8
:103D500000007A448FC2753D6666E63ECDCC0C3FCE
:103D6000295C8F3D7B146E3FB81E853D0000C44129
:103D70000000000000007AC4E02E6542CDCC8C3FEC
:103D80002DE9F84F2DED181B229D0C460146002011
:103D9000002D00F04081239E002E00F03C8108465B
:103DA0000792099309F054FD9FEDA10B53EC102BE2
:103DB000069208930AF07BFF95ED120B02460B4624
:103DC000CDE90A3251EC100B0AF073FF054620468C
:103DD0000E4609F03DFD04460F4628463146224670
:103DE0003B4601F070FF9FED940B82468B4655ECED
:103DF000100B9FED930BEE0F0D90504658EC109B5F
:103E000066F3DF714A46434606F09DFB002840F00A
:103E1000018122984A46434690ED080B51EC100B65
:103E2000059166F3DF71049006F08DFB002840F0E9
:103E3000F1802298DDE90A3290ED140B51EC100B61
:103E40000AF037FF22463B4601F03DFF0F4666F37E
:103E5000DF714A464346044606F075FB002840F0F1
:103E6000D980DDE90A1052465B460C960AF01FFF26
:103E70009FED750B5AEC10BB5A4653460AF019FFDA
:103E8000DDF88880039798ED0A0B98ED0CBB98ED50
:103E90000E9B98ED108B53EC102B01F00FFFDDE91A
:103EA00004230AF004FF9FED6AAB53EC1A2B01F0D8
:103EB0000AFF9FED690B0591814653EC102B01F031
:103EC00002FF02460B46274604460E460AF0F1FE64
:103ED0000AF024FD0AF022FDCDE90A10099807999D
:103EE000084409F0B5FC9FED5E0B0AF049FE069A06
:103EF000089B0AF0DCFE039B3A460AF0D8FE5A46BD
:103F000053460AF0D6FE98ED160BCDE9081051EC99
:103F10001B0B0AF035FE9FED540BCDE906100599F9
:103F2000484653EC102BCDE9043201F0CCFE9FED56
:103F3000500B9FED51BB9FED52CBCDE9021051ECE0
:103F4000180B4FF0030BCDE9001059EC108BBBF1AF
:103F5000000F65D0DDE9043251EC1A0B01F0B3FE1D
:103F600002460B46DDE900100AF0A3FE42464B462E
:103F700001F0A9FEDDE9023204468A4651EC190B34
:103F80000AF097FE2246534601F09DFE02460B467C
:103F9000DDE906100AF08DFE04460C980E4653EC3F
:103FA0001B2B60F3DF71204606F0F4FA0746DDE9CB
:103FB0000810224633460AF07AFE02460B46002FCE
:103FC00008BF2B460D9C08BF2246DDE90A1001F010
:103FD0007AFE22462B4641EC180B06F0DBFAB0B114
:103FE000B0EE480AF0EE680A02F07EFD02F07CFDB9
:103FF00053EC1C2B51EC100B01F065FE229A92ED54
:10400000180B53EC102B01F059FE41EC1A0BABF1DD
:10401000010B9CE70020BDEC181B01B0BDE8F08F40
:1040200051EC1A0B06F066FF239908600120F2E7B5
:104030000000000000002840000000000000000018
:104040008DEDB5A0F7C6B03E000000000000204195
:104050000000000000003940666666666612714026
:10406000000000000000E03F00000000000039C038
:10407000000000000000F03F11EA2D819997713D8A
:1040800066666666661271C0AC490246002818BFB3
:10409000012009780840012840F04F812DE9F84FB0
:1040A0002DED0C3BCDE902022C2007F09FFA019088
:1040B0002D2007F09BFAA24C00902D200021A04754
:1040C0002C208321A0472D202221A0474CF25030E4
:1040D00009F09CFC102000264FF000080025002865
:1040E0003FD0CDE9040600200621ADF82400089059
:1040F00008A806F06DFF2E469DF820A09DF821B07F
:104100009DF822409DF823709DF825909DF824503D
:1041100042F2107009F07AFC45EA09205FEA097260
:10412000884B01466FF3DF2148BF40EA030144EAB0
:104130000720751801463A076FF3DF2148BF40EAB0
:1041400003014AEA0B2088445FEA0B7201466FF3D1
:10415000DF2148BF40EA0301DDE904060E440138CF
:10416000BDE700EE105A01EE108A02EE106A9FEDD4
:10417000768A039801210AF0D4F880ED002A80EDB8
:10418000011A80ED020A2E2007F041FE4CF2503059
:1041900009F03CFC10204FF0000B00240026002802
:1041A00042D0CDE9040B00200621ADF81C0006909A
:1041B00006A806F00DFFB34626469DF818709DF838
:1041C00019509DF81A809DF81B909DF81DA09DF830
:1041D0001C4042F2107009F019FC44EA0A205FEA20
:1041E0000A72584B344601466FF3DF2148BF40EA5C
:1041F000030148EA09200BEB01065FEA0972014658
:104200006FF3DF2148BF40EA030147EA05200C4471
:104210002A0701466FF3DF2148BF40EA0301DDE9C9
:10422000040B8B440138BAE701EE104A00EE106A25
:1042300002EE10BA039D2E20002100240AF071F82E
:1042400085ED032A85ED041A85ED050A07F0DFFDEB
:1042500095ED000A95ED033A95ED022A95ED055A84
:1042600095ED011A95ED044A00200021002200235B
:1042700033EE400A9FED353A35EE422A34EE411ACC
:104280009FED344A82EE032A80EE030A81EE031A80
:104290009FED2F3AB4EE432A85ED082A85ED060AF4
:1042A00085ED071AF1EE10FAB4EE442A9FED2A2AA2
:1042B00098BF0120F1EE10FAA8BF0121B4EE421A16
:1042C0009FED262A08400021F1EE10FA85F826001D
:1042D000A8BF0121B4EE421AF1EE10FA98BF0122F4
:1042E000B4EE430A11400022F1EE10FAB4EE440A93
:1042F00085F8251098BF0122F1EE10FAA8BF01231E
:104300001A4085F8242018BF002900D0044685F8FB
:1043100027400B4C2D200021A04701992C20A047BD
:1043200000992D20A04744F6206009F06FFB029809
:10433000BDEC0C3B01B0BDE8F04F70474C050020D0
:104340000FBE000000F0FFFF0000803D00007A4338
:1043500033333340CDCC4C3E333333C0CDCC4CBE65
:104360002DE9FE4F074608680024B0B1D7E9018A5D
:104370000E460AF0AFFA8146D8F8E800082888BF50
:104380000124B068204202D17068204208D0032086
:10439000307448460AF036FC00242046BDE8FE8F03
:1043A000D8F8C01069B198F8F8100029EFD00621AC
:1043B0003174D8F8C410C8F8C4604E6198F8FC1085
:1043C0000DE000210522C8E93066C8E93411C8E9CA
:1043D000361198F8FC10002908BF0122327400221F
:1043E0000129726109D102204FF4E02188F8FC0014
:1043F00098F8FB0009F0E0F87068894901388842B4
:1044000005D8042009F0F0F8062009F0EDF80220A4
:1044100009F0EAF898F8F80040B9DAF83C00316899
:10442000814203D298F8FC0000286CD0D8E93610FD
:1044300009B118B900E028B30AF09AFBDAF80000D5
:10444000416941F00101416148460AF0DBFB98F8FF
:10445000F80008B10124A0E708F16C05D8F8EC10C9
:1044600028460AF062FB0028F4D0D8F8C0000321E7
:104470000174384605F048FF2846002100240AF060
:1044800054FB8AE79AF804000AF0FBFB654CDAF863
:1044900010100222206991FAA1F1B1FA81F143686A
:1044A000D8F8CC004068006898472069DAF8141002
:1044B00002224368D8F8CC0091FAA1F1B1FA81F157
:1044C0004068006898479AF8040009F0A3FD9AF83C
:1044D00004000AF0D8FB0AF04BFB0020C8F8E0000B
:1044E000D8F8C0000068B0F5806F01D90AF040FB31
:1044F00098F8FE000028A1D1DAF80000416841F0E8
:10450000020141609AE798F8F90020B1D8F8EC0070
:1045100001307FF48BAF48460AF074FBB2683AB1C1
:10452000D8F8E8000221092838BF0121009103E0F2
:1045300008F1F40200200090746834B1D8F8E80063
:104540000227092838BF012702E008F1F6040027F6
:10455000DAF80000334D416841F002014160D6F8BD
:1045600000B0D946BBF1000F40D0D8F8E800019266
:1045700009284FF0010011D22A68B9F1000F1FD0AD
:10458000C0071DD02178DAF8000092689047002813
:104590001EBF3C44A9F101090120EDE72A68B9F1E9
:1045A000000F16D0C00714D02188DAF800009268F6
:1045B000904700281EBF3C44A9F101090120EDE706
:1045C000DAF80000D26802A99047DDE901201070F6
:1045D00007E0DAF80000D26802A99047DDE901207F
:1045E00010800098ABF1010B0244BBE7D8F8F00053
:1045F000DAF80010CA680240102802D1002AF9D166
:1046000001E0002AF6D0706809F088FCD8F8C010E4
:104610000020C8F8C400C8F8C00008741AE700BF3A
:10462000FEFFFF0FC40100102DE9F84F2DED028BA6
:10463000A6B058EC104B9FED9A0B074600208A4617
:104640000B902046414656EC105B2A46334605F057
:1046500087FF9FED950B00281CBFB0462C462046D7
:10466000414648EC184B53EC102BCDE9053205F0D0
:104670005DFF48B9B0EE480A0BA8F0EE680A06F0F4
:1046800053FE0B9801380B908DED088B8B4A8A49AD
:104690009DF8270080F080008DF8270030208DF8ED
:1046A0003000387B412808BF0A46059E069D0792C8
:1046B000204641462A46334605F045FF0899002822
:1046C0002A46334608BF2146099808BF404640ECB9
:1046D000181B4146204605F029FF0DF1300BBD683F
:1046E00004970BF1010698B9B0EE480A25A8F0EE40
:1046F000680A06F019FE2598B0EE480AF0EE680A3E
:10470000C0F1010003F0CCFCB0EE408AF0EE608A0C
:1047100058EC189B4846414607F05EFE3146044679
:1047200007F062F90746204609F092F802460B4668
:104730004846414601F0C2FA41EC100B0135CDE983
:1047400002762DD39FED5A1B06EB070BCDF804A084
:1047500058EC114B59EC10ABDDE905325046494697
:1047600005F0E4FEC8B950464946224643460AF0E1
:10477000A0FA05460E4607F02FFE074609F068F836
:1047800002460B462846314601F098FA41EC100BE0
:104790000798C05D0BF8010BDCE7DDF804A039E0F9
:1047A0009FED431BBB4459EC118BD5B151EC100B61
:1047B00042464B460AF07DFA06460F4607F00CFECD
:1047C000044609F045F802460B463046394601F0EA
:1047D00075FA41EC100B0798013D005D0BF8010FD5
:1047E000E3E75C46079D14F80119284609F0F0FF3D
:1047F000401B08280EDB049EDDF80880079F00257B
:104800002178384609F0E4FFC01B0E2806DD04F8C5
:104810000159F5E7049EDDF8088003E00799084494
:10482000407820700020702152468BF80000307BC9
:10483000412808BF50210B9807F09BFAB268039CEF
:10484000501C04D120460AF00EF8421EB2602046E9
:104850004146534608F030FDB06808B1012202E03D
:104860003068C0F3C00220464146534606F062FA63
:10487000DAF800007822411ECAF80010317B412985
:1048800008BF58220270DAF80000411ECAF8001072
:104890003021017026B0BDEC028B01B0BDE8F08F75
:1048A000000000000000F0FF000000000000000019
:1048B00000000000000030401F0001003000010037
:1048C000002800F03181002900F02E812DE9F04F01
:1048D000A8B09346002A00F02481944B944A1C68A7
:1048E00044F080741C60136843F001031360D2F835
:1048F00004C0B0F8FE31002B08BF4FF448730C8998
:10490000002C08BF4FF44874E51AAD0195FBF3F78E
:104910006FF03F0517F1400FD8BF2F464026402FBC
:10492000A8BF37461C97B0F80072002F08BF1F467B
:10493000E41BA40194FBF3F313F1400FD8BF2B4603
:10494000402BA8BF33460F7C1D933B0721D4D0F8E2
:1049500094014FF01D0E6FF00D086FF0050900284F
:1049600008BF4FF47A708B695B01B3FBF0F0022350
:10497000203890FBF3F010F13B0FD8BF6FF03A00F6
:104980004528A8BF4520A0F1050A0A2310200324CA
:104990000CE04FF02E0E6FF02A086FF015092D2352
:1049A0006FF01C006FF020044FF02A0ACDE922308E
:1049B000B8064FF01E03CDE92089CDE91EAE25943F
:1049C000DFF878E14FF0000803EAE0705A4B2490DA
:1049D0004FF0300058BF6FF015002790C87A554946
:1049E00001EB8010232190FBF1F000B210F1400F99
:1049F000C8BF0546402DB8BF2E4626960CA91CAD53
:104A0000B8F1100F14D05EF8286000270C2F06D0E4
:104A1000DC5755F82700013700FB0466F6E7B711AD
:104A20000C3327EAE67641F8286008F10108E7E749
:104A3000434CDFF810E14FF000086846B8F10C0F66
:104A400014D05EF828600027102F06D0E55751F8E3
:104A50002730013703FB0566F6E7B711103427EA64
:104A6000E67640F8286008F10108E7E7374E364F50
:104A7000DFF8DCE04FF0000800233546052B1AD0A4
:104A80005EF82340B14600260C2E06D0B95750F8E8
:104A90002620013602FB0144F6E7B5EBA41FB8BFA0
:104AA000A5114E46B9EBA41FBEBF4D469846A611B0
:104AB0000C370133E2E71E484068B0EB0C0003D02E
:104AC0004CF25131884201D340F28C50214ACBF84C
:104AD00004008BF800805FFA88F1183080B2525CD5
:104AE0008BF80120DBF80C200132CBF80C203022AF
:104AF000B0FBF2F01022CBF80800701B90FBF2F034
:104B000010F1110FD8BF6FF010001128A8BF1120AD
:104B100052308BF8020021B1DBF810000130CBF8E5
:104B2000100028B0BDE8F04F704700BFFCED00E07A
:104B3000001000E000EEFFFFE1ED00009CF500003A
:104B4000A1EE00008CF900009AF600000100008040
:104B500084FF0000DC0301002DE9F04F85B004461E
:104B60008A46002B1846214618BF0120002C18BF8A
:104B7000012108400E9900290D4618BF0125284043
:104B8000012840F02D81049098892588277FA8422C
:104B900005D26588A8423D4698BF002500E0012562
:104BA000BD4203D10025A777657711E0A67FB54206
:104BB0000BD1667F94F804C001366677F6B266457D
:104BC00006D3002625772F4601E00126A5776677D4
:104BD000012F12D16425B0FBF5F5EEB242F20F754C
:104BE000A84288BF642693ED020A94ED021A039648
:104BF00009F04BFF16D501201AE001254FF0000EF9
:104C0000A4F81F50BAF1000F84F821E093ED020AD6
:104C10002FD09AF834024FF04009002660F07F0E42
:104C200000202AE094ED031A09F02FFF02DB002098
:104C300084F8200094ED041A09F027FF01DD01201B
:104C400005E094ED051A09F020FF02D8002084F851
:104C5000210094F82050012D03D102204FF0020CC6
:104C600018E094F82100012809D105204FF0050C27
:104C700010E0002001264FF0000903902BE094ED96
:104C8000061A09F002FFD9BF03204FF0030C0420DD
:104C90004FF0040CE077BAFA8AF04609BAF1000F37
:104CA0000BD09AF834E25FEA8E600AD40EF003006B
:104CB0001EF00C0F18BF043006E04FF0000E00206D
:104CC00002E06EF07F0E402040EA051094F821507B
:104CD00040EA45196546A7F1010CDAB102F6985091
:104CE00090ED033A90ED022A90ED001ABDEEC33A22
:104CF000BDEEC22A13EE100A019012EE100A0290C5
:104D000092F8AC0D01280ED1032049F008094FF0AC
:104D100001080CE000209FED341A4FF000080290CB
:104D2000CDE9000004E092F8A80D4FF000080090D3
:104D30005A7DBCFA8CF0012A01D19A7D0AB909F199
:104D400080094FEA501C18680860608C013019F027
:104D50003F026084888018BF012236B100274FF4DB
:104D600048764B204FF0000B07E0BAF830B2BAF8A3
:104D70003272BAF82C629AF82E02CD76039D81F831
:104D80002A2081ED070A81F819C081F8188081ED89
:104D9000041A81F80EE0A1F80CB04F810E818871E1
:104DA000A1F828902C228D76019DCD82029D8D82C6
:104DB000009DCD735868086204F1280093ED040A41
:104DC000BCEEC00A81ED090A09F086FF606D013072
:104DD00060655FEA8960049802D0A16D0131A16528
:104DE00005B0BDE8F08F00BF00000000002800F013
:104DF000208170B52DED108B0D46002900F0158136
:104E00001446002A00F0118106462046442109F08C
:104E10006AFC9FED921AB01D9FED910A2946024649
:104E2000B0EE412AB0EE413AB0EE414A71B3B2F968
:104E3000023005EE103AB2F90030B8EEC55A06EE6F
:104E4000103A32F9023CB8EEC66A07EE103A931DEA
:104E5000D3ED000AB8EEC77AF5EE400AF1EE10FA8B
:104E600009D866EE060A47EE070A45EE050AF1EE96
:104E7000E00AC0EE800A31EE201A32EE052A33EE47
:104E8000063A34EE074A01392032CFE705EE105AD0
:104E9000B8EE45EA82EE0E8A81EE0E1A83EE0E9A85
:104EA00084EE0EDA9FED6D2AB0EE423AB0EE424A41
:104EB000B0EE42FAF0EE428AB0EE425A84ED00DAE9
:104EC00084ED019A84ED028A84ED031A002D52D0FC
:104ED000B0F9021006EE101AB0F90010B8EEC66A6A
:104EE00007EE101A30F9021CB8EEC77A00EE901ADD
:104EF000811DD1ED001AF8EEE00AF5EE401AF1EE50
:104F000010FA09D867EE071A40EEA01A46EE061A04
:104F1000F1EEE11AC1EE801A77EE492A70EECD4A21
:104F2000B0EEC77AF0EEE00A71EEC11A013D203012
:104F3000F0EEE23AF0EEE45A30EE877A01EEA14A62
:104F400002EEA22A04EEA45A75EEA33A76EE485A6F
:104F5000B0EEC66AF0EEE56A37EE066A05EEA53AEF
:104F600086EE006A73EEA63AC3EE803A78EE868A41
:104F70003FEE23FAAAE784EE0E1A82EE0ECA85EE01
:104F80000E0A83EE0EBA9FED373A3CEE002A84ED0E
:104F9000071AB1EEC01A84ED040A84ED05CA84ED47
:104FA00006BA3BEE022A82EE03AAB4EE411AF1EEF3
:104FB00010FA84ED08AA3DD6B1EECC0A84ED091AA8
:104FC00009F09AFD3BD684ED0A0AB1EECB0A09F04E
:104FD00093FD39D684ED0B0AB1EECA0A09F08CFDB7
:104FE00037D684ED0C0A28EE080A88EE8E1A8FEE6A
:104FF0000E2A09EE090AF1EEC00AB1EE4D0A84ED5F
:105000000D2A84ED0E1A03F055FA9FED17AAF0EE63
:10501000480A20EE0A0A84ED0F0AB0EE490A03F0AE
:1050200049FA20EE0A0A84ED100ABDEC108BBDE8A7
:105030007040704705F03CF8B0EE401ABCE7B0EEA7
:105040004C0A05F035F8BEE7B0EE4B0A05F030F833
:10505000C0E7B0EE4A0A05F02BF8C2E700000000F6
:1050600000007A4400247449E02E654209F0FABD3C
:105070002DE9FF47012009F0CFF906F021F9DFF80B
:1050800050823A2042F20B4108F1020207F060F828
:105090008146002800F0F38000240DF10E023A2032
:1050A00043F20101ADF80E4007F052F878B1BDF8B7
:1050B0000E10012060F342014FF6FB7001EA00027E
:1050C000ADF80E103A2043F2010107F0A1FD44F6BD
:1050D000206008F09BFC0294ADF8064002AD7D4CC8
:1050E00042F20C402946A04709F0AAFD9FED680B4B
:1050F00056EC107B09F038FD41EC100BDFF8D8A11D
:1051000042F20E4029468AED000BA04709F098FDB7
:105110009FED610B09F034FD41EC100B42F21040A1
:1051200029468AED020BA04709F08AFD9FED5C0B32
:1051300009F026FD41EC100B42F2124029468AED9F
:10514000040BA04709F07CFD09F00EFD41EC100BAB
:1051500042F2244029468AED060BA04709F070FD73
:105160009FED510B09F00CFD41EC100B42F2264073
:1051700029468AED080BA04709F062FD09F0F4FC0E
:1051800041EC100B42F2284029468AED0A0BA04759
:1051900009F056FD9FED460B09F0F2FC41EC100BB7
:1051A00042F22A4029468AED0C0BA04709F048FD3F
:1051B0009FED410B56EC107B09F0D6FC41EC100B37
:1051C00042F22C4029468AED0E0BA04709F038FD2B
:1051D00009F0CAFC41EC100B0DF106053F4C3A20DA
:1051E00042F22E412A468AED100BA04709F0CCFC72
:1051F0009FED330B56EC107B09F0B6FC41EC100B25
:105200003A2042F22F412A468AED120BA04709F0BC
:10521000BBFC09F0A9FC41EC100B3A2042F28141A1
:105220002A468AED140BA04709F0AEFC9FED260B31
:1052300009F0A6FC41EC100B3A2042F282412A46CA
:105240008AED160BA04709F09FFC09F08DFC41EC9C
:10525000100B0DF10E023A2043F201018AED180BFA
:10526000A04750B1BDF80E0043F2010140F0060224
:105270003A20ADF80E2007F0CBFC012000E0002022
:1052800088F80000484604B0BDE8F08700BF00BFC2
:10529000000000000000703F000000000000B03E71
:1052A000000000000000303D000000000000F03E63
:1052B000000000000000103D000000000000B03DB4
:1052C000000000000000503F000000000000103F00
:1052D000F805002001CD0000B0BE002051C1000043
:1052E0002DE9F84F2DED028BA2B08046806820B1E9
:1052F000B0F1FF3F04DC062000E00120C8F8080000
:10530000029004918DED060B9FED7B1B55EC104B2D
:105310009DF81F00294653EC112B80F080008DF87A
:105320001F003020019205938DF82400204605F0DF
:105330000AF99FED730B069900284FF0000A08BF89
:105340002146079856EC109B9FED710B08BF28462D
:1053500040EC181B54EC10BB55EC187B4A46334606
:105360003846294605F016F950B1384629465A46BE
:10537000234609F09CFC41EC180B0AF1010AEBE70B
:105380009FED610B019F2546CDF80C8056EC104B2C
:1053900058EC189B059B3A464846414605F0C6F82E
:1053A00088B9484641462246334605F0CCF850B10C
:1053B000484641465A462B4609F07BFC41EC180B07
:1053C000AAF1010AE4E74846414607F005F80DF165
:1053D000240808F10106314606F006FB02998842CE
:1053E00005DD013118F8012008EB010426E0C9436E
:1053F00008EB0004A946059001EB000857EC185B88
:105400002846394606F0E8FF08F022FA02460B4625
:105410002846394600F052FC5A464B4609F049FCF2
:1054200041EC180B06F0D8FF00F1300218F101082A
:1054300004F8012FE2D305980DF1240800EB0A05CA
:10544000D0B2039F35280CD3601E30210278013280
:105450000270D2B23A2A02D300F80119F6E74045A9
:1054600044D000202070049C15F1030F02DBB868C3
:10547000854207DD397B681E22460239C9B206F033
:1054800078FC0125304609F0EEF9013800220121AF
:10549000A8421ADB002801D4325C00E03022B2F1CD
:1054A000300318BF012363EA0101C90705D1397828
:1054B000090702D40022012105E021684B1E236068
:1054C0000A70012200210138E2E7386829462346A4
:1054D00000F008000243304618BF012205F02AFC04
:1054E00022B0BDEC028B01B0BDE8F08F0020013589
:1054F00004F8010C09AEB6E700000000000000004F
:105500000000C0FFFFFFDF41000000000000F03F8F
:1055100000000000000024408AB0804CDFF80082C8
:105520004FF0000B04AD4FF00009002604F13807DE
:10553000204609F091F998F801000028F8D1284692
:1055400002F018FC0028F3D004362820B6FBF0F057
:10555000049600EB8000A6EBC00018B904F11C0013
:1055600009F0EDFA6F48294605F0FEFA09F042FA13
:10557000042814D19DF81400C04310F0060F06D083
:1055800007986949884202DC6849884207DC1FFAAB
:1055900089F0F62828BFF62000F1040902E0012076
:1055A000D9FA50F91FFA89FA614800233246BAF154
:1055B000640F22BFA8F862B0A8F810B0A4F842B0F7
:1055C00000970799BAF1630F88BF0123FDF7F6FB37
:1055D000BAF1630F09D840B1012008F12802394619
:1055E00088F802005248FFF76BF909F003FABAF1A4
:1055F000630F9DD804289BD1DDE90601CA1710EB83
:10560000610142EBE0700B02000240EA116298F87F
:105610005000C0B3D8F85400D8E912EA0390013022
:105620000290C8F85400D8E91070B3EB070B62EB96
:10563000000C4FEADB1141EA4C61C9194FEAEC1743
:105640007841B3EB0E03C8E9101062EB0A025B0A63
:1056500043EAC253521213EB0E0342EB0A02C91A79
:10566000C8E912329041090A41EA006298F85100F3
:1056700088B112F1B50F4FF0000B04F13807D8BF15
:1056800088F851B054E70120C8E91032C8E9123255
:1056900088F850004CE7B52A4FF0000B04F13807AA
:1056A000FFF646AF012088F851000398A0F2F310EE
:1056B000B0F5FA6F2FD898F8600098F86110029B47
:1056C00008EB4002013000F003000329A2F8583033
:1056D00008F1580288F860009CBF013188F8611019
:1056E00000200B4623B132F8027B013B3844F9E736
:1056F000884204F138070ED3B0FBF1F040F2FD729E
:10570000A0F2C711914206D880B243F69821B1FBAE
:10571000F0F0A8F86200C8F854B009E7F0010020E2
:10572000B003002034A8002000093D00FFF6C2FFAE
:1057300058B400202DE9FC47D0E900588246D8F83B
:105740000000D0F8409019F4F06FC0F8449035D0C4
:105750005FEA495117D5D5E91401411A504608F0BE
:10576000A5F8D8F800008169C90605D401688DF84C
:1057700007109DF80710F6E7296801312960A97B19
:1057800009B90121A973696C40684FF0004600F027
:105790000F0404EA0100B0FA80F126FA01F1014099
:1057A00005D02F6C1FB12A68AB6C5046B847B4FACD
:1057B00084F026FA00F020404042A863D5F8580152
:1057C000D8F83C1009F0400740680068D0F804257C
:1057D0001140394347D0DAE90064504605F03CFDFA
:1057E000D7B1F07C90B90BE0316F69B10068B16E50
:1057F000B26F8854306FB16F01310138B1673067D3
:1058000020688169C906EFD5F07C28B1D6E914017A
:10581000411A504608F04AF896F86400E0B1307931
:10582000022819D017B1B179012901D0316F99B986
:105830000024B16E0128346786F86440B46607D14D
:10584000B36CB26FD6F8CC6050460094B04703E01A
:1058500006F17C0009F025FA504603F025F8D5F84A
:1058600058014068006800F204500068D8F8381009
:10587000084228D0D5F8F80028B3DAE90076504677
:1058800004F096FE504603F00BFE7879012812D101
:10589000D7F8F40078B997F8E80060B1002087F8ED
:1058A000E800BB6CD7F8EC10D7F8FC20D7F85041D3
:1058B00000905046A047D7F8F80020B93068816BB7
:1058C00041F4006181635FEA095023D5D8F80000F4
:1058D00081690907FCD4016B21F480710163297A85
:1058E00091B10020287295F84400800606D52C6CF2
:1058F00024B1AB6C504620210022A0475046012124
:1059000008F0B0F8D8F80000816B21F400618163E1
:10591000687908B1BDE8FC8705F58070BDE8FC47F3
:1059200009F0BFB92DE9FE4FD0F800809946144622
:105930000E46824613B10020C9F8000008F0CAFFE5
:10594000834698F8070038B198F8640048B109F028
:1059500074F96FF00805B4E009F06FF96FF00E0507
:10596000AFE0002C4AD0504605F076FC0020012123
:10597000C8E91A64C8F87040C8F87800C8F8380058
:1059800088F80C0088F80A00504688F8641007F080
:105990002FFB504602F088FF08F14C0402AD204670
:1059A000294608F003FBD8F87810D8F87070721800
:1059B000B84238BF0746029910463A4609F08CF9BA
:1059C0002046394607F0E8FED8F87000D8F878107D
:1059D000C21B3944012FC8F87020C8F8781001DBC9
:1059E000B842DCD198F8041002290CD10020C8F884
:1059F000680088F86400C8F870001CE009F01DF920
:105A00006FF009055DE0B84215D10020D8F8686054
:105A1000012988F86400C8F868000CD101245846B0
:105A200088F8104009F0EEF898F80F0000284BD0E5
:105A300008F050FF834609F000F998F8040008B117
:105A400000252FE0D8F8701008F17C0031B30C99D4
:105A500009F06BF810B1012088F80C0008F03AFF4B
:105A60000446504605F0F8FB0020C8F86800C8F866
:105A7000700088F86400504602F016FF98F80A603B
:105A800098F80C50204609F0BDF8002D18BF6FF0B3
:105A90000C05002E18BF6FF00D0503E00021002556
:105AA00009F043F808F016FFB9F1000F07D098F895
:105AB000041001291CBFD8F87810C9F8001009F0AB
:105AC000A1F82846BDE8FE8F002598F810000028B0
:105AD000AED008F0FFFEA8F80F4009F093F8D8F810
:105AE0004830D8F87820D8F8CC7050463146009528
:105AF000B84788F80F50E8E72DE9FE4FD0E9019844
:105B0000D8F80010CA690A62D20740F0AF80D8E91D
:105B100004014FF0000A4FF0000B0843D9F8CC10F5
:105B200049680968C1F8040509F13000029009F1DB
:105B3000C8000190BBF1010F00F2A180D9F8C000AC
:105B4000002800F09C80D9F8E010DC22D9F8CC7055
:105B50002023002908BFD82208BF182358F8034083
:105B60004FF0240308BF1C237F68D8F8146058F84E
:105B700003303F68D7F80455354211D0A468640754
:105B80000ED10468D9F8D050A54209D144693CB976
:105B9000D8F80040656A25F002056562C7F804651B
:105BA0009B685B0702D00BF1010BC3E759F8023089
:105BB000002BF8D049F802A0B1FA81F1D9E93442BA
:105BC0004909006849011A448442C9F8D420C9F837
:105BD000E01028BF82420CD24846414600F0CEFE7B
:105BE00099F8FE000028DED008F0DAFC18BF8862C1
:105BF000D9E708F06FFED9F8C820D9F8C010019B8A
:105C000081F810A022B113465269002AFBD1143347
:105C10001960C9F8D4A04A69C1F814A0D9F8E010F5
:105C200000294FF0DC01C9F8C02008BFD82159F87D
:105C30000110C9F8D01008F0E5FFD9F8C00058B13C
:105C40004846414600F09AFE99F8FE0050B108F02F
:105C5000A7FC18BF886205E0D8F80000416A21F06F
:105C600003014162029809F020F89CE7D9F8C020AE
:105C70003AB103211174BDE8FE4F04F045BBBDE805
:105C8000FE8F486820F002004860486A20F0030058
:105C90004862D8E904021043D9F8CC20526812684F
:105CA000D062C2F80405486920F001004861012073
:105CB00008624046BDE8FE4F08F07BB82DE9FC4F76
:105CC00083F0004301E02DE9FC4F1F03FF0847EA82
:105CD000D2574FEA42284FEA43095FEA595906D1A1
:105CE00047EA080A1CBF00210020BDE8FC8F57F0DE
:105CF00000575FF4E06E1EF1FF0EF14505D14FF045
:105D00000000190D0905BDE8FC8F002B05D55FF0DB
:105D1000000AD8F100086AEB07070C03E40844EA1C
:105D2000D0544FEA40254FEA4106760D08D144EAA7
:105D3000050A19BF0021002019461046BDE8FC8F56
:105D400044F00054764504D10020090D0905BDE852
:105D5000FC8F002904D55FF0000A6D426AEB040451
:105D6000B6EB090E08D5A2463C465746AA4645461C
:105D7000D046CEF1000E4E46BEF1360F5CBF4FF05E
:105D8000000B23E0BEF1000F04BF4FF0000B1AE040
:105D9000CEF1390ABAF120092EBF08FA09FB07FA39
:105DA0000AFB4BEA080BDEF1200A07FA0AFA38BFB1
:105DB000BA4647FA0EF72DBF28FA0EF8AEF1200EBC
:105DC0004AFA0EF8D04415EB08057C4154EA050A5E
:105DD00002BF00210020BDE8FC8F002C58BF4FF00F
:105DE000000A06D55FF0010A5FF0000E6D426EEB0F
:105DF0000404A6F101066D006441FAD515F4806E25
:105E000011D005F480794BEA090B15F5806554F142
:105E1000000428BF761C0BD205F400795BEA090B5D
:105E200008BF25F4006525F4E0656D0044EB04042B
:105E3000B61CDEBF00210020BDE8FC8F5FF4E06EE1
:105E40001EF1FF0E76450AD34FF0000013F0004319
:105E5000FF21C900C91D09051943BDE8FC8F2705AD
:105E600047EA1530210B41EA065141EACA71BDE803
:105E7000FC8F70472DE9F04F8FB063490120087007
:105E800008F0BEFA03F040FA604C0B200121A04755
:105E9000182000210027A0475D485E4DA8470B2031
:105EA00008F0BAFB012008F0C1FB16200021A04732
:105EB00042F21070A84716200121A0475648A84773
:105EC000112006F07BFB4FF47A70A847112006F0F2
:105ED00075FB4FF47A70A84701A84FF005094FF001
:105EE000030A4FF0000800F10C040BA8851CB9F15F
:105EF000000F35D0012005F0A1F838B32020AF8184
:105F0000AF606F602F60CDE90977CDE90777C4E90D
:105F10000077A760ADF82C0007A803900BA8CDE987
:105F200001A001A808F084FA06469DF81EB00120E1
:105F300005F0DAFD322007F069FD002E18BFD846C3
:105F400004D0A8F10100C0B2FE280ED3112006F043
:105F500035FB4FF4FA6007F059FDA9F10109C6E7D6
:105F6000A8F10100C0B2FE2846D2DFF89C902B4E6B
:105F700001250220E02189F8015089F80280B0470C
:105F80002348244CA04701200121B04703201021C1
:105F9000B04704204021B047052000214FF0000801
:105FA000B04706202C21B04707200C21B04709201C
:105FB0000021B0470A208721B0471820012108F0AE
:105FC000A7FB44F62060A047154F1120B8474FF4B7
:105FD0007A70A0471A20B8471248A0471120B84746
:105FE0004FF47A70A0470A200721B047042089F8AF
:105FF000008001F0CFFF03E00348002505704570E5
:1060000028460FB0BDE8F08F3006002011E70000F1
:10601000A08601000DDA000040420F00C1BD000063
:10602000BDC5000020A107002DE9F84F83464FEAC7
:106030008209DDF828C05FEA094008BF4FF44879BB
:106040009BF81A520BF20222032622F81590BCF19B
:10605000000F18BF0226DBE96570F14027FA06F44D
:106060003944091B6C1C0C25B4FBF5F5CBF89411D5
:10607000091A05EB4505A4EB85048BF81A4288BF85
:1060800000EB910041080B9CCBE967019BF81B12C8
:106090000B299CBF01318BF81B120E46002526B13F
:1060A00032F8020B013E0544F9E7B5FBF1F09BF82D
:1060B000FBA10BF5DD7881B2ABF8FE018808ABF8E7
:1060C000FC019BF8FA0128F81090013000F01F073E
:1060D000BAF1200F8BF8FA713CBF0AF1010A8BF874
:1060E000FBA10120A4F8089063605FFA8AF5207094
:1060F0004EF66020B0FBF1F1E1729BF8201221F026
:1061000050016CF3861121748BF820121FFA89F16B
:1061100000EB5100B0FBF1F0C0B21E28014698BF61
:106120001E21DC2888BF6FF023010020A172022D00
:1061300001D2A0813DE02946424621B132F8023B1E
:1061400001391844F9E7B0FBF5F200202B4646462A
:10615000002133B136F8024B013BA41AC4FB040101
:10616000F7E72A460023002608F09CFA07F08FFC88
:106170000B996A1E0025D3B28881A7EB0A00002183
:10618000ECB29C420ED22C18013504F01F070134EA
:1061900004F01F0438F8177038F81440E41BC4FBEF
:1061A0000461EDE73046002308F07CFA07F06FFC4D
:1061B0000B9CE0810020ABF80092CBF8B001CBF84B
:1061C000A401BDE8F88F70472DE9F84F2DED085B6D
:1061D00090463022009101909FED591B55EC104BD9
:1061E00002708DED040B29469DF8170053EC112B1E
:1061F00080F080008DF817002046CDE9023204F0CF
:10620000A2F904999FED500B00284FF0000908BF38
:106210002146059808BF284655EC10AB9FED4E0B64
:1062200040EC181B5BEC104B56EC187B52462B468F
:106230003846314604F0AEF950B138463146224670
:106240005B4608F034FD41EC180B09F10109EBE75E
:106250009FED3F0B2646474658EC104B55EC18ABCC
:10626000DDE902325046294604F060F988B950460B
:1062700029462246434604F066F950B15046294665
:1062800032465B4608F015FD41EC180BA9F10109F7
:10629000E4E75046294606F09FF8019901F101080C
:1062A000414605F0A1FB00EB0901BA46396008EB55
:1062B000000700984844451C012D1BDBB14656ECF5
:1062C000184B2046314606F087F807F0C1FA02461F
:1062D0000B4620463146FFF7F1FC4A465B4608F084
:1062E000E8FC41EC180B06F077F8303007F8010BAA
:1062F000013DE4D117F8010C35280DD3B81E30212B
:10630000027801320270D2B23A2A02D300F801199F
:10631000F6E70199884208D0002007F8010C4046B2
:10632000BDEC085B01B0BDE8F08F0020DDF8048013
:1063300007F8010CDAF800000130CAF80000EEE7B7
:1063400000000000000000000000C0FFFFFFDF4170
:10635000000000000000F03F0000000000002440AA
:10636000B0B560480021604C016094F83A01032800
:1063700012D002282ED0012840F0AF8094F84001BE
:1063800004F07EFB002084F840015948817B022004
:10639000002908BF06209EE054480168B1F5C0609E
:1063A000C4F82C01B8BFC1F5C060D4F810110029A1
:1063B00000D5494288422ADDD4F8140107F042FD95
:1063C000D4F8180107F050FDD4F8280107F070FD4B
:1063D00001201DE04548056808F0BAF9C4F8140129
:1063E00008F0BEF9C4F8180108F0C2F9B5F5C061AB
:1063F000C4F82801C4F8101109D094F830215AB11A
:10640000D4F81401D4F82021D4F82C110AE000208B
:1064100084F8300106205EE0C4F82401D4E9450286
:10642000C4F82C110223C4F81C01002901EB41011E
:1064300048BF6FF001031944042391FBF3F11144A9
:106440000029C4F820110FDD1F2931D3D4F82421ED
:106450002AB33E28A8BF3E2001302929A8BF292100
:10646000C4F81C010B3909E0D4F82421032A09D10E
:1064700011F1140FD8BF6FF013011531C4F82011BA
:10648000002113E00128D8BF0120013811F10A0FC3
:10649000D8BF6FF00901C4F81C010B3103E03329A8
:1064A000A8BF33211539C4F820110321C4F82411E1
:1064B00007F0C8FC012007F0E9FCD4F8200107F040
:1064C000D3FCD4F8240107F0F3FCA5F2FF5104201B
:1064D000032938BF0620C4F83C01BDE8B04001F0F4
:1064E000D3BC00BF3C500C400000002008400C40D2
:1064F00070FF00002DE9FF47D0E901590E46044620
:1065000008F0E8F995F8FD1021B97169102901D852
:10651000032906D808F076FB0024204604B0BDE825
:10652000F087012785F8FD7008F06CFB00204E4ACB
:1065300085F8FC00C5E93000C5F8C80085F8FE0004
:106540003069C5F8E4007069C5F8E800307B85F86B
:10655000F9000028317885F8F8107168C5F8EC105A
:10656000B9F80E10A5F8F610317E52F8211085F812
:10657000FA1008BF1027C5F8F07099F80C0003F066
:10658000B5F9204605F004FD99F83B00374985F838
:10659000FB008A46D4E901873A6B97F83A0003F08A
:1065A0004DF97A6B98F8FB00514603F047F998F8DB
:1065B000F91097F83800012915D1FA6A514603F00D
:1065C0003DF9BA6A97F8390046F2020103F036F94C
:1065D00098F8FB00264907F027FE98F8FB002146B3
:1065E00007F0CAFF0AE0BA6A46F2020103F026F990
:1065F000FA6A97F83900514603F020F9E846404618
:1066000008F08EF899F805001A4A4346CDE9004093
:10661000284699F8041006F083FA404608F0C8F8B6
:10662000D9F80800144942460094029005F1300060
:1066300006F0BEFD04F078FF104AC5F8CC0005F165
:106640001C000421234607F045FC95F8F80008B12A
:10665000B06805E005F16C00002107F02BFD08484B
:10666000C5F8BC0059E700BFB4FE0000026000207E
:10667000B1860000F95A000075C000003DEA000034
:10668000E1EB0000FEB504465A480078A04213D959
:1066900008780D46012801D1686868B1687801283A
:1066A00001D1A86840B1544F57F8346008F012F98E
:1066B000F17921B108F0A6FA00242046FEBD07EBCF
:1066C000C40401216768F17108F09CFA002005F10B
:1066D000040C7074F081B06030602988B180A98B9F
:1066E000C6E93D00C6E90E0086F86400B186297D42
:1066F0002B69B1719CE80610C6F85021BCF1000F5F
:10670000C6E910C34FF0FF32C6F8CC10A969C6E93C
:106710003B203163A97F86F83610296AC6E91A0042
:10672000C6E91C00B16486F8E800C6F8580102D139
:106730003249C6E9101097F8400003F0D7F8D7E9BE
:10674000031206F14C0008F02BF8D7E9051206F108
:10675000D00008F025F82A4938680968C9688847D0
:106760007A6C97F8240046F2020103F067F8254D91
:10677000BA6C97F82000294603F060F8F869012800
:106780000CD1FA6C97F82800294603F057F83A6DB7
:1067900097F82C0046F2020103F050F804F0C4FE12
:1067A000C6F85801204601F001FD174A06F5AE7003
:1067B0000421234607F08EFB6D46284607F0B0FF04
:1067C000387A7968114A2B460094019006F114003A
:1067D00006F0A6F906F17C00002107F06BFC06F537
:1067E0008070002107F066FC3868D7E90C12106051
:1067F000486062E7FA030100D8020100DB9E000056
:10680000D001001002600020DDE5000035570000D7
:106810002DE9F84FD0E900B7984616468946054657
:1068200013B10020C8F800008EB107F084FE824644
:1068300008F050F804469BF8070060B19BF8E800A8
:1068400078B108F0EBF96FF00800BDE8F88F6FF051
:106850000900BDE8F88F08F0E1F96FF00E00BDE81F
:10686000F88F00200121CBE93B96CBF8F460CBF800
:10687000FC008BF8E810CBF83C008BF80D008BF88F
:106880000B000BF580700021009008F04EF938469F
:1068900008F086F8BAF1000F02D19BF8050070B33A
:1068A000284602F0FDFD08F0B9F99BF8050068B92B
:1068B0000A99009808F039F910B101208BF80D0001
:1068C000284603F075FE00208BF8E800B8F1000FB1
:1068D0001CBFDBF8FC00C8F800009BF80B0030B1CF
:1068E00000208BF80B006FF00D00BDE8F88F9BF8CF
:1068F0000D00002818BF6FF00C00BDE8F88F08F0FD
:106900008DF9D5E9007497F84400C00615D5D7F87D
:1069100040C0BB6C284610210022E0470DE0D7F8AC
:10692000FC00314609EB0002204606F0ABFCD7F82C
:10693000FC10361A0144C7F8FC10002EEFD1204697
:1069400007F03EFF0028FAD0204608F01DF897F81F
:106950004400800605D53C6CBB6C284620210022F3
:10696000A0470020B8F1000F87F8E800C5D0D7F89D
:10697000FC00C8F800000020BDE8F88F2DE9FC4FAE
:10698000D0F8C080D0F8D0C0D0F8E820D8F80030D7
:10699000C346E6469C4511D3D8F814B0BBF1000FAE
:1069A00000F0898090F8FC3005244FF0000E002B99
:1069B00008BF0124DBF800308BF81040A3EB0E0574
:1069C000A2F1080AB5F5806F28BF4FF48065D0F8B2
:1069D000D82032B101F1200301F12402C0F8DC50CB
:1069E00005E0C0F8D85001F1180301F11C0200269F
:1069F000BAF1000FC8BF0126DBF8044012681F6817
:106A0000CDF800E07CB1354B53F82630BB6005FA79
:106A100006F30126BAF1000FC8BF02260EFB0633AB
:106A20002344013B05E02E4B53F82630BB6000F1B8
:106A3000F6033B6043F6F0740191D1F8009004EB4B
:106A40000516264009F1080EC7F804E0BC68344377
:106A5000BC600024BAF1000FC8BF0124DBF8087045
:106A60009FB16146DFF87CC05CF824308C469360AF
:106A700005FA04F30124BAF1000FC8BF02240099FB
:106A800001FB043139444C1E05E0154951F824102E
:106A900000F1F40491605460C2F800E09168314361
:106AA0009160C34504BF05EB0C01C0F8D01090F80D
:106AB000FE10019A09B1BDE8FC8FD9F8241041F00D
:106AC0000301C9F82410D0F8CC00D2E904124068C0
:106AD000114300688162BDE8FC8F00BF9CFE00008E
:106AE000A4FE0000ACFE00002DE9F84354EC105B5E
:106AF000554AE04310420DD1284621462A462346F6
:106B000008F0D7F82A462346FFF7DDF841EC100BD2
:106B1000BDE8F883002C04DD201590B191462A468B
:106B200026E024F00040284300F08680B4F1FF3FC7
:106B3000F2DC08F051F89FED420B21210160BDE825
:106B4000F883002024B96905EC0A15380D46F9E7E9
:106B500091460021E20202D401316400FAE7C1F15A
:106B60002003401A05FA01F225FA03F301301C4311
:106B70000121A0F2FF3C4FF0000861F31F545FEACF
:106B8000CC701EBF600040EAD27452000025600045
:106B900040EAD2744FF40010520060B14119A14292
:106BA000DCBF80440D18611AB8BF21464008490077
:106BB00041EAD274F0E74FF0000E4FF0004700209A
:106BC000FFB1C119AC4212DD641B00260023BE4494
:106BD0008A4238BF013C002948BF0126C819B0F1DC
:106BE000FF3FC8BF01233340521A1D4403E002D1C6
:106BF0008A42E9D2254661007F0841EAD2745200F8
:106C0000DEE752EA040009D01EF1010019BF0EF0C0
:106C10000100864408F101084FF0000E09F100411F
:106C20000A4A4FEAC87001EACC4140EA5E0001EB33
:106C30006801114441EC100BBDE8F88300BF00BFB0
:106C4000000000000000F87F0000F07F0000E03F3F
:106C50002DE9F84F2DED028B9CB054EC105B9FEDAD
:106C60004C0BD0F808B0884681462846214657ECA0
:106C7000106BBBF1FF3FDCBF4FF0060BC9F808B04B
:106C800032463B4603F06CFC9FED430B00281CBFD3
:106C90003C4635462846214644EC185B53EC102B05
:106CA00003F044FCB8BB9FED3E0BCDE900B947466D
:106CB0004FF0000A5BEC106B9FED3B0B55EC104B5B
:106CC00058EC189B32465B464846414603F03BFC75
:106CD00050B14846414622462B4607F0EAFF41ECB8
:106CE000180BAAF1010AEBE7DDE900B9B84656EC4A
:106CF000187B22462B463846314603F03EFC60B1F5
:106D00003846314622462B4607F0D1FF41EC180B9E
:106D10000AF1010AEBE74FF0000AB0EE480A03A8B7
:106D200002AA5946F0EE680AFFF74EFA029D0446A1
:106D3000022D09D1204607F096FD204400210AF1DA
:106D4000010A012500F8011C99F80C105046424632
:106D500005F00FF8D9F8082020462946434606F0EA
:106D6000ABFA204607F07FFD854206BFD9F8000048
:106D7000C0F3C002012229464346204603F0DAFF51
:106D80001CB0BDEC028B01B0BDE8F08F00BF00BFAE
:106D9000000000000000F0FF000000000000000004
:106DA000000000000000F03F000000000000244050
:106DB0002DE9B04F2DED0A7BDFF834810546002424
:106DC00098F80000012840F08D809FED4A8A4A48DB
:106DD000E946B1EE00BA4FF0000B082D38BF402550
:106DE0008246B0EE48AAB0EE489A002D48D04846F8
:106DF0000621ADF80440009404F0EAF8D0B39DF801
:106E000005009DF804100BF1010B41EA0021000779
:106E10000A466FF3DF2248BF41EA0A0200EE102A59
:106E20009DF803309DF800009DF801109DF80220A8
:106E3000B8EEC00A40EA012000EE0B9A42EA0327AE
:106E40001B073A466FF3DF2248BF47EA0A0200EE0B
:106E5000102A09070246B8EEC00A6FF3DF2200EEDF
:106E60000BAA48BF40EA0A0200EE102AB8EEC00A98
:106E700000EE0B8A41F2883006F0C8FD013DB4E710
:106E8000BBF1000F2DDD00EE10BA9FED203A4FF060
:106E90007E509FED1D2AB8EE400AC8F8100017A0DA
:106EA0008AEE001A88ED021A88EE001A89EE000AAE
:106EB00088ED011A9FED131AB4EE410AF1EE10FAB3
:106EC000B4EE430A48BF043090ED001AF1EE10FA18
:106ED000C8BFB0EE421A30EE010A012488ED030A61
:106EE00000E000242046BDEC0A7BBDE8B08F00BF67
:106EF0004C0500200000000000F0FFFF00007AC4F5
:106F000000007A440000FAC300007AC40000FA438B
:106F10002DE9F047012816D1DFF830A1DAF8340165
:106F2000012813D10220CAF8340106F0A9FC01207F
:106F3000012406F0B9FB60B1CAF8344107F09AF8B1
:106F40004FF0FF347FE06FF001047CE06FF0040449
:106F500079E09AF85A419AF859119AF85801002C98
:106F600018BF0124002918BF0234002818BF0434B8
:106F7000012007F0E5FC013818BF01209AF838110C
:106F8000B1FA81F1490910EA010902D1002002F0A9
:106F900053F9DAF808002E4D10F0010807D12D4FF3
:106FA000286A8168384688470428F9D00646404652
:106FB00007F0B1FDB8F1000F08D1012E04D1286A05
:106FC000012142682348904707F0BAFB28684169CD
:106FD000204688479AF8540118B14FF4806007F0B2
:106FE000B5FC9AF8530118B14FF4816007F0AEFC7C
:106FF00019480121016003200021CAF83401174813
:107000000160204605F096FA0128FAD1144E306846
:10701000042006F049FB044612480125B9F1000F8F
:107020000560306802D1012002F006F907F098FDF2
:10703000082006F039FB0443CAF8345118BF4FF05A
:10704000FF3407F017F82046BDE8F0870000002065
:10705000B801001000400340282008600C200840C0
:107060002C2009400C400940B0EEC01A10EE100A66
:1070700011EE101AB1F1994F0CD3B1F1FF4F84BF4B
:1070800030EE000A70474CA10028C8BF043191EDD2
:10709000000A70473F4A914210D29FED3F1AB7EE67
:1070A000002A4FF0FF3330EE011AB4EE421AF1EE2F
:1070B00010FA38DDB1F1665F35D2704702F538035A
:1070C00099420DD202F5A00399421BD2B0EE000AFC
:1070D000BFEE002A002331EE000A31EE011A18E05B
:1070E00002F19E73994219D2B7EE080AB7EE002A50
:1070F000022301EE002ABFEE080A31EE000A80EEFC
:10710000020A10E0B7EE000ABFEE002A012331EEBA
:10711000000A31EE021A81EE000A04E0BFEE000A16
:10712000032380EE010A20EE002A9FED1C1A9FED3A
:107130001C4A9FED1D5A914222EE023A03EE014A8B
:1071400023EE041A9FED174A03EE045A9FED174AE7
:1071500003EE054A22EE042A31EE021A02D200EEB4
:10716000410A70471249002801EB830191ED002A82
:10717000104910EE012A01EB830191ED001A32EE65
:10718000400A31EE400AB1EE401A48BFB0EE410A63
:10719000704700BF0000E03ECAF249714712DABDF5
:1071A00098CA4CBE25AC7C3D0DF5113EA9AAAA3E5D
:1071B00050FD000040FD0000DB0FC9BFDB0FC93FE1
:1071C0002DE9FC4191EA03084CBF4FF000484FF015
:1071D00000084FEA03354FEA153556006D41760039
:1071E0006D414FEA43075FEA575711BF45F48005E9
:1071F00000210020BDE8FC8140F2007E1EF1FF0E60
:10720000774578D04FEA01334FEA133342005B41B0
:1072100052005B414FEA4104640D11BF43F4800307
:1072200000210020BDE8FC81744564D0E41B0021EE
:1072300000205FF0370EAB4200D1B24205D340418F
:107240004941921B63EB050301E040414941BEF116
:10725000010E05D053EA020702D052005B41EAE773
:10726000BEF1200F09D2BEF1170F0CD3CEF12007CB
:1072700020FA07F100FA0EF00FE0AEF1200E00FA4E
:107280000EF1002009E001FA0EF1CEF1200720FAFC
:1072900007F741EA070100FA0EF011F4800F06D15A
:1072A000401C51F1000140004941641E02E0801C75
:1072B00051F1000111F4000F1ABF641C21F4000108
:1072C00021F4800140F20037FF37E419DEBF0021CE
:1072D0000020BDE8FC8107F58067BC420BD249085D
:1072E0004FEA300049084FEA300041EA045141EAD0
:1072F0000801BDE8FC810020FF214FEAC101C91D42
:107300004FEA015141EA0801BDE8FC814A49487948
:1073100000B170470878DFE800F0044E141C0C62DE
:107320006E2B8879012861D1474890ED000A02F060
:1073300071BE498A40F2E730814238BF084603F007
:1073400027BB8879012851D13F4890ED020A02F00D
:1073500061BEC879012849D191ED070A9FED391A1C
:10736000B4EE410AF1EE10FAA8BFB0EE410A30E0E7
:10737000C87801283AD13148BEEE002AB6EE001A8C
:1073800040F2E73190ED190AB5EE400AF1EE10FA3D
:10739000A8BFB0EE412A30EE020ABDEEC00A10EEE0
:1073A000100A002848BF404200B28842B8BF0146D8
:1073B00088B203F0EDBA8879012817D12248B2EEDD
:1073C000041A90ED010A80EE010AB6EE001A30EEC2
:1073D000010ABDEEC00A10EE100A03F0D9BA487ACD
:1073E000012803D191ED080A02F014BE2D202D21B1
:1073F0002D2205F049B910B5104840F2EE2490F85E
:1074000043206FF025000B8A50FA82F0942818462A
:1074100038BFD0B20A4AD2F8B021A24228BF1846DB
:10742000002B18BF1846898A002918BF0121BDE822
:10743000104002F0A1BD00BFB0030020F001002009
:1074400058B4002000C07944640200202DE9FF47B1
:10745000044645480078A0420AD9444F0D4657F8E3
:10746000346007F037FA96F8E01031B107F0CAFB44
:107470000024204604B0BDE8F08707EBC4044FF0B9
:107480000109D4F804A086F8E09007F0BBFB9AF855
:10749000100002F02BFA364F002D18BF2F46354D45
:1074A000F868411C002808BF0AF11301097808BFD9
:1074B0000AF11100007886F82511294686F8240182
:1074C0009AF8122002F0BAF99AF8142096F82501D9
:1074D000294602F0B3F9DAF800004FF000086D46D3
:1074E000C0F810883978317079687160397AC6F8D7
:1074F0002011C0F81C98284607F012F9DAF80800A5
:107500001D4A2B46CDE9004006F11400DAF80410BC
:1075100005F006FB284607F04BF9DAF80C0017498E
:107520002A460094029006F1E40005F041FE06F1BF
:107530003000012106F0BEFD307830B906F1800040
:10754000002106F0B7FD0E4870602046C6F8108096
:10755000C6F80C8004F074FA0A4A06F59670042105
:10756000234606F0B7FC84E7CE020100D0020100FA
:107570006400010000400024998900009D9D0000E6
:1075800049EB00008DE500002DE9F84F2DED086B6B
:107590000C4601460020002A7DD0002B7BD00846F7
:1075A0001546039306F054F99FED3D0B53EC102B59
:1075B00007F07DFB95ED120B83468A465A465346EB
:1075C00051EC100B07F075FB064620460F4606F0FF
:1075D0003FF902460B4630463946FEF774FB9FEDF5
:1075E000320B04460E4651EC100B9FED310BCF0FC2
:1075F0003146204658EC109B67F3DF714A464346FC
:1076000002F0A1FF60B995ED020B4A46434651ECEA
:10761000100B029167F3DF71019002F094FF08B143
:10762000002038E0584651462246334607F03FFBDB
:107630009FED210B53EC102B07F03BFB95ED000B5E
:1076400095ED048B95ED069B53EC102BFEF736FB66
:10765000DDE9012306460F4607F029FB02460B46EB
:1076600051EC190BFEF72FFB04460D463046394608
:1076700032463B4607F01DFB02460B4651EC180B09
:1076800007F017FB22462B46FEF71DFB03F032FCEA
:10769000039908600120BDEC086B01B0BDE8F08FD4
:1076A0000000000000002840000000000000000072
:1076B0008DEDB5A0F7C6B03E0000000000002041EF
:1076C0002DE9F04790460C4606464FF001096068E8
:1076D000D6E9007A10B9E068002848D007F0FAF837
:1076E0003978012901D1F968B9BBFC603C61C4F863
:1076F000149007F087FA07F130050021284607F0BB
:1077000014FA013008D138780128E0D028464146E3
:1077100007F00BFA013030D0387820B907F180003B
:10772000002107F002FA07F073FADAF8040007F014
:10773000A8FA3046214603F0C5FA8146DAF804007B
:1077400007F0A1FAB9F1000F02D007F05EFA44E0A9
:10775000387808B34FF000093FE0F96849690A3109
:1077600010D16FF00A016161D4F8149011E06FF04C
:107770000A006061D4F8149032E06FF00209C4F896
:1077800014902DE001214FF00009616139693C61DD
:10779000CC6107F037FA23E007F1800941464846FB
:1077A00007F0C3F9013016D107F094F88046F86865
:1077B00070B1304606F0AAF9404607F023FA484671
:1077C0004FF0FF3107F0B1F96FF00200606102E0A5
:1077D000404607F017FAD4F81490284607F061FAEB
:1077E0004846BDE8F08770472DE9F04F89B0DFF8D3
:1077F0000CA105460C469AF80000002870D0002025
:107800000DF1220243F6FF71ADF822003A2004F098
:107810009FFC064600286CD0BDF82270F80756D0B1
:1078200027F001023A2043F6FF7105F0F1F94FF01D
:107830000008DFF8CCB03A2044F20501ADF8208012
:10784000ADF81E8008AAD8470DF11E023A2044F276
:107850000801D847BDF91E00ADF81C80ADF81A80AC
:1078600044F20601BDF92090804607F07C0044F206
:107870000707042808BF44F2040708BF44F20301C5
:1078800007AA3A20D8470DF11A023A203946D847BC
:10789000BDF91A00DFF870B0BDF91C7041460390C5
:1078A00018485A46CDE9040005AB4846FFF76CFE80
:1078B00068B104A8039B41463A46CDE900B048466A
:1078C000FCF75EFA18B1DDE90410CAE9010115B14F
:1078D000DAF80400286064B1DAF80800206008E0F3
:1078E00015B1DAF80400286014B1DAF80800206055
:1078F0000026304609B0BDE8F08F00BFF805002033
:1079000051C100000000C841B0BE00202DE9F04385
:1079100087B0DFF8F88081462025EFF3118085F3EA
:107920001188D8F838501DB180F31188002569E01E
:10793000C8F83890364F80F311880020C9F80C1031
:107940004FF48031C9F81C20C9E91200C9E90801C7
:10795000002B18BF1F46D7E90116C9F81810397B4C
:10796000012905D1C9E91060C9F8146030460CE05E
:10797000284A31460023002506F094FEC9E910018B
:107980002549C9F814008E423CD897F800C0DFF8AA
:107990008CE00021C9F85C10C9E91510BCF1020F98
:1079A00008BF0146C9F8501001AB9EE8F500194622
:1079B000BCF1000FF5C108F124001A4ACDF8089077
:1079C0000090174808BF0246142109F1280006F06C
:1079D000B7FA05462020EFF3118180F3118881F377
:1079E000118899F8100010B9484604F01DFC35B113
:1079F00008F13000494606F04FFC4D4602E00025F4
:107A0000C8F83850284607B0BDE8F083D8020020F7
:107A10009CFD000040420F003F420F00FCFE0000B2
:107A2000D1D00000E1E700001EF0040F14BFEFF317
:107A3000098169468869A1F1480214BF82F3098867
:107A4000954621ED100BF1EE102A41F8082DEFF3C9
:107A5000118102B400B5DFF8D8E0F047374A126868
:107A6000116801EA000010605DF804EB1EF0080FD9
:107A700009D101BC80F311885DF8080BE1EE100A12
:107A8000BDEC100B704704BC1EF0040F14BFEFF3E5
:107A900009816946A1F1200114BF81F309888D464F
:107AA0004A604FF08070C86125488861234B1B688D
:107AB0001868086040F201101860704702B401B401
:107AC000EFF3148100291CBF002282F3148802B452
:107AD00002B4DFF860E0F04701BC01BC00281CBF25
:107AE000022181F3148801BCDFF84CE0F0470F4815
:107AF0004FF08051016001BC80F3118800BF00BFCE
:107B0000FFF7FEBF1EF0040F14BFEFF309816946B3
:107B100001F1200151F8080BE1EE100AB1EC100B55
:107B200014BF81F309888D46704700BF04ED00E063
:107B300015B100006BEC000071EC000020040100A6
:107B4000BC7A00002DE9FF413B4E96F84201002827
:107B50006AD1012086F8420106F0FEFE374F86F812
:107B60007001374D7868C6F86C01387B86F84101A2
:107B7000A86810F4402F13D1386988B128686421AF
:107B8000C0F3066000FB01F4F9F778FAB4FBF0F2F9
:107B90002C4906F19400002305F0F6FC06F0C8FD20
:107BA00001AC204606F062FF2749A846002506F1F1
:107BB0000C00002206F034FE204606F057FF234951
:107BC00006F15000082206F02BFE214A06F1D800EB
:107BD0003221002304F0A4FF1E4C1F4A06F1F400DA
:107BE0002C2100232560454604F09AFFD8F80800B0
:107BF000797BC0F3815021B1032804BF012186F8AD
:107C00003911032803D040F00200022810D1206867
:107C100040F040002060022005F0E6FC6868400764
:107C200002D4002005F0E0FC002004B0BDE8F081A3
:107C300005F0A6F9F2E700BF0000002070FF000089
:107C4000AC4F005083E8000057B2000065C8000048
:107C5000A9B0000090220840616300002DE9FE4FAA
:107C6000D0E90085994614460F46834613B100209B
:107C7000C9F8000074B106F02DFE064698F807001A
:107C800058B198F8E80070B1304606F0BBFF6FF0CD
:107C900008046CE06FF0090469E0304606F0B2FFBA
:107CA0006FF00E0463E000200121C8E93B74C8F8BE
:107CB000F440C8F8FC0088F8E810C8F83C0088F8E0
:107CC0000D0088F80B002846019506F069FE304645
:107CD00006F098FF08F1D0060DF1080A06F0FAFD4B
:107CE00004463046514605F06EFDD8F8F450D8F8F9
:107CF000FC10A842394438BF054602982A4606F0CF
:107D0000EBFF3046294605F057F9D8F8F400D8F8CB
:107D1000FC10401BC8F8F4004819C8F8FC002046C5
:107D200006F070FF012D03DBD8F8F4000028D5D150
:107D300006F0D0FD0746D8F8FC0050B1019806F0D7
:107D40002FFE584601F0ACFBD8F8FC0010B100241F
:107D500002E000206FF00F04B9F1000F18BFC9F85E
:107D60000000002088F8E800384606F04BFF204667
:107D7000BDE8FE8FF0B58DB0002500287DD0404FC6
:107D800004467878002878D03878002875D101200A
:107D900003F054F9002500286FD08DF83050CDE95C
:107DA0000A558DF824500895CDE90655CDE90455BE
:107DB00007A803900AA802900920019001A806F0E4
:107DC00037FB0646012003F08FFE002E55D09DF8AC
:107DD0001C2002F0F000C02825D19DF922109DF84A
:107DE00024309DF823609DF820C09DF82150C8B232
:107DF000002943EA004040EA062048BF00F17F40E6
:107E00009DF91F30D9B2002B45EA014141EA0C210E
:107E100048BF01F17F413D7912F0060205D00123F0
:107E2000282D04D30CE0002527E045B1FE232B4488
:107E30003B71DDB20023222D88BF012300E0002327
:107E400000EE101A02EE100A6FF03F059FED0D1ABA
:107E50006371C4E90210002B18BF02F1C005B8EE2F
:107E6000C00AB8EEC22A257120EE010A22EE011ADC
:107E7000012584ED040A84ED051A28460DB0F0BDF5
:107E80003006002063EC443D2DE9F84F3C4C3D4E5C
:107E90003D4D42F62A294FF0010A4FF0030B00270F
:107EA0004FF00508D4F83C01062833D8DFE800F08D
:107EB0000433183B203D4B000F20F060C6F81090B3
:107EC00004F06AFE45F804AC55F8040C8007FBD5B5
:107ED000C6F81CA094F8390190B10120EF6210E0BF
:107EE0002F60C4F83CB128688007FCD40320DBE78E
:107EF0002F60C4F83C8128688007FCD40520D3E7B4
:107F00000320C6F800B0C4F83C012F602968890737
:107F1000FCD4C9E7FEE70126022084F83A6104F0A8
:107F2000C1FC2E6009E0022000E0032084F83A0141
:107F3000002004F0B7FC0120286004F15000BDE8E7
:107F4000F84FFBF7BBB9002045F8040C286055F842
:107F5000040C8007FBD428688007FCD40B4800255C
:107F6000012105600A4801600D2001F0C7FD0220D3
:107F700005F06EF9C4F83C5184F83B51BDE8F88F28
:107F80000000002000400C4058600C403C500C4069
:107F900004800C402DE9F041DFF8F480044698F8A5
:107FA000010018B998F8020000286ED0012088F866
:107FB0000000112004F002FB4FF47A7005F026FD5A
:107FC0000120012103F0FCFE032C1BD0022C0DD05C
:107FD000012C24D12F4C0220A321A04704200521ED
:107FE000A04705200521A047012616E0294C0220C4
:107FF000A0210226A04704200121A047052001213D
:10800000A0470AE0234C0220A021A047042004211D
:10801000A04705200421A0470326832414E01D4F18
:108020000220E021B84703201021B8470420102186
:108030000426B84705200021B84706202C21B84760
:1080400007200C210724B84709200021002703F04E
:10805000B7FE0A20214603F0B3FE0F480F4DA84794
:1080600018200121012406F053FB42F21070A847AA
:10807000102004F0A3FA4FF47A70A84788F8036040
:1080800088F800702046BDE8F0810024FAE700BFC0
:1080900030060020C1BD0000A08601000DDA0000FE
:1080A00010B52DED028B044651EC100B40F2FF731E
:1080B000C1F30A529A4216D0B0EE408AF0EE608ABE
:1080C000D2B921F00042024353D09FED2D0B53EC67
:1080D000102B06F0EEFD344A41EC180B944207DCFD
:1080E0009FED290B3FE002460B46FDF7ECFD3EE01D
:1080F000C1F30A50A0F13602101940F2FF7290420B
:108100000FDB06F069FD222101609FED250B53EC8A
:10811000182B51EC100BDA0F62F3DF7141EC100BEE
:108120002BE0012808DB6FF31E5141EA005052ECAE
:10813000181B40EC181B1CE010F1360F0ADC06F08F
:108140004BFD222101604CF251308442DDDA9FED7B
:10815000120BDCE736306FF31E519FED0D0B41EA39
:10816000005152EC180B53EC102B06F0A2FD41EC21
:10817000180BB0EE480AF0EE680ABDEC028B10BD99
:10818000000000000000504359F3F8C21F6EA50123
:10819000000000000000903C000000000000000013
:1081A000000000000000F07FAF3CFFFFFEB5D0E90B
:1081B000005401A806F09CFA95F834003649374A75
:1081C000384E085C95F83510515C354A084395F8EF
:1081D0003610515C2A6B40EA0103316820684F6811
:1081E0000299B847206840F2F272E1692E4B2F4F96
:1081F000426494F854209A5C94F85530FB5C1A431E
:108200000129426311D10146D4E90A2351F8307F94
:10821000FF2A27F4004718BF07F50047FF2B0F6020
:1082200009D00A6842F4804208E0014651F8302F34
:1082300022F400420A600A6822F480420A60C16A9D
:1082400041F01001C162016B41F001010163E16B7A
:1082500009B3A16BF9B1012106F04AF9D5F858012B
:10826000E16B40680068C162C0F8041591FAA1F1A1
:108270007268B1FA81F15368022298477068A16B65
:1082800002224368D5F8580191FAA1F1B1FA81F1BF
:10829000406800689847FEBD0404010086F10000B4
:1082A000D2030100D0010010F5030100D703010043
:1082B000002873D0002971D0002A6FD0002B6DD018
:1082C00070B50568049C013505600D7C2D070BD148
:1082D0001D78013D032D07D344B192F85020D207F9
:1082E00004D00522827107E0002CFAD1827932B1E4
:1082F000013A8271120602D00124002501E0002417
:108300000125274E02469FED261A9FED260A42F8C8
:10831000186F02F8134C5C2442F8084C42F24254A5
:10832000002D42F80C4C18BFB0EE401A82ED021A34
:1083300018BF5C249B6842F8044C9FED1B1A03F5A0
:10834000A164002B174B08BF40F22654C97A42F8AB
:10835000104C00EE101A27291146B8EE400A80EEA4
:10836000011A9FED120A88BFB0EE410A41F8043F9E
:1083700012F8143C022B04D0012B18BF02F10801A3
:1083800000E0114691ED001A9FED092A21EE021A34
:1083900081EE000A80ED090ABDE87040704700BF19
:1083A000A470B141CDCCCC3F000070429A99993F66
:1083B00000007A442DE9F047A4B006F08BFA334967
:1083C0000A78012A04D124B0BDE8F04706F01ABCAF
:1083D0004FF0010981F8009006F014FCFFF7B2FBA2
:1083E000082001F083FA21AC204606F099F9DFF865
:1083F000A0A0294A10212346DAF80C002290254833
:1084000004F08EFB2548002501AE0478244890F83E
:1084100000804746A74213D8DAF8000050F827102A
:1084200021F0FF0046F82700880707D4F8B201F0D2
:10843000010106F06DF909FA07F005430137E9E794
:10844000184805601848C16801F44001B1F5800F73
:1084500007D10068000E56F8201041F0070146F8D9
:1084600020101248A4EB0802042306EB880103EB5A
:10847000820240EA880006F02FFC0D4820220168A5
:1084800062F30D21016024B0BDE8F0873B060020B7
:1084900054000100E0C10020ADC40000F300010061
:1084A0009BF50000D0200240A84F0050001008406B
:1084B0000030094010B510EE901A21F00042B2F1E0
:1084C000FF4F06D810EE100A20F00043B3F1FF4F23
:1084D00002D930EE200A10BDB1F17E5F03D1BDE8B4
:1084E0001040FEF7C1BD022404EA917444EAD0743E
:1084F00063B1B2F1FF4F12D012B1B3F1FF4F18D1F7
:10850000274961F31E0000EE100A10BD022C0FD3A4
:10851000032C14BF9FED250A9FED250A10BDB3F172
:10852000FF4F14BF1C481D4800EB840090ED000A6B
:1085300010BD9A1AD2151A2A03DD9FED190AC40F2D
:108540000EE0B1F1FF3FD8BF12F11A0F06DB80EE4B
:10855000200AB0EEC00AFEF787FD01E09FED110A88
:10856000002CE5D0022C0DD0012C04BFB1EE400A46
:1085700010BD9FED0D1A30EE010A9FED0D1A30EE81
:10858000010A10BD9FED081A30EE010A9FED071A8F
:1085900031EE400A10BD00BF30FD000020FD00009C
:1085A000DB0FC93F000000002EBDBB33DB0F49408D
:1085B000DB0F49C02DE9FF41354D04466868D8B14D
:1085C0006878A0425ED03348334EB168C90601D501
:1085D0000130FAD3306820F00200306002A806F0C3
:1085E00087F8012C0AD1A9682D4803293ABF2D4AE2
:1085F00052F82120032205E0002244E00022022C50
:1086000041D12648696808234968C1F8E40081F827
:10861000FA202549884609690F680399CDE90003C6
:108620004FF080400023B8474746012C03D1D8F8CB
:10863000000003680CE0D8F800000368E87801281F
:1086400006D108200A214FF4C0429847092005E0CE
:1086500009200A214FF4C042984708203968134A7C
:108660000B6809219847B068400701D57068FAE7A0
:108670000320F061306840F002003060B42006F062
:10868000CAFA6C700122104604B0BDE8F08100BF48
:10869000EC05002030F8FFFF0400004040420F00CE
:1086A00090D00300F4000100B4010010006000202D
:1086B000F8B5044606F024F807464568204605F05C
:1086C00051FFB8B1D7E9014606F004F90546D4F8E0
:1086D000C000B8B104210174384601F0AFFBD4F8F2
:1086E000C800B0B1014640690028FBD1D4F8C000F1
:1086F000486112E006F0EEF80446D5F8C00078B301
:10870000103034E03068416821F0020141602846B1
:1087100030E0D4F8C000C4F8C800416900274761C0
:10872000C4E93477C4E93677C4F8C01031B32046C1
:108730003146FEF723F9D4F8C000C4F8E0700068B1
:10874000B0F5806F03D920463146FEF717F994F84B
:10875000FE0010BB3068416841F0020141601CE03E
:1087600095F8FB00002104F027FF05F1FC00012132
:1087700001702046BDE8F84006F044BA94F8FB00CA
:108780000021C4F8C47004F017FF012084F8FC0035
:108790003068416A21F003014162284606F032FA4E
:1087A00004F13000BDE8F84006F07FBA2DE9FC4145
:1087B00091EA03084CBF4FF000484FF000084FEA21
:1087C000C32545EA52554FEAC2264FEA43077F0DBB
:1087D00011BF45F0004500210020BDE8FC815FF499
:1087E000E06E1EF1FF0E774555D04FEAC12343EAF4
:1087F00050534FEAC0224FEA4104640D11BF43F0C9
:10880000004300210020BDE8FC81744543D0E419F9
:10881000A3FB0501A3FB06E7A2FB06631EEB030E09
:1088200057F1000751F10001A2FB05631EEB060E94
:1088300057F1000751F10001FF1851F10001C01973
:1088400051F100014CBF40F2004E40F2002E10EBFF
:108850000E0051F1000148BF641C01D440004941A1
:108860005FF44077FF37E41BDEBF00210020BDE846
:10887000FC8117F58067BC420DD24FEAD02040EA58
:1088800041504FEA41014FEA113141EA045141EAB6
:108890000801BDE8FC810020FF21C900C91D0905B0
:1088A00051EA0801BDE8FC812DE9FC470668044651
:1088B000707A00286BD0D4F80490D6F85801D0F81C
:1088C0000480D9F83470204602F0C6FC706F20B3E3
:1088D00006F14C05284606F0E0F9316F884221D2B6
:1088E000307902281ED0B06E002850D0204602F009
:1088F000B3FC346F284606F0D0F9201AD6F868A0E9
:10890000B46F7067284606F0C8F90021F1740AEBCD
:10891000040108440190706F0CE0B06E10B1306F2C
:108920000028D5D106F14C0001A904F04CFF01212B
:108930007067F17458B30021B0F5806FB17384BFD4
:108940004FF4806070670123019901440139796017
:108950001049B96043F6F07101EB00100840B968A6
:108960000843B860D9F83C10D9F8000091FAA1F298
:10897000B2FA82F203FA02F2D8F800309A61D6F81D
:108980005821526812689162012105F0BDFDBDE8D1
:10899000FC8700BF0180000C70B5D0E9005204468E
:1089A00001211068C0F81C18D0F80418C90718BFB6
:1089B00070BDD0F80438A9684E690A3614D0D5F8CD
:1089C000D46013F0120F17D01EB903F01F060A2E41
:1089D00021D05A076FF0040258BF6FF00502DB0682
:1089E00048BF6FF006024A61042106F044F82046B1
:1089F000BDE8704005F088BC6EB1721EC5F8D42089
:108A00002CD0D5F8D0104A1CC5F8D0200978C0F871
:108A10000818012117E0D5F8DC10C1B10139C5F8FB
:108A2000DC10D5F8D8104B1CC5F8D830D0F80808A1
:108A300008700121D5F8DC00002808BF04210128B6
:108A400088BF09211068BDE8704006F014B8042101
:108A500006F011F8A86800214161C8E7D5F8DC20CC
:108A600052B1098B012361F348030B21012AC0F89D
:108A7000003808BF0321E6E70421E4E72DE9F041CF
:108A80008EB004464A1E002009AE12F1030F09D829
:108A9000304A07960490029106928DF81400022243
:108AA000684600E003220C908DF834202020EFF37C
:108AB000118780F31188608A30B1608A0138608242
:108AC000012087F3118841E000293CD02248012190
:108AD00004F11408057A0172806946620B9004F073
:108AE00069F9A069CDF824800A900660A6619DF816
:108AF0003400022808D119494A680C980160426084
:108B00001060486001F06CFB87F31188284603F081
:108B1000C9FF2021EFF3118081F311880C9939B13D
:108B20000A684B681A604A6809684A6000210C911B
:108B30000B9900224A6280F311889DF834000028C6
:108B400018BF012002E087F3118800200EB0BDE8B5
:108B5000F08100BF27D50000D804002018040020B1
:108B60002DE9F84315460C46804601F05DFE2C4881
:108B700000212D4F01602B488146006838688169CB
:108B800027208847294E2A49306B08403063B06F50
:108B900020F48070B0673868016B4FF480608847BC
:108BA0003868016B4FF4816088473868016B4FF477
:108BB000C06088471F48012101601F48C6F88041F6
:108BC00031600168890704D4691C08BF4FF0404533
:108BD000C560D9F80000F0698007FCD5072003F0D4
:108BE00087FC0228FAD1B8F1000F13D1134C386A70
:108BF0008168204688470428F9D0012804D1386AC2
:108C00000321426820469047D6F8180220F003005E
:108C1000C6F818023868806BBDE8F843004700BF0B
:108C20000C4009402C200940B80100100C200840DD
:108C3000FFFFFEFE282008601000094000400340AE
:108C400070B52039062918D8DFE801F01A23042D61
:108C500038404800147800222321FF2CF1D0D0E9BD
:108C6000015695F8FB0003F03DFF726B2B4920463F
:108C700085F8FB4000F0E2FD49E06FF001044AE0B6
:108C8000406890F8F910012943D1012180F8FC10C7
:108C90003DE045680021002495F8FB0004F08CFCC1
:108CA00085F8FC4037E0446894F8FB00FF282ED09C
:108CB00003F018FFFF2084F8FB0028E04068D0F89C
:108CC000C01031BB012180F8FE1020E04068D0F8D0
:108CD000C010F1B9002480F8FE401CE04168D1F8D2
:108CE000C020B2B191F8FE209AB180680268D0E944
:108CF0000430546A184344F003045462D1F8CC1091
:108D0000496809688862506840F002005060002499
:108D100001E04FF0FF34204670BD00BF026000202C
:108D200088B033483349314EDFF8D09000276D4684
:108D30004FF00108B6EE008ABEEE009A00F11C0466
:108D400001F1480B00F1540A7078012804D14CF26B
:108D5000503004F05BFEF7E705F052FE18B12046F4
:108D600005F07AFD03E049F6404004F04FFE284646
:108D7000FAF77AFE0028E7D028375846009705F022
:108D800033FF50462946202205F0A6FF584686F8B4
:108D9000048086F8038004F011FB174829464A46F0
:108DA000F9F77EFB70790028CED130780728CBD137
:108DB0009DED040AB0EE491A40F2E731B5EE400AE3
:108DC000F1EE10FAA8BFB0EE481A30EE010ABDEE7F
:108DD000C00A10EE100A002848BF404200B2884284
:108DE000A8BF084680B201F0D3FDADE7B003002074
:108DF000F001002064020020509A002030BD0020C5
:108E00008EB0344E344D01270024B7EE008A7078BE
:108E100001285BD006A8F8F733F98346059405A826
:108E200002F0D2FC8046ADF81240ADF810408DF84B
:108E30000F400DF1120004A90DF10F0201F086F9A7
:108E40008246CDE9014402A801A9FEF7CDFC814686
:108E5000284605F0C9FEBBF1000F05D01F4806A942
:108E6000202205F039FFB771B8F1000F02D0059844
:108E7000F771F061BAF1000F05D0BDF812007082F1
:108E80009DF80F003072B9F1000F02D0019877728F
:108E900030622846B77204F091FA9DED020ADDEDCA
:108EA000010A9DED051ABDF81010BDF812004A46E2
:108EB000434604F03DFD707920B93078072818BF8B
:108EC000FEF724FAB0EE480A00F06EFE012004F02E
:108ED00081FE9CE7B0030020800400206402002093
:108EE000F8B500F011FA324C0F20611C05F087FE36
:108EF0000F20012105F00CFC1220214605F07FFE19
:108F000012200021002405F003FC43F6982004F011
:108F10007DFD00260027012F28D8F00726D1B7FABB
:108F200087F0400905F08CFB0025AE1E18BF012616
:108F3000022D19D01220294605F0EAFB43F69820AD
:108F400004F064FD1F20522102F061FF47F230500F
:108F500004F05CFD002002F049FB0135AD28E4D1AE
:108F6000022002F043FB04460137D4E7F00718D093
:108F7000104801214470104C01702C209321A0470F
:108F80002A200121A0472B204021A0472D2022216B
:108F9000A04746F2A81004F039FD4020FDF708FF75
:108FA00002E004480021017006F00100F8BD00BF96
:108FB000000400204C0500200FBE0000F0B5314A2F
:108FC000046A516B137D0C61446A01F1200C032B80
:108FD0000B704C61846A8C61C46ACC6190E8F000CB
:108FE000ACE8F00000F1400400F110074C64F0CF51
:108FF00001F1300CACE8F000046B0C64446B8C6441
:10900000846BC06BCC64086519D8DFE803F00212EA
:109010000A10156DC4B2106C936C55F824404C6066
:109020000FE01A4880694860D0E90A3009E0002062
:1090300001E01548C06D4860106C936C01E00020A1
:109040000023926BC1E9020332B12BB110F8014B3E
:10905000013B02F8014BF8E70D4802684A6590F8B9
:1090600024208A6590F82520CA65C28C0A66826A27
:109070004A66C26A8A66026BCA66426B0A67806B7E
:109080004867F0BD48030020D8020020D804002023
:1090900004ED00E02DE9F0438FB00C4600272F4986
:1090A0001546814624229846009703A805F014FE31
:1090B0006B46002050210022C9F8007003F0B6FE74
:1090C000002847D0074626484FF40071002C07F1CE
:1090D0004806816008BF0446D4E900320021A06838
:1090E0000792002A4FF0000208BFE268FE64F963AD
:1090F000C7E90D51F9627964BB60BE64104423690D
:10910000002B18BF01233B6308900C91CDF82880F9
:10911000CDE90457CDE90D114FF0FF3301208DF853
:109120003000069307F110000CAA04F0B7FD0D48BB
:1091300003A96A4603F052FBF86040B14563C9F8E1
:1091400000702168F86800F01FFB002003E038463B
:1091500004F0D8FB0C200FB0BDE8F083DCFC00006D
:10916000B8050020B9E6000070B52548066804F08F
:1091700009FD24480025244C0560206C806C804744
:109180002248006838B122480068B6F1FF3018BFA5
:10919000304600F003FC1F4840F2391205601E48BB
:1091A000016862F31B4101601C48016801F44051F1
:1091B000B1F5805F06D10168194A114001F500320E
:1091C00002600160174D0126EE612068016A1420DB
:1091D00088471548016841F4E021016013482E607A
:1091E000006800F44000B0F5000F03D1206C416C22
:1091F0000F4888470F4801680029FCD170BD00BFA7
:109200001C13005084046042B00100108001284308
:10921000800520438C210840482003402800094055
:10922000EFFFFCFC0000244300200940B44F005035
:10923000BD3786000C00684270B5F8B1012858D1DE
:10924000012005F07DFB012853D02D4C94F8380106
:1092500000284ED12848294E0569306810F4402F67
:1092600030D17DB304F0F6FE502005F0D4FC01208F
:10927000A84704F19400FAF721F825E005F005FD70
:109280001E48006810F4402F0AD11B4804693CB105
:109290001B48943005F0B0FC04F0CCFE0020A04741
:1092A000174C94F8380120B31648016821F080016A
:1092B000016080218160032003F0CAFF002084F850
:1092C000380116E005F0E5FC012084F8380130682B
:1092D00010F4402F00D14DB9207A800606D40948F9
:1092E00080218160016841F080010160032004F069
:1092F0007BF9002070BD00BF70FF0000B44F00502C
:1093000000000020902208402DE9F0418CB0DFF8E9
:10931000AC8098F80000012804D1D8F8040008B106
:10932000012444E003F028F909AD284605F0A6F928
:1093300028460121012405F07BFB2846012105F088
:10934000C6FC1F48294604F01FF8284605F0BDFC5E
:109350001C4D1D4F0B202946B8471C4E0B200121E8
:10936000B04714202946B84714200121B0470F20E8
:109370002946B8470F200121B047D8F80400A0B90A
:1093800001AD284605F0FAFA114900208DF81C00BD
:109390008DF810008DF804000591082106912946EA
:1093A00003F0A0FAC8F8040028B1A8F8004020464D
:1093B0000CB0BDE8F0810024F9E700BFEC05002007
:1093C000E4C0002001040020FFEB000011E70000D2
:1093D00040420F002DE9F8432020EFF3118980F37C
:1093E00011882C480068006B80472B4E4FF0000816
:1093F0002A4F012286F85D8086F85C20D7E9104567
:1094000022462B4605F04EF9A0FB042300FB053352
:1094100001FB0431746DC7E91221B168B268611AA9
:10942000821A914205D986F85C8089F31188BDE8DB
:10943000F883051B89F311880020854206D3044474
:109440002D1A0120214602F001F9F6E72021EFF361
:10945000118781F3118896F85D10012903D100204E
:10946000214602F0F3F8411C05D0411BB06D81424A
:1094700038BF084600E0B06D011905F009F800207A
:1094800086F85C00012086F85E00B46087F31188DE
:10949000BDE8F8838C0100101804002018BF0020DC
:1094A000F8B505680446D5F8F80000B1F8BD68794C
:1094B0006668022807D105F1D000694604F076FD00
:1094C000C5F8F80009E0D5F8EC10D5F8FC20D5F87F
:1094D000F4001144C5F8F80000910028E6D0316886
:1094E0008A6B22F400628A6395F84410C9060AD593
:1094F0002F6C47B1297A31B9AB6C2046102100227C
:10950000B847D5F8F800B0F5806F84BF4FF480609D
:10951000C5F8F8000099336B01444A1E3168B66BF8
:109520001A600E4A9A6043F6F07202EB0010104087
:109530009A6810439860D5F85801406800688662C0
:109540000846022104F0E0FF287A0028AED1204628
:109550000121012604F01AFC2E72F8BD018000C022
:10956000BCB5012004F058FF01F0AAFE294D0020EF
:1095700003248DF80700287024B320200321FF2244
:1095800003F0B8FF28B942F2107004F03FFA013C32
:10959000F2E7214C202042210022A0472020432135
:1095A0003F22A047202044213F22A04720204521E0
:1095B000FF22A0470DF1070405F06CFA05F06AFAE6
:1095C000012028702420712104F014F920B1012019
:1095D000687003F0BFFE01E000206870FF200024E7
:1095E0008DF80600287801280BD10DF10602202005
:1095F000002103F027F820B19DF806003F2121EA61
:109600000004287869782C71EC70AC70084300F085
:109610000100BCBD35060020F5D4000070B501295D
:1096200053D00446002942D128480121057A01720D
:109630002021EFF3118681F3118894F8201003297B
:109640002AD0022914D0012922D12168E26C636852
:1096500019606168236859601168914204D1A16959
:10966000C26822EA0101C160606A88B1C06808E08E
:10967000616A69B10A68C8684B681A604A68096813
:109680004A6028B101684268116041680068416021
:10969000204603F0ADFB05E0206861680860606863
:1096A0002168486086F31188284603F0FBF9216B96
:1096B000481C0AD006480029806818BF084643683D
:1096C000D4E90A21BDE87040184770BDD8040020D5
:1096D000D802002070B505F03FFA05F043F905F017
:1096E00047F90446C04310F00C0F03D100BF00BF80
:1096F00030BF3BE060071ED403F094F9054600EB51
:10970000800001214600012004F09CFD864212D910
:109710001C4CA5F11800606104F10C0004F016FF68
:1097200000BF00BF0120FDF7F3FB00BF00BF00201A
:1097300084F820001CE000BF00BF200715D40E4EA7
:109740000E4D30688168284688470428F9D0B0FA61
:1097500080F004F01001400940EA111005F097FA7A
:10976000074801210160006800E030BF00BF00BF72
:10977000BDE8704005F0F4B9D80100100040034086
:109780002C200940000000202DE9F0412A4B012740
:1097900002462024187A1F72EFF3118C84F311888B
:1097A00054698C4202D18CF3118840E01D6A8F40CD
:1097B000002905EBC10648BF03F12C0648BF00276E
:1097C00092F82050012D26D1D2F800E0D2F84C803A
:1097D0005568C5F800E0D2F804E01568C5F804E063
:1097E000D8F80050454505D1D2F818E0DD6825EAE3
:1097F0000E05DD609D699542354601D1DE61356813
:10980000D5F804E01560C2F804E0CEF800206A60E4
:10981000DD683D43DD60D66497615161B1F1FF3F82
:10982000DCBF0021D961012119748CF3118803F088
:1098300039F92046BDE8F081D80400202DE9F84F21
:10984000FF2831D0264B0C4605464FF4BE21AF0011
:1098500004F0020843EA80004158C9B2914227D17E
:1098600021489A464FEA142947EA0006834605F044
:1098700031F80BF10101220C86F8009039430A708F
:1098800046F00201220E0A7005F0BCF9B8F1000F93
:1098900002BF45EA0A0004F00101017011480121EC
:1098A00081EA5801384316E04FF0FF30BDE8F88FE9
:1098B00000F5BE2024F0FF0162B9B8F1000F02BF2D
:1098C0002B4304F001041C70064B012484EA580465
:1098D0003B431C60114301600020BDE8F88F00BFCE
:1098E00000200240001A4442011008402DE9F041D6
:1098F000254E0546371804F0EDFF044697F84A0157
:10990000411C87F84A1128B1204605F07BF9002058
:10991000BDE8F081DFF8748018F8257007F03F008B
:10992000142898BFFFF7E2FF08EB8500458878B25E
:10993000B0F1FF3F0CDD78061FD41548006841697F
:1099400028468847284602F0F5FD0128FAD1DBE7D2
:109950000F4E3068C169284688473068416A2846FA
:1099600088473068C16A284688470A480121016053
:10997000094801688907FCD5C6E706EB8500D0F8E1
:10998000601101208847BFE700000020E0F20000DE
:10999000B80100102820086028200840F8B50546C6
:1099A0002248234E4168890705D40168F02242EA23
:1099B000114186F84D101F494FF001221F4F0A60D8
:1099C0001D49098839680968846820468847A001CC
:1099D00005D4E00103D5307840F0020030703868DB
:1099E000214642682846904704F0B8F81448154AC2
:1099F0000068C0F305311170C1054FF0130158BF65
:109A0000232140237354382101EA901000F560505F
:109A1000A2F85C003868816820468847022003F07D
:109A20003FFA094801210160F8BD00BFAC4F00506A
:109A30000962084004A40C4000A00C40F001001092
:109A40000C1400500EB00C40940460428B4208BFCE
:109A5000824207D9009A002A01D01060516000218B
:109A600000207047002B08BF002A10D1009A002A5E
:109A700001D01060516002000B0000210020002B7B
:109A800008BF002A1CBFC943C04300F090BDF0B519
:109A90001C4615460B46024600200021B4FA84F607
:109AA000202E04BFB5FA85F62036B3FA83F7202FAF
:109AB00004BFB2FA82F72037F61BB6F1200727BFA2
:109AC00005FA07F400257F42B4403EBF25FA07F7A8
:109AD0003C43B540A34208BFAA4201D3521BA34155
:109AE000404149416D0845EAC4756408761EF1D5C8
:109AF000059F002F01D03A607B60F0BDF8B5254F7F
:109B000005463E1804F0E6FE044696F84A01013880
:109B100086F84A01000637D11F4810F9251000EBDE
:109B200085004588CEB2B1F1FF3F0CDD70061FD431
:109B30001A480068816928468847284602F0D8FC00
:109B40000228FAD11AE0154F3868016A284688477A
:109B50003868816A284688473868016B28468847F4
:109B60000F48012101600F4801688907FCD505E015
:109B700007EB8500D0F860110020884706F03F0011
:109B8000142898BFFFF7BAFF204605F03BF80020E5
:109B9000F8BD00BF00000020E0F20000B801001096
:109BA0002820086028200840B5EE400AF1EE10FA9F
:109BB0003BD91E481EA29FED202A9FED234A8178A3
:109BC0000171012908BF043292ED001A002908BF73
:109BD000B0EE421A9FED192A90ED043A80ED021A78
:109BE00021EE022A02EE003A9FED150A80ED032ACB
:109BF0009FED142A83EE000A80ED043A20EE020A5B
:109C0000B4EE420A32EE403AF1EE10FA48BFB0EE3E
:109C1000434A84EE020A9FED0D2A80ED054A20EEAC
:109C2000020A80EE010A80ED060A70476C050020EA
:109C30006F12833B0AD7A33C6666FE413333534021
:109C4000403FCB4A0000C842000000000000FA4339
:109C50002DE9F8432DED028B054625480478012CAB
:109C60003FD1244E0F462D20002198469146B04703
:109C700041F2883003F0CAFE00EE105AB5EE008AB9
:109C8000202004F097FCC5F302212120B0472220B8
:109C90003946B04700EE109A232004F08BFCC5F340
:109CA00002212420B0475FFA88F12520B0474FEA0F
:109CB00018212620B0472A201021B0472B20402110
:109CC000B04727203F21B0472C209321B0472D20BB
:109CD0002221B04746F2A81003F098FE1020FDF7AD
:109CE00067F82046BDEC028B01B0BDE8F08300BFF1
:109CF0004C0500200FBE0000F8B50446106815465C
:109D0000D2E903720E466969206167612148AF6933
:109D10000068002F18BF38462063002908BF4FF4A1
:109D2000007162B1D31D11444FF0FF3023F00703DF
:109D30002063C91A21F00701C4E90A1308E00731BA
:109D4000082221F00701A16203F070F8E062F8B187
:109D5000D5E9010104F13803EA69666307C395F8A0
:109D60002000012884F8480003D10B4841690131E3
:109D7000416100206065204600F046FE08B10320E6
:109D8000F8BD054804F1080104F086FA0020F8BD8A
:109D90000120F8BD20C20020D804002070B505685D
:109DA0000446A96848690A301BD16B682046002226
:109DB0009847A8686FF009064661022003F048FA48
:109DC000E8682969884213D06B68E8680022C06996
:109DD000E860E86846612046E9689847E8684661B7
:109DE000EEE74869033008D100202861E86020E0F0
:109DF0000020E860A860286170BDE8682A69904288
:109E000011D06B68E868C069E86004F06FFDE9682C
:109E1000204600F057FF0028EED005F1E400BDE831
:109E2000704004F042BF0020E86028616B6804F0D5
:109E30005DFD0220BDE8704003F00ABAF8B5D0E934
:109E400001650446287904F01CFFD6F8CC20696926
:109E5000286852681268D16296F8F93013B9C3685D
:109E6000DB06FCD4436823F0020343602B69D36212
:109E70001943476A27F003074762C2F8041541698E
:109E800021F00101416101210162D6E93512D6F8C4
:109E9000C00001604AB1EB699B68C3F309139A42A1
:109EA00003D91144DA4311440160D6F8DC204AB1E9
:109EB0006B6A9B68C3F309139A4203D9DB431A44C4
:109EC00011440160204602F063F8287904F0A2F8FA
:109ED0002879BDE8F84004F0D6BE70477CB5012073
:109EE00004F09AFA01F0ECF900260DF10602442084
:109EF00011210123ADF8066001F0F0FC044630B1F9
:109F000044200A2143F23822012302F089FC174D34
:109F1000ADF8046060200C2100232C7001AA01F030
:109F2000DDFCBDF80410124A12FA81F1B1FA81F198
:109F3000490900EA0104012C11D10E4E60200021D4
:109F400000220023B0476020032140F60E020023C8
:109F5000B047602004214FF4E0620023B047287826
:109F60006C70204300F001007CBD00BF040600209F
:109F70007AFEFFFF21C80000F8B50C462249497857
:109F8000012918BFF8BD1E2801D3DD2807D34025BD
:109F9000002C18BF6FF03F052E46284620E0C2B2C5
:109FA0000A2564262746B2FBF5F1B2FBF6F36428D6
:109FB00001EB8101A2EB410103FB160226BF13480E
:109FC000C05C0020114B002CD2B2595C18BF802716
:109FD0003843B2FBF5F241EA0705995C41EA07060E
:109FE0000B4FC1B23420B847F1B23520B847E9B2BF
:109FF0003620B84701213A46002C18BF0F213720E0
:10A00000BDE8F840104700BF35060020C50101003B
:10A01000F5D7000022484078012818BF7047B5EEF8
:10A02000400AF1EE10FA26D49FED1E1AB4EE410A52
:10A03000F1EE10FA1FDAF8B5B2EE041AB6EE002A05
:10A040000A2200EE012ABDEEC20A10EE100A81B209
:10A05000B1FBF2F303EB8303A1EB43046423B1FBF5
:10A06000F3F101FB1300C0B2B0FBF2F5C8B238B196
:10A070000D49095C05E02D202D212D2202F004BBA5
:10A0800000210A4F3420B847074E705D40F0800130
:10A090003520B847315D36203A46BDE8F8401047D4
:10A0A000350600200000C842C5010100F5D70000B8
:10A0B00010EE100AC14311F0FF4F02D100EE000A6A
:10A0C0007047B0B500282ADDC10D2ED001227F399E
:10A0D000002462F3DF5001F0010200FA02F34FF0B6
:10A0E0008072002062B11519B5EB430FDCBF10443C
:10A0F000AC18C5EB4305C8BF5D0052082B46F1E71D
:10A1000000F00102002B18BF10440E4A02EA8151F0
:10A1100001EB600000F17C5000EE100AB0BDB5EE1E
:10A12000400AF1EE10FA06D1B0BD01210202CDD4F1
:10A1300001394000FAE704F04FFD9FED030A2121A9
:10A140000160B0BD000080FF0000C07F2DE9FC4130
:10A15000DFF888800646144698F8010040B30020D6
:10A160000F460DF1060208210023ADF80600ADF8F8
:10A170000400602001F0B2FB054647B101AA60204F
:10A180000921002301F0AAFBBDF804003880CDB1FD
:10A19000BDF80610002041F26F729142A8F8041039
:10A1A00088BF012088F8020006B131808CB911E027
:10A1B00016B1B8F80400308014B198F8020020708D
:10A1C000002507E016B1B8F80400308014B198F803
:10A1D000020020702846BDE8FC8100BF0406002074
:10A1E0002DE9F041044680681F4F206297F85E0019
:10A1F00001281DD197F85C00D0B91C480068006B9D
:10A200008047DFF86C80D8E910562A46334604F0C0
:10A2100049FAA0FB052300FB063301FB0531C8E921
:10A220001221B9687B6DBA689A1A411A91420ED907
:10A2300003F0C0FB01212175A2681044E06097F88B
:10A240005C00012808BF87F85D10BDE8F08101219E
:10A250002175A2681118181A8242E160F5D21046E1
:10A26000BDE8F04104F014B9180400208C0100107E
:10A2700018BF0020002840D02DE9F0418EB01F49C2
:10A280000AAE002503904FF0200808960595079127
:10A290008DF8185001A801210D901948EFF311878E
:10A2A00088F31188047A017280690C9002F082FDB3
:10A2B00014494A680D980160426010604860FFF7D9
:10A2C0008FFF0C9846620B960A96204687F31188FA
:10A2D00002F0E8FBEFF3118088F311880D990A680A
:10A2E0004B681A604A6809684A600D9580F31188C6
:10A2F0000C9845620EB0BDE8F04170473DE30000A8
:10A30000D804002018040020F8B5D0E901670546FC
:10A3100004F0E0FA0446D6F8C00098B396F8F810B6
:10A3200019B9007C0338012831D82846FFF786FD8B
:10A33000D6F8C00000220223016805463DB12F7CFB
:10A34000033F022F28BF2B742A606D69F6E732465F
:10A35000016052F8C81F21B10A4649690029FBD1A2
:10A36000143210600020C6E93000C6E93400C6E9A6
:10A370003600204604F046FC06F13000BDE8F84007
:10A3800004F093BC3868416821F002014160204626
:10A39000BDE8F84004F036BCF8B5204F0646144638
:10A3A0000D46387858B900200DF1030200218DF8D0
:10A3B0000300202002F046F928B301203870FF2066
:10A3C0000DF1020200218DF80200202002F03AF97E
:10A3D000C0B19DF802103F228A4339798A4206BFF4
:10A3E000BA701146B9783A71FA78F97006B13170DD
:10A3F0001DB182F0FF030B402B701CB181F0FF01F7
:10A4000011402170F8BD0EB1002030700DB1002058
:10A4100028700CB1002020700020F8BD3506002007
:10A4200010B52DED028BB5EE400AB0EE408AF1EE8C
:10A4300010FA04D5184803F095FCB1EE488ABCEE3A
:10A44000C80A9FED161AB6EE002A10EE100AB8EEF2
:10A45000400A38EE400A00EE012ABCEEC20A10EEB5
:10A46000104AE1087C2984BF0024013001F090FBF0
:10A470000B4803F077FC632C07D80A4803F072FC02
:10A48000092C02D8074803F06DFC2046BDEC028B76
:10A49000BDE8104001F07CBB8AF9000000007A445E
:10A4A000520001006EFF000070B50446B0F90E00C6
:10A4B000217A82B2890702D5217B1F290CD817493E
:10A4C0006368C96C51F820509D4218BF41F8203094
:10A4D0005142E181217B0BE0104BD3E9133545F864
:10A4E000204053F820600E4DAE4218BF43F8205074
:10A4F0000F2A03D90B4B6FF00F0204E0042A04D398
:10A50000094B6FF0030203449954217AC90718BF1D
:10A5100002F020F90020A06070BD00BF48030020B9
:10A52000297A000000E400E018ED00E010B541ECED
:10A53000100B43EC112B01F029F8002801D000206A
:10A5400010BD012010BD10B541EC100B43EC112BD8
:10A5500001F01CF8002801DB002010BD012010BD17
:10A5600010B541EC100B43EC112B01F00FF8002853
:10A5700001DD002010BD012010BD10B541EC100B15
:10A5800043EC112B01F0F2F8002801DA002010BD95
:10A59000012010BD10B541EC100B43EC112B01F064
:10A5A000E5F8002801DC002010BD012010BD704737
:10A5B00070B50568D5F8F81031B3D5F8582144685E
:10A5C0005668A16B20683268D162022103F090FFC7
:10A5D000D5F85801A16B154A40680068C0F8041509
:10A5E00091FAA1F112683068B1FA81F1926990474D
:10A5F0000446D5F8F800011B6879022806D105F158
:10A60000D00003F0C9F80BE000240CE0D5F8F4000A
:10A61000D5F8FC200A44401AC5F8FC20C5F8F4001F
:10A620000020C5F8F800204670BD00BFD40100101E
:10A6300070B5184B2021EFF3118081F31188174C6E
:10A640001548DA6C02609C64154C1A661C64154B44
:10A6500004689C4210D14268144B22F47F421A4491
:10A66000426081764FF40071C160D0F82C1221F065
:10A670004041C0F82C1270BD0B4D0024362CEAD09E
:10A680000E2C8EBF42F8245053F8246042F8246008
:10A690000134F3E74803002008ED00E00008000063
:10A6A00000380120000000004DDC00000000FA0529
:10A6B0002DE9F04186B0DFF8688098F8650060BB4E
:10A6C000012088F86500C8F80480C8F8008003F00D
:10A6D000F9FA144801AA114690E8F8000520F8C1DB
:10A6E00008F1100404901049204601F09DFCC8F8C0
:10A6F0004C4002F041FB0D48D0E9102347F6916031
:10A70000101A73F1000031BF4FF0FF30002047F600
:10A71000906103F0C7FFC8F8580006B0BDE8F081AB
:10A7200018040020C0FF0000D593000018BF0020CF
:10A73000C8B3B0B50446E430982103F0D4FF00203C
:10A740003D21C4E9600084F88801204603F0CBFF76
:10A7500004F14000892103F0C6FF04F1CC0015216B
:10A7600003F0C1FF04F5C6702C2103F0BCFF0120EB
:10A77000422184F8B80104F5DD7003F0B4FF0A4803
:10A780002021C4F8FC0104F5007003F0ACFF802523
:10A7900004F509701C2184F8205203F0A4FF84F80A
:10A7A0003452BDE8B0407047C800200310B52DED0D
:10A7B000028BB5EE400AB0EE408AF1EE10FA04D5F5
:10A7C000154803F0CFFAB1EE488ABCEEC80A9FEDF7
:10A7D000131AB6EE002A10EE100AB8EE400A38EE50
:10A7E000400A00EE012ABCEEC20A10EE104A632CA9
:10A7F00084BF0024013001F0CBF9094803F0B2FA1C
:10A80000092C02D8074803F0ADFA2046BDEC028BB4
:10A81000BDE8104001F0BCB98AF900000000C84250
:10A82000520001006EFF000010B51748016889074B
:10A8300026D417480468A00221D41648006800688E
:10A840008047C0F13E000722C1100729B8BFC210DF
:10A85000012000EB24718A42D8BF0A460E490968DC
:10A86000C1F30321891A0F29A8BF0F210129D8BFDD
:10A87000014641F0F000094981F84D00087810BD0B
:10A880000249C16010BD00BF10000940FD0000403A
:10A89000B44F0050EC0100100C1300500D62084042
:10A8A0002DE9F041D0E901480546D8F8000041689B
:10A8B00021F0020141602046FAF7D8FBD4F8CC0021
:10A8C00002F0B2FB04F1300004F0EDF994F8F80066
:10A8D00018B904F16C0004F0E2F9D5E901750D4EE8
:10A8E00095F83800B04795F83900B04795F83A0028
:10A8F000B04797F8FB00B04798F80C00FFF7FEF858
:10A9000004F11C0003F0C6FB002084F8FD00BDE844
:10A91000F08100BFE5CA0000F8B51A4901220446DB
:10A92000087A0A7254F8485F02F0BCF8A54208BFE2
:10A93000F8BD15484FF0FF31FEF7A0F82068134E20
:10A94000A0421AD0076881680569026843681A60E6
:10A95000426803685A602A686B681A606A682B68E4
:10A960005A60096811B1C06800B18847B0682946CB
:10A970001C22436898473846E2E70348BDE8F840A0
:10A9800000F094BED8040020FCC10020D8020020B2
:10A990001A494978012918BF7047B0F57A7F04D366
:10A9A0002D202D212D2201F06FBE70B50A226423C7
:10A9B000B0FBF2F1642801EB8101A0EB4105B0FB93
:10A9C000F3F101FB130305D298B2002100240A28F9
:10A9D00002D206E00A48415CD8B2B0FBF2F0084A65
:10A9E000145C084E3420B04735202146B047044857
:10A9F0003246415D3620BDE87040104735060020E4
:10AA0000C5010100F5D7000070B51A491A4A04467D
:10AA100001F076FC0146E061012051B3002184F889
:10AA2000200061626069B0F1FF3F1ADD60690121B9
:10AA3000124A01FA00F0A0616069157A1172116A78
:10AA400001EBC000E0642020EFF3118680F3118851
:10AA5000204603F041FD86F31188284602F022F8D3
:10AA600006E00648A16121462C30E06403F014FCA6
:10AA7000002070BD89DF000065CA0000D8040020F6
:10AA8000F8B5054616484BF2F521174E006800FB55
:10AA900001F714483C0A006800F44020B0F5802F0C
:10AAA00010D11248006880030CD4F0680068804719
:10AAB00002F054F83168C9688847C010390B484320
:10AAC00004EBE0342DB90A48006820F07F402044B0
:10AAD00044083069416C2046BDE8F840084700BF93
:10AAE00008400C40B44F0050E00100108C1300509F
:10AAF00010200940F8B5184D687808B9A87840B317
:10AB0000164E012411202C70B047154F4FF47A7067
:10AB1000B8470A20872101F053F942F21070B84774
:10AB20001A20B0470F48B8471120B0474FF47A7049
:10AB3000B8470A20072101F043F942F21070B847E4
:10AB40001020B0474FF47A70B84700202870204694
:10AB5000F8BD0024FBE700BF30060020BDC50000A3
:10AB60000DDA000020A107000022A8B3A1B32DE94F
:10AB7000F041D0F800ECD0F8084CD0F804CCAEEBA3
:10AB80000C05A54220D2D0F80C4C91E8EC010EF156
:10AB9000010104EA0E0404EB440400EBC40484E85D
:10ABA000EC01BFF35F8FC0F8001CA1EB0C01D0F8E3
:10ABB000102CD0F81C3C01329942C0F8102C88BFF0
:10ABC000C0F81C1C012205E0D0F8181C002201313D
:10ABD000C0F8181CBDE8F0411046704700B170473E
:10ABE000B0B51A4C606D58B340F2000CEFF3118011
:10ABF0008CF311882020EFF3118180F31188D4E9C0
:10AC00001850616DB1FA81F1C1F11F0100EBC10172
:10AC1000A94215D9086802680A6051600A688A4228
:10AC200004D1416A626D22EA0101616500F0E4FB32
:10AC3000616D29B1606EB1FA81F1C1F11F01E5E7E3
:10AC4000002084F85000BDE8B0407047D8020020D2
:10AC5000F0B540F6FF7C10F8013B0024082CFAD038
:10AC60000646DF0716F8015B0DD1477807F00F069F
:10AC70000336122E0DD190F90220D6B2B2F1FF3F69
:10AC800009DD03300DE001F8015B304601345B085B
:10AC9000E4E7023006E0C27806F07F06043046EAB8
:10ACA000C21612363F0947EA0512624508BFF0BDD9
:10ACB0002A013A44D543002EE8D04A5D013E0A708D
:10ACC0000131F8E770B56FF007024A61D0E9002062
:10ACD000CC6891E8680002F1D00C00689160C2F87D
:10ACE000DC40ACE86800D0F80468760642BF6FF03C
:10ACF0000800486170BD0126C0F810684FF4FF7667
:10AD0000098B06EA410145B1C0F80018591CC2F888
:10AD1000D0101978C0F8081805E041F00101012CA5
:10AD2000C0F8001801D1032100E00B2103F0A3FEBD
:10AD3000002070BD2DE9F0411C46174688460546A7
:10AD400003F091FDB8F1010F01DB804501DD002129
:10AD500002E005EB0801013927B12268531E236088
:10AD60002E23137030224346834205DD2768013BC2
:10AD70007E1E26603A70F7E74045B8BF8046B8F1BE
:10AD8000010F08DBA9420BD3226811F80109531EF9
:10AD900023601070F6E72068411E216030210170A9
:10ADA000BDE8F08130B3B0B50D465C21044603F038
:10ADB0009AFC2DB1204629461C2203F08DFF0DE0A0
:10ADC0000D480E490E4A0F4B0F4DA0610220C4E9F9
:10ADD0000253C4E9042120710C4820604FF08070B8
:10ADE0003C21E06104F1200003F07DFC0848606430
:10ADF000BDE8B040704700BF000016423333174231
:10AE00000000184233330D4200000C4270177C15CD
:10AE10000000C8417CB504460698362903DB0022B1
:10AE20000092174A0CE01646124A1D46124BE18169
:10AE3000126E52F821209A4207D0002200920F4A47
:10AE40000B4603F053FA01207CBD084601F060FC7C
:10AE5000287A29696A68A0602173C4E90026297DDF
:10AE6000012904BF0230A0602046FFF71DFB00202F
:10AE70007CBD00BF480300204DDC0000EEEF000069
:10AE800000F1000010B596B0184C2020EFF31181AE
:10AE900080F31188E06810B902F00EFEFAE7E0686E
:10AEA000216A134A0223B0FA80F0C0F11F00137523
:10AEB00001EBC002E26151F8300000212174A06171
:10AEC00040F2000CEFF311808CF311882020EFF397
:10AED000118180F3118803F0DBFBA16968461C3007
:10AEE0001C3102F003FF16B010BD00BFD8040020D3
:10AEF000480300200CB44FF07F4343F460034FEA53
:10AF00004102D21A1BD24FEA105040EA013010F52C
:10AF1000807024BF400801F580114FEA50200029BD
:10AF200048BF40F000404FEA4101490DB1F5607162
:10AF30000CD4FF290DD240EAC1500CBC7047DB4352
:10AF40001A40024305D0D8430CBC704700200CBC0B
:10AF5000704701F00041FF204FEAC05008430CBC8D
:10AF6000704770472DE9F041184F04460D46B86907
:10AF7000C66B2068B04214D004F10C080021404692
:10AF8000FDF77CFD28B9BDB140462946FDF776FDA9
:10AF9000C0B10121C4E90061387A397201F082FD43
:10AFA00007E0A06802280AD00128E5D160680130D6
:10AFB00060600020BDE8F0811020BDE8F0812D2008
:10AFC000BDE8F0819120BDE8F08100BFD8040020E9
:10AFD0002DE9F04198B060B3054602200C4600F020
:10AFE0002DF8002630B30DF13E072021B81C03F0E8
:10AFF0007AFB0DF11C082221404603F074FB40F659
:10B000000B600696CDE90466CDE90278ADF83E0006
:10B01000A01C019001A803F00BFA0646022000F0E4
:10B0200063FD3EB108F102012846224603F054FEBA
:10B0300000E00026304618B0BDE8F08170B5174D2D
:10B0400004462878012801D1686810B9FEF75CF938
:10B05000C8B1134803F0C8FD124E0B200121B047C0
:10B0600014200121B0470F200121B0472046FDF7F1
:10B07000A1FA28B1022C08D0012C0AD1A87805E049
:10B08000074802F09BF9002070BD0F20002103F05B
:10B090003FFB782003F0BFFD012070BDEC050020D0
:10B0A000E4C0002011E70000B0B5174C60682168CB
:10B0B00001EA000521EA0002680622601DD5134856
:10B0C000006800F44000B0F5000F03D1104800689C
:10B0D00002F0A4F8042003F033FC811E022905D2FB
:10B0E00001F04EFF022002F0B3F803E0012808BF90
:10B0F00001F046FF202002F0D7FA280648BF00F0F2
:10B100006DFFA560B0BD00BF90220840B44F005055
:10B110003C0600202DE9F0414FF02008EFF31181AB
:10B1200088F311880122144F11490D7A0A721149CE
:10B1300091F8506081F850200021104A3C7D39750B
:10B14000396D1268D2B251F82210886040F2000CBA
:10B15000EFF311808CF31188D1E900018847EFF3F8
:10B16000118088F311883C7546EA0520BDE8F0811E
:10B17000D8040020D80200204803002004ED00E09D
:10B1800010B52DED028BB5EE400AB0EE408AF1EE1F
:10B1900010FA04D5134802F0E5FDB1EE488ABCEE82
:10B1A000C80AB2EE041AB6EE002A10EE100AB8EE83
:10B1B000400A38EE400A00EE012ABCEEC20A10EE48
:10B1C000104A092C84BF0024013000F0E1FC06483D
:10B1D00002F0C8FD2046BDEC028BBDE8104000F037
:10B1E000D7BC00BF8AF9000052000100F0B5846AA4
:10B1F000631E13EA010518BF651B1342294408BFEB
:10B200001446A94201D20020F0BDA4F1010C00F1C6
:10B21000200213461268002AF5D01CEA020618BF65
:10B22000A61B57687518AF42F3D37C1BB01846B104
:10B23000AF4256600ED01368435001444C60116019
:10B24000F0BDAF4201D1116803E0126842500144E1
:10B250004C601960F0BD704770B50468616F59B3F8
:10B26000D4F8582145685668E96B28683268D1627D
:10B27000012103F03DF9D4F85801E96B0F4A406809
:10B280000068C0F8041591FAA1F112683068B1FAAB
:10B2900081F192699047616F091AE07C20B104F155
:10B2A0004C0001F089FE05E0206FA26F401A206774
:10B2B0005018A0670020606770BD00BFD401001067
:10B2C00070B588B0164E01243078012801D170681D
:10B2D00018BB05AD284603F0D1F92846012103F03B
:10B2E000A7FB2846012103F0F2FC0E48294602F094
:10B2F0004BF8284603F0E9FC01AD284603F0F0FACC
:10B30000002029468DF80C40FCF7A0F80446706038
:10B3100000281EBF012401203070204608B070BDF7
:10B3200010060020B8C00020B0B504460020164D1D
:10B33000206051EC100B21F00042AA421ED852EAC4
:10B3400000031BD00023B3EB125F0BD151EC100BA9
:10B350009FED0B0B53EC102B03F0ABFC21F00042E4
:10B360006FF0350303EB1252A2F2FE32226005F5B4
:10B3700000121140054A114341EC100BB0BD00BF53
:10B380000000000000005043FFFFEF7F0000E03F9F
:10B390001248417901BBB0B58AB001251049242279
:10B3A000457101AC204603F097FC4FF400708DF816
:10B3B00024500E4D0E492246002306900948059060
:10B3C0000020049008480190284602F0A3FC094898
:10B3D00045630AB0BDE8B040704700BFD802002006
:10B3E000DCFC0000A8B6002060FD0000D4BF0020F7
:10B3F00077EC0000D80400202DE9F047164C00211E
:10B4000000F12C03154D4FF0010A80F8281084F844
:10B4100050100ECBD4E91689276E2E7DC4E9170390
:10B42000A26585F814A0016340F2000CEFF31181CE
:10B430008CF31188D0E90532C16910469847202065
:10B44000EFF3118180F311882E7584F850A0C4E9C0
:10B4500016892766BDE8F087D8020020480300203F
:10B46000B0B5134D0124E86B01680120884701281D
:10B470001BD028683C21012200230024C5680D4808
:10B48000A84790B101F060FD0B480C490068D1E974
:10B4900000238860C01A0A4BA2EB92025843B2EB19
:10B4A000104F98BF020C01240A602046B0BD00BFB7
:10B4B000A401001000A00C4030200940CC05002061
:10B4C00040420F00B0B51448144D807B95F83911F7
:10B4D000084306D003F0FEF995F83B1121B103F0C3
:10B4E00091FB00242046B0BD012485F83B4103F0C8
:10B4F00089FB022002F078F80D20FEF7F7F90848E2
:10B5000001680029EED1074940220A604A60002103
:10B5100085F83A11C461E4E770FF000000000020E4
:10B5200004800C4038500C402DE9FF41144DD5E902
:10B5300000673879FEF7DAF903F0CCF90446307881
:10B54000B0B90DF10408404603F0EAF8B87979790A
:10B550000C4A434601950290301D01F0E1FA38682B
:10B560004FF0FF31C16208498160012131704160B3
:10B57000204603F047FB024804B0BDE8F08100BF5D
:10B58000E002010035EB000000180020F0B550EC9F
:10B59000101B154D20F000444A4275EB040206D3FF
:10B5A00052EC113B22F000465F42B54101D201202E
:10B5B000F0BD43EA010534432C4304BF0020F0BD35
:10B5C00012EA000406D4CC1A70EB020406DA4FF03B
:10B5D000FF30F0BD5C1A72EB0004F8DB59405040BC
:10B5E000084318BF0120F0BD0000F07F10B588B0FF
:10B5F00004460220FFF722FD20B300200B218DF826
:10B600001E408DF81F008DF81C00ADF81A00059043
:10B61000CDE903000DF11A008DF81D1002900DF117
:10B620001D00019003200090684602F001FF0446CF
:10B63000022000F059FA9DF81C00002C08BF4FF0C2
:10B64000FF3000E0FF20C0B208B010BD2DE9F04788
:10B65000054615488A464FF0FF394FF00008046848
:10B660006768BC421DD026462468307D0128F8D189
:10B670006DB1F06850450AD1306918B1306250445C
:10B68000F06001E086F81480D6E906108847307D26
:10B690000128E6D1F068A0EB0A00484538BF814692
:10B6A000DFE74846BDE8F08718040020B0B5164A29
:10B6B0000121147A11722022EFF3118582F311888F
:10B6C000024652F8143F93420FD01068036813608B
:10B6D00001745A60C16809B100220A758068294660
:10B6E00001F0D4FE85F3118808E0017CC90706BF8C
:10B6F000418A01310121418285F311882046BDE84C
:10B70000B04001F0CFB900BFD804002070B5144E8E
:10B710002021306EEFF3118581F31188716D726E07
:10B72000B1FA81F1C1F11F0102EBC101814210D9CF
:10B730000C480121047A01720B4802F058FD0020E8
:10B7400086F85000204685F31188BDE8704001F06E
:10B75000A9B9002086F8500085F3118870BD00BF9C
:10B76000D8020020D8040020D5BC0000F0B550EC71
:10B77000101B144D20F000444A4275EB040214D310
:10B7800052EC113B22F000465F42B5410DD343EA33
:10B79000010534432C4304BF0020F0BD12EA00042D
:10B7A00006D4CC1A70EB020406DA4FF0FF30F0BD7D
:10B7B0005C1A72EB0004F8DB59405040084318BF94
:10B7C0000120F0BD0000F07F40B3BCB5144D04462D
:10B7D0002878F8B100200DF1060200210123ADF810
:10B7E00006008DF80500442000F078F890B10DF1C6
:10B7F00005024420012100F025FF58B19DF80510F5
:10B80000BDF8060000F0C8FC84ED000A85ED020AD0
:10B810000120BCBDA86820600020BCBD002070478E
:10B820000406002010B588B002F07AFEFCF7C2FDD5
:10B83000FBF7D9FF00F0A0FE02AC204602F010FE9C
:10B840002046012103F0EEF820464FF4805103F02A
:10B8500006FA0520019001A9204602F005FF074ADB
:10B8600007A821460023FDF715FC204603F02BFA1C
:10B8700003F02AF8002008B010BD00BFED3600002C
:10B88000B0B5144DA969CC6B20640120A063616C34
:10B8900031B1D1E900238868096951649847F6E716
:10B8A0002046FFF739F8206B48B10121287A297228
:10B8B0000949CA69CC61226001F0F4F803E004F19F
:10B8C0001000FFF7F3FEE0684FF0FF31BDE8B04035
:10B8D000FDF75ABFD8040020D8020020B0B58AB0C6
:10B8E00014460246002024B3ADF82400CDE9070039
:10B8F000CDE9050002208DF827101D46049009A807
:10B90000ADF81C200390012002900DF1270001905A
:10B9100001A801F05FF960B19DF825209DF8241081
:10B92000002D13461CBF0B461146C9B241EA032144
:10B9300021800AB0B0BDFEE738B370B5044600F50B
:10B940004E650026243040F686412E6002F0CBFE84
:10B9500004F6AC40322102F0C6FE0C481E2168609D
:10B9600004F6E84002F0BFFE2046A4F8146DC4F8C7
:10B97000086DC4F80C6DC4F8106D01F034FC04F6C9
:10B980005C50882102F0AFFE70BD70470000754426
:10B9900000B5EFF3038212F0FF0F0DD06A46A2F15B
:10B9A000200282F309886FF0020E10604FF0807160
:10B9B000D1610B49916170475DF804EB694681F3F1
:10B9C000098880F308884FF00200EFF3148180F3B8
:10B9D00014880448016821F040410160704700BFAD
:10B9E000B8B9000034EF00E0F0B585B00B46002197
:10B9F0006A460A2405468DF8131002F1120195FBE0
:10BA0000F4F606EB8607A5EB4707002F48BF7F42F9
:10BA100030370935122D01F801793546EFD8B0F1EC
:10BA2000FF3FDABF2D2008700131541A184604F187
:10BA3000140203F051F904F1130005B0F0BD000049
:10BA40007CB5D0E90056002101243068C0F81018F8
:10BA5000C0F81C48684602F04BFE0C49D5F820217E
:10BA600030680968002A0B68019918BF01229847BD
:10BA70003068074A00F5026102EA411301F07041A3
:10BA8000194411440C63C0F804487CBDAC0100109B
:10BA9000E0FFFF012DE9F041ADF5027D0C46816824
:10BAA00005460DF10A00B1F1FF3FDCBF0621A96098
:10BAB000D4F8008001AAFAF787FB019FAA68234601
:10BAC0000646394601F0F8FB206839462346804592
:10BAD00006BF2868C0F3C00201223046FFF72AF9EA
:10BAE0000DF5027DBDE8F08110B504460F48104900
:10BAF0000A68D20601D50130FAD3022C04D0012CF9
:10BB000006D10C48807800E00F20012102F000FEF1
:10BB1000782003F080F8022C02D10120FCF74AFDC6
:10BB20000548BDE8104001F049BC00BF30F8FFFFF8
:10BB30000C000040EC050020E4C000202022EFF3C0
:10BB4000118182F3118890F82820012A02D181F313
:10BB500011887047F0B50D4A012492F8503082F8F0
:10BB60005040466B456A776806604760386080F8E9
:10BB70002840546D2C435465706081F31188BDE8F2
:10BB8000F04003B17047FFF7C1BD00BFD8020020ED
:10BB900010B3B0B586B000210A2303AA58B1B0FB98
:10BBA000F3F404EB8405A0EB450040F03000505462
:10BBB00001312046F2E750180023421E68469942A0
:10BBC00004D012F80149C4540133F8E7002242546A
:10BBD00002F0C8F806B0B0BD014802F0C3B800BF1B
:10BBE0006EFF0000B0B501F0B7FC0E4C0E4D1420F6
:10BBF000611CA8470A202146A84709202146A847DA
:10BC00000A490820A847B92000F08CF8084C1420F5
:10BC1000A0470A20A0470920A04708202146BDE8E8
:10BC2000B040084700640020FFEB00000220002025
:10BC3000E5CA0000B0B50446C8B10D4620464FF431
:10BC4000147102F050FD35B104F5107029460C2234
:10BC500003F042F808E00848C4F848020748C4F86E
:10BC600044020748C4F840022046FEF761FD002C5C
:10BC700018BF01242046B0BD32001905320064000F
:10BC8000FA002600002218B311B3D0F804CCD0F883
:10BC9000003C63451CD0F0B5BFF35F8FD0F80C3C7F
:10BCA00003EA0C0303EB430300EBC30393E8F44004
:10BCB00081E8F4400CF101010122BFF35F8FC0F86D
:10BCC000041CD0F8141C0131C0F8141CBDE8F0406D
:10BCD00010467047B0B5124CD4E91851606DB0FAF7
:10BCE00080F0C0F11F0001EBC001086802680A6023
:10BCF00051600A688A4204D1416A626D22EA0101F8
:10BD00006165FFF779FB606D40B1616EB0FA80F05C
:10BD1000C0F11F0001EBC001A942E6D8B0BD00BFD1
:10BD2000D8020020B0B504461420002102F0F0FC37
:10BD300007250A20002102F0EBFC681C0FD024FA32
:10BD400005F000F00101092002F0E2FC0A200121C7
:10BD500002F0DEFC082002F05EFF013DE9E714205E
:10BD6000012102F0D5FC4FF42F70BDE8B04002F085
:10BD700052BF7CB5002815460C460646009248BFC7
:10BD8000404200210A226423F6F748FB06F109002D
:10BD9000122808D804F0DF00502804D02868411E7B
:10BDA0002960302101702868411E29602B21002E56
:10BDB00048BF2D2101702868411E296004707CBD98
:10BDC000B0B588B0044601200D46FFF737F9E0B161
:10BDD000002044F040018DF81F508DF81E000590A2
:10BDE000CDE903000DF11A008DF81D1002900DF140
:10BDF0001D00019003200090684602F019FB01200D
:10BE0000FFF772FE322001F001FE08B0B0BDB0B500
:10BE100088B0044602200D46FFF710F9E0B10A2071
:10BE20008DF81F508DF81E408DF81D0000208DF8F4
:10BE30001C00ADF81A000590CDE903000DF11A00C1
:10BE400002900DF11D00019003200090684602F061
:10BE5000EFFA0220FFF748FE08B0B0BD70B500F160
:10BE60002003856A1C46204624680CB18C42FAD314
:10BE70006E1E0C6001601640A5EB060518BF2A4433
:10BE80004A603CB15518A54204D1D4E900452A4482
:10BE9000C1E90042984207D043681C188C4203D184
:10BEA00009681A444260016070BD00000D4890F8B6
:10BEB0002810C90714D1F8B5012180F8281002F024
:10BEC000C3FD00200949019007480290081A039019
:10BED000074801A900F032FF06498860BDE88F409D
:10BEE000704700BF48030020501A0020509A0020DD
:10BEF0008CC00020D802002010B50E480078B0B1E8
:10BF00000D4801F019FC0D4C204601F0B3FE0C4821
:10BF1000046101F0E7FD40F2000CEFF311808CF3B7
:10BF2000118802F0ABFEBDE81040FEF7ABBF02F097
:10BF3000C5FC00BFD802002069C4000010C1002069
:10BF4000480300200E480F4A0F4B016882580068D2
:10BF50000340D0B20D4A7F2888BF0020934207D10A
:10BF6000090F022906D307D0032901D1153004E0B7
:10BF7000FF2002E00A2000E00B3040B2704700BF13
:10BF80001813005088FDFFFF00F0FF0F0010B40BE6
:10BF90007FB5D0E90154204601F00BFF20684168CD
:10BFA00021F002014160416921F00F01416103214B
:10BFB000016202A802F09CFB074995F8F93095F858
:10BFC000FA202068D5E9396509680C680399CDE93C
:10BFD0000065A0477FBD00BFC4010010B0B502F0EE
:10BFE00079FC044602F0F4FD0028FBD0032001F0A8
:10BFF0002FF90B48002180F83811204602F002FE8C
:10C000000848816802200D4688470446102001F048
:10C010004BFB24B103202946BDE8B0400847B0BD22
:10C020000000002070FF0000B0B54161002180F8E1
:10C03000281092E83A00C0E9063401611169C0E9AC
:10C040000B11691C08BF052505620121A940416249
:10C0500007494A6E02EBC502426301F148024060A3
:10C06000006000F10801104602F016F90020B0BD92
:10C07000D80200202DE9F0414768044602F02AFC6E
:10C0800005464FF00008D7F8C8609EB17169706826
:10C09000C6F81480C7F8C81001F040FF284602F027
:10C0A000B1FDD7F8BC2020463146904702F012FC83
:10C0B0000546E8E72846BDE8F04102F0A3BD10B50B
:10C0C00003780A788BB182B1A2F1410401310130C9
:10C0D0001A2CA3F1410438BF42F020021A2C38BFB9
:10C0E00043F020039A1AEBD00CE0A2F141001A2889
:10C0F000A3F1410038BF42F020021A2838BF43F0B4
:10C1000020039A1A104610BD2DE9FC479846AAB1A3
:10C1100015460E46074600244FF0FF3A0DF104097C
:10C1200031192A1B38464B46CDF800A0F9F7FAFB27
:10C1300001990C4428B96D1AF2D102E000246FF085
:10C140000900B8F1000F18BFC8F80040BDE8FC872F
:10C1500010B58AB0144602460020DCB149BAADF8E9
:10C160002400CDE90700CDE905000220ADF8261036
:10C17000049009A9ADF81C20CDE902010DF12600BB
:10C18000019001A800F026FD20B1BDF8241009BAE5
:10C19000090C21800AB010BD70B560F3132104466C
:10C1A000084601F0E7FF05460E46200B012101FA83
:10C1B00000F0002101F040FC2A46334602F079FDF0
:10C1C0009FED050B53EC102B02F073FDFEF792FE72
:10C1D00000EE100A70BD00BF000000E0552B433F89
:10C1E00081B0B0B587B000250B930C4605920D4B7E
:10C1F0000495002918BF0121611ACDE90201084800
:10C200000BA90691009005A802AAF5F769FC0CB1EC
:10C2100002990D7007B0BDE8B04001B0704700BF93
:10C2200079D60000E9E30000B0B52021EFF31184D6
:10C2300081F3118801250B49CA6A0D604069B0F588
:10C24000802F98BF4FF4802002EB104048610648D1
:10C25000232100680268002090470448056084F3A9
:10C260001188B0BD042009408401001080022443DD
:10C2700010B50446D1E9000289680828E26198BF38
:10C280000820A062431E134003D0C31A1A44C91ADF
:10C29000E261B1FBF0F1484304F11001606205482E
:10C2A00001F0FAFFE069616A0022026020624160E9
:10C2B00010BD00BF200600202DE9F843DFF83890BC
:10C2C0000546984617460E46484601F05DFB044673
:10C2D000284631463A46FEF789FF0746484621463A
:10C2E00002F0D6FA2FB9054A40462B46009601F0D7
:10C2F000FDFF3846BDE8F88338C1002061EF00003B
:10C3000070B5D0E90A43BE251CB103F8015B013CBE
:10C31000FAE7D0E90A34D0E90D56C06B043B23F0AC
:10C3200003032344074C43E9022143E90405602148
:10C33000FF2243E90646A3F17804204602F0CEF935
:10C34000204670BDC1E40000B0B5104C0025257436
:10C35000E06810B901F0B0FBFAE7E068216AB0FAD2
:10C3600080F0C0F11F0001EBC000E169884209D9EB
:10C37000E061A169026801F11C0002F11C01A261E7
:10C3800001F0B4FC207C0028E1D1B0BDD80400202D
:10C3900010B5FEF74DF901F0BDFEFFF787FD0B4824
:10C3A0000B490C4C016094F8440010B9012084F84A
:10C3B0004400FEF77DF901F085FC01F0BFFCFEF7BB
:10C3C000E7FF01F02FF80120207010BD1CC20020F3
:10C3D00018BF0020D80200200CB54FEA41034FEAF5
:10C3E0005353B3F54073FF3B44BF00200CBDD3F162
:10C3F0001F030FD94FEAC12242F0004222FA03F292
:10C400000B2B3EBF1533D840024300294CBF50428E
:10C4100010460CBD00294FF0004058BF401E0CBD17
:10C4200070B50D46044602F055FAD4E901128A426D
:10C4300004D102F0E7FB4FF0FF3070BDE3682268E3
:10C440000133B3FBF1F606FB11315554E160A168ED
:10C45000626901319142A16088BF0A46626102F0BF
:10C46000D1FBA06870BD00000C48032290F850106A
:10C47000012180F850100A4802750A4A137A117295
:10C48000006948B110B5084C204602F095FA2046E4
:10C49000BDE8104002F096BA704700BFD8020020F5
:10C4A00048030020D804002063AF0000F8B50D4811
:10C4B0000D4D0E4F0126046804608CB1B4FA84F06F
:10C4C000696880F01F0006FA00F251F820109443CA
:10C4D0000029F2D057F820205203EED58847ECE728
:10C4E000F8BD00BFE02002405400010000100840E9
:10C4F0000F49C3070A68496D01D1002106E001F028
:10C50000040102F00103C91818BF0121830744BFC9
:10C5100002F0020341EA5301400744BF02F0040065
:10C5200041EA90010220002918BF0120704700BF96
:10C53000402108400F49C3070A68496D01D1012114
:10C5400006E001F0040102F00103C91818BF01213F
:10C55000830744BF02F0020301EA5301400744BFCE
:10C5600002F0040001EA90010220002918BF012016
:10C57000704700BF4021084070B502F0ABF9044697
:10C580000B48017821B12046BDE8704002F03ABB6B
:10C5900001210170074805780748002DF3D00646B1
:10C5A00056F80C1B89688847013D3046F5E700BF07
:10C5B0004C060020CF02010000010100B0B588B098
:10C5C000044601200125FEF739FDB8B100208DF8A1
:10C5D0001F408DF81E000690CDE904000DF11E00ED
:10C5E00003900DF11F00CDE9015001A801F020FFDB
:10C5F0000120FFF779FA322001F008FA08B0B0BD47
:10C600000F4A10F8011B53185B78DB06F9D42D296B
:10C6100018BF2B2901D1027801E001380A46431CDA
:10C620000020303A092A06D800EB800002EB4000D7
:10C6300013F8012BF5E72D2908BF4042704700BFD2
:10C64000E0EC000010B58AB0144602460020CCB1E0
:10C650008DF82710CDE907008DF82600CDE90500FB
:10C6600001200DF12601ADF81C200490CDE9020156
:10C670000DF12700019001A800F0ACFA10B19DF86F
:10C68000261021700AB010BDF8B50D460C49497846
:10C69000012918BFF8BD0B4E1446B0470A4F01469A
:10C6A0003420B8472846B04701463520B8472046D1
:10C6B000B047014636203A46BDE8F840104700BF73
:10C6C000350600205DD90000F5D70000F8B50D4E05
:10C6D00004460D4F306E50F82100B84201D00020C2
:10C6E000F8BD0A480D4624300090204601F028FC91
:10C6F0000028F4D0306E50F82500C01B18BF20462B
:10C70000F8BD00BF480300204DDC0000D802002027
:10C7100010280FD310380E4A0123410900F01F00E2
:10C7200002EB810103FA00F0D1F8F020C1F87001AA
:10C73000104070470F281CBF002070470448016854
:10C74000026822F00202026001F00200704700BF9E
:10C7500010E000E010280FD310380E4A01234109E1
:10C7600000F01F0002EB810103FA00F0D1F8F02085
:10C77000C1F8F000104070470F281CBF0020704720
:10C7800004480168026842F00202026001F00200FF
:10C79000704700BF10E000E000B170472021EFF3C8
:10C7A000118081F311880B494A6D3AB180B580F34D
:10C7B0001188FEF7ABFFBDE8804004E0002281F85D
:10C7C000502080F3118804490122087A0A7200F08F
:10C7D00069B900BFD8020020D80400202DE9F0413B
:10C7E00015468846074600205821002200262B4681
:10C7F00000F01CFB78B1394642462B46044601F056
:10C8000089FA08B1264606E0044821465822806885
:10C810004368984700263046BDE8F081D8020020E2
:10C8200080B58AB08DF825101146002B08BF090A83
:10C830008DF8271018BF120A8DF826200021CDE9A7
:10C840000711CDE90511CDE903110321ADF81C0055
:10C8500002910DF12501019101A800F0BBF90AB088
:10C8600080BD00000B4801688907FCD50A480121FA
:10C870000A4AD0F83C0101284FF0010008BF2020EF
:10C880000823906100201060054803604360116038
:10C89000704700BF58600C400000002000400C4072
:10C8A00038500C4040F00201022918BF70477CB597
:10C8B0000A4D0B4C80B27022042329684E68009008
:10C8C00020460021B0472868002170227023D0F84C
:10C8D0000CC0204602B0BDE870406047A4010010C3
:10C8E00000A00C400C4A1278012A11D1094A127892
:10C8F00082420DD9094A0029094B18BF0A4600EBAC
:10C90000400103EB810053F82110CB681146184712
:10C9100000207047CF0201004C06002000FD0000FF
:10C92000000101000B480C499FED0C1A00229FEDFD
:10C930000C2A90ED020AC0E90421B5EE400A81EE0E
:10C94000001AF1EE10FAC8BFB0EE412A80ED062AB7
:10C95000704700BF6C0500200000C8420000FA4389
:10C9600084927B4198B10A490A4AC0E9072108210B
:10C97000094A01834FF07A51C0E904214FF46171F3
:10C98000818106498160012101710549016070477B
:10C990009A99193F9A99193E000020413333D33FA9
:10C9A0006666263F012917D010B5B0F90E40002C5D
:10C9B00048BF64422046FFF7ABFE0848084AC16CF6
:10C9C00051F82430934218BF41F82420006D002113
:10C9D00040F82410BDE81040704700BF4803002015
:10C9E0004DDC0000B0B50C46002100F12005C4E983
:10C9F0000111416A0A48216000F0C6FF01462D6816
:10CA000045B16868D4E9012302448342626038BFBB
:10CA1000A060F4E70248BDE8B04001F039BF00BFB4
:10CA200038C1002070B52020EFF3118480F3118805
:10CA300009480068006B8047084AD2E91556084A41
:10CA4000D2E9102384F3118801F02CFE281AB04299
:10CA500088BF002070BD00BF8C01001018040020AA
:10CA600018BF002070B50E480121047A0172856953
:10CA70002020EFF3118680F31188284600F09AF900
:10CA8000032085F82000284600F0B2F986F31188CB
:10CA90006D602D602046BDE8704000F003B800BF17
:10CAA000D804002000B1704710B50C4C2020EFF3E3
:10CAB000118180F31188207C012805D1084890F865
:10CAC000500008B9FFF740FC0020207240F2000C33
:10CAD000EFF311808CF3118810BD00BFD804002043
:10CAE000D8020020FF2817D0B0B5044601F04CFC56
:10CAF0000A4D286850F82410204602F080F8686833
:10CB000050F8241011B1002140F82410A868002129
:10CB100040F82410BDE8B040704700BF5400010049
:10CB2000BBB12DE9F04786B0DFF82CE0EC46664655
:10CB30009EE8B00786E8B007D3E900451B7A8DF878
:10CB40000830634601940495FFF7C0FD06B0BDE8C8
:10CB5000F0870023FFF7BABDFCFE000070B50D4B57
:10CB60001B3800FB00F193E87000DB6801FB00F26A
:10CB700083FB0223C6FB0123C5FB0023100919090F
:10CB800040EA0370001941EBE471000C40EA0140F7
:10CB900070BD00BFDC0500207CB50C4D0C4C0021A5
:10CBA0004FF4C07207232868466802200090204690
:10CBB000B047286800214FF4C0720723D0F80CC09A
:10CBC000204602B0BDE87040604700BFA4010010DD
:10CBD00000A00C4070B5044600209CB10A4E71685C
:10CBE00081B10A4D284601F0FFFF7068214641F2ED
:10CBF0008832FAF765FD0446284600F0DFFBB4FAF8
:10CC000084F0400970BD00BF10060020B8C00020AD
:10CC100080B58AB08DF82510090A8DF82720120AF0
:10CC20008DF8241000218DF82620CDE90711CDE9DB
:10CC30000511CDE903110421029109A9ADF81C00E9
:10CC4000019101A8FFF7C6FF0AB080BD10B50A48E0
:10CC50000A490B4A0B4CC0E9022102210171817083
:10CC600016200021A04706200021A0470720002110
:10CC70002246BDE8104010476C050020D044583CC7
:10CC80006F12833B11E7000080B5012001F0B8FB73
:10CC9000012001F0C1FB1620012101F039FD47F20E
:10CCA000305000F0B3FE04480449054AC0E90221AF
:10CCB00000210171817080BD6C05002048E1D142E6
:10CCC0006666FE410C484078012818BF704710B5D1
:10CCD0000A4C34200021A04735200021A0473620EF
:10CCE0000021A04737200021A04724200021224610
:10CCF000BDE81040104700BF35060020F5D7000002
:10CD0000BCB5054600200C460DF10602ADF8060044
:10CD1000ADF804003A202946FFF71AFA68B1681CFA
:10CD200001AA81B23A20FFF713FA30B1BDF804002E
:10CD3000BDF8061041EA00402060BCBD10B50446B5
:10CD40000848002908BF01462046FFF791FA064827
:10CD50000649074A074BC4E902102046C4E90032DD
:10CD600010BD00BF54010100E5C90000D3EC000074
:10CD700009D70000B9C2000010B588B001AC0A495B
:10CD80001C22204601F0A8FF0020094A002123466A
:10CD90008DF810000A20039002208DF8040003484B
:10CDA000FAF7B4FD08B010BD9CFD000018BF0020CC
:10CDB00061EA0000B0B50D49CA68036844682360A1
:10CDC000436804686360C46C83692568A54204BF36
:10CDD0009A43CA608A69824204BF0022CA61012262
:10CDE0000A74022180F82010B0BD00BFD8040020D2
:10CDF00090F84800012818BF704710B52020EFF3C5
:10CE0000118480F31188074841690139416105D1D6
:10CE1000054884F31188016A0020884784F311884B
:10CE200010BD00BFD804002048030020F8B50E460E
:10CE30000B4900281C468D68314618BF05462F68EF
:10CE40002846002A08BF0822B847074628B9054ADD
:10CE500020462B46009601F049FA3846F8BD00BF3F
:10CE6000D802002077F0000010F1240FD8BF6FF037
:10CE700023001B28A8BF1B2003210F222430A1EB75
:10CE8000101122EA000022FA01F14FF6FF7222FA95
:10CE900000F040EA014001490860704718A00C40CA
:10CEA000B0B50A490A4A0B4B0C684D68AC42FCD13C
:10CEB000844208BFB0BD155C145DAC424FF0FF3535
:10CEC00038BF01252C441C5D0C60EDE700600C4070
:10CED000E8020100EC02010010B50A4C00212068B4
:10CEE000426801209047206801680120884708B106
:10CEF00000F02AF804480068E068006880470349A9
:10CF0000C86010BDE001001030200940CC050020B1
:10CF100010B50A490A4C0860D1F8980040F00300A7
:10CF2000C1F898002068816920208847054800687A
:10CF30002068806BBDE81040004700BF8C2108408E
:10CF4000B80100102C20094010B50A480B4C01888C
:10CF5000C907094907D14FF00122226000880868FB
:10CF6000BDE810400047086880474FF0807020609F
:10CF700010BD00BF00A00C408000001004A40C40B5
:10CF80007CB50B4D0B4C00214FF040521C23286800
:10CF90004668032000902046B047286800214FF4DF
:10CFA000007209234568012000902046A8477CBDF7
:10CFB000A401001000A00C40F8B50C46054601F095
:10CFC00089FC2B1D6E690ECB8F1AA74238BF3C46D9
:10CFD00022442344B24288BF16466E61B3FBF1F689
:10CFE00006FB1131C5E9022101F00CFE2046F8BD17
:10CFF00070B50668054601F06DFC0446707A70B99C
:10D0000001207072284600F067FC686801F0C2FCDD
:10D010002846FBF749FC2846002100F0B7FE2046D1
:10D02000BDE8704001F0EEBDF8B5D0E9006501F053
:10D0300051FC0446307870B1287901F0A9FB012831
:10D0400006D1286800274760301DF8F70FF83770C1
:10D050002879FCF753FD2046BDE8F84001F0D2BD29
:10D06000C2B110B58AB0044600208BB1CDE90700EB
:10D07000CDE9050001208DF82710CDE90323ADF897
:10D080001C4002900DF12700019001A8FFF7A2FDBE
:10D090000AB010BD0020704798B1B0B5094A0A4BDC
:10D0A00000215C2442F24255C0E90011C0E902159A
:10D0B000C0E90444C0E90832044AC0E90623BDE8D7
:10D0C000B04070476666B641CDCCCC3FA470B1414C
:10D0D00070B504460B4801210160D4E91001D4E980
:10D0E0001623851841EB0306280C40EA064100F0A0
:10D0F0000BF8D4E91623D4E9060150346CC4BDE81A
:10D10000704008470420094010B50C4601F024FD8A
:10D110000A498A69A31A0632B3F1004F07D894422C
:10D12000134688BF2346121B48BF23461A460A608F
:10D1300000B110BDBDE8104001F012BD182009403B
:10D1400070B50948094C84420BD0094D094EB542CF
:10D1500007D0F5E8020110F8012B54F8222090477F
:10D16000F5E701F0A8FD70BD600501005405010060
:10D17000A0050100E805010004B54200120E0DD023
:10D18000FF2A0ED002F56072C10F42EAC1220146A9
:10D1900048074902090B41EA025104BD0021002061
:10D1A00004BD01464002C90DC900C91D090504BDE1
:10D1B000B2B110B586B09368062B03D35C1C01D0C6
:10D1C00000200BE0002404930194D2E90034D268DB
:10D1D000CDE90234059201AA01F066F906B010BD4E
:10D1E000002201F061B9C0B1B0B5044600F5546544
:10D1F00000F61850282101F076FA00204FF07E51F9
:10D20000C5E90010C5E90200C4F8540DC4F8580D72
:10D21000012084F8500DBDE8B040704708490A4B22
:10D22000421808499A42096808D801F44001B1F54A
:10D23000000F03D105490968496C0847704700BFD2
:10D240005C8F82FFB44F0050B71E0500F001001044
:10D2500070B50B4D04462E1801F03CFB96F84311B7
:10D26000013986F84311090605D10121AA68A140B8
:10D2700022EA0101A96001F0C5FC002070BD00BFD9
:10D28000000000202DE9F04106460A4815460C46EC
:10D2900000278046BC4209D0D8F80020E95D3068FC
:10D2A0009269904708B10137F4E73C462046BDE853
:10D2B000F08100BFD0010010F8B51C4615460E469F
:10D2C000471801F0D0FA012DB8BFF8BD7119012936
:10D2D00001DB814201DD302102E0791911F8011CE6
:10D2E0002268013D531E23601170ECE710B50A4916
:10D2F0000122087A0A720949CC6944B12268CA61DC
:10D30000FFF7D0FB2046BDE8104000F0FBBABDE8B7
:10D310001040FFF7C7BB00BFD8040020D802002090
:10D3200070B50A4C12200021A047152001210125CB
:10D33000A047074E1E2001213570A0474CF2503007
:10D34000757000F063FB012070BD00BF11E70000A5
:10D350006C0500200A484078012818BF704710B5B6
:10D36000084C34200021A04735200021A04736205A
:10D370000021A047372000212246BDE81040104779
:10D3800035060020F5D70000F8B500220A4BC0E9A9
:10D3900000228262002918BF0B461968CDE90122DC
:10D3A0000392816001210C308DF8041001AA00F075
:10D3B00075FC002004B080BD0C010100B0B50B4924
:10D3C00001250C7A0D7289690268C96B8A4208D1FD
:10D3D000416800250139416003D140F80C5BFEF73C
:10D3E00065F92046FFF75EFB2846B0BDD804002053
:10D3F000B0B50B4A0023156C946CC0E901452A783E
:10D4000041B1BE2A06D1691C631C11F8014B013BD6
:10D41000BE2CFAD00360B2F1BE0018BF0120B0BD2F
:10D42000480300200B4890F8641089B9012180F866
:10D4300064102021EFF3118281F311884FF0FF3146
:10D44000C162016C826C21F0070111440839C1638B
:10D45000704700BF48030020B0B504468260816178
:10D4600000201D462075D3E9010120610648E161D5
:10D47000214600F011FF2878012818BFB0BD2046D2
:10D48000BDE8B04001F062B81804002070B50B4A46
:10D49000D368C56C84696E6823430560466030605C
:10D4A0006860D360012380F820301374202081F35A
:10D4B0001188EFF3118180F3118870BDD80400202A
:10D4C0000A48083880F308880948016841F4700167
:10D4D000016000BF00BF01F0F0FB08B1FFF730FEB4
:10D4E00001F086F8002001F083FB00BF004001201E
:10D4F00088ED00E080B58AB08DF8261000218DF807
:10D500002720CDE90711CDE90511CDE9031102214D
:10D51000ADF81C0002910DF12601019101A8FFF761
:10D5200059FB0AB080BD10B52021EFF3118481F3BF
:10D530001188017C02290CD10268816843681A6055
:10D540000022027442680068426008462146FFF7E4
:10D550009DFF84F3118810BD80B50A49142001F0A5
:10D560004EFB1420002101F0D3F8012001F053FB01
:10D570001420012101F0CCF84FF40C70BDE880407C
:10D5800001F049BB01640020BFB5044653B100203F
:10D590000190D3E901500390187802958DF80400AA
:10D5A00001AB00E0034B2046FFF756FF204604B0D6
:10D5B000B0BD00BF60010100FF2808BF7047B0B5D3
:10D5C0000D46044601F086F90649C5F3024311F8F9
:10D5D000242002F0F8021A4401F82420BDE8B040EB
:10D5E00001F010BB02100840B0B50446012000FA5B
:10D5F00004F501F06FF907498A682A438A602144DB
:10D6000091F84321013281F8432101F0FBFA002017
:10D61000B0BD00BF0000002007480068C00608D465
:10D6200006480749006808400649884204BF0120AF
:10D6300070470020704700BFB04F0050501300509B
:10D6400000C4FF3F00C0071CB0B50024094D21F005
:10D650000041404275EB010023F000414FF0000013
:10D6600038BF0120524275EB010138BF012420432D
:10D67000B0BD00BF0000F07F70B50D4614460146F6
:10D68000D5E9012082420BD9161AB44238BF26468A
:10D690002868324601F020FB2968A86831442960D7
:10D6A0002044A860204670BDB0B50446094805680E
:10D6B00055B1A868204205D0D5E9033220460021A3
:10D6C000984718B92D68F3E70020B0BD4FF0FF3040
:10D6D000B0BD00BF000000209EB0094C012184F8BD
:10D6E0003010616B09B969466163FBF767FC032081
:10D6F000207504480068C0B20F2800D2FEE7FEE79C
:10D700004803002004ED00E02DE9F041DFF824801B
:10D71000064614460D46404600F036F907463046A8
:10D7200029462246FEF79AFB40463946BDE8F041BD
:10D7300001F0AEB838C1002010B50A4B2022EFF33B
:10D74000118182F311881A6C072A04DCDC6B44F81F
:10D750002200501C1864002081F31188082AB8BFE9
:10D76000012010BDD802002070B50A4D04462020CB
:10D77000EFF3118180F31188286C461E701C01287C
:10D78000B8BF70BDE86B50F8261020468847013EB0
:10D79000F4E700BFD8020020B0B50C46054601F002
:10D7A00099F8D5E901122B69A24238BF1446121B21
:10D7B000AA601A19B2FBF1F303FB1121296101F0F0
:10D7C00021FA2046B0BDF8B50C46054601F082F8B6
:10D7D000EA6895E8C2000132B2FBF6F303FB1625B6
:10D7E0002944216001F00EFA701BF11B814238BF01
:10D7F0000846F8BD80B58AB08DF827100021CDE924
:10D800000711CDE90511CDE903110121ADF81C0087
:10D8100002910DF12701019101A8FFF7DBF90AB090
:10D8200080BD68B1B0B50D4640F6E451044600F045
:10D830005AFF20462DB12946242201F04DFA02E07C
:10D840007047FFF78FF82046BDE8B040FEF774B888
:10D85000002804BF002170474CBF404200464FF0F3
:10D860001F014CBF41F4406141F48061491E4000FA
:10D87000FCD34FEA015141EA103100057047000026
:10D8800006480122017A027205480160054890F8B5
:10D89000501080F85020044801607047D8040020E0
:10D8A00018C20020D802002054B40020F8B50C465D
:10D8B000D0E90016002701F14C053068013C47F122
:10D8C00000018269D20606D429B10068C1B2284697
:10D8D000FEF7A6FDF1E7F8BDD0E900100A6C5AB1D9
:10D8E00091F84410090707D501684FF480624A6433
:10D8F0008A6B42F480628A630068816B41F0400168
:10D900008163704710B50446103000F02BFB2046B1
:10D9100050F80C1F09B100F00DFC044821465022BC
:10D9200080684368BDE81040184700BFD802002057
:10D9300010B5094C6275E181002141F26F72A37547
:10D9400084ED041AA08184ED010AC4ED020A90421C
:10D9500088BF0121217510BDA0050020A0F1300174
:10D96000C9B2092904D80749084410F8300C704797
:10D970002D38C0B24C288EBF00200149085C70478A
:10D9800034F30000C5010100B0B5094D0446A1689B
:10D99000A869814204BF0120B0BD04F10C004FF022
:10D9A000FF31FBF76BF8A869A0600020B0BD00BF95
:10D9B000D804002010B52020EFF3118480F31188E3
:10D9C00005480068006B8047044AD2E9102384F3BD
:10D9D000118800F067FE10BD8C01001018BF0020F8
:10D9E00000B1704710B5074C207C012805D10648CE
:10D9F00090F8500008B9FEF7A7FC00202072BDE89F
:10DA000010407047D8040020D802002080B5094992
:10DA1000884206D301F0E0F8162101604FF0FF3094
:10DA200080BD09300A21B0FBF1F00130FCF722FC87
:10DA3000002080BD40420F00002804BF002970472D
:10DA400004B53F2212F58062521E490041EAD071AE
:10DA50004FEA4000F8D3000B40EA0150090B41EABD
:10DA6000025104BDB0B5056802200C46FFF7F0FB7B
:10DA700064B1D5F8EC000021B1EB107F06D1042091
:10DA8000FFF7E6FB4FF0FF30C5F8EC00B0BD4FF0FC
:10DA900080410A4689088242FBD810B500214AB16C
:10DAA000541802EB5103A04234BF4B08001B194627
:10DAB0009208F4E7084610BD81B040F2000CEFF385
:10DAC00011808CF3118800200090009810B9009804
:10DAD0000130F9E72020EFF3118180F3118801B0C4
:10DAE000704700000648006940B180B5054800F065
:10DAF00063FF0548BDE8804000F064BF704700BF89
:10DB0000480300200DE2000071E3000070B5D0E989
:10DB1000006500F0DFFE0446F06830B1284601F0F1
:10DB200017F8B0686FF0090141612046BDE8704008
:10DB300001F068B8B0B50D46044600F0CBFED5E95B
:10DB4000001211B14A606A6800E06260002A18BFE2
:10DB500014462160BDE8B04001F054B880B5FFF72D
:10DB60005BFD60B10648006881034FEA00414FF059
:10DB7000000058BF0816BDE88040FFF775B980BDAA
:10DB8000B44F005080B50648064900680840064971
:10DB9000884204D1FEF7D6F91328C8BF80BDFEE73E
:10DBA0001813005000F0FF0F0010B40B80B5B2F551
:10DBB000803F06D301F010F8162101604FF0FF30CE
:10DBC00080BD034B11461A4600F068F8002080BD66
:10DBD0006C01010010B54AF2C571441A054938BFFD
:10DBE000002400FB01F1044838BF481CFCF742FB4D
:10DBF000204610BDA086010021F9FEFFB0B50B78CC
:10DC0000DDB20378DBB25B1BB3FA83F464092DB198
:10DC100024B101300131013AF1D100E004B1002317
:10DC20001846B0BD70B50446006C04F144052CCD17
:10DC3000A0FB010602FB0161C6184D41300C40EA11
:10DC40000541FFF761FAC4E9146570BD1EF0040FC9
:10DC500014BFEFF30980684685462DE9F00F68464A
:10DC600071467446024A904768462146FEE700BF67
:10DC7000F1E7000010B5074A04460C30012100F01E
:10DC80000DF800202146A0600348BDE8104000F0D8
:10DC900003BB00BF6C0101001806002010B54182D3
:10DCA00003461430012100249861C3E90241117830
:10DCB0001974586102481946BDE8104000F0ECBAEA
:10DCC00028060020084890F86C1001B17047012127
:10DCD00080F86C10406E00213029F7D04218526055
:10DCE00042500831F8E700BFD80200202DE9F04F7C
:10DCF0002DED108BC0F800D0D1F800D0BDEC108B0A
:10DD0000BDE8F08F00BF00BF00BF00BF00BF00BF75
:10DD100000BF00BF10B504460748002A08BF0246EE
:10DD20002046FBF7E9FF20B101462046FBF776FCD1
:10DD30000024204610BD00BFDCFC0000084890F81D
:10DD4000381001B17047012180F83810006A0021B5
:10DD50003029F7D04218526042500831F8E700BF2E
:10DD6000D804002078B1BCB504460748856945B1A0
:10DD7000204600F07FFD024601AB2846214600F018
:10DD800064FDBDE8BC407047B0030020B0B5056835
:10DD900002200C46FFF728FC54B1D5F8EC00002116
:10DDA000B1EB107F04D10420BDE8B040FFF71CBCEC
:10DDB000B0BD0068C168490701D58168FAE7022152
:10DDC000C0F88010C168C90702D1D0F88C10F9E7FB
:10DDD0000021C0F8801070470648006948B110B5AE
:10DDE000054C204600F0E8FD2046BDE8104000F05C
:10DDF000E9BD704748030020735E0000B0B50C46D3
:10DE0000054600F067FD0021216069680029616016
:10DE100008BF29460C606C60BDE8B04000F0F2BE5F
:10DE200080B50548012100684268012090470348F9
:10DE300003490068486080BDE001001030200940BF
:10DE4000CC0500201CB5064980B24FF47F42082360
:10DE500009684C68009003483021A0471CBD00BFF2
:10DE6000A401001000A00C401CB5064980B24FF47C
:10DE7000F802122309684C68009003480421A04767
:10DE80001CBD00BFA401001000A00C401CB5064939
:10DE900080B24FF40032112309684C6800900348A7
:10DEA0000421A0471CBD00BFA401001000A00C402D
:10DEB0001CB5064980B24FF440620A2309684C68D9
:10DEC000009003482021A0471CBD00BFA401001002
:10DED00000A00C4050B14AB110B5044608300EC045
:10DEE00021460448FFF78AFF002010BD6FF00200B2
:10DEF000704700BF0000002010B5074904461720F6
:10DF000000F07DFE1720214600F08EF9172000F06A
:10DF100047FA012010BD00BF0240012080B507492B
:10DF20000138884205D80620FFF792F90420FFF750
:10DF30008FF90220BDE88040FFF78AB9FEFFFF0F8E
:10DF40001CB504460498002B0090054808BF034602
:10DF50002046FCF75FFF002818BF002420461CBDA8
:10DF6000FCFE000000F11401816141612021EFF30A
:10DF7000118281F311880168436819604168006863
:10DF8000416082F31188704710B5074C207C01284E
:10DF900008BFFEF7D9F90020207240F2000CEFF321
:10DFA00011808CF3118810BDD8040020F8B50C4600
:10DFB000054600F08FFC95E8C2002D6929442160D8
:10DFC00000F020FE701B874238BF3846F8BDBCB554
:10DFD000046825790DB9A4792CB14FF0FF34009471
:10DFE000F7F7A0FCBCBD02B0BDE8B040FEF78CB8AE
:10DFF0006BB110B50130D2B20C78944200F8014CEC
:10E0000004D001300131013BF6D1002010BD0020C9
:10E0100070470000102809D31038012200F01F01BA
:10E02000400902FA01F1024A42F82010704700BF8D
:10E0300080E200E005484FF482510068002804485F
:10E0400048BF4FF441510160704700BFAC4F0050D2
:10E0500028A10C4005484FF480510068002804486E
:10E0600048BF4FF440510160704700BFAC4F0050B3
:10E07000A8A00C4080B505480068FEF78DFB044859
:10E080000068BDE88040FEF70DBD00BF54B400201D
:10E0900018C20020B0B5044600F01CFC0546044838
:10E0A0002146FFF747FD2846BDE8B04000F0AABD75
:10E0B000000000201FB5044600200390CDE90100B8
:10E0C00001208DF8040001AA2046FFF7E7FD204655
:10E0D00004B010BD04480549054AC0E902210121E8
:10E0E00001718170704700BF6C050020022B873DD5
:10E0F0000AD7A33C68B110B54FF44261044600F062
:10E10000F2FA7F208021C4F8081CC4F80C0CBDE88A
:10E1100010407047F8B501A80021FFF769F9039A8C
:10E120006846BE218242009228BF8FBD1170009ABE
:10E130000132F7E710B50446006800F00BF8044818
:10E14000216858228068436898470020206010BDED
:10E15000D80200202021EFF3118281F31188816819
:10E16000C3681960C16883685960002182F311880F
:10E17000FBF754BA002804BF0021704701001F219B
:10E1800011F58061491E4000FCD3090541EA1031B8
:10E19000000570471CB504686479022C02D1F9F7B8
:10E1A0005DFD1CBD049C049402B0BDE81040F8F76E
:10E1B0002FBB60B1002200F6F8418A600A60A0F827
:10E1C000042D80F8AC2DA0F8AA2DC0F8F02C7047D3
:10E1D00060B159B1D0F8102C0A60D0F8142C4A6004
:10E1E000D0F8182C8A60D0F81C0CC860704710B5A5
:10E1F000EFF31484002C1CBF002181F314888047A6
:10E20000002C1CBF022181F3148810BD10B5054CF1
:10E210002069FFF7B9FBA16801B9E060481CA06064
:10E2200010BD00BF48030020FF2807D0044A5268F1
:10E2300052F820308B4218BF42F82010704700BFC0
:10E2400054000100002201284FF0000004BF40F2FA
:10E25000EE204FF47A72022908BF0246104670473A
:10E2600010B500210024FAF709FC28B900F0B4FC2D
:10E270000B214FF0FF340160204610BDB0B5054DB5
:10E280000024022C08BFB0BD55F82400804701349B
:10E29000F7E700BF500301002022EFF3118382F360
:10E2A0001188086042684A6042681160416083F3E7
:10E2B0001188704710B504460448002A08BF02467A
:10E2C0002046FDF7B1FE204610BD00BFC0FF000094
:10E2D0002021EFF3118281F311888168C3681960EE
:10E2E000C1688068416082F3118870470549243114
:10E2F000884208BF704718B10099C0E900238160C7
:10E30000FEE700BFD8020020D0E90010002200681C
:10E31000C0F810280122C0F81C2801F1E40000F028
:10E32000C4BCB8EEC00AB8EEC11AB8EEC22A20EEDC
:10E33000080A21EE081A22EE082A704710B520219B
:10E34000EFF3118481F3118880682146FFF79EF86E
:10E3500084F3118810BD00000446FFF73DFD03481B
:10E3600003210175204600F043FC00BF4803002054
:10E37000044881680139816018BF7047D0E90310F3
:10E3800000F086BA48030020FF2806D0034911F8A0
:10E39000202002F0FB0201F8202070470210084004
:10E3A000FF2806D0034911F8202042F0040201F8AA
:10E3B0002020704702100840022807D0032804D10B
:10E3C00080B5F9F761FD002080BDFEE7FDF77AB862
:10E3D000044890F8411119B1D0F86C0100B1004720
:10E3E000704700BF00000020D1E901329A4204D2F8
:10E3F0000A68531C0B6010708A6801328A6070478B
:10E4000010B504461520214600F082F90148047039
:10E4100010BD00BF6C05002010B504461E2021462B
:10E4200000F076F90148447010BD00BF6C05002073
:10E4300028B101460348406808B100F00DBC002037
:10E44000704700BFEC05002004494978012918BF36
:10E45000704700F00F013720FFF7CCB935060020D8
:10E4600070B504494FF400728A6091E87C007CC06A
:10E47000002070BDB805002040B1D0F8001CD0F8D5
:10E48000040C081AB0FA80F0400970470120704768
:10E49000B0B50C46054600F0DDFA02484465056556
:10E4A000B0BD00BF1804002080B5044B2433FFF733
:10E4B00001FF4169002908BF084680BDD80200203D
:10E4C00000BF00BF00BF00BF0498804700980199BB
:10E4D000029ADDF80CE0104710B52021EFF311840B
:10E4E00081F311882146FEF7D1FF84F3118810BD16
:10E4F000B0B50C46054600F0EDF9A96CA143A9643E
:10E50000BDE8B04000F07EBBB0B50C46054600F05B
:10E51000E1F9A96C2143A964BDE8B04000F072BBE9
:10E5200080B5F9F70FFBF9F745FFFDF75BFBBDE899
:10E530008040F7F748BE2020EFF3118180F3118867
:10E54000B1FA81F081F311884009704710B520219C
:10E55000EFF3118481F31188FBF742FE84F31188F5
:10E5600010BD00000349096821FA00F000F0010025
:10E57000704700BFC0200240FF2803D0024A9268C3
:10E5800042F82010704700BF54000100042805D154
:10E5900080B51046FDF754FABDE880400020704772
:10E5A000D9F8CC10D8F8140049680968D1F80425C6
:10E5B00002427047B8EE400A20EE080ABDEEC00ADB
:10E5C00010EE105AE9B23047002000212190A9F83E
:10E5D000101009F14000282100F085B8042805D169
:10E5E00080B51046F9F7E2FDBDE880400020704795
:10E5F0000349002912BF01C900200021FDF712B90B
:10E6000028040100F0B50349043191E8FC00FCC086
:10E61000F0BD00BF6C05002003498A7882421EBF0E
:10E6200000224A7088707047EC05002003498A6810
:10E6300082421EBF00224A7088607047EC050020AD
:10E640000349CA7882421EBF00224A70C8707047D0
:10E65000EC05002028B1F0B5024991E8FC00FCC0AF
:10E66000F0BD7047A00500200968052904DC0129D8
:10E67000A2BF0160002070471620704710B5034903
:10E6800091E81C001CC0002010BD00BF0C0101005F
:10E6900010B5034CE06BFDF77BF90020E06210BD84
:10E6A0004803002040B584B002AE0096FBF7CEF9D7
:10E6B000029A039B04B040BD80B5C868496B006CEA
:10E6C0008847BDE88040FDF7DBB810B500239A42CB
:10E6D00008BF10BDCC5CC4540133F8E70B461146AB
:10E6E0001A4600F0DCB80A46002100F0D8B8000055
:10E6F0000249D1E90012C0E9001270474803002026
:10E700000249896851F82000704700BF5400010099
:10E71000FF281CBF014A8154704700BF00200240FF
:10E720000121002201724FF0FF31C0E90021704742
:10E7300002484FF000410160704700BF00A10C404B
:10E740000248016841F0030101607047242208403B
:10E7500002480068C0F30720704700BF30A00C409B
:10E7600002480068C0F38440704700BF04A00C401A
:10E7700002480068C0F38120704700BF20A00C4011
:10E78000024840210160FFF74BBB00BFA8A00C402E
:10E790000249084490F84A01704700BF0000002079
:10E7A00010B50023541E80E81E00C0E9043310BDDC
:10E7B00000214FF0FF32C0E90011C0E9022170478B
:10E7C00000680121806900F0080081EAD0007047EC
:10E7D0000278914203D00AB10130F9E70020704776
:10E7E000024901220A60D0E90601084704200940D5
:10E7F0000249012281F83020FEF76EFF4803002015
:10E80000002142580431002AFBD1081F80107047B4
:10E8100080B50A46D0F803101046FFF764FF80BDAC
:10E82000234603958DF804500295FEF7ADBE99F886
:10E83000EE0C013089F8EE0CC0B27047B0EEC77A2A
:10E84000B4EE467AF1EE10FA70471CB54FF0FF3483
:10E850000094FFF79FFC1CBD80B54FF0FF31FAF725
:10E860000DF9002080BD0021425C0131002AFBD15E
:10E87000481E70470021425C0131002AFBD1481E2E
:10E88000704780B5FFF77CFFBDE88040FDF7A6BB71
:10E8900001B17047002181600C30FCF707BF0023F5
:10E8A0009A4208BF7047C1540133F9E70B46D0F8CC
:10E8B0000320C11D184600F00FBA0000014801787E
:10E8C000FDE700BFD80200200148C069004700BF33
:10E8D000480300202021EFF3118081F31188704755
:10E8E0000021C0E90011C0E9021170474869B0FA7F
:10E8F00080F042092046184702460B4650464146E2
:10E9000000F0D7B990ED000B51EC100B00F0D1B92D
:10E91000142089F805A089F80E00704702460B46BE
:10E920002046314600F0C5B902460B4628465946F6
:10E9300000F0BFB902460B463046414600F0B9B977
:10E940000149096809680847E001001001490968A0
:10E95000C96A0847B801001001480068006800470C
:10E96000E80100100148006840680047E801001015
:10E9700001488068704700BF000000200149202244
:10E9800000F0AAB900FD00000068016B21F480715D
:10E99000016370470068016B41F4007101637047C7
:10E9A0000068016B41F480710163704701492422C2
:10E9B00000F092B970FC000001490860704700BF88
:10E9C0004406002001490860704700BF4806002047
:10E9D00001488078704700BFEC050020014800F036
:10E9E000AEB800BFF001002001488078704700BF3A
:10E9F000300600200148C078704700BF3006002074
:10EA000001484078704700BF300600200148407838
:10EA1000704700BF4C05002001480078704700BFD8
:10EA20004C05002001298EBF16200161002070478F
:10EA300002298EBF162001600020704780B5104665
:10EA4000FDF7A6FA002080BD0148FFF713B900BF0B
:10EA500038C1002001460148FFF7E4B818BF002084
:10EA60000148C06CFDF76AB818040020002101704D
:10EA7000C0E901117047C0F80418022000F0CBB8BB
:10EA8000CDE9000A2846F7F7CFBAB4EE410AF1EE15
:10EA900010FA7047202000212246FDF7D3BD204602
:10EAA00029463246FBF778BC54EC105B2A462346D5
:10EAB0007047404651461C2200F00EB9B4EE410AA0
:10EAC000F1EE10FA704720464FF4805100F0C7B8BD
:10EAD000B4EE432AF1EE10FA7047B4EE443AF1EE88
:10EAE00010FA7047B8EEC00A80EE280A3047B4EE3C
:10EAF000454AF1EE10FA7047B4EE400AF1EE10FA12
:10EB00007047B4EE408AF1EE10FA704702460B46A9
:10EB100020462946704700214FF0FF32FAF720B80F
:10EB20004068002180F8FD10704780B5F9F7A6FF16
:10EB3000013880BD406801210068C164704780B51C
:10EB4000FCF7B4FD002080BD0068803000F0A9B85B
:10EB500000680421FFF78FBFEFF3108072B6704793
:10EB6000EFF3108062B670473A46334600F0A1B822
:10EB700040465146F7F702BF53EC102B00F099B80E
:10EB800053EC102B00F095B8BDF90600FEF760BEFF
:10EB900053EC102BF7F797B822462B46F7F793B8AC
:10EBA0001C213830FFF79FBD21460023FAF772BAC7
:10EBB0005246434600F07DB8002089F8EE0C7047BD
:10EBC00000902046FFF750BD20460121FFF72ABFE5
:10EBD00080B5FCF745FC80BD00487047400600202A
:10EBE00040686C3000F05DB84FF0FF31FCF7BAB907
:10EBF000FEF7BAFDFCF79FFE002101757047002269
:10EC0000FAF71CBE80F3118870470220FEF720BB84
:10EC10000220FEF7E9BC0138FDD170472046FFF71E
:10EC2000F1BF2B4600F045B80D46FFF7A3BA2046CA
:10EC3000FFF716BC3346F7F746B85846FFF7E2BF72
:10EC40000298FEF705BE2846FDF739BA20EE280ADD
:10EC500038470D46FEF7FCBD026812691047816017
:10EC6000002070470021FDF79DBEC0B2FBF7B6BF84
:10EC7000000AFEF7B5BEFFF701FBFCE70020FDF739
:10EC80008BBDFDF745BDFDF765BDFEF725B9FEF768
:10EC90003FB9FFF7C5B8FEF713BC80687047FFF7B0
:10ECA00061B9FCF703BDFFF713BBFCF747BFF8F7EB
:10ECB00087BAF9F77BBDFDF76BBBFAF755BA0020B1
:10ECC000704700207047002070470020704759208F
:0CECD0007047012070470000FFF7F7BC00
:10ECE0000080808080808080808090909090908054
:10ECF0008080808080808080808080808080808014
:10ED00008018040404040404040404040404040433
:10ED100004020202020202020202020404040404C7
:10ED20000404434343434343414141414141414141
:10ED300041414141414141414141414104040404B7
:10ED400004042323232323232121212121212121E1
:10ED50002121212121212121212121210404040417
:10ED60008000000000000000000000000000000023
:10ED70000000000000000000000000000000000093
:10ED80000000000000000000000000000000000083
:10ED90000000000000000000000000000000000073
:10EDA0000000000000000000000000000000000063
:10EDB0000000000000000000000000000000000053
:10EDC0000000000000000000000000000000000043
:10EDD0000000000000000000000000000000000033
:10EDE00000F30FED21F910E7DCC8F139E52D10E152
:10EDF0002A06D1F808361C130E011F28213414DB13
:10EE0000E0FE10190801C10F1F0D0C33EF1D072B79
:10EE10001405E02111CFEE32E9D3B81C2BE9F3F948
:10EE2000C812F007F7F2F9E91F3230F80BFFD417D8
:10EE300005232AF6EE2503F01016E9FB1717F3F960
:10EE4000E10E0AF90FF82CEC28FCD616CE15E00ED0
:10EE500018EFEBE9F609FF1B7A0718FFFAE920081B
:10EE60000AF5EF03F1FBFA11E1F5F43B0CDA15E6D4
:10EE700003F42FEC2E1EEDE8EB0414F5F4CEAC0EEB
:10EE80001BF8F6DDCBF423FDD5CBD6E108DE23EE6F
:10EE90000FED07420DCEC8D1E1F312043ADB47076C
:10EEA000F8FAF510EA081DF221E1F107FDFFE6EBA3
:10EEB0001FD700E325FAF80FFA1B00E83D07FE0212
:10EEC000D810F1E9DB38220BFE2AD404EC0B351103
:10EED000080BF8F4EB0D09F5E0EDE6E01200E3DCD9
:10EEE00018E3460EFAEAEA501C2128F2D429EF264C
:10EEF0002010FED3FFFE1719E4041129FBF404DCF3
:10EF0000F11DE71C08DB12C9E8FA1E0FFBDED21167
:10EF1000EB0DE9E9DC25F12B1A1608EAEDFADBEF37
:10EF20000CF702F73E6D0605BBE64BFF05051E0517
:10EF3000DFF03BD0F7F2E421E91FF31D0C0B0FEFDC
:10EF40001913D3F11EF301DD07F300CA240E3B6051
:10EF5000391AFF25F8F60DD70C06CE120616261F15
:10EF60003C6F7574206F66206D656D6F72793A2005
:10EF700068616E646C65203D20307825782C2073A4
:10EF8000697A653D25752028433A2F74692F736986
:10EF90006D706C656C696E6B5F6363313378785F3D
:10EFA0006363323678785F73646B5F385F33335FE7
:10EFB00030305F31362F6B65726E656C2F746972FD
:10EFC000746F73372F7061636B616765735C74690D
:10EFD0002F73797362696F732F68656170732F483F
:10EFE0006561704D656D2E633A313534290048777F
:10EFF0006920616C726561647920646566696E651B
:10F00000643A20696E7472232025642028433A2FC5
:10F0100074692F73696D706C656C696E6B5F636387
:10F02000313378785F6363323678785F73646B5F0F
:10F03000385F33335F30305F31362F6B65726E650A
:10F040006C2F746972746F73372F7061636B6167B3
:10F0500065735C74692F73797362696F732F66616E
:10F060006D696C792F61726D2F6D332F4877692E22
:10F07000633A33393729006F7574206F66206D65E8
:10F080006D6F72793A20686561703D307825782C13
:10F090002073697A653D25752028433A2F74692FBE
:10F0A00073696D706C656C696E6B5F636331337827
:10F0B000785F6363323678785F73646B5F385F3391
:10F0C000335F30305F31362F6B65726E656C2F7435
:10F0D0006972746F73372F7061636B616765735CFE
:10F0E00074692F73797362696F732F72756E7469A7
:10F0F0006D652F4D656D6F72792E633A3738290033
:10F10000696E746E756D3A202564206973206F7581
:10F1100074206F662072616E67652028433A2F74F1
:10F12000692F73696D706C656C696E6B5F636331B9
:10F130003378785F6363323678785F73646B5F38F7
:10F140005F33335F30305F31362F6B65726E656CC5
:10F150002F746972746F73372F7061636B616765A9
:10F16000735C74692F73797362696F732F66616D55
:10F17000696C792F61726D2F6D332F4877692E631B
:10F180003A33383929000008000000000000F03F41
:10F19000000000000000F03F000000000000F03F11
:10F1A000000000000000F03F000000000000F03F01
:10F1B000AE47E17A14AEEF3F000000000000F03FE0
:10F1C0005839B4C876BEEF3F000000000000F03FA1
:10F1D000000000000000F03F560E2DB29DEFEF3F03
:10F1E000D7A3703D0AD7EF3F000000000000F03FBA
:10F1F000AE47E17A14AEEF3F000000000000F03FA0
:10F20000000000000000F03F0000000080845E412C
:10F210000000000080844E410000000080843E41D8
:10F220000000000080842E4100000000B27C1E41DE
:10F230009A999999314E0E41000000008084FE4059
:10F240000000000080C3EE4033333333538CDE4084
:10F25000000000008084CE40000000008084BE409A
:10F260009A9999999984AE406666666666849E40CE
:10F27000CDCCCCCCCC848E40CDCCCCCCCC847E4000
:10F280003333333333836E400010004015000000E9
:10F29000FF00000060C100202000000080C10020AD
:10F2A0002000000000000000020000000300000039
:10F2B000FF000000FF0000002018002010180020B0
:10F2C0000400000002000000050000001000000023
:10F2D0000F000000110000001200000000020000FA
:10F2E0008E0000008E0001008E0002008E000300E0
:10F2F0008F0000018F0000028F0000038E000104C8
:10F300008E0000058E0008048E00000489000006AF
:10F31000500000007F0001003F0004003F00020099
:10F320003F0001007F0002008E0002048E000102F7
:10F330008E000101400000000000000000000000FD
:10F340000000000000000000777C395E79713D7696
:10F35000061E003800545C7300506D783E000000BB
:10F360006E00000000000800777C585E79713D74E3
:10F37000061E003800545C7300506D781C000000BD
:10F380006E5B494E49545D20536861726564205339
:10F39000504920427573204D616E61676572202867
:10F3A0004144533132393252204D6F64652031204F
:10F3B0002F204144584C333632204D6F6465203045
:10F3C000292E2E2E20007B2274797065223A226528
:10F3D0006E76222C227077725F6D41223A33312E85
:10F3E00038302C227077725F6D57223A3130342ECC
:10F3F00039342C227077725F7374223A302C226D6C
:10F400006F6465223A307D0D0A007B227479706545
:10F41000223A22656E76222C227077725F6D41222D
:10F420003A302E3030342C227077725F6D57223A8A
:10F43000302E3031332C227077725F7374223A325F
:10F440002C226D6F6465223A307D0D0A0020202049
:10F45000536D61727442414E20416C6C2D696E2D6A
:10F460004F6E65204D756C74692D546872656164CA
:10F4700065642054492D52544F5337204669726DAC
:10F48000776172652020202020202020200D0A0096
:10F490002020205461726765743A20434332363528
:10F4A000325231204C61756E6368506164202B20AC
:10F4B000536D61727442414E20536869656C6420DB
:10F4C00052657620332E3520202020202020202039
:10F4D0000D0A007B2274797065223A22656E7622CD
:10F4E0002C227077725F6D41223A302E3032302CF0
:10F4F000227077725F6D57223A302E3036362C22CA
:10F500007077725F7374223A312C226D6F646522BA
:10F510003A307D0D0A003D3D3D3D3D3D3D3D3D3D8B
:10F520003D3D3D3D3D3D3D3D3D3D3D3D3D3D3D3D0B
:10F530003D3D3D3D3D3D3D3D3D3D3D3D3D3D3D3DFB
:10F540003D3D3D3D3D3D3D3D3D3D3D3D3D3D3D3DEB
:10F550003D3D3D3D3D3D0D0A003E3E20494D55207F
:10F5600053746174696320477261766974792043CA
:10F57000616C6962726174696F6E20436F6D706C4B
:10F580006574652028312E30303067204E6F726DE3
:10F59000616C697A6564292E0D0A00002201000061
:10F5A0009F0C00008EFFFFFF18FDFFFF47070000C4
:10F5B000FEFFFFFF201000003B040000300A0000A7
:10F5C000AF040000350200009EFCFFFF5402000063
:10F5D0004606000022040000550B00000000004019
:10F5E00017FF0000000000000400FFFF08000000FB
:10F5F000100000004018002030180020401A0020A1
:10F60000301A00200A000000090000000C00000071
:10F610000B00000009080AFF0A00000020202D3E10
:10F62000205461736B5F54656C656D657472795FAE
:10F63000554920285072696F7269747920312C20E5
:10F6400053747265616D696E67202620434C4929A9
:10F650003A2052554E4E494E470D0A0020202D3E6D
:10F66000205461736B5F53656E736F72735F536C7D
:10F670006F7720285072696F7269747920322C205C
:10F680003120487A20506572696F646963293A2095
:10F6900052554E4E494E470D0A000DF80D0040E8F8
:10F6A0000C068925D8C2F7E8F2EC033B09D5D21441
:10F6B000733A101200E893FC32E04ABA28E914C405
:10F6C000281AF032FD07130EDED4D80091392A0D26
:10F6D000E4E73711FDF1422C256C752C25752C259E
:10F6E000752C25632C25752C256C752C256C752C9B
:10F6F000256C752C256C752C256C752C252E326689
:10F700002C252E32662C252E32662C252E31660DA8
:10F710000A005B494E49545D205549204472697680
:10F72000657220285043414C363430384120362D04
:10F73000427574746F6E2026204348343535482056
:10F74000446973706C6179292E2E2E20005B494E1E
:10F7500049545D205265676973746572696E6720EC
:10F76000414453313239325220445244592043618A
:10F770006C6C6261636B202844494F203233292E20
:10F780002E2E200020202D3E205461736B5F494DAA
:10F790005520285072696F7269747920332C203299
:10F7A0003520487A20506572696F646963293A2070
:10F7B00052554E4E494E470D0A0020202D3E2054F2
:10F7C00061736B5F45434720285072696F7269749B
:10F7D0007920342C204452445920556E626C6F635A
:10F7E0006B6564293A2052554E4E494E470D0A002A
:10F7F0005B494E49545D20506F77657220526169B4
:10F800006C732028312E385620454E2C2049324327
:10F8100020536869667465722C20494D55205357F2
:10F82000292E2E2E20005B424F4F545D20537061D5
:10F83000776E696E672054492D52544F5337204DCF
:10F84000756C74692D546872656164656420576FC6
:10F85000726B6572732E2E2E0D0A003E3E20454EB1
:10F86000544552494E47204445455020534C454548
:10F870005020285375622D35754120536875746486
:10F880006F776E292E2E2E2054696D65723D003ED5
:10F890003E20427574746F6E205357362028446999
:10F8A00073706C6179204D6F6465292050726573A7
:10F8B0007365642120372D536567204D6F64653A69
:10F8C000205B005B494E49545D2053505343205206
:10F8D000696E672042756666657220262044524430
:10F8E000592042696E6172792053656D6170686F4D
:10F8F00072652E2E2E20005B494E49545D204144F6
:10F900005331323932522032342D4269742045430A
:10F91000472026205265737069726174696F6E208A
:10F920004146452E2E2E20005B424F4F545D204114
:10F930006C6C205461736B73204F6E6C696E652E16
:10F940002053797374656D204F7065726174696FAF
:10F950006E616C2E0D0A0D0A003E3E2042617474E9
:10F96000657279204D6F64656C20526573657420F3
:10F97000746F20313030252028302E30206D4A2001
:10F98000416363756D292E0D0A002D004E000000A5
:10F990005DFDFFFF6D0D0000D5FFFFFF7508000046
:10F9A0007CFFFFFFDAFFFFFFF703000034010000D8
:10F9B000FD05000006FFFFFF53FCFFFF3E3E204217
:10F9C0007574746F6E20535733205072657373656E
:10F9D000643A20456E746572696E6720536C656584
:10F9E00070204D6F64652E2E2E0D0A005B494E4926
:10F9F000545D20424D45363830202F20424D45364B
:10FA0000393020456E7669726F6E6D656E74616C0B
:10FA10002053656E736F722E2E2E20005B494E4967
:10FA2000545D204D4C583930363332204661722DAA
:10FA30004952204D65646963616C20546865726D3C
:10FA40006F6D657465722E2E2E20003E3E2053741D
:10FA50007265616D204D6F64653A205241572028D0
:10FA6000436F6E74696E756F757320576176656646
:10FA70006F726D73290D0A005B464154414C5D2045
:10FA80005461736B5F53656E736F72735F536C6F0A
:10FA900077206372656174696F6E206661696C6559
:10FAA00064210D0A005B464154414C5D2054617352
:10FAB0006B5F54656C656D657472795F5549206341
:10FAC00072656174696F6E206661696C6564210D91
:10FAD0000A005B494E49545D205368617265642099
:10FAE00049324320427573204D616E616765722013
:10FAF00028343030206B487A292E2E2E20003E3EAE
:10FB00002053747265616D204D6F64653A205345D2
:10FB10004D414E54494320283E39352520526564D5
:10FB2000756374696F6E290D0A005B494E49545D17
:10FB3000204F50543430343120414C53202620562D
:10FB4000434E4C343034302050726F78696D697494
:10FB5000792E2E2E20003E3E205354415455533AC8
:10FB60002054492D52544F53372052756E6E696E92
:10FB7000672C2041445331323932204D6F64653D4A
:10FB8000003E3E2050445220436F6F7264696E61A4
:10FB900074657320526573657420746F2028302E4D
:10FBA000302C20302E30292E0D0A003E3E204144BC
:10FBB000584C333632204D454D532053656C662DDD
:10FBC0005465737420285461626C65203232293A7E
:10FBD0002064583D005B494E49545D204144584CD7
:10FBE00033363220332D4178697320416363656C6D
:10FBF00065726F6D657465722E2E2E20003E3E205C
:10FC0000504741204F66667365742043616C69629A
:10FC1000726174656420284F464653455443414CF5
:10FC2000292E0D0A003E3E20454E544552494E476E
:10FC300020534C45455020285374616E64627929E5
:10FC40002E2E2E2054696D65723D006D67205B502D
:10FC5000415353202D20414C4C20332041584553D3
:10FC6000204F5045524154494F4E414C5D0D0A00C2
:10FC70000000000000000000000000000000000084
:10FC8000000000000100000000C2010003000000AD
:10FC9000000000005B464154414C5D205461736B91
:10FCA0005F494D55206372656174696F6E206661AE
:10FCB000696C6564210D0A005B464154414C5D202E
:10FCC0005461736B5F454347206372656174696F6C
:10FCD0006E206661696C6564210D0A0000000000F9
:10FCE0000000000000000000010000000000000013
:10FCF0000002000000000000000000000100000001
:10FD000000000000FFFFFFFF0000000000000000F7
:10FD100040420F000800000000000000000000004A
:10FD2000DB0F493FDB0F49BFE4CB1640E4CB16C0E5
:10FD30000000000000000080DB0F4940DB0F49C0DD
:10FD40003863ED3EDA0F493F5E987B3FDA0FC93FDB
:10FD50006937AC3168212233B40F14336821A233E0
:10FD600074692E73797362696F732E6B6E6C2E5487
:10FD700061736B2E49646C655461736B003E3E2069
:10FD800057414B4520436F6D6D616E642052656332
:10FD900065697665642E0D0A004E4F000000000074
:10FDA00000000000E8030000000000000000000068
:10FDB00000000000000000003E3E2053776974639D
:10FDC00068656420746F204D6F6465205B345D0D41
:10FDD0000A003E3E20537769746368656420746F3F
:10FDE000204D6F6465205B315D0D0A003E3E20535F
:10FDF0007769746368656420746F204D6F64652053
:10FE00005B335D0D0A003E3E20537769746368657D
:10FE10006420746F204D6F6465205B325D0D0A00B5
:10FE20006D67205B5741524E202D20434845434B80
:10FE300020415845535D0D0A003E3E2057414B4539
:10FE40002050554C53452052454345495645440D95
:10FE50000A00532C25752C25752C25752C25752C01
:10FE600025752C25752C25750D0A003E3E20466112
:10FE70006C6C20416C61726D20436C6561726564CD
:10FE80002E0D0A00A1A80000418C000021EB00000B
:10FE9000F56400006143000009A30000038000C076
:10FEA000038000D5038000CC038000DD0380000CBC
:10FEB0000380005D0000000002000000010000005F
:10FEC000030000001000000020000000002000409F
:10FED00011000000FFFFFFFF0000000006050D04F9
:10FEE0000E0000007445505072534875644C75788C
:10FEF00050727849727445434741747400000000A1
:10FF0000000000000100000000000000E000000010
:10FF10000100000020204543472052696E6742756A
:10FF2000663A205075736865643D007B2274797071
:10FF300065223A22696D755F7374222C22647822DF
:10FF40003A003E3E20546172652043616C696272E2
:10FF5000617465642E0D0A003E3E20537769746318
:10FF600068656420746F204D6F6465205B0030000D
:10FF700000000000D5960000B9E300000101010077
:10FF80000000000003070000CFFCFFFF54FCFFFF50
:10FF9000ED060000ECF8FFFF7B2274797065223AD1
:10FFA00022696D75222C226178223A007B227479B5
:10FFB0007065223A2253454D222C226872223A0063
:10FFC000000000000000000000000000050000002C
:10FFD000000000004F4E4C494E45202849443D301A
:10FFE000784144290D0A003E3E205B444941474E7A
:10FFF0004F53544943535D0D0A00442C256C752C16
:020000021000EC
:10000000256C642C256C642C25750D0A003E3E2061
:1000100053595354454D204157414B450D0A00302B
:10002000313233343536373839414243444546005E
:10003000303132333435363738396162636465665E
:100040000030313233343536373839414243444554
:1000500046002E0074010020B8BD002034BE0020F0
:10006000FFFFFFFF00000000000000000000000094
:10007000000000004E4F542044455445435445442D
:100080000D0A002020494D553A204F6E6C696E656F
:100090003D0020204543473A204F6E6C696E653D18
:1000A000004F4E4C494E45202849443D3078002CA5
:1000B0002053747265616D4D6F64653D007B2274E1
:1000C000797065223A22656E7622004D4F444520B4
:1000D00053454D414E5449430053454C46544553B6
:1000E000545F494D55002C22706F737475726522F0
:1000F0003A22001E00000000020000000100000083
:1001000084FE000058BB0020DCF500000000000069
:1001100000000000010000002C2050777253746131
:1001200074653D002C20445244595F50494E3D00B7
:100130002C226261745F706374223A002C2050613B
:10014000727449443D3078002C22636F6E74616391
:1001500074223A00000000000000000000000000CF
:10016000000000000000000000000000000000008F
:1001700000000000000000002C226261745F6872C1
:10018000223A002C227077725F6D57223A002C229F
:100190007077725F7374223A002C227077725F6DF1
:1001A00041223A002C227077725F6D4A223A002C6D
:1001B0002044726F707065643D00434C4541525F4E
:1001C00046414C4C003F065B4F666D7D077F6F2CB0
:1001D00020506F707065643D0044454550534C4558
:1001E00045500053454C465F5445535400524553C7
:1001F00045545F5044520064656570736C6565706A
:1002000000534544454E54415259002C22666C61BE
:100210006773223A002C227374657073223A00527D
:10022000455345545F424154002C22726D737364F0
:10023000223A002C227069746368223A00222C2230
:1002400066616C6C223A0053454D414E544943005F
:100250002C2270726F78223A002C22706173732204
:100260003A002C2264697374223A002C226D6F6468
:1002700065223A002C2274656D70223A004641498D
:100280004C45440D0A00544152455F494D55004DBF
:100290004F444520524157002C2043533D44494F81
:1002A000002C22726F6C6C223A002C2266616C6CFE
:1002B000223A002C2056616C69643D004F4E4C4937
:1002C0004E450D0A002C2273646E6E223A00010125
:1002D00018BA0020CCFE0000A8B8002088F2000068
:1002E000C0C1002058030100010200030200010305
:1002F00001020408030C050A2C226C7578223A00CE
:100300002C22636F32223A002C2262706D223A0056
:100310002C2273706D223A002C22676173223A00FE
:100320002C2049443D3078002C22696171223A002A
:1003300044594E414D4943002C22616374223A00D6
:100340002C226D6C78223A002C2272706D223A00B9
:10035000EDD20000D1E30000000002400929FF00B7
:100360002C226479223A00444F4E450D0A006D67F5
:100370002064593D00414354495645002C22707970
:10038000223A002C227078223A005354415455539B
:10039000006D6720645A3D002C227272223A002CB4
:1003A00022647A223A002C22617A223A002C2261BD
:1003B00079223A00534C454550002C2254223A00F1
:1003C0002C2250223A002C2248223A00736C656598
:1003D0007000000602868200081018204E53564610
:1003E000510D0A0D0A0057414B450054415245003A
:1003F00044494147000001020304010022000100BA
:1004000044000100002040607D0D0A005945530062
:10041000524157005D0D0A00730D0A00290D0A00B4
:070420008C0300200D0A000F
:080428000000000000000000CC
:1004300000E500000FA1020100BF0514BF02BFECE0
:10044000003F0039920000C3007016B5FB02600047
:100450003420002001042F0020024000330000B0AF
:1004600000310001F000B601F6033402F203F4019A
:10047000F60174E004B5053900F906B11EFF8602E5
:100480000803005920003130F1A0C112772001701B
:10049000EC00311E7F022CC014FC6CDC02FA34F933
:1004A0000335C4F9BE000059E5E300F127257F0CB0
:1004B0002585070020CB58BC1ABF0406288F063CB0
:1004C00086C841FE3D324E62008C050000591E3345
:1004D0003F793378010A478F4DD835709400313910
:1004E000FF065C1BB0FC37B00031047905003350C7
:1004F000BF2A714B4A4654BF00DB803F55F77A4410
:1005000056B56666BFFE4148E1D1421AF442C73390
:10051000337B1B3358CF071D311242774C1D645A71
:10052000E0AF4301228004477F0E5D7F040B4BA2A6
:100530004BF722B122F4608CAF1806002000312066
:10054000003428B0003447520DF763E263AF003344
:100550000000FFF051AC0000ADE8000011E8000021
:100560000200000010000000020000001000000067
:100570000200000010000000020000001000000057
:100580000200000010000000020000001000000047
:1005900002000000D42700000200000000800000DC
:1005A000300401000000002060050100301A002026
:1005B000680501003018002070050100401A002075
:1005C0007805010040180020800501001018002067
:1005D000880501002018002090050100509A002095
:0805E00098050100501A0020EB
:020000025000AC
:107FA80000008001100080FFFDFF5800FFFFBBF3B9
:107FB800FFFFFFFFFFFFFFFFFFFFFFFFFFFFFFFFC9
:107FC800FFFFFFFFFFFFFFFFFFFFFFFFFFFFFFFFB9
:107FD800FFFFFF00FFFFFFFF00FFFFFF00C5C5FF1A
:107FE800000000FF00000000FFFFFFFFFFFFFFFF92
:087FF800FFFFFFFFFFFFFFFF89
:040000030000EC9776
:00000001FF
