:1000000000380120D1FB00006504010065040100F7
:100010006504010065040100650401006504010038
:100020006504010065040100650401006504010028
:0C0030006504010065040100818E0000E1
:10004000F4B010F09BF824906CA8DFF854BADFF8F5
:10005000547ADFEDBE8ADFEDBEAADFF84C5A4FF0CE
:100060000009F2EE049A811D0A301390DFF83C0A71
:10007000149148301690002023902590DBF81C0046
:100080008DF8AF91CDF8A8910DF2AF1101226AABB6
:1000900010F04CFC083003D1DBF81C000FF0FAFA2A
:1000A0006A98002800F097809DF8AF01239A0D28E8
:1000B00002D00A2840F09280002A00F09C806CACAC
:1000C000012A04F8029000F09980DFF8E41911F099
:1000D00082FB002800F0C580DFF8D81911F07BFB07
:1000E0004FF0000A002800F0C880DFF8CC1911F0AA
:1000F00072FB002800F0D580DFF8C01911F06BFB0F
:10010000002800F02B81DFF8B81911F064FB0028FB
:1001100000F01081DFF8AC1911F05DFB002800F051
:100120000981DFF8A41911F056FB002800F0DB81EB
:10013000DFF8981911F04FFB002800F0D481DFF8A8
:10014000901911F048FB002801F0F980DFF88419BC
:1001500011F041FB002801F0F880DFF87C1911F064
:100160003AFBDFF84459002801F0F580DFF86C19FC
:1001700011F031FB002801F00181DFF864192046FD
:10018000052210F047F9002801F0EA80DFF8541941
:100190002046052210F03EF9002801F0E180DFF84A
:1001A00048192046092210F035F940B1DFF83C1912
:1001B0002046092210F02EF9002840F012822398E0
:1001C0000B2832BF002013980EF04EFD01218BF852
:1001D0000C1001F0CFB84FF0000A04E24FF0000A13
:1001E00041B242B31E2A00F2FE816CA8239A8154C8
:1001F00001322392F7E14FF0000AF2E19DF8B001DD
:10020000A0F1310103293ED9442800F024814FF0A8
:10021000000A572800F01C815A2808D0642800F0F2
:100220001A81772800F014817A2840F0DA810120C1
:100230008BF80B0014E1002901F12880A0F14202A3
:10024000152A52D9A0F16302142A05D8012303FA12
:1002500002F2404B1A424ED1A0F13102042AC4D21C
:1002600049E0002000214FF0000A2390DFF88008C9
:100270008BF80D1010F082F9B5E101208BF80D001C
:10028000DFF87008ABE14FF0000ADFE811F004007E
:1002900026011A012001012009F0C6F8DFF85808EC
:1002A0009DE1DFF85808DFF85848A04711F060F9E1
:1002B0000DF0A2FEDFF84C08A0479BF80D00DFF818
:1002C00048180128DFF8440808BF0846A0472EA8B0
:1002D00010F010FFDFF83808A0479DF8B8000DF0C7
:1002E0008BFEDFF83008A0477BE101231A4C9340D6
:1002F000234200F0C887A0F14D010A2940F2B580E1
:10030000A0F13101032940F2C880432800F0638145
:10031000632800F0608100216D28239100F0B480F3
:10032000702800F04E81762800F02781772840F071
:100330005A813DE1402007F027FDDFF8DC0710F08F
:100340001DF90020DFF860574CE100BF00007A443F
:100350009A99993F0124180002483100DFF8BC0740
:10036000DFF89C47A047DFF8B807A04711F006F96F
:10037000DFF8B0970028DFF8B087484618BF40463E
:10038000A047DFF8A807A04711F0ECF80021DFF83C
:10039000A0878DF83A1110F05BFF8DF839118DF8B8
:1003A00038014EA8A047DFF88C07A04711F0C8F825
:1003B000DFF88457A847DFF88407A047172010F01C
:1003C00035FEA847DFF84C673046A047DFF8D8066F
:1003D0002EA910F0FBFBDFF86807A0472E98A8476E
:1003E000DFF86007A0472F98A847DFF85C07A04711
:1003F0003098A8473046A047DFF85007A04711F0D3
:10040000C9F800284846DFF8205718BF2846A047FB
:10041000DFF83C07A0479BF803000028484618BFB8
:100420002846A047DFF82C07A04711F0ADF80021BF
:1004300023918DF89E1010F00BFF8DF89D108DF814
:100440009C0027A8A0473046A047DFF85C56CAE0CA
:10045000DFF80407C3E001204FF0000A8BF80C001E
:1004600000202390CBF82800BDE000202390DFE897
:1004700011F00B00BA00BA00A800BA002D07BA00AC
:10048000BA00BA0084009F00DFF820060121203066
:1004900011F0B3F9DFF8C406A1E0DFE811F00400C1
:1004A000430729073607012008F0BEFFDFF8B00632
:1004B0000CF0A4F811F0CAF810F0EAFDDFF83806E5
:1004C000D8E6032008F0B0FFDFF8100F87E0042023
:1004D00008F0AAFFDFF8000F81E0022008F0A4FF77
:1004E000DFF8FC0E7BE02EA804F00EFC00283FF4A1
:1004F00028AFDFF8AC0EDFF8AC5EA84734ACDFF80D
:10050000A86E94ED000A11F069F9DFF8A00EA84773
:1005100094ED010A11F062F9DFF8940EA84794ED0A
:10052000020A11F05BF99DF8DF00DFF8881E002851
:10053000DFF8840E18BF0846A847DFF8800EA847EA
:1005400094ED000A11F04AF9DFF8740EA84794ED13
:10055000010A11F043F9DFF86C0EA84794ED020A86
:1005600011F03CF9DFF8600EA8479DF8DF000DF0B0
:1005700043FDDFF8580EA847E3E6DFF8680E40F2C7
:1005800001514322A0F82510602056218BF82E003F
:1005900045F20260ABF82C0050200EF0A9FB1E20A3
:1005A0008BF80E0001208BF80500DFF83C0E16E0FA
:1005B000DFF8300E0221203011F01FF9DFF82C0E89
:1005C0000DE0DFF8200E00212391203011F015F905
:1005D000DFF81C0E4EE60CF0A5FADFF8200E0FF047
:1005E000CDFF0020239025984FF47A78002600F163
:1005F0001009102E00F0BD80284664A90DF09EFD64
:10060000002800F0B9809BF80200C00755D00022F6
:10061000DFF8E00D40F2EE214FF0000A8BF80220E7
:10062000D0F8B00197F84340884228BF1446BBF881
:10063000160068B92320ABF816009BF8050038B9FE
:100640009BF80000062803D1204601210BF090FA08
:10065000DBF81C0088B39BF80D0001282DD164B392
:1006600097F84850B7F84000B7F844C0B7F846E0EC
:100670000623BBF86210DFF8882DAF0603EAE777A0
:100680008DE88300402123464EAFCDE903CE05958A
:100690002EAD28460EF094F8012808DB0246DBF860
:1006A0001C0029463B46CDF838A110F07BFEDFF850
:1006B000245DDFF8447D4FF0000ABBF81600E0B17E
:1006C000BBF816000138ABF81600BBF81600A0B94D
:1006D0009BF8050088B99BF8000006280DD1DFF8CB
:1006E000141D40F2EE2297F84300D1F8B011914268
:1006F00028BF504600210BF03BFADBF81C009BF8AA
:100700000D10012919D1C0B1DDE966019DF89421D0
:10071000649B8DE807002EACDFF8E82C38212046DA
:100720000EF04EF8012808DB0246DBF81C00CDF87D
:1007300038A121464EAB10F035FE97F838109BF8E3
:100740000F00012906D10121BBF818208140114377
:10075000ABF8181001300A2201364FF0C808C1B2B8
:10076000B1FBF2F101EB8101A0EB41008BF80F002E
:100770003FE7CDF8949002E02598304425909BF80F
:1007800004004EAFD146C0077CD09BF80D00012875
:1007900078D1DDF858A0504610F0EEFFDFF8580C85
:1007A0008BF8049090F870002290DFF84C0C90EDDC
:1007B000198A90ED1A9AB0F95C60B0F95A70B0F9E4
:1007C000584050460FF082F9DFF83C0CDFF8D49B1C
:1007D000C84700EE104ADFF8344C10F04BFFDFF84A
:1007E000300CC84700EE107A10F044FFDFF8240CFC
:1007F000C84700EE106A10F03DFFDFF81C0CC84738
:10080000DFF8A44BB0EE480AA047DFF8100CC84749
:10081000B0EE490AA047DFF8080CC8472298DFF875
:10082000B06BC0F38010B047DFF8F80BC847DFF8B3
:10083000F87B386EB047DFF8F40BC84797ED190A1C
:10084000A047DFF8EC0BC84797ED1C0ADFF8E44B34
:10085000A047DFF8E40BC84797ED1E0AA047DFF872
:10086000DC0BC84797ED1F0AA047DFF8D40BC84739
:1008700097F850004EAC0027B047DFF8500BC84740
:10088000B94627460FF07AFC0446249841F2883195
:10089000201A8842C0F0DA818DF838918DF89C904A
:1008A0008DF8789127A938465EAA0BF0DBFC00286A
:1008B00067D09DF89C00810727D59BF80000DFF8E2
:1008C000842B013000F0070000EB40018BF80000A2
:1008D000505C0A44517892780EF00AFA9BF80000B6
:1008E000DFF8641B085C10F0F1FA10F046FDDFF849
:1008F0005C0B0FF043FE9BF800000DF07DFBDFF872
:10090000500B0FF03BFE9DF89C00C1071CD010F06F
:100910002FFE461C032888BF0126F0B208F084FD94
:100920004520432147220EF0E3F910F026FDDFF8C1
:10093000240B0FF023FE30460DF05EFBDFF8100BAA
:100940000FF01CFE9DF89C0041070AD501208BF892
:100950000B00DFF8040BCBF828900FF00FFE9DF88A
:100960009C0080060DD5402007F00EFA432041215F
:100970004C220EF0BDF910F000FDDFF8E00A0FF098
:10098000FDFD9BF80500DFF8706A01280BD19BF88C
:100990000E0020B101388BF80E00000603D18BF851
:1009A000059007F0E3FD9BF81000411CC0078BF891
:1009B000101000F04A8110F0CFFD002800F04581B2
:1009C0009BF811000C22411C8BF81110C9B2B1FB2D
:1009D000F2F202EB4202A1EB820100295DD0C007D6
:1009E00040F0C080B06DDFF8401A96ED1A2A2E90C4
:1009F000B6F85C00ADF8BC00086EADF8C20091F826
:100A00004C0091F850108DF8C510DFF8D8198DF80A
:100A1000C40091ED021A91ED010ABDEEC11A20EE5B
:100A2000290A11EE100A96ED191ABDEEC00A8DF8CA
:100A3000C80021EE291ABDEEC11A11EE100A22EEED
:100A4000291ABDEEC11AADF8BE0011EE100A91EDE3
:100A5000051AADF8C00010EE100A9BED080AADF8BB
:100A6000C600BBF81400BDEEC00AADF8D00010EE11
:100A7000100A91ED040AADF8CA00BDEEC00A10EEEE
:100A8000100ABDEEC10A8DF8CC0010EE100AADF8C8
:100A9000CE002EA80AF0FCF8D7E00CF091FED4E0CE
:100AA00018040020F001002034A800206402002077
:100AB0004F360100E9370100F838010083390100A1
:100AC00088390100D73701005D3601007D3701000C
:100AD0005F3701004A370100C3370100793901004F
:100AE000643901004C39010087370100A537010046
:100AF00062300100093001008A330100BA30010080
:100B00007D050100333601009C390100E03701000A
:100B1000D8360100ED2E0100FD2901006B350100E2
:100B200007360100812A0100A0390100D0380100F8
:100B3000C53501001F380100F9DF0000B43601009F
:100B4000AF340100AF370100133701001636010042
:100B500043380100CC360100A43301003F2A0100D4
:100B600018B70020B6F84030DFF8882896F848001B
:100B700096F84310ADF8BA30B6F84430D2F8B02148
:100B8000ADF8BC30B6F846309BF82E60ADF8BE30FC
:100B90009BF82C308DF8C1608DF8C030DBF8343014
:100BA0008DF8C2309BF862308DF8C33040F2EE23EE
:100BB0009A42DFF8303828BF49468DF8B810DFF880
:100BC000682893ED000ABDEEC01A30EE2A0A11EE35
:100BD000101A9BED091A8DF8C5109BF80910002911
:100BE00018BFB0EE410ABDEEC00A10EE101A8DF823
:100BF000C41092F84C108DF8C61092F85010C0F343
:100C0000C0028DF8C82063228DF8C71093F8251014
:100C10008DF8CB208DF8C91093F82610002918BF45
:100C200001218DF8CA10012121EA501610F0A0FC14
:100C300041F678118DF8D0608DF8CF608DF8CC003A
:100C4000ADF8CD102EA80AF083F824949BF80A0082
:100C5000DFF8A477C00700F05482DFF80458284674
:100C600010F08AFDDFF87C078BF80A909BED08AA4C
:100C70009BED099ABBF814409BF806A09BF807600F
:100C800090ED008A90ED01EA90ED02FA90ED03DA22
:100C900090ED04CA90ED05BA9BF8090021909BF8ED
:100CA0000800229028460EF011FF9BF80D00012845
:100CB00040F0C081DFF8E4070FF060FCBAF1000FEC
:100CC00027D0DFF8DC07DFF8DC76B847DFF8649779
:100CD000B0EE480AC847DFF8CC07B847B0EE4F0A75
:100CE000C847DFF8C407B847B0EE4E0AC847DFF878
:100CF000BC07B847B0EE4D0AC847DFF8B407B8479D
:100D0000B0EE4C0AC847DFF8AC07B847B0EE4B0A64
:100D1000C8473EB1DFF880070FF030FCB0EE4A0A5A
:100D20000BF0AAFCDFF89007CDF880A000270FF0A9
:100D300025FC20460DF060F92198DFF8985638B16F
:100D4000DFF878070FF01AFCB0EE490A0BF094FCBC
:100D5000DFF86C07DFF84C66B04710F009FCDFF8ED
:100D60007096C847DFF8900690F843A0DFF8840635
:100D7000D0F8B041DFF84C07B04740F2EE20844293
:100D800028BFBA465046C847DFF83C07B047BBF813
:100D90006200C8475EA810F0ADF9DFF83007B04731
:100DA00034AC94ED2B0A0BF067FCDFF82407B04756
:100DB00094ED2C0A0BF060FCDFF81807B04794EDB7
:100DC0002D0ADFF8E475B847DFF80C07B04794ED5B
:100DD0002E0AB847DFF80407B04794ED2F0AB8474A
:100DE000DFF8FC06B0479DF87801C847DFF8DC055E
:100DF000B047DBF81C004EAF002800F01681DFF88A
:100E0000F8450625BBF86210B4F84000B4F8442059
:100E1000B4F8463094F84840A60605EAE6768DE830
:100E2000430003A840211CC0DFF8D42553463846B0
:100E30000DF0C6FC012808DB0246002039462E9042
:100E4000DBF81C002EAB10F0ADFADFF89865CDF89A
:100E500054A0306A18B906F120000EF08BFC2298DD
:100E6000DFF89415DFF8C02596F826400BF12C0327
:100E700000F001003831009006F1200006F06CFD12
:100E8000DFF850557CB196F8260060B9DFF86805A8
:100E900090F84800000706D462208BF82E004FF42B
:100EA0009C40ABF82C0096F824009BF82D40229033
:100EB00096F8250021909BF82E001F90DBF8340057
:100EC0001E90B06A1D90F06A1C90306B1B90706B86
:100ED0001A90B06B0EF0BEFCCDE91810F06B0EF05E
:100EE000B9FC1790306C8A460EF0B4FC0746706C63
:100EF00089460EF0AFFC41EC100B179849EC117BC2
:100F0000336A002CDFF8DC254AEC120BDDE91810FF
:100F10008DED0E1B8DED100B41EC130B1A988DED22
:100F20000C2B8DED0A3B089008BF4E24229880219F
:100F300000902198CDE901041F9803901E98049019
:100F40001D9805901C9806901B9807902EAC204683
:100F50000DF036FC012808DB0246002021462790D0
:100F6000DBF81C0027AB10F01DFA10F0F5FADFF8E3
:100F700088A4002859D015989BF86210BDEEC80AC5
:100F80008DF89C00BAF840008DF8A710DFF898148F
:100F9000ADF89E00BAF84400ADF8A000BAF84600DB
:100FA000ADF8A2009BF82C008DF8A40091F84C003D
:100FB00091F850108DF8AA0010EE100A8DF8AB10C1
:100FC000DFF820148DF8A9009AF84800C0F3C0009B
:100FD0008DF8AC002098002818BFB0EE489ABDEEFE
:100FE000C90A10EE100A8DF8A80063208DF8AF0032
:100FF00091F8250091F826108DF8AD009BF82E0091
:1010000000298DF8A500DBF834008DF8A60018BF84
:1010100001218DF8AE1010F0ABFADA498DF8B0006E
:10102000CDF8B11027A810F024FCDFF8CC734FF0F6
:10103000000966E09BF80D00DFF89853002860D1A6
:101040002EAC204610F07EF8DFF81454DFF8A4131D
:10105000D04A234605F12C000090DFF8080404F084
:10106000C3FBDFF80404CF4CA04795F83200D84EFC
:10107000B047DFF8F803A047A88EB047DFF8F003C9
:10108000A047E88EB047DFF8EC03A047288FB047B1
:10109000DFF8E403A04795F83A00B047DFF8DC0337
:1010A000A04795F83B10DFF8DC03DFF8D4230129D3
:1010B00008BF10460029DFF8D01308BF0846A04734
:1010C000DFF8C803A04795F84400C24DB047DFF8E9
:1010D000C003A0472298B047DFF8B803A047BAF191
:1010E000000F18BFB0EE489AB0EE490A0CF096F81F
:1010F000DFF8A403A047B0EE4A0A0CF08FF8B3481B
:10110000A0479BF80B0020B99BF80C00C00700F02B
:10111000AF809BF80C00DBF8284001218BF80B9086
:101120008BF80C908BF80110C0071AD0DFF8C403BD
:101130009C4EB04720460CF05FFFDFF8B003B0478D
:10114000DFF8B403B0476420452150220DF0D0FDF4
:101150008D480FF03FF80EF0E9F820460EF0AAF89F
:1011600016E0E1488F4EB04720460CF045FFDF48BF
:10117000B047DF48B04753204C2150220DF0B8FD56
:1011800081480FF027F80EF0D1F820460FF0A0FCB0
:10119000DA485EAE2EAF0FF01DF8002520200021AA
:1011A0008DF89C5027AA0DF081FDA9468DF8785145
:1011B0002E95DBF81C00314601223B460FF0B6FBB2
:1011C00010B92E980028F4D1CD4804FB00F60EF09B
:1011D000D5FF82460DF19B054EAF2CB10EF0CEFF30
:1011E000A0EB0A00B04224D21D200FF01FFF68B907
:1011F000FF2000213A468DF8380120200DF056FDE1
:1012000020B19DF83801C043800612D1DBF81C00E4
:10121000294601223B468DF89B90CDF838910FF07E
:1012200085FB08B94E9820B94CF250300EF0D2FF31
:10123000D3E70EF05DF809F099FB0CF0C3F809F064
:1012400045FE7520502120220DF052FD9BF8000034
:101250007D49085C0FF03AFE10F08FF8A9488BF832
:1012600001900FF08BF9A8480FF088F9624F594DA3
:1012700028460FF043FE00283EF400AF40460EF033
:10128000A9FFFEF7FBBE002A7EF4DCAF2320ABF8FB
:1012900016009BF8050000287FF4A3A99BF8000026
:1012A0000021239106287FF49EA9524940F2EE22A4
:1012B00097F84300D1F8B01191424FF0000128BFD8
:1012C000084601210AF054FCFFF78DB900200021E7
:1012D0002390ABF812109BF8050000287FF483A937
:1012E0009BF8000006287FF47CA900202390E9E702
:1012F000032008F099F83F480BF080F910F0A6F9A8
:101300000FF0C6FE3548FEF7B5BF042008F08CF894
:1013100038480BF073F910F099F90FF0B9FE2E4828
:10132000FEF7A8BF022008F07FF832480BF066F9FC
:1013300010F08CF90FF0ACFE2948FEF79BBF154862
:101340000EF0BFFA1548FEF7FABF12480FF02FFC57
:101350001148FEF7F4BF0DF019FE0D48FFF73FB935
:101360002398072832BF002014980DF07DFC01213E
:101370008BF80B10CBF82800FFF733B90348FFF7C1
:101380002EB900BF78190101305705000133010063
:101390008B2E0100509A0020D63301000F3101003E
:1013A000E53001007D0501001DD200001B39010060
:1013B00014390100AF310100EF330100983401000E
:1013C0003E39010006390100F2370100A839010059
:1013D000F9DF000034A80020563301003C3301003F
:1013E000703301006402002068260100442B0100D4
:1013F000DD27010018B70020F00100206131010055
:10140000BD3301007E35010030350100EDC2000022
:101410004539010022390100913701003A380100B5
:10142000B038010073370100F0C00020C838010057
:10143000FB37010079C6000029390100303901006D
:10144000313801006834010088380100BE2D0100E8
:10145000B0390100C6340100202F0100DC34010046
:101460000C060020A0C300201C3501003739010004
:10147000CD370100283801009B3701006A36010092
:101480000D390100E038010069370100B93701006A
:10149000C03601000D380100D83801004136010086
:1014A0005E3901005239010058390100A0380100AD
:1014B000983801009038010004380100A838010074
:1014C0004C380100C0380100B83801003437010041
:1014D0002937010008370100A83601003F37010015
:1014E0001E370100392C010089310100A4390100A7
:1014F000AE280100F22D01007729010090D00300F1
:10150000A08601006A280100913501000A20704779
:101510002DE9F84F2DED048B96B00025002800F042
:10152000C4840646DFF8000A0078002800F0BD8475
:10153000DFF8F849762071210022A0477620722139
:101540000122A047762074215522A04746F2A81018
:101550000EF040FE11AC112120460FF03CFE76202B
:101560001D21224611230EF0CDF8002800F09C84A6
:101570009DF84A109DF84900090141EA00309DF8A4
:101580004B1040EA1110410302D1002500F08CBC41
:101590009DF847209DF846109DF84830120142EA18
:1015A000013141EA131109919DF852100D919DF8F6
:1015B00051100691BDF84C1009BA090C0C910FF0AE
:1015C000D7FA9FEDB30B0F9681468B4653EC102B49
:1015D0000E92109310F045F90446DFF84C090F46BF
:1015E000808A0FF0C5FA9FEDAC0B05460E4610F051
:1015F0008BF802460B462046394605F09AFA044617
:10160000DFF824090F46B0F916000EF0EFFC024691
:101610000B462046394610F024F99FEDA10B804679
:101620008A464846594653EC102BCDE9072310F063
:1016300018F99FED9D0B04460F462846314610F0E1
:1016400063F802460B4639462046DFF8DC7805F0A1
:1016500070FA02460B4610F004F9044697F90200AE
:1016600010F0BFF89FED920B53EC102BCDE90A233D
:1016700010F0F7F810F012F810F0F3F802460B46ED
:101680004046514605F055FA9FED8B0B04460D463A
:1016900053EC102B10F0E3F8824688460BF042FC26
:1016A0000F99059008607878012840F06181B7F9BA
:1016B0001A000490B7F920000EF098FC9FED800B03
:1016C00055EC107B3A4610F071F80446DFF85808E4
:1016D0000E4690F907000EF089FC3A4610F066F8C5
:1016E00010F02EF8224610F067F8834609980D4650
:1016F00000010FF03DFA02460B4604460990894668
:1017000010F0AFF85A462B4606460F4610F0A9F8DF
:1017100005468B463046394622464B4610F0A1F826
:101720000646DFF804080F4690F908000EF05EFC4C
:101730009FED650B0FF0E8FF02460B463046394639
:1017400010F08FF82A465B4605F0F3F9CDE9071053
:1017500004980EF04BFC9FED5E0B0FF0D5FF0FF0E1
:1017600077FE0446DFF8C0070D46008B0FF000FA45
:101770009FED590B0FF0C8FF0FF0DAFF0446DFF8BA
:10178000A8070D4690F903000EF030FC9FED540BB6
:101790000FF0BAFF0FF05CFE0FF05AFE0FF07EFF65
:1017A00005F0C7F90546DFF880070F4690F90400F9
:1017B0000EF01CFC9FED4C0B0FF0A6FF0FF048FE47
:1017C0000FF046FE0FF044FE02460B46284639460F
:1017D00005F0AFF9CDE90310DFF84C07C08B0FF02F
:1017E000C7F99FED430B0FF01DFF05F0A2F99FED28
:1017F000420B0FF089FF0FF02BFE0646DFF828079B
:101800000F46808B0FF0B4F92A46234605F091F974
:101810009FED3B0B0FF078FF02460B4639463046F2
:10182000DFF8047705F085F9054697F905000E46BF
:101830000EF0DCFB9FED340B0FF066FF0FF008FE9F
:101840000FF006FE2A460FF0B7FF834697F9060011
:101850000FF0C7FF9FED2E0B0FF056FF0FF0F8FDB6
:101860000FF0F6FD0FF0F4FD5A462B4605F061F936
:10187000099A4B460FF0F5FF02460B46DDE90310CF
:1018800005F057F902460B46DDE9071074E100BF89
:10189000000000000000103F00000000000050BFEA
:1018A000000000000000E03E00000000000020BF3B
:1018B0000000000000003040000000000000B440C4
:1018C000000000000000F03C000000000000E03BD1
:1018D000000000000000903F0000000000002040D9
:1018E000000000000000703F000000000000003F0A
:1018F000000000000000D0C0000000000000203EFA
:10190000000000000000B03E000000000000F03DBC
:10191000000000000000A03D000000000000E03FCB
:10192000000000000040EFC0000000000000C03ECA
:10193000000000000000F03F000000000000000078
:10194000000000000000D03F000000000000F04058
:1019500000000000000030BF000000000000304127
:1019600000000000006AB840000000000000003ED7
:101970001FED170B204629460FF0C6FE1FED180B72
:101980000FF0CEFE054697F909008B460EF02EFBB0
:101990000FF076FD0FF074FD0E9A109B0FF061FFB3
:1019A0000446B7F924000E460EF020FB2A465B469B
:1019B0000FF057FF22460FF0FFFE1FED250B0FF033
:1019C000A3FE1FED370B53EC102BCDE903230FF0D3
:1019D00048FF1FED290B0FF0A3FE0446788C0E463E
:1019E0000FF0C6F802460B46204631460FF039FF8D
:1019F0001FED2F8B81460C4653EC182B0AF0FCFC94
:101A0000002840F0BD80B7F928000EF0EFFA0FF083
:101A100037FD01940446DFF810050F4690F90B00DE
:101A20000EF0E4FADDE907230FF01BFF0646CDF8C0
:101A300008A0C2468846284659462A465B460FF00B
:101A400010FF324643460FF00CFF05460E46204677
:101A5000394622463B4605F06CF82A460FF0ACFEAC
:101A60001FED490B0FF050FE0446DFF8BC040D4695
:101A7000B0F926000EF0BAFA1FED4D0B0FF044FE40
:101A80000FF056FE1FED4E0B0FF03EFE0446099878
:101A90000FF08FFE1FED500B02460B4651EC100B62
:101AA00005F042F80FF044FE1FED530B0FF02CFE33
:101AB000019B4A460FF0D3FE0646DFF86C048846C9
:101AC000B0F92C000EF092FA0FF0E0FC0FF0DEFC03
:101AD0001FED5B0B0FF018FE1FED7F0B8346894651
:101AE000304641460FF010FE02460B4604460D46B6
:101AF0000FF0B7FE0FF0D2FD0FF0B3FE0446DFF893
:101B000028040D46007B0FF033F8DDE907230FF0C2
:101B1000A8FE22460FF04AFE0546DFF80C040F46E9
:101B2000B0F92A000EF062FADDE903230FF099FE06
:101B3000324643460FF095FE5A464B4604F0F9FFF5
:101B40003B462A46DFF8E07304F0F3FF044697F9BA
:101B50000A000FF046FE9FEDDE0B0FF0D5FD0FF0F3
:101B6000E7FD9FEDDD0B0FF0CFFD0B464146D04664
:101B7000DDF808A00246304604F0DBFF41EC180B0C
:101B80009FEDD90B51EC180B53EC102BCDE908321B
:101B90000FF065FE0BF0C6F90F9E706097F90D000F
:101BA0000EF024FA9FEDC40B0FF0AEFD0FF050FCC9
:101BB0000446388E0FF0FDFDDDE90A230FF051FEDB
:101BC0000FF0B6FD04460C980FF0F3FD22462B46AD
:101BD00004F0AAFFB9460C900F4699F90E000EF0DA
:101BE00005FADDF838B0109B5A460FF03AFE0FF0B8
:101BF000A7FD9FEDB30B0FF093FD044699F90F007D
:101C00000FF0EFFD9FEDB60B0FF07EFD0FF020FC07
:101C10000FF096FD0FF08CFD0446B9F82E000FF082
:101C2000C8FD9FEDB30B0FF06FFD22460FF0BEFD18
:101C300002460C980B4639460FF013FE044699F8FD
:101C400010000F460EF094FF109B5A460FF009FE4D
:101C5000834699F911000FF0C4FD9FEDA70B0FF01B
:101C600053FD0FF06DFD5A462B4604F062FF2246ED
:101C70003B460FF0F6FD22463B460FF0F2FD2246B2
:101C80003B4604F056FF9FED900B83460F4655EC04
:101C9000104B22462B460AF0BCFB00281CBF2F46E7
:101CA000A346099C089D5846394622462B460AF011
:101CB000D7FB00281CBF2F46A346584639460BF0D9
:101CC00031F9B0600D9908EE100A99ED0D9A880669
:101CD00020D4BBEE0E1A05989FED972AB7EE003A76
:101CE00038EE011A01EE023A00EE100ABBEE051AB8
:101CF00030EE010A9FED911A00EE013A9FED900A35
:101D000029EE039AB4EE409AF1EE10FA48BFB0EE15
:101D1000409A4AE0069801F00F084FEA911A8600AF
:101D2000814890F912000EF061F99FED750B0FF0EC
:101D3000EBFC9FED750B0FF0F3FC02467C480B4665
:101D400000EBC8000FF08AFB04467A480D46224695
:101D50002B4600EBC8000FF081FB804606EB0A0023
:101D60008946A0F500700EF041F90FF097FC04F0E1
:101D7000E0FE02460B46404649460F9E0FF06FFDBF
:101D80009FED630B80468A460FF04CFC0AF068FB1F
:101D900058B1404651462A4623460FF060FD0BF0ED
:101DA000C1F8614909EE100A48639FED5B0B584684
:101DB000394686ED039A0FF035FC0AF044FB58B122
:101DC0009FED570B5846394653EC102B0AF02EFB6B
:101DD00010B1B3EE090A17E0584639462A462346A1
:101DE0000AF017FB40B19FED580AB3EE091A38EE1E
:101DF000000A30EE010A07E09FED520AB3EE091A1D
:101E000038EE000A31EE400A9FED501A9FED502A3D
:101E1000B6EE083A89EE011A21EE021A21EE031AF3
:101E20009FED4C3AB4EE431AF1EE10FAC8BFB0EE93
:101E3000431AB5EE401A9FED483AF1EE10FAB5EEAE
:101E4000400A48BFB0EE431AF1EE10FA48BFB0EEB8
:101E5000430A31EE000AB1EE041A32EE400A9FED59
:101E6000412A20EE010A9FED3D1AB5EE400AF1EE3F
:101E700010FA48BFB0EE430AB4EE410A9FED3B3A78
:101E8000F1EE10FAC8BFB0EE410A9FED351A86EDAB
:101E9000040A012500EE012A9FED331A00EE013AF3
:101EA00086ED062A86ED053A3577284616B0BDEC54
:101EB000048B01B0BDE8F08F000000000000E03F9F
:101EC000000000000000F03F0000000000000000E3
:101ED0000000000000006040000000000000B03F73
:101EE000000000000000B03E00000000000059406B
:101EF000000000000000D03E000000000000A03EF6
:101F000000000000000014400000000000F09440B9
:101F10000000000000408F4000000000000043402F
:101F200000000000000045405007002005FC0000B4
:101F300068250100E8250100A69BC4BB6F1203BC05
:101F40000000FA44000028C2000018C20000484205
:101F50000000C84200009642000000000000FA4362
:101F60000AD7233CCDCC4C3DCDCC4C400000C843DF
:101F70002DE9F04FADF5077DD0F8009006469B4661
:101F80001546869148460FF01BFA4FF0000A09EB00
:101F900000044FF0FF300027CDF814A2A14580F0D7
:101FA000C580A04609F101048DF810A28390CDE907
:101FB00081AA14F8010C002800F0B880252805D06B
:101FC00029463460D84701340137F2E734608597F9
:101FD00081AC3146204600F0AEF82046314686AA54
:101FE00000F0CAF830680278411C7A2A2AD0682AA0
:101FF00044461CD06A2A09D06C2A0FD0742A09D012
:102000004C2A2CD1819840F0800025E0819840F442
:10201000006021E0819840F400501DE00146819A63
:1020200011F8013F6C2B12D142F4807107E0014698
:10203000819A11F8013F682B0CD142F40071819113
:1020400002300BE08198444640F4805004E042F0B6
:10205000400001E042F0200081900846027800F143
:102060000109732A8DF81022C6F800901FD06E2A3D
:102070002AD1819843F660710840411E80EA01022E
:102080008A420ED990FAA0F0B0FA80F0411F0829D8
:1020900007D8F817DFE801F0440505394005390590
:1020A0000500869850F8041B0F60869026E09DF886
:1020B000040240061AD4CDF800B081A886AA2946A9
:1020C00085AB00F01CF919E00DF1060881A986AA7C
:1020D000404600F069F9909B0246404629469847E1
:1020E000411C18BF38448590074608E0CDF800B081
:1020F00081A886AA294685AB00F09CF8859F781CAC
:102100004FF0FF307FF44AAF0EE0869951F8042B70
:10211000C2E900708691F1E7869802C80F70C4E7A3
:10212000869802C80F80C0E74FF0FF3738460DF59C
:10213000077DBDE8F08F10B50A680124E30708BFEA
:1021400010BD1378302B0CD0232B0CD02B2B0CD0A4
:102150002D2B04D00024202BF0D1042306E00123F2
:1021600004E0102302E0082300E0022304680132A7
:102170000A6023430360E0E7FEB50446086816469C
:102180000D4603782A2B11D13068011D316000689B
:10219000B0F1FF3F606005DC40426060206840F0C5
:1021A000010020602868471C2F6017E000210DF116
:1021B0000202303B4718092B06D87B1C2B60435C7E
:1021C00053547B780131F4E7002050549DF802000D
:1021D00020B10DF102000CF047FD606038782E2828
:1021E00027D1781C28607A782A2A08D13068011D06
:1021F00031600068A060286801302860FEBD0020C2
:102200000DF10201303A092A07D83A18931C2B60C5
:10221000537892780B540130F4E700220A549DF869
:10222000020028B10DF102000CF01EFDA060FEBD01
:10223000A260FEBD2DE9FE4F054610680C46011D4B
:10224000116007680C9AD7B3AE6898469146002E85
:1022500004D438460FF06CF8864203D338460FF0AA
:1022600067F80646D5F804A0B3460195B245C8BF45
:10227000D346D8F80000CDF808805844C8F80000CC
:102280000FDD01980078C0070BD1ABEB06054FF0CE
:102290000008A84505DA20202146C84708F10108B2
:1022A000F7E7DDF808800025B5420EDA57F825007B
:1022B000B0F5807F19D22146C8470135F4E70020E8
:1022C000214603B0BDE8F04F1047B24515DD019837
:1022D0000078C00711D0ABEB06050026AE420CDA41
:1022E00020202146C8470136F8E74FF0FF30C8F8F4
:1022F00000000FF039FA58210160BDE8FE8F2DE98A
:10230000F84F054610680C46011D116006680A9AD0
:10231000C6B3AF689B469046002F04D430460FF0FA
:102320004FF8874203D330460FF04AF80746D5F8F6
:1023300004A0B9460095BA45C8BFD146DBF80000F5
:102340004844CBF800000DDD00980078C00709D1A3
:10235000A9EB070B00255D4504DA20202146C04784
:102360000135F8E70025BD4204DA705D2146C0471B
:102370000135F8E7BA4503DD00980078C00706D1BB
:10238000BDE8F88F00202146BDE8F84F1047A9EBC3
:1023900007050026AE42F3DA20202146C047013669
:1023A000F8E700BF00BF00BF2DE9FE4F164600272B
:1023B0008B46D1F8048040F2FD112022044601979B
:1023C0000EF004FF04F5FE7084F8FD7102909BF896
:1023D0000C00A0F16101172929D80122BA4B8A40CB
:1023E0001A4209D001A902AA5846334600F070F9F2
:1023F00000274FF0000991E012F0710F25D102295A
:1024000015D130680027011D3160006884F8FC0197
:10241000C0B2DBF80010B0FA80F04FEA501921F09A
:102420000201CBF8001004F2FB11029176E0A0F15A
:102430004501032909D3252800F08A80412804D0CA
:102440005828CFD04FF000096AE03068073020F0FC
:10245000070000F10801316090ED000B9BF80C5073
:1024600056EC107BA5F17B09384631463A46334697
:102470000DF08AFC002840F00C8194499FED900BF0
:1024800026F00040414053EC102B394315D003F0A7
:1024900000414FF00009084440EC107BF70FA5F114
:1024A0004100062829D9A5F16100062836D8DFE8C1
:1024B00000F02A353535DCD7D2006E20314619F1CF
:1024C0001A0F38BF4E2084F8FB014FF0660038BF6A
:1024D000462084F8FC014FF0690038BF492084F899
:1024E000FA0104F5FC700290384609F092FF78B1C9
:1024F0002D204FF0000904270EE0DFE800F0040F64
:102500000F0FB6B1AC0002A9584603F021F870E7EE
:102510002B204FF00009032784F8F9019BF80C00E9
:10252000A0F16F014FF0010A092905D80AFA01F15B
:1025300040F24322114221D158281FD06FB1012F00
:102540001CD101200190DBF8000000F002000CE03B
:10255000252020800120BDE8FE8FDBF80010019AC5
:1025600001F00200002A00F0858002992D22B0FAC5
:1025700080F04FEA501A01F8012902919BF80000FF
:1025800004EB08072646C007029809D104F2FD11A2
:10259000DBF804202646091A9142DCBF791A4E1C4A
:1025A000411C304600224FF4FF7300250EF0CFF996
:1025B000B9F1000F02901CBF00F8015B0290B84215
:1025C00007D8391A0138202201310EF0FFFD002012
:1025D00038709BF80000C00605D4311B204620222D
:1025E0000EF0F4FD31E0A6422FD0311B2046302200
:1025F00030250EF0EBFD0198B0FA80F0400900EABA
:102600000A00012805D19BF80000400701D42046AC
:1026100005E03178204600F8011B06F8015B9BF8C5
:102620000C1041290DD0582905D0612909D07829ED
:1026300001D0702909D19BF80020120701D461292B
:1026400003D1717841703020707020460EF0B8FED2
:102650004844BDE8FE8F02A9584603F089FCC8E64D
:1026600002A958460BF04AFCC3E602A9584605F0F9
:10267000DBFABEE628B948077FF580AF0298202133
:1026800003E002982B214FF0000A00F80119029094
:1026900074E7612019F11A0F38BF412084F8FB015B
:1026A0004FF000094FF06E0038BF4E2084F8FC0157
:1026B00084F8FA01022704F2F91002902EE700BF15
:1026C000000000000000000008C190000000F07F42
:1026D000F8B50546806814460F46B0F1FF3F04DDAB
:1026E000286820F01000286001E00120A860287B05
:1026F0001026582807D0782805D0702803D06F28D6
:1027000014BF0A2608262846194600F053F8AA687E
:102710004AB950EA010206D12878000749D52B7B37
:102720000020002112E02B7B642B04D16423B1F143
:10273000FF3F05DD0AE0692B08D1002906D5692392
:1027400001223A600022404262EB010132460094CD
:1027500000F0ACF83021AA68904205DA2268013016
:10276000531E23601170F6E7287B582818BF78287D
:1027700010D1297809070FD521684A1E22607028D8
:1027800008BF782008702068411E21603021017048
:10279000287B01E07028ECD06F280AD12878000748
:1027A00007D520684178302903D0411E21603021AF
:1027B0000170F8BD10B5027B702A2BD0006843F67B
:1027C00060731840431E80EA03049C420DD990FABE
:1027D000A0F0B0FA80F00538082806D8DFE800F04D
:1027E0004D050520390520050500A2F164001428D7
:1027F0000ED8012303FA00F02B4B18420AD110F037
:10280000210F05D00868021D0A600068C11710BDBD
:10281000582A46D10868021D0A600068002110BDD0
:10282000A2F16400142808D8012303FA00F01E4B1B
:10283000184204D110F0210F01D1582A31D1086873
:10284000073020F0070000F108020A60D0E900011B
:1028500010BDA2F16400142808D8012303FA00F087
:10286000114B184204D110F0210FCBD1582A18D1A6
:102870000868021D0A600078D0E7A2F164001428FD
:1028800008D8012303FA00F0074B184204D110F0D6
:10289000210FB7D1582A04D10868021D0A600088A8
:1028A000BCE70020BAE700BF00081200F8B50546F3
:1028B0001148124E582B069F144608BF064655EA8B
:1028C000010011D13868421E3A60302202700BE0DC
:1028D0002846224600F014F83A68531E3B6000FB7D
:1028E00014530546F35C137055EA0100F0D13868C3
:1028F0000EF066FD0138F8BDA3350100B4350100C6
:10290000102A06D0082A09D1C00840EA4170C90837
:102910007047000940EA01700909704719B9B0FB16
:10292000F2F00021704780B500230EF033FC80BD2B
:102930002DE9F84F2DED068BADF5496D00260028E9
:1029400000F0AC830F46002900F0A8839346002ACC
:1029500000F0A48397ED038A8146B5EE408AF1EE3C
:1029600010FA1DD8B7F90610B7F90400B7F9082016
:1029700001EE101A00EE100AB8EEC11AB8EEC00A45
:1029800021EE011A00EE001A00EE102AB8EEC00A7D
:1029900000EE001AB1EEC10A9FEDB01A80EE018A76
:1029A0003868394620220390B9F8A40C09EB40108E
:1029B00024300EF06BFFB9F8A43C642009F61C58D3
:1029C0005E1CB6FBF0F101FB1064B9F8A61CA9F877
:1029D000A44C63299CBF0131A9F8A61CB9F8A80C26
:1029E00000F1010A09F618500290D9F8180DA9F85B
:1029F000A8AC48B999F83D2D32B9D9F8542D1AB977
:102A0000DFF814280025157089B29FED950AB0EE05
:102A1000481AB0EE482A0C2928BF0C216422B6FBC4
:102A2000F2F54FF44866754304F16306C5EB4313B2
:102A30008C4D4B4403F54B6321B3B6FBF2F4B0EE7F
:102A4000414AB0EE425A04FB053494ED003AB4EE2C
:102A5000413AF1EE10FAB4EE423AC8BFB0EE434A42
:102A6000F1EE10FAB4EE403A48BFB0EE435AF1EE40
:102A700010FAC4BFB0EE452AB0EE441A0139013E47
:102A8000203BD9E731EE420A98ED092A9FED763ACC
:102A9000B7EE001A0EF0D5FD01D5039C1DE09FEDA9
:102AA000733A039C0EF0CDFD17DCB6EE081AB4EEB7
:102AB000418AF1EE10FAC0F2CD80B7EE041AB4EEFE
:102AC000418AF1EE10FA00F2C5809FED691A9FED80
:102AD000693A28EE011A02EE031A88ED091A9FEDF1
:102AE000662AB4EE420AF1EE10FA02D59FED639A1F
:102AF00018E09FED633A38EE411A9FED624A21EEED
:102B0000039AB0EEC11A9FED5D3AB4EE441AF1EEAD
:102B100010FA48BFB0EE439A98ED0A1A9FED5A3A60
:102B200001EE039A0021B4EE420A88ED0A9AF1EE12
:102B300010FA89F83C1D27DAC8E90B11012089F841
:102B4000500DD9F8540D00286CD0201AB0F5C86F7C
:102B500009D9DFF8C416002089F83D0DC8F8100027
:102B6000C8E90000087099F8F20CE0B1D9F8FC0C43
:102B700040F6B831201A8842C0F0B78148460EF0BE
:102B800016F8B9F8A8ACB0E199F8501D01294DD15B
:102B900098ED0B0AB4EE409AF1EE10FA40F39080F3
:102BA00088ED0B9ACDE799F8F00C052800F2148116
:102BB000DFE810F006001B01140112013E015D0167
:102BC0009FED2F0A0EF060FD40F15D8199F8F30C46
:102BD000013089F8F30C000A40F08781012009F5E3
:102BE0004E63B7F90610B7F90820C9F8F44C89F814
:102BF000F00C0020986189F8F30CB7F9040001EE9D
:102C0000101A02EE102AB8EEC11AB8EEC22A00EE6F
:102C1000100A83ED011A83ED022AB8EEC00A83ED93
:102C2000000A62E1B4F5C86F93D89CE798ED0C0AEE
:102C3000B4EE409A9FED150AF1EE10FA48BF88ED08
:102C40000C9AB4EE409AF1EE10FAFFF67AAF88EDE6
:102C50000B9A73E7B0EE421A41E700BF00007A44D6
:102C6000CDCCCC3D80F3FFFF3333333F6666A63FC8
:102C70008FC2753DD7A3703F295C0F3E0000000056
:102C80006666263FEC51383D3333B33E8FC2753C08
:102C90000AD7A33D8FC2F5BC00606A4700007042AE
:102CA0008FC2F53DC3F51C416666E63ECDCCCC3EF9
:102CB000CDCC8C3F3333D33F295C8F3E333303403D
:102CC0001FED0D1A0EF0B8FCFFF63BAF1FED0F1A0B
:102CD000B4EE419AF1EE10FA3FF633AFD9F8542D25
:102CE00040F20463A11A002A08BF40F6C411A1F5FE
:102CF00082729A4200F2E180DFF81C65012233788B
:102D0000002B00F00A8201EE101A012B04BF0222F0
:102D100032701FED232A1FED264A40F201131044A2
:102D2000C9F8544DC9F8584D30EE490AB8EE41AAD9
:102D30001FED271A98ED003AA9F83C3DC9F8180D87
:102D400081EE0A1A21EE022A03EE042AB2EE044AA8
:102D50000EF081FCC8BFB0EE421A1FED302A88ED9C
:102D6000001A81EE022A1FED321A0EF065FC88ED82
:102D7000012A48BFB0EE410A1FED361A20EE010AC3
:102D8000B1EEC01AB1EEC10AB4EE400AF1EE10FA8B
:102D900080F13B821FED3C1A20EE010A1FED3D1A27
:102DA0000EF04AFC48BFB0EE410A1FED3F1A0EF08C
:102DB00043FCC8BFB0EE410A307888ED020A022811
:102DC00040F0B18102980068022818BF012001EE8E
:102DD000100AB8EE411AA8E1002003E00020A9F88B
:102DE000040D042089F8F00C7FE009F54E61D9F854
:102DF000F40C91ED060AB4EE408A1FED520AF1EE92
:102E000010FAC4BF09F54E6181ED068A201A0EF052
:102E10003BFC30DBB0F5617F2DD80120C9F8FC4CBC
:102E2000A9F8140D0020A9F8040D4FF482701BE0DE
:102E3000BFEE000A1FED601AB9F8040D38EE000A63
:102E4000B0EEC00A0EF0F8FB26D50130B9F8181024
:102E5000A9F8040D80B2884247D30120C9F8FC4C80
:102E600089F8F20C40F20520A9F8F00C3DE00120B1
:102E700089F8F20C39E040F2B731884224BF0020D3
:102E8000A9F8F00C31E01FED730A0EF0FDFB1EDA1D
:102E9000002089F8F30C28E010B10138A9F8040DDE
:102EA000B9F8140D0130A9F8140D80B21E2824BF02
:102EB0004FF44070A9F8F00C17E0B1F5E16F40F263
:102EC0004981D5480121C9F8544D017042E109F505
:102ED0004E6080ED068A4FF48270A9F8F00C012054
:102EE000A9F8140D0020A9F8040D1FFA8AF0322861
:102EF00024D3B9F8A60C002609F54E6A6428C0F060
:102F00009280B9F8A47CCDF804A0AA46A9F8A86CD0
:102F10004FF0640804AD09EB471000F12404B6F546
:102F2000486F0FD0B7FBF8F0202200FB0A41A81928
:102F30000EF0ACFC203601372034F0E7002609F50E
:102F40004E6A70E0DDF804A004A864210AF184024E
:102F500002F094FD99F8DC1C99F8DD0C9AED212A19
:102F60009AED221A9AED230AB6EE083A4A1C01EBB2
:102F7000410109EB810102F00302042801F6AC4192
:102F800089F8DC2C81ED002A81ED011A81ED020A1D
:102F90003CBF013089F8DD0C9AED2E4A039CB4EE5B
:102FA000434AF1EE10FA35DA99F8EC0C9AED2D3A25
:102FB00002287BD0012818D0002840F091809FED96
:102FC0009D5A0EF052FBC0F2A2809FED9B4A0EF07C
:102FD00042FBC0F29C8099F8EF0C012840F0C380BE
:102FE0000EF0BDF9022877D2C1E09FED8C5A0EF0A9
:102FF0003CFB79DB9FED8B5AB4EE453AF1EE10FACB
:1030000072DB99F8EF0C022840F0A8800EF0A7F9C7
:10301000022804D30EF098FB022089F8EC0C002063
:10302000012689F8ED0C0BF1080009F664514422E1
:103030008BF80460CBF800400EF028FCB9F8EC0CDB
:103040009FED811AABF84C0099F8F00C99F8F11C3F
:1030500099F8F22C8BF84E108BF850208BF84F001B
:1030600002992822DAF81800CBF85400B9F8040DB8
:1030700000EE100AB8EE400A20EE010A8BED170AA6
:10308000DAF82000CBF858000BF160000EF0FEFBE0
:1030900009F65C50594688220EF0F8FB30460DF5D3
:1030A000496DBDEC068B01B0BDE8F08F9FED5E0A67
:1030B000B4EE404AF1EE10FA06D49FED5C0AB4EE8D
:1030C000403AF1EE10FA1FD599F8EF0C012821D102
:1030D0000EF045F90328A2D30EF036FB01209CE741
:1030E000002089F8EC0C42E09FED4D5A0EF0BDFA3D
:1030F0000AD59FED4F4A0EF0AEFA05D599F8EF0CC0
:1031000000287AD001202BE00EF01EFB87E70EF09E
:103110001BFB2CE040F2011022E0C9F8544DC9F825
:10312000584D327016E0B7EE001A98ED032A0020D1
:10313000C8F81C00C8F8140000EE012A9FED351AEB
:103140008AEE011A88ED062A88ED032A80EE010A2C
:1031500088ED040A88ED0C9A0020F0E440F201208A
:10316000A9F8EE0C5BE740F20110A9F8EE0C9FED18
:10317000333AB0EEC22AB4EE431AF1EE10FA0EDD85
:103180009FED2F4AB4EE442AF1EE10FA07D5B0EEC7
:10319000C05AB4EE445AF1EE10FA3FF540AFB4EE27
:1031A000430AB0EEC11AF1EE10FA08DD9FED244A91
:1031B000B4EE441AF1EE10FA01D5012030E79FED8C
:1031C000214AB4EE440AF1EE10FA08D59FED1C0A2C
:1031D000B4EE401AF1EE10FA01D5022020E70EF00D
:1031E00030FA08DD9FED160AB4EE401AF1EE10FA3F
:1031F00001D5032014E7042012E70EF0B0F80428EC
:10320000FFF40DAF0EF0A0FA6BE7B0EE410A08F044
:103210004BFDBFE500007A44B00800206666263FFB
:103220008FC2F53D295C8F3ECDCC0C3FAE47613E51
:10323000295C0F3DEC51383ECDCC4C3D000016448E
:103240000000FA43000016C40AD7233C2DE9FC47CE
:103250000027002800F06A82DDF828A0BAF1000FEC
:1032600000F0648291460546D0E96C20571C461C4C
:1032700095F82022C5E96C76CBB1002742F02000FA
:1032800051461C2285F81B72C5F8B071C5F8A471AF
:10329000AAF80A7085F820028AF8100005F509706E
:1032A000CAE905778AF800700EF0F0FA3EE240F2C3
:1032B000EE2302F0DF029F4285F820220AD300238A
:1032C00042F0100285F81B32A5F82E32C5F8A43161
:1032D00085F8202210B3DFF86C24137802EB830604
:1032E0007160591C0526CBB2B3FBF6F303EB8303E5
:1032F000C91A012311700021062B04D052F8236053
:1033000001333144F8E7052291FBF2F1E8B90020DE
:103310000D280CD045F820100130F9E7DFF82434EF
:103320000122062AD7D043F822100132F9E701EB37
:10333000C100102382006A63312B03D045F823209B
:103340000133F9E7C001C5F8C40095F83C2095F8B1
:10335000C80045F82210561C6B6BD5F8C4C0AB638F
:103360000D23B6FBF3F707FB136685F83C6002F10B
:103370000C06B6FBF3F707FB1366171DB7FBF3F458
:1033800055F8266004FB137455F82440344402F1C8
:103390000D06B6FBF3F707FB1366D71CB7FBF3F17B
:1033A00055F8266001FB137155F82110314401EBEB
:1033B000440102F10B04B4FBF3F606FB1344561D63
:1033C000B6FBF3F755F8244007FB136655F8266063
:1033D000344404EB4404214402F10A04B4FBF3F640
:1033E00006FB1344961DB6FBF3F755F8244007FB84
:1033F000136655F82660344401EB840102F1090498
:10340000B4FBF3F606FB1344D61D0832B6FBF3F704
:1034100055F8244007FB136600F1110755F82660A4
:10342000344404EB84042144B2FBF3F404FB132280
:10343000212355F8222002EB420201EB4201421CFB
:10344000B2FBF3F4B7FBF3F3696344EA441403EB10
:103450004313121B05F14004FB1A54F8226054F880
:10346000233085F8C8208E1B6644C5F8C46044F834
:103470002010D5F8C400D5F8B411A3EB60130529CA
:1034800008D805F1CC000021052903D040F82130EF
:103490000131F9E705F1CC0405F1D406002717CC7A
:1034A00016C68AF80070191BC5E93330801A00EB84
:1034B0004100C01080FB0001000B40EA015095F86C
:1034C000881105EB81020131D2F8E440C2F8E40032
:1034D000B5F84222CAF80490B1FBF2F6001BD5F809
:1034E000804106FB121185F8881167F1000100196F
:1034F000D5F88441C5F880016141B5F8FE41CAF8AC
:1035000014300023C5F88411AAF8084095F82E421B
:103510008AF80A4095F82F428AF80B40B5F83042F5
:10352000AAF80C40B5F83242AAF80E400DF032FE6F
:10353000D5E9631395F82022CAF8180005F5097833
:10354000C5E9630181424FF000008AF8102028BFCE
:103550000120994288BF012795F8B831012B36D157
:10356000D5F8B431292B2ED3D5F8AC01814284BFD4
:10357000C5F8AC110846B3F5967F24D3002185F831
:10358000B811C5F8B01102F07F01B0F5487F6E4A5E
:1035900085F82012014698BF4FF4487149089042BF
:1035A00088BF42F21071A1EBD1029208C80802EB69
:1035B000D102B2F5AF7F98BF4FF4AF72C5E9651085
:1035C0005308C5E967230EF032F80027AEE0D5F8BE
:1035D000B0213840B2F5967F21D91923B2FBF3F41C
:1035E00004FB1323DBB9D5F89431B3F5167F16D954
:1035F000D5F89841A3EBD303C5F89431A4EBD404D8
:103600001B1BC5F8984104EB9303B3F5AF7F98BF3C
:103610004FF4AF73C5F89C315B08C5F8A0310028A2
:1036200053D0B5F8FC315F208D2B0AD303EB831305
:103630006424B3FBF4F34FF6E0741C405F2C88BFA6
:103640001846824216D2D5E9650202EBD101A1EB00
:10365000D201401A0A4688BF02EB9002B2F5AF7F52
:1036600098BF4FF4AF72C5E9661250084FF4D0719D
:1036700068502AE0B1F5AF7F0BD3D5F89C018142A9
:1036800007D300204B460DF0B9FF9AF80000E0B1D7
:1036900048E0D5E96523D5F8A40103EBD104A4EBF8
:1036A000D303D21A1C4688BF04EB9204B4F5AF7F53
:1036B00098BF4FF4AF746208C5E96634B1F5967FE0
:1036C000C5F8A02128BF814234D895F81B020228F2
:1036D00028D3B5F8FC0128B3A62148436421B0FBE8
:1036E000F1F1D5F8B00188421CD9D5F8A411B1F593
:1036F000967F17D3D5F8A021914213D3D5F8A821EE
:10370000D5F8B4319F1AC21BB5F84402824206D3E1
:103710000120A9EB87030DF071FFC5F8B0710020FF
:10372000C5F8A4010DF083FF9AF8007007F00100BE
:10373000BDE8FC87D5F8B401C5F8A4114FF4D471E5
:1037400096E700BFC4070020A18601002DE9F843D9
:1037500005460C46480413D4A00024D4A0075CD42A
:1037600060057ED4200500F10681200700F13B8131
:10377000600040F1F68009F08DFF24F08044F0E015
:103780000DF054FEDFF81C140F6D3FB1D7E90A129B
:1037900002F0E04201F00A01891849D00DF0F7FF6C
:1037A00024F48044DDE0BB48DFF8FC73016841F09D
:1037B00080010160B878012804D104200CF0B6F82B
:1037C0000020B8700DF032FE064604200DF064FEB5
:1037D000DFF8D8130A68904219D12A7EBAB1FA6884
:1037E000AAB1DFF8C003806C002800F09780C168A0
:1037F00040F603020988914206D0C06840F60401F1
:103800000088884240F08A8005F1140088E040F684
:10381000C4120860C5E9042284E004F0BDFCDFF8AE
:103820008403006C002840F09D8024F0020498E09E
:10383000D7E90A65D7E90A12AA43B143C7E90A12D0
:103840000DF0A5FFB8680028AAD056EA0500A7D059
:10385000D7F808C03869B7F9301032462B46E04730
:103860009EE70DF0E3FD05460CF0C0FF002800F0D8
:10387000B780CC48876B002F00F0B280DFF8288338
:103880000420CB49002288F81800C6480DF0ACFB94
:103890000DF09EFFC74803F0CCFBC7480068006BE3
:1038A0008047C8F810000125042088F802500CF069
:1038B00023FA386990F82810C8F80400490703D59E
:1038C000436A04210022984701200AF013FAD8F82D
:1038D0000400457607F01CFFD8F8040081680B4609
:1038E0001A465B684BB11E88A6F60306072EF7D86A
:1038F00005FA06F616F0830FF2D0537B03F0F003BF
:10390000013353730023FD6853602D88A5F603052A
:10391000012D00F28A80C8F810309FE005F11000F8
:103920000BF03CF930460DF032FF0CF0FDF978B1A8
:103930002E6A28466FF4807100224FF00073B04762
:103940009848806B10B109F0A5FE01E044F0020434
:10395000EE692846002100224FF08063B04724F032
:10396000005434B1974821462830BDE8F8430DF0A3
:1039700070BFBDE8F8838C4EB078012804D10420D4
:103980000BF0D4FF0020B0700CF0CEF938B17068A5
:103990006FF4807100224FF00073056AA847306908
:1039A00050B185480068006B804732697168801AA1
:1039B000000BC860002030617A4D81490022284602
:1039C0000DF012FB02203076286C20B17D480221D8
:1039D00028300DF03EFF09F05DFE24F40064C0E7DE
:1039E0000DF0F6FE41E00DF021FD05460CF0FEFE67
:1039F000A0B1DFF8B48198F8000000070ED498F960
:103A0000000000280AD4684607F076FF08B1009845
:103A100020B1DFF8B49199F8610048B30DF0D8FEF9
:103A200009F038FE24F008049BE7034633F8385FBA
:103A3000A5B190F8445090F8456005F0F00580F885
:103A4000445006F0F005013580F8455000255360DC
:103A5000C5634587507B00F0F00050735748002243
:103A6000C261016001200DF003F824F4806478E75E
:103A700000260127602E0FD009EB0600817A31B1B4
:103A80008772407A07FA00F0C0B20BF069FF203667
:103A9000F0E700BFCC210840032088F81800454813
:103AA00003F0C7FA0DF094FE444F3E4D00227869B2
:103AB00000207861F968F860284644490DF094FACE
:103AC0003D480068006B8047D8F80C10D8F82020DB
:103AD000411A02EB1130B0EB113F38BF4FF0FF300D
:103AE00098F82410C8F8200021B1D8F80810B0EBDD
:103AF000C12F20D90CF0CCFFB8B140F609004146E7
:103B000021F83C0F002048804A7B02F0F00201328D
:103B10004A730A7B02F0F0020A734860F861396068
:103B2000B8F83E0010F4406FFAD00020C8F820002A
:103B3000012088F824000AF08FFD2548002101604B
:103B4000022000210CF094FF02200BF0EFFE102069
:103B500007F08AFC98F8010020B9D8F8040050302A
:103B60000DF073FE1B48807810B90D2007F07CFC27
:103B700098F8250028B1002088F8250005200BF0D2
:103B8000D5FE002088F818001348C8F81C00022051
:103B9000B5F85610B5F85420914208BF072009F037
:103BA000F9F93DE76406002048030020A008002042
:103BB000C907010054C400208C010010001004400B
:103BC000519A0000E804002070C20020F9D60000DD
:103BD0000000046084360100459600000CF0EFB947
:103BE0002DE9F04792B00CAD182128460DF0F3FAFC
:103BF000002476208A212A461723CDE90A44CDE9FC
:103C00000844ADF81C4006940BF07CFD002851D010
:103C100008AA7620E1210E230BF074FD00284BD07A
:103C200006AA76200021052300240BF06BFD002856
:103C300040D00DF117027620F02101238DF81740B6
:103C400001240BF05FFD9DF81700022807D0BDF896
:103C5000341046F2A81081422CBF00240124DFF862
:103C60009893BDF82800A9F81400BDF8300089F831
:103C70000140A9F816009DF8320089F8020014B33B
:103C80000D99DDF83A20BDF83E3005F11500C9E97F
:103C90000621BDF83810A9F80330A9F80510BDF8C1
:103CA0004210A9F820109DF8441089F8071009F176
:103CB00008011FE0D04801E0CF48002404702046EE
:103CC00012B0BDE8F0870D9905F11600C9F8221071
:103CD0009DF8381089F80910DDF83A10C9F8261057
:103CE000BDF83E10A9F80A10DDF84210C9F82A10F4
:103CF00009F10C0100789DF820209DF821309DF8F5
:103D000022409DF8235008709DF91C10102089F85E
:103D10000D50099D91FBF0F0C9F80E5089F8120082
:103D2000100140EA1310A9F82E0003F00F0040EA3A
:103D30000410A9F830009DF92C000CF057F99FED04
:103D40008A0B0DF0E1FC9FED8A0B0DF0E9FC0446B7
:103D5000BDF92A000F460CF049F99FED870B0DF0D5
:103D6000D3FC9FED870B0DF0CFFC9FED870B0DF083
:103D7000D7FC9FED870B0DF0C7FC9FED870B58EC30
:103D8000106B3246434602F0D4FE02460B462046F4
:103D900039460DF066FD04469DF92D000D460CF0E8
:103DA00025F99FED7F0B0DF0AFFC9FED7F0B0DF024
:103DB000ABFC22462B4602F0BCFE05469DF81A00DD
:103DC00001240F46000964F39F000CF0D1FE9FED23
:103DD000780B02460B4651EC100B0DF040FD0246ED
:103DE0000B46284639460DF03CFD07469DF9180064
:103DF0000D460CF0FBF89FED700B0DF085FC324684
:103E0000434602F096FE02460B46304641460DF010
:103E100026FD02460B46384629460DF022FD9FED51
:103E2000680B0DF07DFC9FED680B0DF06DFC9FEDB8
:103E3000680B06460D4657EC108B42463B4608F091
:103E4000E8FA9FED650B00281CBF3D46464630460C
:103E5000294657EC108B42463B4608F001FB0028F0
:103E60001CBF3D464646304629460AF0A5FD634D37
:103E7000024676205A21A847762064215922A84775
:103E8000762071211022A847762072210122A847AE
:103E9000762074215522A84759480CF09BF901ADB2
:103EA000112128460DF097F976201D212A4611236D
:103EB0000BF028FC00284CD09DF811009DF8125002
:103EC000800050EA951A44D099F912000CF08EF84F
:103ED0009FED430B0DF018FC9FED430B0DF020FC04
:103EE0000246484805F00F070B4600EBC7000DF0EF
:103EF000B5FA054644480E462A46334600EBC7004D
:103F00000DF0ACFA0746AAF5007088460CF06EF882
:103F100002460B462846314602F00BFE02460B468F
:103F2000384641460DF09BFC9FED310B80460E4616
:103F300057EC105B2A463B4608F092FA48B14046DF
:103F400031462A463B460DF08AFC08F0EBFFC9F8E3
:103F500034007620712100220BF054FE89F80040D5
:103F6000ADE600BF00BF00BF000000000000B03F92
:103F70000000000000804840000000000000003FFA
:103F8000FCA9F1D24D62403F55C1A8A44E40633F09
:103F90000000000000007440000000000000F03F3E
:103FA000000000000000503F00000000000038400A
:103FB0000000000000001040FCA9F1D24D62603FFB
:103FC00000000000000039C03333333333330B407B
:103FD00000000000000000000000000000E06F4052
:103FE00000000000000014400000000000F09440B9
:103FF0000000000000408F405007002005FC00003A
:1040000020BF020068250100E8250100F0B597B047
:104010000EAC20460DF082FA4FF4E13021461490A8
:104020000220ADF83800002003F064FAAA4FAC4E2D
:10403000F861AA48B047AB4C2046B047AA48B04701
:10404000AA48B0472046B0470BAC20460DF08EF88A
:10405000204601210DF0AAFA204601210DF011FCA5
:10406000A348214648300BF017FDA24821460BF02B
:1040700013FD20460DF003FC9F48B0470BF0D8FC21
:10408000132001210DF0BCF81C2001210DF0B8F81F
:104090009A4C2046B0479A48B04706F067FC204645
:1040A000B0479848B04709F08DF92046B047964888
:1040B000B04796480CF01CFD954D00210022284683
:1040C0000CF080F905F11C00002100220CF07AF9B7
:1040D0002046B0478F48B04706F0F8FE72206421B2
:1040E00059220AF005FE38788B49085C0CF0EEFE88
:1040F0002046B0478948B047022006F0BDF938B1E4
:10410000FA2004219622322307F0AEFA854800E017
:104110008348B0478448B047FFF762FD844C0028CD
:10412000824D204618BF2846B0478248B04707F066
:10413000D1FC7248B0478048B04701F0E1FD00284B
:1041400018BF2C462046B0477C48B04702F0C8FD57
:10415000A8B17B48B0470DF005FA0021794A8DF8E7
:10416000061000F00F010009515C105C8DF805107D
:104170008DF8040001A8B0477348B04702E06C48CE
:104180000CF0FCF97148B04771480CF053FB5B48E8
:10419000B04770480021002409F0A8FF6E480021B4
:1041A0000BF0F6FE6D48002108F014FE6C48B04795
:1041B00007F042FC5A49002818BF29460846B04774
:1041C0000DF12A050DF129068DF82B408DF82A40B6
:1041D0008DF829400DF12B040DF01FFA0DF01DFA9A
:1041E0004B4C20460CF072FD0028FAD05D480CF0D4
:1041F000C5F901AC0DF0E3FA0DF0AEFA0DF030FAAE
:10420000042069460DF0A4FA574A09A80DF094FA63
:1042100018B156480CF0B2F9FEE701AC20460DF09B
:104220002CFB53480CF0AAF90DF0C9FA0DF094FAE2
:104230000DF016FA032069460DF08AFA4D4A08A8D7
:104240000DF07AFA18B14C480CF098F9FEE701AC81
:1042500020460DF012FB49480CF090F90DF0AFFA32
:104260002046012101250DF09BF90DF0F9F90220FE
:1042700069460DF06DFA424A07A80DF05DFA18B1D3
:1042800040480CF07BF9FEE701AC20460DF0F5FA52
:104290003D480CF073F90DF092FA0DF05DFA0DF057
:1042A000DFF96946204600950CF056FF374A06A80C
:1042B0000DF042FA18B136480CF060F9FEE701A89B
:1042C0000DF0DBFA33480CF059F933480CF056F98D
:1042D000002017B0F0BD00BF180400207E39010097
:1042E0007D050100BA290100F128010034290100EF
:1042F000640200200C0600201D2D0100FF38010083
:104300002528010036300100262E010034A80020A7
:10431000F0010020752C01008838010039310100BE
:104320001638010058350100502F010055380100A2
:10433000F83501008E300100802F01005A2E010057
:1043400025360100C5350100AC390100B02C010053
:104350004D15010018B70020509A0020A0C300207E
:10436000C02B0100892D0100A96100001C32010051
:10437000E72C0100B9A20000F8310100532D010023
:1043800099A30000AF2F0100822B01004100000023
:10439000DC2F0100042B0100BC2E0100002800F0DE
:1043A0008781002900F08481002A00F081812DE9B5
:1043B000F04FAAB0BF4B0192BF4A6FF03F074FF0DA
:1043C00040094FF02A0C1C6844F080741C6013688C
:1043D00043F0010313605268B0F8FE510092002DC3
:1043E00008BF4FF44875B1F808B0BBF1000F08BF23
:1043F0004FF4487BABEB05039B0193FBF5F313F103
:10440000400FD8BF3B46402BA8BF4B46B0F80082B8
:104410001E93B8F1000F08BFA846ABEB0804A40137
:1044200094FBF5F414F1400FD8BF3C46402CA8BFD4
:104430004C461F94D0E9654A002C08BF4FF47A74AB
:1044400091F810E05FEA0E7212D48B695B01B3FB46
:10445000F4F3A3F1200C02239CFBF3F313F13B0FC5
:10446000D8BF6FF03A03452BA8BF4523A3F1050C35
:104470008B89924ECDF880C0DFF850C206EB8313D3
:10448000322693FBF6F38E4E402BA8BF4B46239368
:10449000CB8906EB83132A2693FBF6F34FEA8A16A1
:1044A000402BA8BF4B462493631C96FBF3F616F1F2
:1044B000400FD8BF3E46402EA8BF4E462696D0E9B4
:1044C0003306801B202690FBF6F010F1400FD8BF7A
:1044D00038464028A8BF48462590A4EB0A00800132
:1044E00090FBF3F0784B10F1200FD8BF6FF01F0056
:1044F0006028A8BF6020203822904869400190FBC6
:10450000F4F010F14C0FD8BF6FF04B003428A8BF67
:1045100034200C302190C87A6A4901EB80102321A5
:1045200090FBF1F000B210F1400FD8BF38464028A0
:10453000A8BF48462890A8000521B0FBF1F0A0EBE9
:104540000B00800190FBF5F010F1400FC8BF07464B
:1045500008EB0B00402FA8BF4F46002A48BF6FF062
:10456000200727978001A0EBC51090FBF5F010F114
:10457000360FD8BF6FF035004A28A8BF4A205FEA3F
:104580008E614FF0000E4FF0300158BFA0F10A01CC
:1045900029910EA91EADBEF1100F14D05CF82E604B
:1045A00000270C2F06D0DC5755F82700013700FBF9
:1045B0000466F6E7B7110C3327EAE67641F82E6079
:1045C0000EF1010EE7E7424CDFF808C14FF0000E94
:1045D00002A8BEF10C0F14D05CF82E600027102F3B
:1045E00006D0E55751F82730013703FB0566F6E79B
:1045F000B711103427EAE67640F82E600EF1010E6E
:10460000E7E7364B344DDFF8D8E04FF000080027DD
:104610009C46052F19D05EF8276000240C2C06D08C
:10462000295750F82420013402FB0166F6E7B3EB6A
:10463000A61FB8BFB311BCEBA61FBEBF6346B846EA
:104640004FEAA61C0C350137E3E71B484068009988
:10465000401A03D04CF25131884201D340F28C50C1
:10466000019C204A5FFA88F1606084F8008018306D
:10467000525C80B26270E2680132E2603022B0FBCC
:10468000F2F01022A060ACEB030090FBF2F010F10E
:10469000110FD8BF6FF010001128A8BF11205230A1
:1046A000A07011B12069013020612AB0BDE8F04F3F
:1046B000704700BFFCED00E0001000E080F3FFFF5A
:1046C00080F5FFFF00EEFFFFC1210100842A0100F9
:1046D00081220100F02E0100FD2B0100010000806D
:1046E00008350100743901002DE9F0412DED0C7BF6
:1046F0004FF00008002800F06181B34E0446307886
:10470000002800F05B8100200821CDE90000684608
:1047100008F0ACFC8046002800F050819DF80500B0
:104720009DF80410B1EE002A41EA00220007A749D3
:1047300013466FF3DF2348BF42EA01039DF80000F0
:104740009DF8012000EE103A9DF8037096ED019A55
:1047500096ED028AB8EEC01A96ED030A9DF8023073
:1047600040EA02251207284611EE020A6FF3DF2005
:1047700048BF45EA010001EE100A43EA0720B8EEFF
:10478000C11A3B07024611EE029A6FF3DF2248BFBF
:1047900040EA010201EE102A9DF80600B8EEC11AA7
:1047A0009DF8072011EE028A40EA022312071846FC
:1047B00028EE081A6FF3DF2009EE091A48BF43EA12
:1047C0000100B17800EE001AB1EEC12A9FED801A07
:1047D00082EE012A81B396ED054A96ED065A96EDD2
:1047E000073A39EE446A38EE457AB0EEC66A0CF004
:1047F000CBFDC8BFB0EE476A30EE437A0CF0C4FD83
:10480000C8BFB0EE476AB3EE007AB4EE476AF1EE85
:1048100010FA1AD5BFEE006A9FED6E7A32EE066A84
:10482000B0EEC66AB4EE476AF1EE10FA0DD59FED10
:104830006C6A9FED6C7A0CE0012186ED059A86ED9D
:10484000068A86ED070AB17015E09FED636A9FED59
:10485000637A28EE068A29EE069A20EE060A05EE0D
:10486000078A04EE079A03EE070A86ED068A86EDAC
:10487000059A86ED070A4F389FED5B4A9FED5B5A1C
:1048800000B203EE100AB8EEC33A03EE045AB0EEDB
:10489000C83A9FED574A84ED065AB2EE085AB4EE74
:1048A000453AF1EE10FA48BFB0EE448ABDEEC83A80
:1048B00013EE100AB0EEC93AB4EE453AE080B3EE1A
:1048C000005AF1EE10FA48BFB0EE449ABDEEC93A74
:1048D000B5EE408AB0EE404A13EE100AB0EE403A10
:1048E000F1EE10FAB5EE409AA08008BFB0EE413A62
:1048F000F1EE10FA08BFB0EE434A9FED3E3A30EEBB
:10490000033AB0EEC33AB4EE453AF1EE10FA48BFBE
:10491000B0EE440ABDEEC03A9FED2E4A13EE100AE7
:10492000BFEE003A32EE033A2081B0EEC33AB4EE65
:10493000443AF1EE10FA09DA28EE082A09EE092ABB
:1049400000EE002AB1EEC22A82EE012A20EE00AA71
:1049500084ED032AB0EE4A0A08EE080AF1EEC00A16
:10496000B0EE490A04F0F4FF09EE09AA9FED22BA5D
:1049700020EE0BCAB0EE480AF1EECA0A84ED04CA72
:1049800004F0E6FF9FED1D1A20EE0B0AB0EECC2AD4
:1049900084ED050AB0EEC00AB4EE412AF1EE10FA39
:1049A000B4EE410A44BF00202061F1EE10FA44BF8A
:1049B000002060610B2008F097FF20774046BDEC97
:1049C0000C7BBDE8F08100BF8807002000F0FFFFEE
:1049D00000007A448FC2753D6666E63ECDCC0C3F42
:1049E000295C8F3D7B146E3FB81E853D0000C4419D
:1049F0000000000000007AC4E02E6542CDCC8C3F60
:104A00002DE9F84F2DED181B229D0C460146002084
:104A1000002D00F04081239E002E00F03C810846CE
:104A2000079209930BF0E2FA9FEDA10B53EC102BC8
:104A3000069208930CF013FF95ED120B02460B46FD
:104A4000CDE90A3251EC100B0CF00BFF0546204665
:104A50000E460BF0CBFA04460F4628463146224656
:104A60003B4602F066F89FED940B82468B4655EC70
:104A7000100B9FED930BEE0F0D90504658EC109BD2
:104A800066F3DF714A46434607F0C3FC002840F056
:104A9000018122984A46434690ED080B51EC100BD9
:104AA000059166F3DF71049007F0B3FC002840F035
:104AB000F1802298DDE90A3290ED140B51EC100BD5
:104AC0000CF0CFFE22463B4602F033F80F4666F369
:104AD000DF714A464346044607F09BFC002840F03D
:104AE000D980DDE90A1052465B460C960CF0B7FE01
:104AF0009FED750B5AEC10BB5A4653460CF0B1FEB5
:104B0000DDF88880039798ED0A0B98ED0CBB98EDC3
:104B10000E9B98ED108B53EC102B02F005F8DDE99D
:104B200004230CF09CFE9FED6AAB53EC1A2B02F0B1
:104B300000F89FED690B0591814653EC102B01F0B5
:104B4000F8FF02460B46274604460E460CF089FE47
:104B50000CF090FC0CF08EFCCDE90A100998079936
:104B600008440BF043FA9FED5E0B0CF0D1FD069A62
:104B7000089B0CF074FE039B3A460CF070FE5A46FC
:104B800053460CF06EFE98ED160BCDE9081051EC73
:104B90001B0B0CF0BDFD9FED540BCDE906100599E4
:104BA000484653EC102BCDE9043201F0C2FF9FEDD3
:104BB000500B9FED51BB9FED52CBCDE9021051EC54
:104BC000180B4FF0030BCDE9001059EC108BBBF123
:104BD000000F65D0DDE9043251EC1A0B01F0A9FF9A
:104BE00002460B46DDE900100CF03BFE42464B4608
:104BF00001F09FFFDDE9023204468A4651EC190BB1
:104C00000CF02FFE2246534601F093FF02460B465E
:104C1000DDE906100CF025FE04460C980E4653EC18
:104C20001B2B60F3DF71204607F01AFC0746DDE915
:104C30000810224633460CF012FE02460B46002FA7
:104C400008BF2B460D9C08BF2246DDE90A1001F083
:104C500070FF22462B4641EC180B07F001FCB0B167
:104C6000B0EE480AF0EE680A02F02AFF02F028FFD0
:104C700053EC1C2B51EC100B01F05BFF229A92EDD0
:104C8000180B53EC102B01F04FFF41EC1A0BABF15A
:104C9000010B9CE70020BDEC181B01B0BDE8F08FB4
:104CA00051EC1A0B08F03EF9239908600120F2E755
:104CB000000000000000284000000000000000008C
:104CC0008DEDB5A0F7C6B03E000000000000204109
:104CD000000000000000394066666666661271409A
:104CE000000000000000E03F00000000000039C0AC
:104CF000000000000000F03F11EA2D819997713DFE
:104D000066666666661271C0AC490246002818BF26
:104D1000012009780840012840F04F812DE9F84F23
:104D20002DED0C3BCDE902022C2008F0DDFD0190B9
:104D30002D2008F0D9FDA24C00902D200021A04785
:104D40002C208321A0472D202221A0474CF2503057
:104D50000BF040FA102000264FF000080025002834
:104D60003FD0CDE9040600200621ADF824000890CC
:104D700008A808F07BF92E469DF820A09DF821B0E8
:104D80009DF822409DF823709DF825909DF82450B1
:104D900042F210700BF01EFA45EA09205FEA097230
:104DA000884B01466FF3DF2148BF40EA030144EA24
:104DB0000720751801463A076FF3DF2148BF40EA24
:104DC00003014AEA0B2088445FEA0B7201466FF345
:104DD000DF2148BF40EA0301DDE904060E44013843
:104DE000BDE700EE105A01EE108A02EE106A9FED48
:104DF000768A039801210BF0CAFF80ED002A80ED2E
:104E0000011A80ED020A2E2009F05DFA4CF25030B2
:104E10000BF0E0F910204FF0000B002400260028D2
:104E200042D0CDE9040B00200621ADF81C0006900D
:104E300006A808F01BF9B34626469DF818709DF8A1
:104E400019509DF81A809DF81B909DF81DA09DF8A3
:104E50001C4042F210700BF0BDF944EA0A205FEAF0
:104E60000A72584B344601466FF3DF2148BF40EACF
:104E7000030148EA09200BEB01065FEA09720146CB
:104E80006FF3DF2148BF40EA030147EA05200C44E5
:104E90002A0701466FF3DF2148BF40EA0301DDE93D
:104EA000040B8B440138BAE701EE104A00EE106A99
:104EB00002EE10BA039D2E20002100240BF067FFA4
:104EC00085ED032A85ED041A85ED050A09F0FBF945
:104ED00095ED000A95ED033A95ED022A95ED055AF8
:104EE00095ED011A95ED044A0020002100220023CF
:104EF00033EE400A9FED353A35EE422A34EE411A40
:104F00009FED344A82EE032A80EE030A81EE031AF3
:104F10009FED2F3AB4EE432A85ED082A85ED060A67
:104F200085ED071AF1EE10FAB4EE442A9FED2A2A15
:104F300098BF0120F1EE10FAA8BF0121B4EE421A89
:104F40009FED262A08400021F1EE10FA85F8260090
:104F5000A8BF0121B4EE421AF1EE10FA98BF012267
:104F6000B4EE430A11400022F1EE10FAB4EE440A06
:104F700085F8251098BF0122F1EE10FAA8BF012391
:104F80001A4085F8242018BF002900D0044685F86F
:104F900027400B4C2D200021A04701992C20A04731
:104FA00000992D20A04744F620600BF013F90298D9
:104FB000BDEC0C3B01B0BDE8F04F70478807002006
:104FC000C7E2000000F0FFFF0000803D00007A43D0
:104FD00033333340CDCC4C3E333333C0CDCC4CBED9
:104FE0002DE9FE4F074608680024B0B1D7E9018AD1
:104FF0000E460CF01BFA8146D8F8E800082888BF56
:105000000124B068204202D17068204208D00320F9
:10501000307448460CF0BBFB00242046BDE8FE8FF0
:10502000D8F8C01069B198F8F8100029EFD006211F
:105030003174D8F8C410C8F8C4604E6198F8FC10F8
:105040000DE000210522C8E93066C8E93411C8E93D
:10505000361198F8FC10002908BF01223274002292
:105060000129726109D102204FF4E02188F8FC0087
:1050700098F8FB000AF028FE7068894901388842D8
:1050800005D804200AF038FE06200AF035FE02207A
:105090000AF032FE98F8F80040B9DAF83C003168BE
:1050A000814203D298F8FC0000286CD0D8E9361071
:1050B00009B118B900E028B30CF022FBDAF80000BF
:1050C000416941F00101416148460CF060FB98F8EC
:1050D000F80008B10124A0E708F16C05D8F8EC103D
:1050E00028460CF0EAFA0028F4D0D8F8C0000321D2
:1050F0000174384606F0E6FF2846002100240CF033
:10510000DCFA8AE79AF804000CF08BFB654CDAF8BD
:1051100010100222206991FAA1F1B1FA81F14368DD
:10512000D8F8CC004068006898472069DAF8141075
:1051300002224368D8F8CC0091FAA1F1B1FA81F1CA
:105140004068006898479AF804000BF011FC9AF840
:1051500004000CF068FB0CF0D3FA0020C8F8E00063
:10516000D8F8C0000068B0F5806F01D90CF0C8FA1B
:1051700098F8FE000028A1D1DAF80000416841F05B
:10518000020141609AE798F8F90020B1D8F8EC00E4
:1051900001307FF48BAF48460CF0F9FAB2683AB1AF
:1051A000D8F8E8000221092838BF0121009103E066
:1051B00008F1F40200200090746834B1D8F8E800D7
:1051C0000227092838BF012702E008F1F60400276A
:1051D000DAF80000334D416841F002014160D6F831
:1051E00000B0D946BBF1000F40D0D8F8E8000192DA
:1051F00009284FF0010011D22A68B9F1000F1FD021
:10520000C0071DD02178DAF8000092689047002886
:105210001EBF3C44A9F101090120EDE72A68B9F15C
:10522000000F16D0C00714D02188DAF80000926869
:10523000904700281EBF3C44A9F101090120EDE779
:10524000DAF80000D26802A99047DDE90120107069
:1052500007E0DAF80000D26802A99047DDE90120F2
:1052600010800098ABF1010B0244BBE7D8F8F000C6
:10527000DAF80010CA680240102802D1002AF9D1D9
:1052800001E0002AF6D070680BF0E6FAD8F8C010FA
:105290000020C8F8C400C8F8C00008741AE700BFAE
:1052A000FEFFFF0FC40100102DE9F04F8DB0044642
:1052B00000209A4616460F46CDE90B00CDE90900BD
:1052C0008A488568804607F015FA1C2803D007F045
:1052D00011FA1B281BD1308840F60201884218BF02
:1052E000B0F5C15F03D1F07B022810D93EE043F650
:1052F000070188420BD196F82400032807D33069B0
:105300007B4940F0806020F0604088422ED1002030
:105310006FB366B3387825FA00F0C00726D0304660
:1053200000210CF082FA7348C4E90176006880B16C
:1053300009A800900CA90BAA0AAB304603F04CFE5A
:105340000B980B214FF6FF7250230BF031FBFF2817
:105350000CD00CF06BF8684F06467878012802D81C
:1053600040B1012070E030460CF011FA00200DB081
:10537000BDE8F08F03F0A4FD60480DF10409016859
:1053800041F0020101605E48C8F8000048460BF099
:10539000A7FFDFF870B15D494A469BF801009BF812
:1053A00000500390584828300AF070FA584859497C
:1053B0004A460AF06BFA48460BF02AFFDFF858819C
:1053C000564A19214B460295404609F0DDFE544AE3
:1053D00008F11C001A214B4609F0D6FE51485249EB
:1053E0000CF0A2F9514852490CF09EF9514800685E
:1053F00010F4402F06D0504A07F128000421002362
:105400000BF0BEF99BF8020010B10D2005F024FF4F
:1054100008F140000BF0F3FD08F138000BF0EFFD50
:105420004649002007223876B8843862386181F80E
:1054300060200521C7E902104149F9613870042054
:1054400000210BF015FB78782F4941F820400130FE
:10545000787030460CF09BF9BAF1000F02D0DAF800
:10546000000008E00DF1040A3649202250460CF0F5
:105470000DFA4FF0FF30DAF80420BAF81010DAE92C
:105480000635002AB2FA82F608BF40F6C412206040
:10549000012076096183256360762B4826764FF4D8
:1054A000FA766261C4E90362C4E90700C4E909034A
:1054B000DAF80C0000B12062DAF8140000B1606282
:1054C000DAF8080000B1E06104F13800C8210BF0FF
:1054D00082FE04F1500000210BF0EAFA1B4904F1AE
:1054E000B8000CF021F9204641E700BFCC2108406C
:1054F0000F00000564080020480300200020094038
:10550000110000E084360100E8040020B10C010025
:10551000DCC4002011AE000064060020F9D60000B3
:10552000B1CA000098C40020A507010054C400209F
:105530005D0C0100B44F00509DE0000070C20020DF
:1055400045960000C432010073BE0000E917010057
:105550002DE9F84F2DED028BA6B058EC104B9FEDC6
:105560009A0B074600208A460B902046414656EC8F
:10557000105B2A46334606F059FF9FED950B002835
:105580001CBFB0462C462046414648EC184B53EC15
:10559000102BCDE9053206F02FFF48B9B0EE480ACE
:1055A0000BA8F0EE680A07F043FF0B9801380B9048
:1055B0008DED088B8B4A8A499DF8270080F080008A
:1055C0008DF8270030208DF83000387B412808BF47
:1055D0000A46059E069D0792204641462A463346C6
:1055E00006F017FF089900282A46334608BF2146CF
:1055F000099808BF404640EC181B4146204606F07B
:10560000FBFE0DF1300BBD6804970BF1010698B954
:10561000B0EE480A25A8F0EE680A07F009FF2598C1
:10562000B0EE480AF0EE680AC0F1010003F084FF12
:10563000B0EE408AF0EE608A58EC189B484641462E
:1056400009F0BAF93146044608F0D8FB074620466F
:105650000AF0CCFC02460B464846414601F064FA8B
:1056600041EC100B0135CDE902762DD39FED5A1B8D
:1056700006EB070BCDF804A058EC114B59EC10AB1E
:10568000DDE905325046494606F0B6FEC8B9504637
:105690004946224643460CF0E4F805460E4609F01A
:1056A0008BF907460AF0A2FC02460B462846314613
:1056B00001F03AFA41EC100B0798C05D0BF8010BB2
:1056C000DCE7DDF804A039E09FED431BBB4459EC57
:1056D000118BD5B151EC100B42464B460CF0C1F882
:1056E00006460F4609F068F904460AF07FFC0246B8
:1056F0000B463046394601F017FA41EC100B07987B
:10570000013D005D0BF8010FE3E75C46079D14F8CF
:10571000011928460BF0F4FD401B08280EDB049EFF
:10572000DDF80880079F0025217838460BF0E8FD5A
:10573000C01B0E2806DD04F80159F5E7049EDDF8CC
:10574000088003E007990844407820700020702109
:1057500052468BF80000307B412808BF50210B983F
:1057600008F063FDB268039C501C04D120460BF086
:1057700027FE421EB2602046414653460AF024F9F5
:10578000B06808B1012202E03068C0F3C0022046D0
:105790004146534607F0E6FADAF800007822411E47
:1057A000CAF80010317B412908BF58220270DAF88C
:1057B0000000411ECAF800103021017026B0BDEC77
:1057C000028B01B0BDE8F08F000000000000F0FF88
:1057D0000000000000000000000000000000304059
:1057E000A3350100B43501002DE9F04F85B0044622
:1057F0008A46002B1846214618BF0120002C18BFEE
:10580000012108400E9900290D4618BF01252840A6
:10581000012840F02D81049098892588277FA8428F
:1058200005D26588A8423D4698BF002500E00125C5
:10583000BD4203D10025A777657711E0A67FB54269
:105840000BD1667F94F804C001366677F6B26645E0
:1058500006D3002625772F4601E00126A577667737
:10586000012F12D16425B0FBF5F5EEB242F20F75AF
:10587000A84288BF642693ED020A94ED021A0396AB
:105880000BF0C1FE16D501201AE001254FF0000EE5
:10589000A4F81F50BAF1000F84F821E093ED020A3A
:1058A0002FD09AF834024FF04009002660F07F0EA6
:1058B00000202AE094ED031A0BF0A5FE02DB002085
:1058C00084F8200094ED041A0BF09DFE01DD012008
:1058D00005E094ED051A0BF096FE02D8002084F83E
:1058E000210094F82050012D03D102204FF0020C2A
:1058F00018E094F82100012809D105204FF0050C8B
:1059000010E0002001264FF0000903902BE094EDF9
:10591000061A0BF078FED9BF03204FF0030C0420C9
:105920004FF0040CE077BAFA8AF04609BAF1000F9A
:105930000BD09AF834E25FEA8E600AD40EF00300CE
:105940001EF00C0F18BF043006E04FF0000E0020D0
:1059500002E06EF07F0E402040EA051094F82150DE
:1059600040EA45196546A7F1010CDAB102F69850F4
:1059700090ED033A90ED022A90ED001ABDEEC33A85
:10598000BDEEC22A13EE100A019012EE100A029028
:1059900092F8AC0D01280ED1032049F008094FF010
:1059A00001080CE000209FED341A4FF0000802902F
:1059B000CDE9000004E092F8A80D4FF00008009037
:1059C0005A7DBCFA8CF0012A01D19A7D0AB909F1FD
:1059D00080094FEA501C18680860608C013019F08B
:1059E0003F026084888018BF012236B100274FF43F
:1059F00048764B204FF0000B07E0BAF830B2BAF807
:105A00003272BAF82C629AF82E02CD76039D81F894
:105A10002A2081ED070A81F819C081F8188081EDEC
:105A2000041A81F80EE0A1F80CB04F810E81887144
:105A3000A1F828902C228D76019DCD82029D8D8229
:105A4000009DCD735868086204F1280093ED040AA4
:105A5000BCEEC00A81ED090A0BF018FF606D013041
:105A600060655FEA8960049802D0A16D0131A1658B
:105A700005B0BDE8F08F00BF00000000002800F076
:105A8000208170B52DED108B0D46002900F0158199
:105A90001446002A00F011810646204644210BF0EE
:105AA0009AFB9FED921AB01D9FED910A294602467E
:105AB000B0EE412AB0EE413AB0EE414A71B3B2F9CC
:105AC000023005EE103AB2F90030B8EEC55A06EED3
:105AD000103A32F9023CB8EEC66A07EE103A931D4E
:105AE000D3ED000AB8EEC77AF5EE400AF1EE10FAEF
:105AF00009D866EE060A47EE070A45EE050AF1EEFA
:105B0000E00AC0EE800A31EE201A32EE052A33EEAA
:105B1000063A34EE074A01392032CFE705EE105A33
:105B2000B8EE45EA82EE0E8A81EE0E1A83EE0E9AE8
:105B300084EE0EDA9FED6D2AB0EE423AB0EE424AA4
:105B4000B0EE42FAF0EE428AB0EE425A84ED00DA4C
:105B500084ED019A84ED028A84ED031A002D52D05F
:105B6000B0F9021006EE101AB0F90010B8EEC66ACD
:105B700007EE101A30F9021CB8EEC77A00EE901A40
:105B8000811DD1ED001AF8EEE00AF5EE401AF1EEB3
:105B900010FA09D867EE071A40EEA01A46EE061A68
:105BA000F1EEE11AC1EE801A77EE492A70EECD4A85
:105BB000B0EEC77AF0EEE00A71EEC11A013D203076
:105BC000F0EEE23AF0EEE45A30EE877A01EEA14AC6
:105BD00002EEA22A04EEA45A75EEA33A76EE485AD3
:105BE000B0EEC66AF0EEE56A37EE066A05EEA53A53
:105BF00086EE006A73EEA63AC3EE803A78EE868AA5
:105C00003FEE23FAAAE784EE0E1A82EE0ECA85EE64
:105C10000E0A83EE0EBA9FED373A3CEE002A84ED71
:105C2000071AB1EEC01A84ED040A84ED05CA84EDAA
:105C300006BA3BEE022A82EE03AAB4EE411AF1EE56
:105C400010FA84ED08AA3DD6B1EECC0A84ED091A0B
:105C50000BF015FD3BD684ED0A0AB1EECB0A0BF032
:105C60000EFD39D684ED0B0AB1EECA0A0BF007FD22
:105C700037D684ED0C0A28EE080A88EE8E1A8FEECD
:105C80000E2A09EE090AF1EEC00AB1EE4D0A84EDC2
:105C90000D2A84ED0E1A03F05BFE9FED17AAF0EEBD
:105CA000480A20EE0A0A84ED0F0AB0EE490A03F012
:105CB0004FFE20EE0A0A84ED100ABDEC108BBDE801
:105CC0007040704705F0F0FFB0EE401ABCE7B0EE50
:105CD0004C0A05F0E9FFBEE7B0EE4B0A05F0E4FF21
:105CE000C0E7B0EE4A0A05F0DFFFC2E7000000009F
:105CF00000007A4400247449E02E6542007D70471C
:105D00002DE9FF4701200BF0C9F807F05BFBDFF836
:105D100050823A2042F20B4108F1020208F008FDDD
:105D20008146002800F0F38000240DF10E023A2095
:105D300043F20101ADF80E4008F0FAFC78B1BDF86D
:105D40000E10012060F342014FF6FB7001EA0002E1
:105D5000ADF80E103A2043F2010109F08DFA44F635
:105D600020600AF037FA0294ADF8064002AD7D4C8F
:105D700042F20C402946A0470BF027FD9FED680B2F
:105D800056EC107B0BF0B8FC41EC100BDFF8D8A1FF
:105D900042F20E4029468AED000BA0470BF015FD9C
:105DA0009FED610B0BF0B4FC41EC100B42F2104084
:105DB00029468AED020BA0470BF007FD9FED5C0B17
:105DC0000BF0A6FC41EC100B42F2124029468AED82
:105DD000040BA0470BF0F9FC0BF08EFC41EC100B10
:105DE00042F2244029468AED060BA0470BF0EDFC59
:105DF0009FED510B0BF08CFC41EC100B42F2264056
:105E000029468AED080BA0470BF0DFFC0BF074FC71
:105E100041EC100B42F2284029468AED0A0BA047BC
:105E20000BF0D3FC9FED460B0BF072FC41EC100B1A
:105E300042F22A4029468AED0C0BA0470BF0C5FC24
:105E40009FED410B56EC107B0BF056FC41EC100B18
:105E500042F22C4029468AED0E0BA0470BF0B5FC10
:105E60000BF04AFC41EC100B0DF106053F4C3A20BB
:105E700042F22E412A468AED100BA0470BF04CFC53
:105E80009FED330B56EC107B0BF036FC41EC100B06
:105E90003A2042F22F412A468AED120BA0470BF01E
:105EA0003BFC0BF029FC41EC100B3A2042F2814103
:105EB0002A468AED140BA0470BF02EFC9FED260B13
:105EC0000BF026FC41EC100B3A2042F282412A46AC
:105ED0008AED160BA0470BF01FFC0BF00DFC41ECFC
:105EE000100B0DF10E023A2043F201018AED180B5E
:105EF000A04750B1BDF80E0043F2010140F0060288
:105F00003A20ADF80E2009F0B7F9012000E000209A
:105F100088F80000484604B0BDE8F08700BF00BF25
:105F2000000000000000703F000000000000B03ED4
:105F3000000000000000303D000000000000F03EC6
:105F4000000000000000103D000000000000B03D17
:105F5000000000000000503F000000000000103F63
:105F60004408002069F30000D8C2002031E7000097
:105F70002DE9F84F2DED028BA2B08046806820B14C
:105F8000B0F1FF3F04DC062000E00120C8F8080063
:105F9000029004918DED060B9FED7B1B55EC104B91
:105FA0009DF81F00294653EC112B80F080008DF8DE
:105FB0001F003020019205938DF82400204606F042
:105FC00028FA9FED730B069900284FF0000A08BFCE
:105FD0002146079856EC109B9FED710B08BF284691
:105FE00040EC181B54EC10BB55EC187B4A4633466A
:105FF0003846294606F034FA50B1384629465A4602
:1060000023460BF02CFC41EC180B0AF1010AEBE7DC
:106010009FED610B019F2546CDF80C8056EC104B8F
:1060200058EC189B059B3A464846414606F0E4F971
:1060300088B9484641462246334606F0EAF950B14F
:10604000484641465A462B460BF00BFC41EC180BD8
:10605000AAF1010AE4E74846414608F0ADFC0DF11B
:10606000240808F10106314607F0C8FE029988426B
:1060700005DD013118F8012008EB010426E0C943D1
:1060800008EB0004A946059001EB000857EC185BEB
:106090002846394608F090FC09F0A8FF02460B4656
:1060A0002846394600F040FD5A464B460BF0D9FBD6
:1060B00041EC180B08F080FC00F1300218F10108E7
:1060C00004F8012FE2D305980DF1240800EB0A052E
:1060D000D0B2039F35280CD3601E302102780132E4
:1060E0000270D2B23A2A02D300F80119F6E740450D
:1060F00044D000202070049C15F1030F02DBB86827
:10610000854207DD397B681E22460239C9B208F094
:106110008CF8012530460BF053F90138002201219B
:10612000A8421ADB002801D4325C00E03022B2F130
:10613000300318BF012363EA0101C90705D139788B
:10614000090702D40022012105E021684B1E2360CB
:106150000A70012200210138E2E738682946234607
:1061600000F008000243304618BF012206F0FAFD95
:1061700022B0BDEC028B01B0BDE8F08F00200135EC
:1061800004F8010C09AEB6E70000000000000000B2
:106190000000C0FFFFFFDF41000000000000F03FF3
:1061A00000000000000024408AB0804CDFF800822C
:1061B0004FF0000B04AD4FF00009002604F1380742
:1061C00020460BF0F6F898F801000028F8D1284690
:1061D00003F01AF80028F3D004362820B6FBF0F0BC
:1061E000049600EB8000A6EBC00018B904F11C0077
:1061F0000BF06DFA6F48294606F0CEFC0BF0B8F9AB
:10620000042814D19DF81400C04310F0060F06D0E6
:1062100007986949884202DC6849884207DC1FFA0E
:1062200089F0F62828BFF62000F1040902E00120D9
:10623000D9FA50F91FFA89FA614800233246BAF1B7
:10624000640F22BFA8F862B0A8F812B0A4F842B058
:1062500000970799BAF1630F88BF0123FCF7F6FF97
:10626000BAF1630F09D840B1012008F12C02394678
:1062700088F802005248FEF791F80BF079F9BAF16C
:10628000630F9DD804289BD1DDE90601CA1710EBE6
:10629000610142EBE0700B02000240EA116298F8E3
:1062A0005000C0B3D8F85400D8E912EA0390013086
:1062B0000290C8F85400D8E91070B3EB070B62EBFA
:1062C000000C4FEADB1141EA4C61C9194FEAEC17A7
:1062D0007841B3EB0E03C8E9101062EB0A025B0AC7
:1062E00043EAC253521213EB0E0342EB0A02C91ADD
:1062F000C8E912329041090A41EA006298F8510057
:1063000088B112F1B50F4FF0000B04F13807D8BF78
:1063100088F851B054E70120C8E91032C8E91232B8
:1063200088F850004CE7B52A4FF0000B04F138070D
:10633000FFF646AF012088F851000398A0F2F31051
:10634000B0F5FA6F2FD898F8600098F86110029BAA
:1063500008EB4002013000F003000329A2F8583096
:1063600008F1580288F860009CBF013188F861107C
:1063700000200B4623B132F8027B013B3844F9E799
:10638000884204F138070ED3B0FBF1F040F2FD7201
:10639000A0F2C711914206D880B243F69821B1FB12
:1063A000F0F0A8F86200C8F854B009E7F001002046
:1063B0001804002034A8002000093D00FFF6C2FFA9
:1063C00018B700202DE9FC47D0E900588246D8F8DC
:1063D0000000D0F8409019F4F06FC0F8449035D028
:1063E0005FEA495117D5D5E91401411A504609F021
:1063F00041FED8F800008169C90605D401688DF80E
:1064000007109DF80710F6E7296801312960A97B7C
:1064100009B90121A973696C40684FF0004600F08A
:106420000F0404EA0100B0FA80F126FA01F10140FC
:1064300005D02F6C1FB12A68AB6C5046B847B4FA30
:1064400084F026FA00F020404042A863D5F85801B5
:10645000D8F83C1009F0400740680068D0F80425DF
:106460001140394347D0DAE90064504606F076FF20
:10647000D7B1F07C90B90BE0316F69B10068B16EB3
:10648000B26F8854306FB16F01310138B167306736
:1064900020688169C906EFD5F07C28B1D6E91401DE
:1064A000411A504609F0E6FD96F86400E0B13079F3
:1064B000022819D017B1B179012901D0316F99B9EA
:1064C0000024B16E0128346786F86440B46607D1B1
:1064D000B36CB26FD6F8CC6050460094B04703E07E
:1064E00006F17C000BF0B1F9504603F0A9FCD5F899
:1064F00058014068006800F204500068D8F838106D
:10650000084228D0D5F8F80028B3DAE900765046DA
:1065100005F0B4FF504604F05BFB7879012812D1F6
:10652000D7F8F40078B997F8E80060B1002087F850
:10653000E800BB6CD7F8EC10D7F8FC20D7F8504136
:1065400000905046A047D7F8F80020B93068816B1A
:1065500041F4006181635FEA095023D5D8F8000057
:1065600081690907FCD4016B21F480710163297AE8
:1065700091B10020287295F84400800606D52C6C55
:1065800024B1AB6C504620210022A0475046012187
:1065900009F04CFED8F80000816B21F400618163A2
:1065A000687908B1BDE8FC8705F58070BDE8FC4757
:1065B0000BF04BB92DE9FF41DFF8BC8100200390BF
:1065C0000290D8F83840B4B3D8F84C0010B9D8F8D5
:1065D000480070B3D8F8480060B12069D8F8481076
:1065E0000969814206D194F83300C00602D5D8F873
:1065F0004C0090B1002702A887F0010103AA05F022
:10660000A9FD0546FFB9F5B10299002900F09D806A
:106610005A480AF01FFC002714E0D8F84800C06868
:1066200040880028F9D0D8F84800C0684088012880
:10663000F3D00127DFE75248022128300BF009F997
:106640000027002500242CB34E48466816B3029854
:10665000B0FA80F04009284001281BD1D8F8480042
:10666000D8F84C10039A87F00103CDE9003208F105
:10667000380208F14003B047012868D0022809D148
:10668000D8F84800012201230069D8F84810B1F970
:10669000301065E0002C204618BF0120384001284A
:1066A00051D1394821694068814203D034484FF4C0
:1066B000806145E00298002818BF01202840012889
:1066C00006D1D8F8480018B9D8F84C0000284DD0A9
:1066D00008200AF0DFFA94F833004C25C00608F1D0
:1066E000380058BF48250AF0FFF848F80500274B46
:1066F000D4E90601C2439A60DA681043D860C843FF
:10670000186058680843214658600820E5680AF078
:10671000AFF928460AF03CF9288843F60601411AE9
:10672000022906D3B0F5C15F03D040F602018842CA
:1067300003D1012029460AF09BF911484FF080410E
:1067400028300BF086F8BDE8FF8100277BE703982F
:10675000002818BF044601220023B4F93010206934
:106760000092002201F0A0FFBDE8FF81082009F09F
:10677000F7F8BDE8FF8100BF6406002098C4002040
:10678000E80400206C0800204803002008100440A2
:106790002DE9FE4FD0F80080994614460E468246F9
:1067A00013B10020C9F800000AF040FE834698F8B3
:1067B000070038B198F8640048B10BF003F86FF0A7
:1067C0000805B4E00AF0FEFF6FF00E05AFE0002C04
:1067D0004AD0504606F0C2FD00200121C8E91A64E3
:1067E000C8F87040C8F87800C8F8380088F80C007D
:1067F00088F80A00504688F8641008F04BFF5046AD
:1068000003F01EFB08F14C0402AD204629460AF0B5
:106810007CF8D8F87810D8F870707218B84238BF81
:106820000746029910463A460BF030F820463946A2
:1068300009F069FBD8F87000D8F87810C21B394409
:10684000012FC8F87020C8F8781001DBB842DCD1FD
:1068500098F8041002290CD10020C8F8680088F8C4
:106860006400C8F870001CE00AF0ACFF6FF0090586
:106870005DE0B84215D10020D8F86860012988F899
:106880006400C8F868000CD10124584688F810400C
:106890000AF07DFF98F80F0000284BD00AF0C6FDE3
:1068A00083460AF08FFF98F8040008B100252FE016
:1068B000D8F8701008F17C0031B30C990AF0FDFE95
:1068C00010B1012088F80C000AF0B0FD04465046D3
:1068D00006F044FD0020C8F86800C8F8700088F889
:1068E0006400504603F0ACFA98F80A6098F80C502F
:1068F00020460AF04CFF002D18BF6FF00C05002E4B
:1069000018BF6FF00D0503E0002100250AF0D5FE49
:106910000AF08CFDB9F1000F07D098F80410012996
:106920001CBFD8F87810C9F800100AF030FF2846CC
:10693000BDE8FE8F002598F810000028AED00AF0C0
:1069400075FDA8F80F400AF022FFD8F84830D8F8B3
:106950007820D8F8CC70504631460095B84788F872
:106960000F50E8E72DE9FE4FD0E90198D8F8001064
:10697000CA690A62D20740F0AF80D8E904014FF03B
:10698000000A4FF0000B0843D9F8CC104968096899
:10699000C1F8040509F13000029009F1C800019026
:1069A000BBF1010F00F2A180D9F8C000002800F06F
:1069B0009C80D9F8E010DC22D9F8CC702023002983
:1069C00008BFD82208BF182358F803404FF024030B
:1069D00008BF1C237F68D8F8146058F803303F685C
:1069E000D7F80455354211D0A46864070ED1046865
:1069F000D9F8D050A54209D144693CB9D8F8004033
:106A0000656A25F002056562C7F804659B685B0747
:106A100002D00BF1010BC3E759F80230002BF8D07C
:106A200049F802A0B1FA81F1D9E934424909006874
:106A300049011A448442C9F8D420C9F8E01028BF9B
:106A400082420CD24846414600F0D0FE99F8FE0042
:106A50000028DED00AF008FB18BF8862D9E70AF0E8
:106A6000E5FCD9F8C820D9F8C010019B81F810A026
:106A700022B113465269002AFBD114331960C9F8B8
:106A8000D4A04A69C1F814A0D9F8E01000294FF049
:106A9000DC01C9F8C02008BFD82159F80110C9F895
:106AA000D0100AF074FED9F8C00058B148464146EB
:106AB00000F09CFE99F8FE0050B10AF0D5FA18BF1C
:106AC000886205E0D8F80000416A21F003014162C4
:106AD00002980AF0C0FE9CE7D9F8C0203AB1032121
:106AE0001174BDE8FE4F05F0EDBABDE8FE8F4868B1
:106AF00020F002004860486A20F003004862D8E9AC
:106B000004021043D9F8CC2052681268D062C2F84F
:106B10000405486920F001004861012008624046F0
:106B2000BDE8FE4F09F077BD2DE9FC4F83F000432F
:106B300001E02DE9FC4F1F03FF0847EAD2574FEA57
:106B400042284FEA43095FEA595906D147EA080A41
:106B50001CBF00210020BDE8FC8F57F000575FF4F8
:106B6000E06E1EF1FF0EF14505D14FF00000190D4A
:106B70000905BDE8FC8F002B05D55FF0000AD8F1B0
:106B800000086AEB07070C03E40844EAD0544FEA14
:106B900040254FEA4106760D08D144EA050A19BF9F
:106BA0000021002019461046BDE8FC8F44F0005437
:106BB000764504D10020090D0905BDE8FC8F0029A8
:106BC00004D55FF0000A6D426AEB0404B6EB090ECF
:106BD00008D5A2463C465746AA464546D046CEF181
:106BE000000E4E46BEF1360F5CBF4FF0000B23E0A7
:106BF000BEF1000F04BF4FF0000B1AE0CEF1390ACE
:106C0000BAF120092EBF08FA09FB07FA0AFB4BEA82
:106C1000080BDEF1200A07FA0AFA38BFBA4647FA2B
:106C20000EF72DBF28FA0EF8AEF1200E4AFA0EF834
:106C3000D04415EB08057C4154EA050A02BF002147
:106C40000020BDE8FC8F002C58BF4FF0000A06D58D
:106C50005FF0010A5FF0000E6D426EEB0404A6F1D6
:106C600001066D006441FAD515F4806E11D005F46B
:106C700080794BEA090B15F5806554F1000428BFB3
:106C8000761C0BD205F400795BEA090B08BF25F4EA
:106C9000006525F4E0656D0044EB0404B61CDEBF1E
:106CA00000210020BDE8FC8F5FF4E06E1EF1FF0EB6
:106CB00076450AD34FF0000013F00043FF21C900CE
:106CC000C91D09051943BDE8FC8F270547EA1530A2
:106CD000210B41EA065141EACA71BDE8FC8F7047B9
:106CE0002DE9F04F8FB06349012008700AF0CAF80F
:106CF00003F03CFE604C0B200121A047182000212E
:106D00000027A0475D485E4DA8470B200AF0FCF91C
:106D100001200AF003FA16200021A04742F2107069
:106D2000A84716200121A0475648A847112007F080
:106D300079FF4FF47A70A847112007F073FF4FF4E2
:106D40007A70A84701A84FF005094FF0030A4FF0E9
:106D5000000800F10C040BA8851CB9F1000F35D018
:106D6000012006F0B9F938B32020AF81AF606F6021
:106D70002F60CDE90977CDE90777C4E90077A760EF
:106D8000ADF82C0007A803900BA8CDE901A001A83D
:106D90000AF090F806469DF81EB0012007F0D8F8DA
:106DA000322009F017FA002E18BFD84604D0A8F1F7
:106DB0000100C0B2FE280ED3112007F033FF4FF4BC
:106DC000FA6009F007FAA9F10109C6E7A8F1010084
:106DD000C0B2FE2846D2DFF89C902B4E012502203F
:106DE000E02189F8015089F80280B0472348244CFB
:106DF000A04701200121B04703201021B047042003
:106E00004021B047052000214FF00008B047062080
:106E10002C21B04707200C21B04709200021B047A2
:106E20000A208721B047182001210AF0E9F944F629
:106E30002060A047154F1120B8474FF47A70A04743
:106E40001A20B8471248A0471120B8474FF47A706B
:106E5000A0470A200721B047042089F8008002F0EB
:106E6000E3FA03E0034800250570457028460FB09B
:106E7000BDE8F08F9208002001120100A0860100F9
:106E8000D501010040420F0079E2000025EC00002E
:106E900020A107002DE9F84F83464FEA8209DDF86B
:106EA00028C05FEA094008BF4FF448799BF81A529E
:106EB0000BF20222032622F81590BCF1000F18BF36
:106EC0000226DBE96570F14027FA06F43944091B14
:106ED0006C1C0C25B4FBF5F5CBF89411091A05EBE5
:106EE0004505A4EB85048BF81A4288BF00EB91009E
:106EF00041080B9CCBE967019BF81B120B299CBF37
:106F000001318BF81B120E46002526B132F8020B18
:106F1000013E0544F9E7B5FBF1F09BF8FBA10BF549
:106F2000DD7881B2ABF8FE018808ABF8FC019BF874
:106F3000FA0128F81090013000F01F07BAF1200F75
:106F40008BF8FA713CBF0AF1010A8BF8FBA1012012
:106F5000A4F8089063605FFA8AF520704EF660200E
:106F6000B0FBF1F1E1729BF8201221F050016CF3BB
:106F7000861121748BF820121FFA89F100EB510061
:106F8000B0FBF1F0C0B21E28014698BF1E21DC28DC
:106F900088BF6FF023010020A172022D01D2A081D1
:106FA0003DE02946424621B132F8023B01391844FE
:106FB000F9E7B0FBF5F200202B464646002133B13D
:106FC00036F8024B013BA41AC4FB0401F7E72A463A
:106FD000002300260AF0DEF809F03DF90B996A1E3D
:106FE0000025D3B28881A7EB0A000021ECB29C42B5
:106FF0000ED22C18013504F01F07013404F01F04D1
:1070000038F8177038F81440E41BC4FB0461EDE74E
:10701000304600230AF0BEF809F01DF90B9CE08110
:107020000020ABF80092CBF8B001CBF8A401BDE88A
:10703000F88F0021017570472DE9F84F2DED085BA1
:1070400090463022009101909FED591B55EC104B5A
:1070500002708DED040B29469DF8170053EC112B9F
:1070600080F080008DF817002046CDE9023205F04F
:10707000D0F904999FED500B00284FF0000908BF8C
:107080002146059808BF284655EC10AB9FED4E0BE6
:1070900040EC181B5BEC104B56EC187B52462B4611
:1070A0003846314605F0DCF950B1384631462246C3
:1070B0005B460AF0D4FB41EC180B09F10109EBE740
:1070C0009FED3F0B2646474658EC104B55EC18AB4E
:1070D000DDE902325046294605F08EF988B950465E
:1070E00029462246434605F094F950B150462946B8
:1070F00032465B460AF0B5FB41EC180BA9F10109D9
:10710000E4E75046294607F057FC019901F10108D0
:10711000414606F073FE00EB0901BA46396008EB00
:10712000000700984844451C012D1BDBB14656EC76
:10713000184B2046314607F03FFC08F057FF024647
:107140000B4620463146FFF7EFFC4A465B460AF005
:1071500088FB41EC180B07F02FFC303007F8010BCF
:10716000013DE4D117F8010C35280DD3B81E3021AC
:10717000027801320270D2B23A2A02D300F8011921
:10718000F6E70199884208D0002007F8010C404634
:10719000BDEC085B01B0BDE8F08F0020DDF8048095
:1071A00007F8010CDAF800000130CAF80000EEE739
:1071B00000000000000000000000C0FFFFFFDF41F2
:1071C000000000000000F03F00000000000024402C
:1071D000B0B560480021604C016094F83A01032882
:1071E00012D002282ED0012840F0AF8094F8400140
:1071F00005F024FC002084F840015948817B0220DE
:10720000002908BF06209EE054480168B1F5C0601F
:10721000C4F82C01B8BFC1F5C060D4F81011002922
:1072200000D5494288422ADDD4F8140109F060FAF9
:10723000D4F8180109F06EFAD4F8280109F08EFA92
:1072400001201DE0454805680AF01AF8C4F8140149
:107250000AF01EF8C4F818010AF022F8B5F5C0616A
:10726000C4F82801C4F8101109D094F830215AB19B
:10727000D4F81401D4F82021D4F82C110AE000200D
:1072800084F8300106205EE0C4F82401D4E9450208
:10729000C4F82C110223C4F81C01002901EB4101A0
:1072A00048BF6FF001031944042391FBF3F111442B
:1072B0000029C4F820110FDD1F2931D3D4F824216F
:1072C0002AB33E28A8BF3E2001302929A8BF292182
:1072D000C4F81C010B3909E0D4F82421032A09D190
:1072E00011F1140FD8BF6FF013011531C4F820113C
:1072F000002113E00128D8BF0120013811F10A0F45
:10730000D8BF6FF00901C4F81C010B3103E0332929
:10731000A8BF33211539C4F820110321C4F8241162
:1073200009F0E6F9012009F007FAD4F8200109F084
:10733000F1F9D4F8240109F011FAA5F2FF51042063
:10734000032938BF0620C4F83C01BDE8B04001F075
:10735000E5BF00BF3C500C400000002008400C403E
:10736000F43401002DE9FF47D0E901590E460446E7
:107370000AF05CF895F8FD1021B97169102901D85F
:10738000032906D80AF003FA0024204604B0BDE819
:10739000F087012785F8FD700AF0F9F900204E4AC0
:1073A00085F8FC00C5E93000C5F8C80085F8FE0086
:1073B0003069C5F8E4007069C5F8E800307B85F8ED
:1073C000F9000028317885F8F8107168C5F8EC10DC
:1073D000B9F80E10A5F8F610317E52F8211085F894
:1073E000FA1008BF1027C5F8F07099F80C0003F0E8
:1073F00033FF204607F074F899F83B00374985F8C9
:10740000FB008A46D4E901873A6B97F83A0003F00B
:10741000CBFE7A6B98F8FB00514603F0C5FE98F856
:10742000F91097F83800012915D1FA6A514603F08E
:10743000BBFEBA6A97F8390046F2020103F0B4FEC7
:1074400098F8FB00264909F0EDFB98F8FB0021466F
:1074500009F0F6FD0AE0BA6A46F2020103F0A4FE62
:10746000FA6A97F83900514603F09EFEE846404616
:1074700009F0CEFE99F805001A4A4346CDE90040CE
:10748000284699F8041007F07FFE404609F028FFCF
:10749000D9F80800144942460094029005F13000E2
:1074A00008F0F4F906F05AF9104AC5F8CC0005F1D5
:1074B0001C000421234609F063F995F8F80008B18F
:1074C000B06805E005F16C00002109F0F1FA084808
:1074D000C5F8BC0059E700BF383401000260002045
:1074E000499C000065690000C5E50000B915010070
:1074F00071170100FEB504465A480078A04213D91E
:1075000008780D46012801D1686868B168780128BB
:1075100001D1A86840B1544F57F8346009F086FF94
:10752000F17921B10AF033F900242046FEBD07EBC2
:10753000C40401216768F1710AF029F9002005F1FE
:10754000040C7074F081B06030602988B180A98B20
:10755000C6E93D00C6E90E0086F86400B186297DC3
:107560002B69B1719CE80610C6F85021BCF1000FE0
:10757000C6E910C34FF0FF32C6F8CC10A969C6E9BE
:107580003B203163A97F86F83610296AC6E91A00C4
:10759000C6E91C00B16486F8E800C6F8580102D1BB
:1075A0003249C6E9101097F8400003F055FED7E9BC
:1075B000031206F14C0009F08BFED7E9051206F123
:1075C000D00009F085FE2A4938680968C9688847EB
:1075D0007A6C97F8240046F2020103F0E5FD254D90
:1075E000BA6C97F82000294603F0DEFDF8690128FF
:1075F0000CD1FA6C97F82800294603F0D5FD3A6DB6
:1076000097F82C0046F2020103F0CEFD06F0A6F832
:10761000C6F85801204602F099F8174A06F5AE70F0
:107620000421234609F0ACF86D46284609F0F0FD28
:10763000387A7968114A2B460094019006F11400BB
:1076400007F0A2FD06F17C00002109F031FA06F5F1
:107650008070002109F02CFA3868D7E90C1210600C
:10766000486062E75E380100703801007BC40000AA
:10767000D001001002600020CD100100C5630000A1
:107680002DE9F84FD0E900B79846164689460546D9
:1076900013B10020C8F800008EB109F09AFC8246B0
:1076A00009F0C4FE04469BF8070060B19BF8E800AF
:1076B00078B10AF078F86FF00800BDE8F88F6FF045
:1076C0000900BDE8F88F0AF06EF86FF00E00BDE813
:1076D000F88F00200121CBE93B96CBF8F460CBF882
:1076E000FC008BF8E810CBF83C008BF80D008BF811
:1076F0000B000BF580700021009009F0DEFF38468A
:1077000009F006FFBAF1000F02D19BF8050070B333
:10771000284603F05DFA0AF046F89BF8050068B9C0
:107720000A99009809F0C9FF10B101208BF80D00EB
:10773000284604F0A3FE00208BF8E800B8F1000F03
:107740001CBFDBF8FC00C8F800009BF80B0030B150
:1077500000208BF80B006FF00D00BDE8F88F9BF850
:107760000D00002818BF6FF00C00BDE8F88F0AF07C
:107770001AF8D5E9007497F84400C00615D5D7F873
:1077800040C0BB6C284610210022E0470DE0D7F82E
:10779000FC00314609EB0002204608F0FBF8D7F860
:1077A000FC10361A0144C7F8FC10002EEFD1204619
:1077B00009F09EFD0028FAD0204609F09DFE97F8BA
:1077C0004400800605D53C6CBB6C28462021002275
:1077D000A0470020B8F1000F87F8E800C5D0D7F81F
:1077E000FC00C8F800000020BDE8F88F2DE9FC4F30
:1077F000D0F8C080D0F8D0C0D0F8E820D8F8003059
:10780000C346E6469C4511D3D8F814B0BBF1000F2F
:1078100000F0898090F8FC3005244FF0000E002B1A
:1078200008BF0124DBF800308BF81040A3EB0E05F5
:10783000A2F1080AB5F5806F28BF4FF48065D0F833
:10784000D82032B101F1200301F12402C0F8DC504C
:1078500005E0C0F8D85001F1180301F11C02002620
:10786000BAF1000FC8BF0126DBF8044012681F6898
:10787000CDF800E07CB1354B53F82630BB6005FAFB
:1078800006F30126BAF1000FC8BF02260EFB06332D
:107890002344013B05E02E4B53F82630BB6000F13A
:1078A000F6033B6043F6F0740191D1F8009004EBCD
:1078B0000516264009F1080EC7F804E0BC683443F9
:1078C000BC600024BAF1000FC8BF0124DBF80870C7
:1078D0009FB16146DFF87CC05CF824308C46936031
:1078E00005FA04F30124BAF1000FC8BF022400997D
:1078F00001FB043139444C1E05E0154951F82410B0
:1079000000F1F40491605460C2F800E091683143E2
:107910009160C34504BF05EB0C01C0F8D01090F88E
:10792000FE10019A09B1BDE8FC8FD9F8241041F08E
:107930000301C9F82410D0F8CC00D2E90412406841
:10794000114300688162BDE8FC8F00BF2034010054
:107950002834010030340100002800F0A180002903
:1079600000F09E80002A00F09B80002B00F09880A1
:10797000B0B50568049C013505600D7C2D070CD160
:107980001D78013D032D08D34CB192F85020D20749
:1079900005D00522827100220BE0002CF9D18279FA
:1079A00032B1013A8271D2B2B2FA82F2520900E0E7
:1079B00001229B6842F242555C24C560046103F5D4
:1079C000A165002B08BF40F2265503798560012B85
:1079D0001DD0022B35D1C97A01249FED341A324AC9
:1079E00042F2425344712F4C00EE101AC0E90532A6
:1079F0002729B8EE400AC0E9074280EE011A9FED40
:107A00002C0A88BFB0EE410A9FED2B1A42E0C97ADA
:107A100000239FED261A234A4371234B00EE101AD0
:107A2000C0E907222729B8EE400AC0E9054380EEE5
:107A3000011A9FED1F0A88BFB0EE410A9FED1D1A83
:107A400028E082F00105002A9FED160A9FED161A24
:107A500042F242529FED152A124B134C457118BF4A
:107A6000B0EE401A80ED081A18BF5C229FED130A91
:107A7000C97AC0E90524C36121EE001A00EE101A8C
:107A80002729B8EE400A80EE022A9FED090A88BF36
:107A9000B0EE420A81EE000A80ED090ABDE8B0406E
:107AA000704700BFCDCCCC3FA470B1410000704204
:107AB0009A99993F0000C8440048AD4600007A44B6
:107AC0002DE9F84354EC105B554AE04310420DD1C8
:107AD000284621462A46234609F0C3FE2A46234665
:107AE000FFF727F841EC100BBDE8F883002C04DD0C
:107AF000201590B191462A4626E024F00040284304
:107B000000F08680B4F1FF3FF2DC09F02DFE9FED1E
:107B1000420B21210160BDE8F883002024B96905EA
:107B2000EC0A15380D46F9E791460021E20202D42D
:107B300001316400FAE7C1F12003401A05FA01F2AD
:107B400025FA03F301301C430121A0F2FF3C4FF062
:107B5000000861F31F545FEACC701EBF600040EA6A
:107B6000D27452000025600040EAD2744FF4001035
:107B7000520060B14119A142DCBF80440D18611A66
:107B8000B8BF21464008490041EAD274F0E74FF0FF
:107B9000000E4FF000470020FFB1C119AC4212DDCA
:107BA000641B00260023BE448A4238BF013C0029E2
:107BB00048BF0126C819B0F1FF3FC8BF01233340B9
:107BC000521A1D4403E002D18A42E9D225466100DF
:107BD0007F0841EAD2745200DEE752EA040009D07D
:107BE0001EF1010019BF0EF00100864408F10108E2
:107BF0004FF0000E09F100410A4A4FEAC87001EA4D
:107C0000CC4140EA5E0001EB6801114441EC100BED
:107C1000BDE8F88300BF00BF000000000000F87F4F
:107C20000000F07F0000E03F2DE9F84F2DED028BC2
:107C30009CB054EC105B9FED4C0BD0F808B088461C
:107C400081462846214657EC106BBBF1FF3FDCBF55
:107C50004FF0060BC9F808B032463B4604F0E6FB8D
:107C60009FED430B00281CBF3C4635462846214665
:107C700044EC185B53EC102B04F0BEFBB8BB9FED3B
:107C80003E0BCDE900B947464FF0000A5BEC106BA4
:107C90009FED3B0B55EC104B58EC189B32465B4666
:107CA0004846414604F0B5FB50B14846414622469D
:107CB0002B4609F0D6FD41EC180BAAF1010AEBE7BF
:107CC000DDE900B9B84656EC187B22462B4638460B
:107CD000314604F0B8FB60B13846314622462B46A7
:107CE00009F0BDFD41EC180B0AF1010AEBE74FF07A
:107CF000000AB0EE480A03A802AA5946F0EE680A44
:107D0000FFF79AF9029D0446022D09D1204609F099
:107D100057FB204400210AF1010A012500F8011C4B
:107D200099F80C105046424606F07FFAD9F8082020
:107D300020462946434607F047FE204609F040FB0F
:107D4000854206BFD9F80000C0F3C00201222946CF
:107D50004346204605F006F81CB0BDEC028B01B08E
:107D6000BDE8F08F00BF00BF000000000000F0FF82
:107D70000000000000000000000000000000F03FD4
:107D800000000000000024402DE9B04F2DED0A7BDB
:107D9000DFF834810546002498F80000012840F0FF
:107DA0008D809FED4A8A4A48E946B1EE00BA4FF00D
:107DB000000B082D38BF40258246B0EE48AAB0EE31
:107DC000489A002D48D048460621ADF8044000945A
:107DD00005F04CF9D0B39DF805009DF804100BF1A7
:107DE000010B41EA002100070A466FF3DF2248BF7A
:107DF00041EA0A0200EE102A9DF803309DF80000C7
:107E00009DF801109DF80220B8EEC00A40EA01205A
:107E100000EE0B9A42EA03271B073A466FF3DF2274
:107E200048BF47EA0A0200EE102A09070246B8EEE8
:107E3000C00A6FF3DF2200EE0BAA48BF40EA0A0235
:107E400000EE102AB8EEC00A00EE0B8A41F288302C
:107E500008F0C0F9013DB4E7BBF1000F2DDD00EEE5
:107E600010BA9FED203A4FF07E509FED1D2AB8EEDC
:107E7000400AC8F8100017A08AEE001A88ED021A0E
:107E800088EE001A89EE000A88ED011A9FED131A98
:107E9000B4EE410AF1EE10FAB4EE430A48BF0430E2
:107EA00090ED001AF1EE10FAC8BFB0EE421A30EEB3
:107EB000010A012488ED030A00E000242046BDECFD
:107EC0000A7BBDE8B08F00BF8807002000000000DB
:107ED00000F0FFFF00007AC400007A440000FAC3FB
:107EE00000007AC40000FA432DE9F047012816D1BA
:107EF000DFF830A1DAF83401012813D10220CAF8E2
:107F0000340108F08BF80120012407F06DFF60B107
:107F1000CAF8344108F07CFD4FF0FF347FE06FF089
:107F200001047CE06FF0040479E09AF85A419AF871
:107F300059119AF85801002C18BF0124002918BFC4
:107F40000234002818BF0434012009F0A5FA0138D2
:107F500018BF01209AF83811B1FA81F1490910EAE5
:107F6000010902D1002002F033FCDAF808002E4D9E
:107F700010F0010807D12D4F286A816838468847DC
:107F80000428F9D00646404609F08DFBB8F1000FF1
:107F900008D1012E04D1286A012142682348904764
:107FA00009F066F928684169204688479AF8540123
:107FB00018B14FF4806009F075FA9AF8530118B1BE
:107FC0004FF4816009F06EFA194801210160032025
:107FD0000021CAF8340117480160204606F09AFDD6
:107FE0000128FAD1144E3068042007F0FDFE044643
:107FF00012480125B9F1000F0560306802D1012057
:1080000002F0E6FB09F074FB082007F0EDFE0443E4
:10801000CAF8345118BF4FF0FF3408F0F9FC20467D
:10802000BDE8F08700000020B801001000400340C8
:10803000282008600C2008402C2009400C400940F2
:10804000B0EEC01A10EE100A11EE101AB1F1994FED
:108050000CD3B1F1FF4F84BF30EE000A70474CA142
:108060000028C8BF043191ED000A70473F4A914291
:1080700010D29FED3F1AB7EE002A4FF0FF3330EEDB
:10808000011AB4EE421AF1EE10FA38DDB1F1665F72
:1080900035D2704702F5380399420DD202F5A0039C
:1080A00099421BD2B0EE000ABFEE002A002331EE47
:1080B000000A31EE011A18E002F19E73994219D2BA
:1080C000B7EE080AB7EE002A022301EE002ABFEE3F
:1080D000080A31EE000A80EE020A10E0B7EE000A4C
:1080E000BFEE002A012331EE000A31EE021A81EEC2
:1080F000000A04E0BFEE000A032380EE010A20EE2E
:10810000002A9FED1C1A9FED1C4A9FED1D5A9142BB
:1081100022EE023A03EE014A23EE041A9FED174ABB
:1081200003EE045A9FED174A03EE054A22EE042A95
:1081300031EE021A02D200EE410A704712490028BD
:1081400001EB830191ED002A104910EE012A01EBA9
:10815000830191ED001A32EE400A31EE400AB1EE91
:10816000401A48BFB0EE410A704700BF0000E03E31
:10817000CAF249714712DABD98CA4CBE25AC7C3DA3
:108180000DF5113EA9AAAA3EB4320100A4320100A5
:10819000DB0FC9BFDB0FC93F2DE9F047DFF8349192
:1081A000D9F840A0BAF1000F00F088800AF10C0263
:1081B0000820FF2151FA80F0C3B21B1A18BF012317
:1081C00012686AB163B11388A3F60303012B01D9C6
:1081D0000432EFE7DAF8100092E8FA003830FAC01B
:1081E000DAF808200025DAE90A10CAE90A55B2B11E
:1081F00010F0E2440CD021F00F0220F0E2434FF0E7
:10820000000852EA030005D009F0C5F8B04701E0C4
:108210008846044609F0BFF842462346B04709F0B5
:1082200005F90446B9F8560001306FF31F30A9F87C
:1082300056004FF6FD70AAF8300009F140008AF8A8
:10824000335008F051FB204609F0A1FAB9F8560066
:10825000B9F85410884231D11F48204940680D6850
:1082600030B190F8FC200720002A08BF052000E06C
:1082700005204C6804F08EFE55B195F8FC000021F5
:1082800000284FF0000008BF286885F8FC1000E0C7
:10829000002044B194F8FC200021002502B9256893
:1082A00084F8FC1000E00025A84288BF0546681C41
:1082B00004D02DB9BDE8F04708F0D0BCBDE8F08788
:1082C000F9F724F9B5FBF0F10548BDE8F04708F0EF
:1082D000C1BD00BF6406002048030020E804002060
:1082E00054C400202DE9FC4191EA03084CBF4FF033
:1082F00000484FF000084FEA03354FEA15355600A5
:108300006D4176006D414FEA43075FEA575711BF51
:1083100045F4800500210020BDE8FC8140F2007E8C
:108320001EF1FF0E774578D04FEA01334FEA133341
:1083300042005B4152005B414FEA4104640D11BFB2
:1083400043F4800300210020BDE8FC81744564D023
:10835000E41B002100205FF0370EAB4200D1B24297
:1083600005D340414941921B63EB050301E04041C5
:108370004941BEF1010E05D053EA020702D0520076
:108380005B41EAE7BEF1200F09D2BEF1170F0CD313
:10839000CEF1200720FA07F100FA0EF00FE0AEF15F
:1083A000200E00FA0EF1002009E001FA0EF1CEF1E4
:1083B000200720FA07F741EA070100FA0EF011F44E
:1083C000800F06D1401C51F1000140004941641E5C
:1083D00002E0801C51F1000111F4000F1ABF641C6F
:1083E00021F4000121F4800140F20037FF37E41945
:1083F000DEBF00210020BDE8FC8107F58067BC429C
:108400000BD249084FEA300049084FEA300041EAF0
:10841000045141EA0801BDE8FC810020FF214FEA38
:10842000C101C91D4FEA015141EA0801BDE8FC81C3
:108430002DE9FF47044645480078A0420AD9444F39
:108440000D4657F8346008F0F1FF96F8E01031B1AE
:1084500009F09DF90024204604B0BDE8F08707EB41
:10846000C4044FF00109D4F804A086F8E09009F0A4
:108470008EF99AF8100002F0EFFE364F002D18BF6B
:108480002F46354DF868411C002808BF0AF113013A
:10849000097808BF0AF11100007886F825112946ED
:1084A00086F824019AF8122002F07EFE9AF8142031
:1084B00096F82501294602F077FEDAF800004FF021
:1084C00000086D46C0F8108839783170796871609D
:1084D000397AC6F82011C0F81C98284608F098FE92
:1084E000DAF808001D4A2B46CDE9004006F11400D9
:1084F000DAF8041006F048FE284608F0F1FEDAF833
:108500000C0017492A460094029006F1E40007F097
:10851000BDF906F13000012108F0CAFA307830B90F
:1085200006F18000002108F0C3FA0E487060204672
:10853000C6F81080C6F80C8005F08CFC0A4A06F5D7
:1085400096700421234608F01BF984E7D735010013
:1085500068380100E835010000400024319F000028
:1085600059B80000D9160100551001004949487951
:1085700000B170470878DFE800F0044E141C0C626C
:108580006E2B8879012861D1464890ED000A03F0EE
:108590003DBB898A40F2E730814238BF084604F08B
:1085A000D5B98879012851D13E4890ED020A03F0EF
:1085B0002DBBC879012849D191ED080A9FED381AE1
:1085C000B4EE410AF1EE10FAA8BFB0EE410A30E075
:1085D000C87801283AD13048BEEE002AB6EE001A1B
:1085E00040F2E73190ED190AB5EE400AF1EE10FACB
:1085F000A8BFB0EE412A30EE020ABDEEC00A10EE6E
:10860000100A002848BF404200B28842B8BF014665
:1086100088B204F09BB98879012817D12148B2EEBD
:10862000041A90ED010A80EE010AB6EE001A30EE4F
:10863000010ABDEEC00A10EE100A04F087B9487AAC
:10864000012803D191ED090A03F0E0BA2D202D2174
:108650002D2206F04DBB10B50F48002340F2EE244A
:1086600090F843206FF0250050FA82F0B7284FF0C1
:10867000000038BFD0B2094AD2F8B021A24228BFC8
:108680001846C98A002918BF0121BDE8104003F02F
:108690006FBA00BF18040020F001002018B70020B6
:1086A00000C07944640200202DE9F84F4FF00054D7
:1086B000002A994616460F46804618BF4FF0804460
:1086C0004D1C08F0B3FE824635B1404639460022C3
:1086D00006F042FA07460FE03C48816C11B1096987
:1086E000414506D0C16C11B10969414503D0876B82
:1086F00002E0876C00E0C76C37B197F93300B0F146
:10870000FF3F03DD04245BE0032459E0DFF8BCB045
:108710000A9DDBF84800874218D0DBF84C008742FE
:1087200029D0404639464A462B4603F057FD0028DB
:10873000E8D02748017E012941D0007E04283ED0A0
:1087400024482549283009F084F838E0DBF848004F
:108750000022234607F022FE08F086FE1F48002E66
:1087600018BF00F5803008F013F9F5B1DBF84800C8
:1087700008F08FFF0CE008F077FE1848002E00F19B
:1087800000501CBF0120C2F2024008F001F965B19F
:10879000DBF84C0008F07DFF38690E49086291F85B
:1087A000240040F0010081F82400B9F1000F06D048
:1087B000DBF83810404601222B4603F00FFD8324DE
:1087C000504608F0E4FF2046BDE8F88F640600201C
:1087D00048030020E80400200200004001000104DA
:1087E0002DE9F84F2DED086B0C4601460020002ABC
:1087F0007DD0002B7BD008461546039307F0F6FB8F
:108800009FED3D0B53EC102B09F029F895ED120B61
:1088100083468A465A46534651EC100B09F021F81C
:10882000064620460F4607F0E1FB02460B4630465F
:108830003946FEF77EF99FED320B04460E4651ECA9
:10884000100B9FED310BCF0F3146204658EC109B9B
:1088500067F3DF714A46434603F0DBFD60B995EDEF
:10886000020B4A46434651EC100B029167F3DF714D
:10887000019003F0CEFD08B1002038E05846514683
:108880002246334608F0EBFF9FED210B53EC102BF3
:1088900008F0E7FF95ED000B95ED048B95ED069B39
:1088A00053EC102BFEF740F9DDE9012306460F4695
:1088B00008F0D5FF02460B4651EC190BFEF739F9CB
:1088C00004460D463046394632463B4608F0C9FF5D
:1088D00002460B4651EC180B08F0C3FF22462B460C
:1088E000FEF727F904F01EFB039908600120BDEC98
:1088F000086B01B0BDE8F08F0000000000002840C8
:1089000000000000000000008DEDB5A0F7C6B03EED
:1089100000000000000020412DE9F04790460C4681
:1089200006464FF001096068D6E9007A10B9E068A0
:10893000002848D008F07AFD3978012901D1F9687A
:10894000B9BBFC603C61C4F8149008F020FF07F14B
:1089500030050021284608F0B0FE013008D13878F3
:108960000128E0D02846414608F0A7FE013030D06B
:10897000387820B907F18000002108F09EFE08F049
:108980000CFFDAF8040008F04CFF3046214604F0F2
:10899000B1F98146DAF8040008F045FFB9F1000F9B
:1089A00002D008F0F7FE44E0387808B34FF0000931
:1089B0003FE0F96849690A3110D16FF00A0161613D
:1089C000D4F8149011E06FF00A006061D4F81490AC
:1089D00032E06FF00209C4F814902DE001214FF04D
:1089E0000009616139693C61CC6108F0D0FE23E087
:1089F00007F180094146484608F05FFE013016D174
:108A000008F014FD8046F86870B1304607F062FC4B
:108A1000404608F0BCFE48464FF0FF3108F04DFEDE
:108A20006FF00200606102E0404608F0B0FED4F84A
:108A30001490284608F009FF4846BDE8F0877047C3
:108A40002DE9F0410546880058BFBDE8F0810020BF
:108A5000002405F04FF93D493D483E4FCC61086088
:108A600040F60A008846B887FC8797F8480000F06F
:108A7000F00087F848003C6497F8490000F0F000E7
:108A8000013087F84900284602F042FEAC68012018
:108A900021460E46496849B10A88A2F60302072A10
:108AA000F7D800FA02F212F0830FF2D0707B00F0D8
:108AB000F000707307F13C0070602748806B28B1AC
:108AC000C0680088A0F6030002281AD3284630F8B0
:108AD000381FB1B10021E9636987386495F8440013
:108AE00095F8451000F0F00085F8440001F0F00022
:108AF000013085F8450097F8490000F0F00087F84C
:108B0000490008F0CFFA1548F86197F8250030B110
:108B100007F030FC0028FBD005F0C2FD0BE001207F
:108B200008F0BAFC012806D0707B00F0F00001309C
:108B300070730B48F86100202146C8F81C00C8F883
:108B400000400120BDE8F04107F092BF0010044052
:108B500001010E0448030020640600204D37000088
:108B600049E400002DE9F04F89B0DFF80CA105467B
:108B70000C469AF80000002870D000200DF1220267
:108B800043F6FF71ADF822003A2005F0D1FD06460C
:108B900000286CD0BDF82270F80756D027F00102EB
:108BA0003A2043F6FF7106F067FB4FF00008DFF84C
:108BB000CCB03A2044F20501ADF82080ADF81E801B
:108BC00008AAD8470DF11E023A2044F20801D847FE
:108BD000BDF91E00ADF81C80ADF81A8044F2060104
:108BE000BDF92090804607F07C0044F20707042876
:108BF00008BF44F2040708BF44F2030107AA3A2061
:108C0000D8470DF11A023A203946D847BDF91A0063
:108C1000DFF870B0BDF91C704146039018485A4601
:108C2000CDE9040005AB4846FFF7DAFD68B104A8BA
:108C3000039B41463A46CDE900B04846FBF7E0FECB
:108C400018B1DDE90410CAE9010115B1DAF8040030
:108C5000286064B1DAF80800206008E015B1DAF89D
:108C60000400286014B1DAF80800206000263046BD
:108C700009B0BDE8F08F00BF4408002031E70000D4
:108C80000000C841D8C200202DE9F04387B0DFF8CA
:108C9000F88081462025EFF3118085F31188D8F8FC
:108CA00038501DB180F31188002569E0C8F838906C
:108CB000364F80F311880020C9F80C104FF4803132
:108CC000C9F81C20C9E91200C9E90801002B18BF26
:108CD0001F46D7E90116C9F81810397B012905D1BB
:108CE000C9E91060C9F8146030460CE0284A3146E2
:108CF0000023002508F04EFAC9E910012549C9F8FA
:108D000014008E423CD897F800C0DFF88CE00021B8
:108D1000C9F85C10C9E91510BCF1020F08BF014683
:108D2000C9F8501001AB9EE8F5001946BCF1000FE0
:108D3000F5C108F124001A4ACDF8089000901748B0
:108D400008BF0246142109F1280007F097FD0546E7
:108D50002020EFF3118180F3118881F3118899F8B5
:108D6000100010B9484605F04FFD35B108F130004C
:108D7000494607F0C7FF4D4602E00025C8F83850C5
:108D8000284607B0BDE8F083D80200202033010058
:108D900040420F003F420F0080340100ADF7000059
:108DA000111301001EF0040F14BFEFF3098169468F
:108DB0008869A1F1480214BF82F30988954621ED24
:108DC000100BF1EE102A41F8082DEFF3118102B4D7
:108DD00000B5DFF8D8E0F047374A1268116801EAB9
:108DE000000010605DF804EB1EF0080F09D101BC13
:108DF00080F311885DF8080BE1EE100ABDEC100B52
:108E0000704704BC1EF0040F14BFEFF309816946DC
:108E1000A1F1200114BF81F309888D464A604FF00B
:108E20008070C86125488861234B1B6818680860FA
:108E300040F201101860704702B401B4EFF31481DE
:108E400000291CBF002282F3148802B402B4DFF8A8
:108E500060E0F04701BC01BC00281CBF022181F387
:108E6000148801BCDFF84CE0F0470F484FF0805108
:108E7000016001BC80F3118800BF00BFFFF7FEBF97
:108E80001EF0040F14BFEFF30981694601F12001C0
:108E900051F8080BE1EE100AB1EC100B14BF81F38E
:108EA00009888D46704700BF04ED00E0B1D1000095
:108EB000071801000D180100B4390100388E0000B8
:108EC0002DE9FF413B4E96F8420100286AD101206E
:108ED00086F8420108F0ECFA374F86F87001374DFA
:108EE0007868C6F86C01387B86F84101A86810F4F0
:108EF000402F13D1386988B128686421C0F3066017
:108F000000FB01F4F8F702FBB4FBF0F22C4906F188
:108F10009400002306F0C0FE08F0A2F901AC204640
:108F200008F062FB2749A846002506F10C00002244
:108F300008F00EFA204608F057FB234906F15000CE
:108F4000082208F005FA214A06F1D8003221002350
:108F500006F01AF91E4C1F4A06F1F4002C210023DA
:108F60002560454606F010F9D8F80800797BC0F373
:108F7000815021B1032804BF012186F8391103284B
:108F800003D040F00200022810D1206840F04000D9
:108F90002060022006F0B0FE6868400702D400207E
:108FA00006F0AAFE002004B0BDE8F08106F03AFB0E
:108FB000F2E700BF00000020F4340100AC4F005085
:108FC000DD13010087D80000CDEE000045D1000080
:108FD00090220840D17100002DE9F8431D46434B13
:108FE000DDF8208043F606061C68038814F0007440
:108FF00011D0B34227D0B3F5C15F33D040F602069B
:10900000B3423ED100F112030B60416911608169E6
:109010002960C1692EE0B3420AD0B3F5C15F03D025
:1090200040F60206B34203D100F11203143002E00D
:1090300000F11A031C300B600068106000202860EB
:10904000C8F800004BE000F11A034FF000090B6074
:10905000C1691160016A2960416AC8F8001000F115
:1090600018011CE000F112030B6041691160416AB4
:109070002960816AC8F8001000F1100190F80F9083
:109080000DE000F11A030B60C1691160816A29606B
:10909000C16AC8F8001000F1180190F824902868FF
:1090A00068B10E8808F062F9042808D8074606F06F
:1090B0000701484604F008FD296841F82700D8F860
:1090C000000060B108F052F9042808D80546484667
:1090D000FF2104F0F9FCD8F8001041F82500002C1D
:1090E00018BF01242046BDE8F88300BF9412005049
:1090F0002DE9FE4FD0E90085994614460F46834678
:1091000013B10020C9F8000074B108F08FF90646C9
:1091100098F8070058B198F8E80070B1304608F0A8
:1091200036FB6FF008046CE06FF0090469E030462C
:1091300008F02DFB6FF00E0463E000200121C8E968
:109140003B74C8F8F440C8F8FC0088F8E810C8F888
:109150003C0088F80D0088F80B002846019508F0BF
:10916000D7F9304608F013FB08F1D0060DF1080AD4
:1091700008F05CF904463046514606F0DBFED8F8AC
:10918000F450D8F8FC10A842394438BF054602987C
:109190002A4608F07BFB3046294606F05FFAD8F8ED
:1091A000F400D8F8FC10401BC8F8F4004819C8F8BF
:1091B000FC00204608F0EBFA012D03DBD8F8F400A0
:1091C0000028D5D108F032F90746D8F8FC0050B194
:1091D000019808F09DF9584601F0FAFCD8F8FC0017
:1091E00010B1002402E000206FF00F04B9F1000F6D
:1091F00018BFC9F80000002088F8E800384608F0D9
:10920000C6FA2046BDE8FE8FF0B58DB000250028D7
:109210007DD0404F04467878002878D038780028F0
:1092200075D1012003F058FF002500286FD08DF87C
:109230003050CDE90A558DF824500895CDE90655F2
:10924000CDE9045507A803900AA8029009200190CF
:1092500001A807F02FFE0646012004F079FE002E3B
:1092600055D09DF81C2002F0F000C02825D19DF9B2
:1092700022109DF824309DF823609DF820C09DF8B1
:109280002150C8B2002943EA004040EA062048BF06
:1092900000F17F409DF91F30D9B2002B45EA014112
:1092A00041EA0C2148BF01F17F413D7912F00602ED
:1092B00005D00123282D04D30CE0002527E045B17B
:1092C000FE232B443B71DDB20023222D88BF0123F6
:1092D00000E0002300EE101A02EE100A6FF03F05C6
:1092E0009FED0D1A6371C4E90210002B18BF02F143
:1092F000C005B8EEC00AB8EEC22A257120EE010AF8
:1093000022EE011A012584ED040A84ED051A28468F
:109310000DB0F0BD9208002063EC443D2DE9F84FFC
:109320003C4C3D4E3D4D42F62A294FF0010A4FF08C
:10933000030B00274FF00508D4F83C01062833D86A
:10934000DFE800F00433183B203D4B000F20F060B5
:10935000C6F8109005F054FF45F804AC55F8040C1D
:109360008007FBD5C6F81CA094F8390190B1012004
:10937000EF6210E02F60C4F83CB128688007FCD48D
:109380000320DBE72F60C4F83C8128688007FCD409
:109390000520D3E70320C6F800B0C4F83C012F60D5
:1093A00029688907FCD4C9E7FEE70126022084F872
:1093B0003A6105F0ABFD2E6009E0022000E00320D9
:1093C00084F83A01002005F0A1FD0120286004F195
:1093D0005000BDE8F84F04F029B8002045F8040C0F
:1093E000286055F8040C8007FBD428688007FCD45B
:1093F0000B480025012105600A4801600D2002F09C
:1094000033F8022006F092FAC4F83C5184F83B513C
:10941000BDE8F88F0000002000400C4058600C4070
:109420003C500C4004800C402DE9F041DFF8F48002
:10943000044698F8010018B998F8020000286ED088
:10944000012088F80000112005F0ECFB4FF47A7041
:1094500006F0C0FE0120012104F00EFF032C1BD0FA
:10946000022C0DD0012C24D12F4C0220A321A04787
:1094700004200521A04705200521A047012616E06C
:10948000294C0220A0210226A04704200121A04748
:1094900005200121A0470AE0234C0220A021A0477B
:1094A00004200421A04705200421A047032683248B
:1094B00014E01D4F0220E021B84703201021B847D7
:1094C000042010210426B84705200021B8470620B3
:1094D0002C21B84707200C210724B8470920002178
:1094E000002704F0C9FE0A20214604F0C5FE0F48FB
:1094F0000F4DA84718200121012407F081FE42F2F8
:109500001070A847102005F08DFB4FF47A70A84723
:1095100088F8036088F800702046BDE8F0810024D8
:10952000FAE700BF9208002079E20000A08601005F
:10953000D50101008160704710B52DED028B044606
:1095400051EC100B40F2FF73C1F30A529A4216D04D
:10955000B0EE408AF0EE608AD2B921F000420243B8
:1095600053D09FED2D0B53EC102B08F07AF9344AB1
:1095700041EC180B944207DC9FED290B3FE00246BB
:109580000B46FDF7D6FA3EE0C1F30A50A0F13602D1
:10959000101940F2FF7290420FDB08F0E5F822212B
:1095A00001609FED250B53EC182B51EC100BDA0FDB
:1095B00062F3DF7141EC100B2BE0012808DB6FF345
:1095C0001E5141EA005052EC181B40EC181B1CE0E5
:1095D00010F1360F0ADC08F0C7F8222101604CF2C6
:1095E00051308442DDDA9FED120BDCE736306FF349
:1095F0001E519FED0D0B41EA005152EC180B53EC3C
:10960000102B08F02EF941EC180BB0EE480AF0EEE2
:10961000680ABDEC028B10BD000000000000504342
:1096200059F3F8C21F6EA501000000000000903C35
:109630000000000000000000000000000000F07FBB
:10964000AF3CFFFFB0B50C46880722D4600758BF77
:10965000B0BD354D0120A870042006F04DFB334805
:109660000068006B8047E8602D48806BF0B1696846
:10967000046961B1A1420AD094F82800400704D5DA
:10968000636A2046042100229847012060766C60BE
:109690000DE0FEF781FD2248006CE0B3214844F064
:1096A00002012830BDE8B04008F0D3B86C686068AB
:1096B0001F4900780860022006F01EFB102001F010
:1096C000CBFD012028761B48807810B90D2001F0D1
:1096D000C3FD6868416818488A680AB9C96821B139
:1096E00000218160154940F8141C154907220A60C1
:1096F000016800210160426841601249124AE96133
:109700000168114301601A2008F08DF81920BDE8A6
:10971000B04008F088B8BDE8B04003F0BBBF00BF60
:1097200064060020E8040020480300208C0100109B
:10973000D02108408436010014100440510007066F
:1097400000000460418A000002400040FEB5D0E9FC
:10975000005401A807F044FD95F834003649374A13
:10976000384E085C95F83510515C354A084395F839
:109770003610515C2A6B40EA0103316820684F685B
:109780000299B847206840F2F272E1692E4B2F4FE0
:10979000426494F854209A5C94F85530FB5C1A4368
:1097A0000129426311D10146D4E90A2351F8307FDF
:1097B000FF2A27F4004718BF07F50047FF2B0F606B
:1097C00009D00A6842F4804208E0014651F8302F7F
:1097D00022F400420A600A6822F480420A60C16AE8
:1097E00041F01001C162016B41F001010163E16BC5
:1097F00009B3A16BF9B1012107F0C8FBD5F85801F5
:10980000E16B40680068C162C0F8041591FAA1F1EB
:109810007268B1FA81F15368022298477068A16BAF
:1098200002224368D5F8580191FAA1F1B1FA81F109
:10983000406800689847FEBD983901006625010020
:109840006A390100D00100108D3901006F39010023
:109850002DE9F047A4B007F0E9FD33490A78012A61
:1098600004D124B0BDE8F04707F091BF4FF00109E3
:1098700081F8009007F08BFFFFF722FB082001F032
:10988000EBFC21AC204607F0C3FCDFF8A0A0294A7E
:1098900010212346DAF80C002290254805F074FCCC
:1098A0002548002501AE0478244890F800804746FA
:1098B000A74213D8DAF8000050F8271021F0FF0073
:1098C00046F82700880707D4F8B201F0010107F035
:1098D00097FC09FA07F005430137E9E718480560E6
:1098E0001848C16801F44001B1F5800F07D1006844
:1098F000000E56F8201041F0070146F820101248DB
:10990000A4EB0802042306EB880103EB820240EA81
:10991000880007F0BBFF0D482022016862F30D218B
:10992000016024B0BDE8F087B1080020D8350100FF
:10993000ECC600208DEA0000D63501001F3301007F
:10994000D0200240A84F00500010084000300940CD
:1099500010B510EE901A21F00042B2F1FF4F06D878
:1099600010EE100A20F00043B3F1FF4F02D930EEA1
:10997000200A10BDB1F17E5F03D1BDE81040FEF7B3
:109980005FBB022404EA917444EAD07463B1B2F17B
:10999000FF4F12D012B1B3F1FF4F18D1274961F335
:1099A0001E0000EE100A10BD022C0FD3032C14BFB2
:1099B0009FED250A9FED250A10BDB3F1FF4F14BF9F
:1099C0001C481D4800EB840090ED000A10BD9A1A57
:1099D000D2151A2A03DD9FED190AC40F0EE0B1F16A
:1099E000FF3FD8BF12F11A0F06DB80EE200AB0EE5F
:1099F000C00AFEF725FB01E09FED110A002CE5D01F
:109A0000022C0DD0012C04BFB1EE400A10BD9FED19
:109A10000D1A30EE010A9FED0D1A30EE010A10BD4D
:109A20009FED081A30EE010A9FED071A31EE400A49
:109A300010BD00BF9432010084320100DB0FC93F2A
:109A4000000000002EBDBB33DB0F4940DB0F49C0D7
:109A50002DE9FE4F4FF4804007F0EAFBA0B1354CF2
:109A600035496068D1F8132009786FF39F5201F0EF
:109A70000401806842EA417101AA01F043F860687C
:109A80008168012006F0F4FF2E482C4F2C4D44F243
:109A9000020B00244FF0000A00F14009BAF1020F56
:109AA0003CD055F82A80D8F80000A0B3D8F80000C0
:109AB000806907F0BDFB0646D8F800000023324657
:109AC00006F06CFC16F00A0F1ED0D8F80000806972
:109AD000B9686BEA00000840B860D8F80000C069B7
:109AE000396821EA000038601020D8F8001006F02C
:109AF000BFFFD8F80010484606F0B2FD002044F041
:109B00000204C8F8000006E02EB1D8F800000D49A4
:109B100044F4804408650AF1010ABFE724B10A4809
:109B20002146283007F095FE02F0A4F9BDE8FE4F6B
:109B3000FCF740BD48030020850300210C100440C1
:109B40006038010064060020E80400202DE9FF4190
:109B5000354D04466868D8B16878A0425ED0334875
:109B6000334EB168C90601D50130FAD3306820F010
:109B70000200306002A807F033FB012C0AD1A9686B
:109B80002D4803293ABF2D4A52F82120032205E02F
:109B9000002244E00022022C41D1264869680823B3
:109BA0004968C1F8E40081F8FA2025498846096926
:109BB0000F680399CDE900034FF080400023B847B8
:109BC0004746012C03D1D8F8000003680CE0D8F810
:109BD00000000368E878012806D108200A214FF424
:109BE000C0429847092005E009200A214FF4C042ED
:109BF000984708203968134A0B6809219847B068CC
:109C0000400701D57068FAE70320F061306840F042
:109C100002003060B42007F0C3FD6C7001221046D2
:109C200004B0BDE8F08100BF3808002030F8FFFF25
:109C30000400004040420F0090D00300783601003D
:109C4000B401001000600020F8B5044607F0D0FA17
:109C500007464568204607F0E9F9B8B1D7E901465B
:109C600007F0E4FB0546D4F8C000B8B10421017444
:109C7000384601F091FED4F8C800B0B10146406901
:109C80000028FBD1D4F8C000486112E007F0CEFBF9
:109C90000446D5F8C00078B3103034E0306841682D
:109CA00021F002014160284630E0D4F8C000C4F839
:109CB000C800416900274761C4E93477C4E93677B1
:109CC000C4F8C01031B320463146FDF78FFDD4F8FB
:109CD000C000C4F8E0700068B0F5806F03D920467A
:109CE0003146FDF783FD94F8FE0010BB30684168F3
:109CF00041F0020141601CE095F8FB00002105F0F5
:109D0000E3FF05F1FC00012101702046BDE8F840A9
:109D100007F03DBD94F8FB000021C4F8C47005F0C5
:109D2000D3FF012084F8FC003068416A21F0030170
:109D30004162284607F02BFD04F13000BDE8F840F1
:109D400007F089BD2DE9FC4191EA03084CBF4FF0B3
:109D500000484FF000084FEAC32545EA52554FEA44
:109D6000C2264FEA43077F0D11BF45F00045002191
:109D70000020BDE8FC815FF4E06E1EF1FF0E774528
:109D800055D04FEAC12343EA50534FEAC0224FEA6D
:109D90004104640D11BF43F0004300210020BDE8E1
:109DA000FC81744543D0E419A3FB0501A3FB06E73E
:109DB000A2FB06631EEB030E57F1000751F10001F1
:109DC000A2FB05631EEB060E57F1000751F10001DF
:109DD000FF1851F10001C01951F100014CBF40F2D0
:109DE000004E40F2002E10EB0E0051F1000148BF72
:109DF000641C01D4400049415FF44077FF37E41B05
:109E0000DEBF00210020BDE8FC8117F58067BC4261
:109E10000DD24FEAD02040EA41504FEA41014FEACB
:109E2000113141EA045141EA0801BDE8FC810020FA
:109E3000FF21C900C91D090551EA0801BDE8FC81DF
:109E40002DE9FC4706680446707A00286BD0D4F8E8
:109E50000490D6F85801D0F80480D9F83470204620
:109E600003F07CFA706F20B306F14C05284607F02A
:109E7000E8FC316F884221D2307902281ED0B06EC2
:109E8000002850D0204603F069FA346F284607F0C6
:109E9000D8FC201AD6F868A0B46F7067284607F07F
:109EA000D0FC0021F1740AEB040108440190706FAA
:109EB0000CE0B06E10B1306F0028D5D106F14C0027
:109EC00001A906F037F801217067F17458B3002139
:109ED000B0F5806FB17384BF4FF480607067012369
:109EE00001990144013979601049B96043F6F07174
:109EF00001EB00100840B9680843B860D9F83C107D
:109F0000D9F8000091FAA1F2B2FA82F203FA02F251
:109F1000D8F800309A61D6F85821526812689162D8
:109F2000012107F03FF8BDE8FC8700BF0180000C6D
:109F300070B5D0E90052044601211068C0F81C1821
:109F4000D0F80418C90718BF70BDD0F80438A96844
:109F50004E690A3614D0D5F8D46013F0120F17D01A
:109F60001EB903F01F060A2E21D05A076FF0040213
:109F700058BF6FF00502DB0648BF6FF006024A616A
:109F8000042107F036FB2046BDE8704006F0F2BE23
:109F90006EB1721EC5F8D4202CD0D5F8D0104A1C52
:109FA000C5F8D0200978C0F80818012117E0D5F8C5
:109FB000DC10C1B10139C5F8DC10D5F8D8104B1C44
:109FC000C5F8D830D0F8080808700121D5F8DC00B1
:109FD000002808BF0421012888BF09211068BDE8B6
:109FE000704007F006BB042107F003FBA8680021BE
:109FF0004161C8E7D5F8DC2052B1098B012361F338
:10A0000048030B21012AC0F8003808BF0321E6E706
:10A010000421E4E72DE9F0418EB004464A1E0020F9
:10A0200009AE12F1030F09D8304A07960490029145
:10A0300006928DF814000222684600E003220C907C
:10A040008DF834202020EFF3118780F31188608A87
:10A0500030B1608A01386082012087F3118841E0C5
:10A0600000293CD02248012104F11408057A01722C
:10A07000806946620B9005F0EFF9A069CDF8248065
:10A080000A900660A6619DF83400022808D119499B
:10A090004A680C98016042601060486001F07EFFE1
:10A0A00087F31188284605F031F82021EFF311805D
:10A0B00081F311880C9939B10A684B681A604A68B3
:10A0C00009684A6000210C910B9900224A6280F3D2
:10A0D00011889DF83400002818BF012002E087F3A2
:10A0E000118800200EB0BDE8F08100BF37FC0000F1
:10A0F00014070020800400202DE9F84315460C4683
:10A10000804602F033FB2C4800212D4F01602B4884
:10A11000814600683868816927208847294E2A4986
:10A12000306B08403063B06F20F48070B0673868DF
:10A13000016B4FF4806088473868016B4FF4816091
:10A1400088473868016B4FF4C06088471F48012179
:10A1500001601F48C6F8804131600168890704D456
:10A16000691C08BF4FF04045C560D9F80000F06990
:10A170008007FCD5072004F0ABFC0228FAD1B8F127
:10A18000000F13D1134C386A816820468847042891
:10A19000F9D0012804D1386A03214268204690474B
:10A1A000D6F8180220F00300C6F818023868806B51
:10A1B000BDE8F843004700BF0C4009402C2009408F
:10A1C000B80100100C200840FFFFFEFE28200860A8
:10A1D000100009400040034070B52039062918D806
:10A1E000DFE801F01A23042D3840480014780022DB
:10A1F0002321FF2CF1D0D0E9015695F8FB0004F0A3
:10A20000A5FF726B2B49204685F8FB4000F0CCFF80
:10A2100049E06FF001044AE0406890F8F910012924
:10A2200043D1012180F8FC103DE045680021002465
:10A2300095F8FB0005F048FD85F8FC4037E04468E0
:10A2400094F8FB00FF282ED004F080FFFF2084F854
:10A25000FB0028E04068D0F8C01031BB012180F835
:10A26000FE1020E04068D0F8C010F1B9002480F85A
:10A27000FE401CE04168D1F8C020B2B191F8FE2048
:10A280009AB180680268D0E90430546A184344F0F7
:10A2900003045462D1F8CC10496809688862506898
:10A2A00040F002005060002401E04FF0FF342046EF
:10A2B00070BD00BF0260002088B033483349314E82
:10A2C000DFF8D09000276D464FF00108B6EE008A07
:10A2D000BEEE009A00F11C0401F1480B00F1540A93
:10A2E0007078012804D14CF2503005F073FFF7E785
:10A2F00007F044F918B1204607F05BF803E049F68F
:10A30000404005F067FF2846FAF7EEF90028E7D04D
:10A3100028375846009707F02FFA50462946202242
:10A3200007F0B4FA584686F8048086F8038005F0F2
:10A33000CDFB174829464A46F8F7FAFA7079002803
:10A34000CED130780728CBD19DED040AB0EE491A62
:10A3500040F2E731B5EE400AF1EE10FAA8BFB0EED8
:10A36000481A30EE010ABDEEC00A10EE100A0028AD
:10A3700048BF404200B28842A8BF084680B202F0FF
:10A38000E5FAADE718040020F00100206402002087
:10A39000509A0020F0C000208EB0344E344D01277A
:10A3A0000024B7EE008A707801285BD006A8F7F782
:10A3B000AFF88346059405A803F0E4FB8046ADF8AA
:10A3C0001240ADF810408DF80F400DF1120004A9B5
:10A3D0000DF10F0201F098FD8246CDE9014402A87B
:10A3E00001A9FEF7BFFB8146284607F0C5F9BBF17E
:10A3F000000F05D01F4806A9202207F047FAB771C1
:10A40000B8F1000F02D00598F7713062BAF1000F71
:10A4100005D0BDF81200B0829DF80F003072B9F17E
:10A42000000F02D00198777270622846B77205F06B
:10A430004DFB9DED020ADDED010A9DED051ABDF80B
:10A440001010BDF812004A46434605F055FE7079DB
:10A4500020B93078072818BFFEF788F8B0EE480A10
:10A4600001F0AEF8012005F0C1FF9CE718040020C0
:10A470000C06002064020020F8B500F077FA324C98
:10A480000F20611C07F080F90F20012106F0B8FEB3
:10A490001220214607F078F912200021002406F04E
:10A4A000AFFE43F6982005F095FE00260027012F09
:10A4B00028D8F00726D1B7FA87F0400906F038FE11
:10A4C0000025AE1E18BF0126022D19D012202946E4
:10A4D00006F096FE43F6982005F07CFE1F205221E0
:10A4E00003F0F1FE47F2305005F074FE002003F057
:10A4F000FBF90135AD28E4D1022003F0F5F904465B
:10A500000137D4E7F00718D0104801214470104CEF
:10A5100001702C209321A0472A200121A0472B2045
:10A520004021A0472D202221A04746F2A81005F087
:10A5300051FE4020FDF728FC02E004480021017094
:10A5400006F00100F8BD00BF0004002088070020CD
:10A55000C7E20000F0B5314A046A516B137D0C610B
:10A56000446A01F1200C032B0B704C61846A8C61EE
:10A57000C46ACC6190E8F000ACE8F00000F140045F
:10A5800000F110074C64F0CF01F1300CACE8F000A2
:10A59000046B0C64446B8C64846BC06BCC64086586
:10A5A00019D8DFE803F002120A10156DC4B2106C5E
:10A5B000936C55F824404C600FE01A48806948605D
:10A5C000D0E90A3009E0002001E01548C06D48607C
:10A5D000106C936C01E000200023926BC1E9020330
:10A5E00032B12BB110F8014B013B02F8014BF8E7F7
:10A5F0000D4802684A6590F824208A6590F8252065
:10A60000CA65C28C0A66826A4A66C26A8A66026B38
:10A61000CA66426B0A67806B4867F0BDB0030020D2
:10A62000D80200201407002004ED00E02DE9F043DB
:10A630008FB00C4600272F491546814624229846A4
:10A64000009703A807F022F96B4600205021002252
:10A65000C9F8007004F03CFF002847D007462648A0
:10A660004FF40071002C07F14806816008BF0446D2
:10A67000D4E900320021A0680792002A4FF00002BE
:10A6800008BFE268FE64F963C7E90D51F9627964B5
:10A69000BB60BE6410442369002B18BF01233B63D9
:10A6A00008900C91CDF82880CDE90457CDE90D1123
:10A6B0004FF0FF3301208DF83000069307F11000B2
:10A6C0000CAA05F0F7FE0D4803A96A4604F0BAFB90
:10A6D000F86040B14563C9F800702168F86800F07F
:10A6E00009FD002003E0384605F0F0FC0C200FB017
:10A6F000BDE8F08340320100F4070020A9110100F9
:10A7000070B52548066805F021FE24480025244C34
:10A710000560206C806C80472248006838B1224870
:10A720000068B6F1FF3018BF304600F0EDFD1F485D
:10A7300040F2391205601E48016862F31B41016056
:10A740001C48016801F44051B1F5805F06D10168F1
:10A75000194A114001F5003202600160174D0126CF
:10A76000EE612068016A142088471548016841F4A9
:10A77000E021016013482E60006800F44000B0F54D
:10A78000000F03D1206C416C0F4888470F480168C7
:10A790000029FCD170BD00BF1C130050840460422E
:10A7A000B001001080012843800520438C2108401F
:10A7B0004820034028000940EFFFFCFC0000244330
:10A7C00000200940B44F0050BD3786000C0068429D
:10A7D00070B5F8B1012858D1012006F05DFE0128BE
:10A7E00053D02D4C94F8380100284ED12848294EDA
:10A7F0000569306810F4402F30D17DB306F0F8F8C9
:10A80000502006F0CDFF0120A84704F1940002F08B
:10A810000DFE25E007F00BF81E48006810F4402FED
:10A820000AD11B4804693CB11B489430FCF701FC79
:10A8300006F0CEF80020A047174C94F8380120B35A
:10A840001648016821F080010160802181600320A9
:10A8500005F06CF8002084F8380116E006F0EBFFF4
:10A86000012084F83801306810F4402F00D14DB930
:10A87000207A800606D4094880218160016841F071
:10A8800080010160032005F037FA002070BD00BF91
:10A89000F4340100B44F0050000000209022084022
:10A8A0002DE9F84F1E4614460F46814606F0BEFDC0
:10A8B000804606F0CDF800284AD005462848DDF845
:10A8C0002CB0FCF7B6FBDFF89CA0274A0A9B4FF0A0
:10A8D000FF31BAF854001A40023201306FF31F30D2
:10A8E000AAF854000020AE6085F83240C5E903792B
:10A8F000C5E90F100BF0200185F8440085F83800F9
:10A900006863C5E90800C5E906218022BAF8541039
:10A91000A5F85000C5E9120085F833202986397B57
:10A9200001F00F01022904D1012185F83810B9681E
:10A93000696389F8FC000AF13800294605F090FEA9
:10A94000DAF83800A84208BF02F0A4FE2C8E01E01D
:10A950004FF6FE74404606F01AFF20B2BDE8F88FAD
:10A9600054C4002064060020FDEFFF9F2DE9F04154
:10A970008CB0DFF8AC8098F80000012804D1D8F83A
:10A98000040008B1012444E004F02AF909AD284686
:10A9900006F0ECFB28460121012406F007FE2846BC
:10A9A000012106F06EFF1F48294605F075F828467C
:10A9B00006F065FF1C4D1D4F0B202946B8471C4E65
:10A9C0000B200121B04714202946B847142001214B
:10A9D000B0470F202946B8470F200121B047D8F8CB
:10A9E0000400A0B901AD284606F07AFD1149002007
:10A9F0008DF81C008DF810008DF8040005910821D9
:10AA00000691294604F0A2FAC8F8040028B1A8F873
:10AA1000004020460CB0BDE8F0810024F9E700BFFB
:10AA200038080020D0C5002001040020891701004B
:10AA30000112010040420F002DE9F8432020EFF3FE
:10AA4000118980F311882C480068006B80472B4ED9
:10AA50004FF000082A4F012286F85D8086F85C20BE
:10AA6000D7E9104522462B4606F094FBA0FB0423B1
:10AA700000FB053301FB0431746DC7E91221B16895
:10AA8000B268611A821A914205D986F85C8089F30E
:10AA90001188BDE8F883051B89F3118800208542E1
:10AAA00006D304442D1A0120214602F07DFFF6E76B
:10AAB0002021EFF3118781F3118896F85D100129A9
:10AAC00003D10020214602F06FFF411C05D0411B3D
:10AAD000B06D814238BF084600E0B06D011906F044
:10AAE00019FA002086F85C00012086F85E00B46048
:10AAF00087F31188BDE8F8838C01001080040020E2
:10AB000040C30020F0B585B00D4600211446CDE9C4
:10AB10000311CDE9011101A9009104A903AA02AB17
:10AB2000FEF75AFA029F002F394618BF0121019EF5
:10AB30000140002E324618BF01221140002D10D4D2
:10AB400011B3049840F22B2105806FF39F553846CE
:10AB50002A4605F05DFE0398314602F0CAFB6760A5
:10AB600010E0C9B104984FF0FF316FF39F552A46AA
:10AB7000018030462B2105F04BFE0398314602F050
:10AB800057FD666015201EE0C8B104984FF6FF72AD
:10AB90000188914214D110E078B16FF39F5503986A
:10ABA0002B212A4605F034FEFF2806D004984FF0EA
:10ABB000FF3101801420656005E0032005E0049862
:10ABC0000580658010202080832005B0F0BD70478F
:10ABD000F8B505680446D5F8F80000B1F8BD687905
:10ABE0006668022807D105F1D000694605F08DFEA0
:10ABF000C5F8F80009E0D5F8EC10D5F8FC20D5F838
:10AC0000F4001144C5F8F80000910028E6D031683E
:10AC10008A6B22F400628A6395F84410C9060AD54B
:10AC20002F6C47B1297A31B9AB6C20461021002234
:10AC3000B847D5F8F800B0F5806F84BF4FF4806056
:10AC4000C5F8F8000099336B01444A1E3168B66BB1
:10AC50001A600E4A9A6043F6F07202EB0010104040
:10AC60009A6810439860D5F8580140680068866279
:10AC70000846022106F096F9287A0028AED120462F
:10AC80000121012605F0B4FC2E72F8BD018000C040
:10AC900070B5002852D02A4E0446307800284DD096
:10ACA000706800284AD0274D172105F1080006F0EA
:10ACB00092FA2548254940F6F612C5E90010707849
:10ACC000287201307070607868722078E178A8721C
:10ACD000E972A0782873607968732079E179A873A4
:10ACE000E973A0792874607A6874207AE17AA8748C
:10ACF000E974A07A2875207B617B00F0030040EAAC
:10AD0000C1100A216875E07BA875A07BE875207CDE
:10AD10002876E07C6876A07CA876207DE876E08ABC
:10AD2000B0FBF1F1904288BFFF212977607E687700
:10AD3000207EA877BDE8704004F034BB002070BDD1
:10AD40004C050020CCC60020FF5342030201061B25
:10AD500070B5002851D02A4E0446307800284CD0D7
:10AD60007068002849D0274D172105F1080006F02A
:10AD700032FA25482549C5E900107078287201305B
:10AD8000707020786872E078A872A078E872207AF3
:10AD90002873607A6873A07AA873E07AE873207BDE
:10ADA0002874607B6874A07CE27B237CA17B667C3A
:10ADB00042EA430242EA800061F3C400FF2140EA14
:10ADC0004610A874A088FF2828BF0846E874E088C9
:10ADD000FF2838BF01462975E07C6875207DA8757D
:10ADE000607DE875A07D2876E07D217E40EA410007
:10ADF0006876BDE8704004F0D5BA002070BD00BF91
:10AE00004C050020CCC60020FF5342010201061B66
:10AE10002DE9FC412A4D95F86100002844D000241A
:10AE20000026602C40D095F86100F040C00702D1A8
:10AE300020340136F5E7112095F8618000FA06F715
:10AE400006F0F4FA95F86110B94385F8611006F040
:10AE50009EFC281928D0817A31B31021194A2C5927
:10AE6000B14011EA080190F9091052F821804668B2
:10AE7000CFB209D001F0B6FC002079B200224FF029
:10AE80000073009020460EE0017A022902D1C17CB5
:10AE9000C90601D401F0A6FCCDF8008079B22046A5
:10AEA00000224FF00063B04795F8610028B10648D2
:10AEB0000021BDE8FC4106F0CCBCBDE8FC8100BF30
:10AEC00070C2002094300440DCC40020BCB50120D6
:10AED00005F0E4FF02F076FA294D002003248DF8F6
:10AEE0000700287024B320200321FF2204F08AFEEB
:10AEF00028B942F2107005F06DF9013CF2E7214CDF
:10AF0000202042210022A047202043213F22A047A9
:10AF1000202044213F22A04720204521FF22A04796
:10AF20000DF1070406F074FB06F072FB0120287097
:10AF30002420712105F015F820B10120687004F07B
:10AF400091FD01E000206870FF2000248DF80600CC
:10AF5000287801280BD10DF106022020002103F0F2
:10AF6000A5FE20B19DF806003F2121EA00042878C3
:10AF700069782C71EC70AC70084300F00100BCBD26
:10AF80009708002005FC000070B5012953D0044645
:10AF9000002942D128480121057A01722021EFF3CE
:10AFA000118681F3118894F8201003292AD00229F0
:10AFB00014D0012922D12168E26C636819606168AC
:10AFC000236859601168914204D1A169C26822EADC
:10AFD0000101C160606A88B1C06808E0616A69B156
:10AFE0000A68C8684B681A604A6809684A6028B1EC
:10AFF000016842681160416800684160204604F0C1
:10B0000049FA05E020686168086060682168486066
:10B0100086F31188284604F079F8216B481C0AD081
:10B0200006480029806818BF08464368D4E90A2109
:10B03000BDE87040184770BD14070020D8020020FA
:10B0400070B506F051FB06F039FA06F03DFA0446F9
:10B05000C04310F00C0F03D100BF00BF30BF3BE076
:10B0600060071ED404F012F8054600EB80000121B1
:10B070004600012005F0E4FD864212D91C4CA5F1E2
:10B080001800606104F10C0005F0C4FF00BF00BFB0
:10B090000120FCF729FF00BF00BF002084F820003A
:10B0A0001CE000BF00BF200715D40E4E0E4D3068C7
:10B0B0008168284688470428F9D0B0FA80F004F067
:10B0C0001001400940EA111006F0B3FB07480121C6
:10B0D0000160006800E030BF00BF00BFBDE8704005
:10B0E00006F006BBD8010010004003402C200940A8
:10B0F000000000202DE9F0412A4B012702462024C0
:10B10000187A1F72EFF3118C84F3118854698C4202
:10B1100002D18CF3118840E01D6A8F40002905EBB5
:10B12000C10648BF03F12C0648BF002792F8205003
:10B13000012D26D1D2F800E0D2F84C805568C5F830
:10B1400000E0D2F804E01568C5F804E0D8F8005033
:10B15000454505D1D2F818E0DD6825EA0E05DD6029
:10B160009D699542354601D1DE613568D5F804E028
:10B170001560C2F804E0CEF800206A60DD683D4347
:10B18000DD60D66497615161B1F1FF3FDCBF002102
:10B19000D961012119748CF3118803F0B7FF20469F
:10B1A000BDE8F081140700202DE9F84FFF2831D0C9
:10B1B000264B0C4605464FF4BE21AF0004F00208B2
:10B1C00043EA80004158C9B2914227D121489A46AA
:10B1D0004FEA142947EA0006834606F027F90BF1E7
:10B1E0000101220C86F8009039430A7046F00201F2
:10B1F000220E0A7006F0CBFAB8F1000F02BF45EA42
:10B200000A0004F0010101701148012181EA58018E
:10B21000384316E04FF0FF30BDE8F88F00F5BE2050
:10B2200024F0FF0162B9B8F1000F02BF2B4304F014
:10B2300001041C70064B012484EA58043B431C6043
:10B24000114301600020BDE8F88F00BF00200240DC
:10B25000001A4442011008402DE9F041254E0546F0
:10B26000371806F0E3F8044697F84A01411C87F8BE
:10B270004A1128B1204606F08AFA0020BDE8F08184
:10B28000DFF8748018F8257007F03F00142898BF85
:10B29000FFF7E2FF08EB8500458878B2B0F1FF3F89
:10B2A0000CDD78061FD41548006841692846884798
:10B2B000284603F02FFC0128FAD1DBE70F4E306857
:10B2C000C169284688473068416A284688473068FF
:10B2D000C16A284688470A48012101600948016877
:10B2E0008907FCD5C6E706EB8500D0F86011012080
:10B2F0008847BFE7000000203C270100B80100108C
:10B300002820086028200840F8B505462248234E2A
:10B310004168890705D40168F02242EA114186F8A4
:10B320004D101F494FF001221F4F0A601D49098827
:10B3300039680968846820468847A00105D4E0017F
:10B3400003D5307840F002003070386821464268FA
:10B350002846904704F0E6FF1448154A0068C0F3F9
:10B3600005311170C1054FF0130158BF232140234F
:10B370007354382101EA901000F56050A2F85C0087
:10B380003868816820468847022004F0DBF80948C5
:10B3900001210160F8BD00BFAC4F005009620840B8
:10B3A00004A40C4000A00C40F00100100C1400504C
:10B3B0000EB00C40940460428B4208BF824207D911
:10B3C000009A002A01D010605160002100207047CF
:10B3D000002B08BF002A10D1009A002A01D010606B
:10B3E000516002000B0000210020002B08BF002A42
:10B3F0001CBFC943C04301F0CCBDF0B51C46154687
:10B400000B46024600200021B4FA84F6202E04BF29
:10B41000B5FA85F62036B3FA83F7202F04BFB2FAC7
:10B4200082F72037F61BB6F1200727BF05FA07F48D
:10B4300000257F42B4403EBF25FA07F73C43B540A4
:10B44000A34208BFAA4201D3521BA3414041494134
:10B450006D0845EAC4756408761EF1D5059F002F76
:10B4600001D03A607B60F0BDF8B5254F05463E1827
:10B4700005F0DCFF044696F84A01013886F84A01D7
:10B48000000637D11F4810F9251000EB85004588CC
:10B49000CEB2B1F1FF3F0CDD70061FD41A48006830
:10B4A000816928468847284603F012FB0228FAD112
:10B4B0001AE0154F3868016A284688473868816A5B
:10B4C000284688473868016B284688470F4801217D
:10B4D00001600F4801688907FCD505E007EB85008E
:10B4E000D0F860110020884706F03F00142898BF6C
:10B4F000FFF7BAFF204606F04AF90020F8BD00BF6A
:10B50000000000203C270100B8010010282008603E
:10B51000282008402DE9F041002918D41F4615467F
:10B520000E46044605F0C8FD80462046314680227E
:10B5300003F012FB20B1064690F9330000280AD42C
:10B54000404606F08AF900210220BDE8F081002083
:10B550000021BDE8F081D6E9080145F00A0547F071
:10B56000E04728403940084310D0404606F075F9BE
:10B57000D6E9082303EA070102EA050042404B40EE
:10B58000C4E92C01C6E90823BDE8F081B1680B4885
:10B59000814203D0B168C4F8A810B0604046C4E945
:10B5A000285706F05AF904F150004FF0FF3106F029
:10B5B00084F8D4E92C01BDE8F08100BF25D8000053
:10B5C000B5EE400AF1EE10FA3BD91E481EA29FEDDF
:10B5D000202A9FED234A81780171012908BF043296
:10B5E00092ED001A002908BFB0EE421A9FED192A09
:10B5F00090ED043A80ED021A21EE022A02EE003AA2
:10B600009FED150A80ED032A9FED142A83EE000AB0
:10B6100080ED043A20EE020AB4EE420A32EE403ADD
:10B62000F1EE10FA48BFB0EE434A84EE020A9FEDF5
:10B630000D2A80ED054A20EE020A80EE010A80ED17
:10B64000060A7047A80700206F12833B0AD7A33C65
:10B650006666FE4133335340403FCB4A0000C84248
:10B66000000000000000FA432DE9F8432DED028BA5
:10B67000054625480478012C3FD1244E0F462D2045
:10B68000002198469146B04741F2883004F0A2FD6F
:10B6900000EE105AB5EE008A202005F0EFFCC5F34D
:10B6A00002212120B04722203946B04700EE109AEF
:10B6B000232005F0E3FCC5F302212420B0475FFA04
:10B6C00088F12520B0474FEA18212620B0472A20CC
:10B6D0001021B0472B204021B04727203F21B04701
:10B6E0002C209321B0472D202221B04746F2A810EC
:10B6F00004F070FD1020FCF747FB2046BDEC028BE8
:10B7000001B0BDE8F08300BF88070020C7E2000059
:10B7100010B586B00146427E8068002343F60604D9
:10B720000593CDE903330293438003881C1B022C4D
:10B7300010D3B3F5C15F03D040F60204A34212D187
:10B74000038A002A23F4FE6312BF038243F4347297
:10B75000028208E0038B23F4FE630AB1038302E054
:10B7600043F43472028300224A7602A9009105A9AB
:10B7700004AA03ABFDF730FC28B105984FF6FF7122
:10B78000008888420ED0049C0299204601F0B1FD49
:10B790000748016821B1204606B0BDE810400847BF
:10B7A00006B010BD049C0299204601F041FFEFE76E
:10B7B00064080020F8B5044610681546D2E9037203
:10B7C0000E466969206167612148AF690068002FF2
:10B7D00018BF38462063002908BF4FF4007162B1DA
:10B7E000D31D11444FF0FF3023F007032063C91A23
:10B7F00021F00701C4E90A1308E00731082221F00B
:10B800000701A16203F064FEE062F8B1D5E901012D
:10B8100004F13803EA69666307C395F8200001283C
:10B8200084F8480003D10B4841690131416100208F
:10B830006065204601F0C6F808B10320F8BD054850
:10B8400004F1080105F05EFA0020F8BD0120F8BD02
:10B850002CC700201407002070B505680446A968AD
:10B8600048690A301BD16B68204600229847A868B7
:10B870006FF009064661022004F058F8E86829696B
:10B88000884213D06B68E8680022C069E860E86805
:10B8900046612046E9689847E8684661EEE74869EE
:10B8A000033008D100202861E86020E00020E86033
:10B8B000A860286170BDE8682A69904211D06B6861
:10B8C000E868C069E86005F0BDFDE968204601F060
:10B8D00011FA0028EED005F1E400BDE8704005F053
:10B8E000BABF0020E86028616B6805F0ABFD02205C
:10B8F000BDE8704004F01AB82DE9F84F00248046E6
:10B90000002100220460684600F024FC204DDFF88E
:10B9100084A081464FF0FF374FF0190B0020602CB8
:10B920001ED02A19917AB9B1107A022816D0DAF805
:10B930000400418B0069084495F8621011FB0B016B
:10B94000506904F0C9FA0646F5F7E0FDB6FBF0F0E1
:10B95000B84238BF074601202034E0E70120002725
:10B9600009EA0001012904D10099B94238BF0F4604
:10B9700006E0B9F1000F01D0009F01E0C10701D03E
:10B98000C8F8007040EA090000F00100BDE8F88F37
:10B9900070C2002048030020F8B5D0E901650446D4
:10B9A000287905F03EFFD6F8CC20696928685268EE
:10B9B0001268D16296F8F93013B9C368DB06FCD47B
:10B9C000436823F0020343602B69D3621943476A3B
:10B9D00027F003074762C2F80415416921F001010D
:10B9E000416101210162D6E93512D6F8C00001603B
:10B9F0004AB1EB699B68C3F309139A4203D9114416
:10BA0000DA4311440160D6F8DC204AB16B6A9B68C6
:10BA1000C3F309139A4203D9DB431A44114401606A
:10BA2000204602F05DFD287904F0A2FF2879BDE8E8
:10BA3000F84005F0F8BE70472DE9F04188B0DFF816
:10BA40008880012098F80010D9BB204A002108F115
:10BA50001C0C41F6060E802600270025482F14D026
:10BA6000D31905F12504302FC3E90611C3E908C233
:10BA7000C3F810E09C771E7706BF5877002403F1C7
:10BA800028045C6118370135E8E76C46204605F06C
:10BA900021FDC82008F10C0108F13C02234600906A
:10BAA0000B48F9F701FC01460028C8F804001EBF46
:10BAB00001200022C8F80820002918BF012188F8B9
:10BAC000001008B0BDE8F0814C050020BC06002045
:10BAD00018BE00207CB5012005F0E0F901F072FCF1
:10BAE00000260DF10602442011210123ADF8066065
:10BAF00002F0D2F8044630B144200A2143F2382241
:10BB0000012303F0C1F9174DADF8046060200C214A
:10BB100000232C7001AA02F0BFF8BDF80410124AED
:10BB200012FA81F1B1FA81F1490900EA0104012C0C
:10BB300011D10E4E6020002100220023B04760206A
:10BB4000032140F60E020023B047602004214FF489
:10BB5000E0620023B04728786C70204300F00100B9
:10BB60007CBD00BF500800207AFEFFFF89EE000078
:10BB7000F8B50C4622494978012918BFF8BD1E289E
:10BB800001D3DD2807D34025002C18BF6FF03F05F7
:10BB90002E46284620E0C2B20A2564262746B2FB7C
:10BBA000F5F1B2FBF6F3642801EB8101A2EB410150
:10BBB00003FB160226BF1348C05C0020114B002C6B
:10BBC000D2B2595C18BF80273843B2FBF5F241EA84
:10BBD0000705995C41EA07060B4FC1B23420B8470C
:10BBE000F1B23520B847E9B23620B84701213A46CC
:10BBF000002C18BF0F213720BDE8F840104700BFC8
:10BC0000970800205537010063FF00002248407864
:10BC1000012818BF7047B5EE400AF1EE10FA26D49D
:10BC20009FED1E1AB4EE410AF1EE10FA1FDAF8B5D4
:10BC3000B2EE041AB6EE002A0A2200EE012ABDEE88
:10BC4000C20A10EE100A81B2B1FBF2F303EB8303D8
:10BC5000A1EB43046423B1FBF3F101FB1300C0B279
:10BC6000B0FBF2F5C8B238B10D49095C05E02D20F2
:10BC70002D212D2203F03CB800210A4F3420B84773
:10BC8000074E705D40F080013520B847315D3620A9
:10BC90003A46BDE8F8401047970800200000C84227
:10BCA0005537010063FF000010EE100AC14311F088
:10BCB000FF4F02D100EE000A7047B0B500282ADD20
:10BCC000C10D2ED001227F39002462F3DF5001F034
:10BCD000010200FA02F34FF08072002062B11519E0
:10BCE000B5EB430FDCBF1044AC18C5EB4305C8BF30
:10BCF0005D0052082B46F1E700F00102002B18BF4F
:10BD000010440E4A02EA815101EB600000F17C50C0
:10BD100000EE100AB0BDB5EE400AF1EE10FA06D101
:10BD2000B0BD01210202CDD401394000FAE705F08F
:10BD30001BFD9FED030A21210160B0BD000080FFC3
:10BD40000000C07FF8B50446FD201D468DF80300B5
:10BD500020461E68324600F041F810B101208DF8EF
:10BD600003009DF80300FD2815D1A6B1E068007B13
:10BD700000F00F0002280ED13768204631463A46BF
:10BD800000F02CF820B9002F3E46F5D1002602E045
:10BD900002208DF803009DF80300FD2804D1E06B1C
:10BDA00010B104208DF803009DF80370042F0FD00C
:10BDB000022F06D0012F0FD12846214604F062FC45
:10BDC0000AE0326822B12846214604F0EBFB03E08A
:10BDD0002846214604F044FC78B2F8BD70B5B2FAAA
:10BDE00082F3B1FA81F45B096409B0B312B190F83F
:10BDF00044506DB389B191F844406CB3446B0E6903
:10BE0000096C05698908A408AE4214BFED680025D5
:10BE10002944611AB1F1704F22DAB2B1D168097BBD
:10BE200001F00F01022915D1516B0569006C1469ED
:10BE300080088908A54214BFE26800221044081A4D
:10BE4000B0F1704F01DB012804DB0124012304E081
:10BE5000002302E0012400E0002404EA030070BD96
:10BE600000240029C8BF0124002AF6D00129D5DA10
:10BE7000F3E770472DE9F84F204E214FDFF884801B
:10BE800000254FF0010B4FF002094FF0110A602D11
:10BE900008BFBDE8F88F7C192ED0A07A01282BD1DD
:10BEA000607A41B20BFA00F01131C0B20BFA01F125
:10BEB000CA43326072681143716004F0EBFE04F112
:10BEC0001000002104F0C0F8812809D1A06920B138
:10BED000002104F0B9F8812802D184F80A900BE01F
:10BEE000607A97F861100AFA00F00843002187F899
:10BEF0006100404605F0ADFC2035C8E7081004405D
:10BF000070C20020DCC400202DE9FC41DFF88880ED
:10BF10000646144698F8010040B300200F460DF184
:10BF2000060208210023ADF80600ADF804006020E9
:10BF300001F0B2FE054647B101AA602009210023A5
:10BF400001F0AAFEBDF804003880CDB1BDF806109E
:10BF5000002041F26F729142A8F8041088BF0120BE
:10BF600088F8020006B131808CB911E016B1B8F83A
:10BF70000400308014B198F802002070002507E01A
:10BF800016B1B8F80400308014B198F8020020709F
:10BF90002846BDE8FC8100BF500800202DE9F04193
:10BFA000044680681F4F206297F85E0001281DD16B
:10BFB00097F85C00D0B91C480068006B8047DFF838
:10BFC0006C80D8E910562A46334605F0E3F8A0FB0A
:10BFD000052300FB063301FB0531C8E91221B968CE
:10BFE0007B6DBA689A1A411A91420ED904F0C6F8CC
:10BFF00001212175A2681044E06097F85C000128D7
:10C0000008BF87F85D10BDE8F08101212175A268A5
:10C010001118181A8242E160F5D21046BDE8F041CD
:10C0200004F078BF800400208C01001040C3002081
:10C03000002840D02DE9F0418EB01F490AAE0025FE
:10C0400003904FF020080896059507918DF8185039
:10C0500001A801210D901948EFF3118788F3118889
:10C06000047A017280690C9003F0F6F914494A6869
:10C070000D980160426010604860FFF78FFF0C98D8
:10C0800046620B960A96204687F3118803F03EF825
:10C09000EFF3118088F311880D990A684B681A60D4
:10C0A0004A6809684A600D9580F311880C984562CA
:10C0B0000EB0BDE8F0417047A90D01001407002043
:10C0C00080040020F8B5D0E90167054605F0AEF917
:10C0D0000446D6F8C00098B396F8F81019B9007C59
:10C0E0000338012831D82846FFF756FCD6F8C0009F
:10C0F00000220223016805463DB12F7C033F022F39
:10C1000028BF2B742A606D69F6E73246016052F849
:10C11000C81F21B10A4649690029FBD114321060B9
:10C120000020C6E93000C6E93400C6E936002046E2
:10C1300005F02DFB06F13000BDE8F84005F08BBBA3
:10C140003868416821F0020141602046BDE8F840AE
:10C1500005F01DBB10B504461E4849B138300068D3
:10C16000B0B1C3681B7B03F00F03022BF7D101E0D2
:10C17000806B68B102B11060C268137B03F00F03DB
:10C18000022B08D151B101698A8DC968114415E0AB
:10C19000002100201CE00120002119E01288016923
:10C1A000A2F60302012A4A8B8CBF09694969192347
:10C1B0001144094A92F8622012FB0311406B03F00C
:10C1C0008BFE2060F5F7A2F92168B1FBF0F10120A8
:10C1D000216010BD6406002070C200202DE9F84FD8
:10C1E00007461E4815460E46009300F138094C4696
:10C1F00024680CB1B442FBD14FF0000A00F1400BAF
:10C2000044B32069D4F80080B84220D120460022EF
:10C210004FF0805304F0C2F8009870B1204600221D
:10C220004FF0807304F0BAF830690D49086291F854
:10C23000240040F0010081F824004846214604F023
:10C240005DF85846214604F00BFA0AF1010A002D68
:10C250004446D5D15046BDE8F88F00BF64060020A3
:10C26000E8040020F8B5204F064614460D463878FD
:10C2700058B900200DF1030200218DF803002020A1
:10C2800002F014FD28B301203870FF200DF10202E6
:10C2900000218DF80200202002F008FDC0B19DF8B9
:10C2A00002103F228A4339798A4206BFBA7011468A
:10C2B000B9783A71FA78F97006B131701DB182F02F
:10C2C000FF030B402B701CB181F0FF011140217066
:10C2D000F8BD0EB1002030700DB1002028700CB1F7
:10C2E000002020700020F8BD9708002010B52DED2B
:10C2F000028BB5EE400AB0EE408AF1EE10FA04D59A
:10C30000184804F03BF9B1EE488ABCEEC80A9FED2C
:10C31000161AB6EE002A10EE100AB8EE400A38EEF1
:10C32000400A00EE012ABCEEC20A10EE104AE108F3
:10C330007C2984BF0024013001F05EFE0B4804F02C
:10C340001DF9632C07D80A4804F018F9092C02D803
:10C35000074804F013F92046BDEC028BBDE81040FD
:10C3600001F04ABE1D33010000007A44F23401009E
:10C37000E226010070B50446B0F90E00217A82B2BF
:10C38000890702D5217B1F290CD817496368C96C1E
:10C3900051F820509D4218BF41F820305142E181B0
:10C3A000217B0BE0104BD3E9133545F8204053F8BF
:10C3B00020600E4DAE4218BF43F820500F2A03D91B
:10C3C0000B4B6FF00F0204E0042A04D3094B6FF00B
:10C3D000030203449954217AC90718BF02F0EEFC06
:10C3E0000020A06070BD00BFB0030020A58D00003C
:10C3F00000E400E018ED00E010B541EC100B43EC58
:10C40000112B01F041FA002801D0002010BD0120BD
:10C4100010BD10B541EC100B43EC112B01F034FAB8
:10C42000002801DB002010BD012010BD10B541EC3B
:10C43000100B43EC112B01F027FA002801DD00203E
:10C4400010BD012010BD10B541EC100B43EC112BB9
:10C4500001F06AFB002801DA002010BD012010BDA8
:10C4600010B541EC100B43EC112B01F05DFB0028E3
:10C4700001DC002010BD012010BD704770B50568BB
:10C48000D5F8F81031B3D5F8582144685668A16B37
:10C4900020683268D162022104F078FDD5F8580195
:10C4A000A16B154A40680068C0F8041591FAA1F123
:10C4B00012683068B1FA81F1926990470446D5F864
:10C4C000F800011B6879022806D105F1D00003F0BD
:10C4D0001AFD0BE000240CE0D5F8F400D5F8FC20A0
:10C4E0000A44401AC5F8FC20C5F8F4000020C5F83D
:10C4F000F800204670BD00BFD401001070B5184B85
:10C500002021EFF3118081F31188174C1548DA6C64
:10C5100002609C64154C1A661C64154B04689C42AE
:10C5200010D14268144B22F47F421A444260817653
:10C530004FF40071C160D0F82C1221F04041C0F8D6
:10C540002C1270BD0B4D0024362CEAD00E2C8EBF61
:10C5500042F8245053F8246042F824600134F3E791
:10C56000B003002008ED00E00008000000380120C2
:10C5700000000000650401000000FA052DE9F0410B
:10C5800086B0DFF8688098F8650060BB012088F805
:10C590006500C8F80480C8F8008003F09FFF1448C5
:10C5A00001AA114690E8F8000520F8C108F110042E
:10C5B00004901049204601F0DFFFC8F84C4002F01B
:10C5C0002DFF0D48D0E9102347F69160101A73F142
:10C5D000000031BF4FF0FF30002047F6906104F0BB
:10C5E000D9FDC8F8580006B0BDE8F08180040020ED
:10C5F0004435010039AA000040C30020C8B3B0B5DB
:10C600000446E430982104F0E6FD00203D21C4E911
:10C61000600084F88801204604F0DDFD04F140004C
:10C62000892104F0D8FD04F1CC00152104F0D3FDDC
:10C6300004F5C6702C2104F0CEFD0120422184F8BF
:10C64000B80104F5DD7004F0C6FD0A482021C4F8E5
:10C65000FC0104F5007004F0BEFD802504F50970AE
:10C660001C2184F8205204F0B6FD84F83452BDE851
:10C67000B0407047C800200310B52DED028BB5EE19
:10C68000400AB0EE408AF1EE10FA04D5154803F0E6
:10C6900075FFB1EE488ABCEEC80A9FED131AB6EEDC
:10C6A000002A10EE100AB8EE400A38EE400A00EEFA
:10C6B000012ABCEEC20A10EE104A632C84BF00248B
:10C6C000013001F099FC094803F058FF092C02D809
:10C6D000074803F053FF2046BDEC028BBDE8104035
:10C6E00001F08ABC1D3301000000C842F234010091
:10C6F000E22601001A481B4AD0F884100068114055
:10C70000194A914211D1C0F30332C0F34061082AA3
:10C710000ED0092A11D00F2A07D1020213D400F03B
:10C720008072A9B1A2B1112000E0FF2040B2704791
:10C730000A20002908BF0C20F8E74FF0FF3000293D
:10C7400008BF0920F2E70E20002908BF0D20EDE701
:10C750000B20002A18BF1020002918BF0F20E5E782
:10C760009412005000F0FF0F0010B40B10B51748E2
:10C770000168890726D417480468A00221D4164806
:10C78000006800688047C0F13E000722C1100729F9
:10C79000B8BFC210012000EB24718A42D8BF0A46FC
:10C7A0000E490968C1F30321891A0F29A8BF0F2177
:10C7B0000129D8BF014641F0F000094981F84D0038
:10C7C000087810BD0249C16010BD00BF10000940CB
:10C7D000FD000040B44F0050EC0100100C1300505D
:10C7E0000D620840F8B5054604F020FE0446A87A1C
:10C7F00050B36F7A012604F04BF9697A48B1154AB3
:10C8000048B21130536806FA00F08343C0435360C6
:10C81000106006FA01F31049002206FA07F02A72A6
:10C82000AA72C5E90422AA61C5E9002291F8605004
:10C8300091F862202B4381F8603012B1013A81F8FF
:10C840006220C0B203F08CF82046BDE8F84004F046
:10C850009EBF00BF0810044070C200202DE9F041C7
:10C86000D0E901480546D8F80000416821F00201EE
:10C870004160204604F0D3FFD4F8CC0002F026FF3C
:10C8800004F1300004F0E3FF94F8F80018B904F163
:10C890006C0004F0D8FFD5E901750D4E95F838000D
:10C8A000B04795F83900B04795F83A00B04797F887
:10C8B000FB00B04798F80C00FEF7D6FD04F11C0011
:10C8C00004F0B6F8002084F8FD00BDE8F08100BF58
:10C8D0004DF10000F8B51A4901220446087A0A729F
:10C8E00054F8485F02F012FCA54208BFF8BD154895
:10C8F0004FF0FF31FDF78EFB2068134EA0421AD097
:10C90000076881680569026843681A6042680368BD
:10C910005A602A686B681A606A682B685A600968EE
:10C9200011B1C06800B18847B06829461C2243682D
:10C9300098473846E2E70348BDE8F84001F064B89C
:10C940001407002008C70020D80200201A4949789F
:10C95000012918BF7047B0F57A7F04D32D202D210F
:10C960002D2202F0C5B970B50A226423B0FBF2F1A2
:10C97000642801EB8101A0EB4105B0FBF3F101FB61
:10C98000130305D298B2002100240A2802D206E03F
:10C990000A48415CD8B2B0FBF2F0084A145C084E79
:10C9A0003420B04735202146B04704483246415D27
:10C9B0003620BDE870401047970800205537010029
:10C9C00063FF000070B51A491A4A044601F088FF57
:10C9D0000146E061012051B3002184F8200061622A
:10C9E0006069B0F1FF3F1ADD60690121124A01FA66
:10C9F00000F0A0616069157A1172116A01EBC00044
:10CA0000E0642020EFF3118680F31188204604F0C3
:10CA1000B1FA86F31188284602F078FB06E0064852
:10CA2000A16121462C30E06404F06CF9002070BD57
:10CA3000C5080100CDF0000014070020F8B5054638
:10CA400016484BF2F521174E006800FB01F7144819
:10CA50003C0A006800F44020B0F5802F10D1124845
:10CA6000006880030CD4F0680068804702F0AAFBDD
:10CA70003168C9688847C010390B484304EBE0347B
:10CA80002DB90A48006820F07F40204444083069EE
:10CA9000416C2046BDE8F840084700BF08400C4004
:10CAA000B44F0050E00100108C13005010200940DA
:10CAB000F8B5164F1648BD6C04F0C2FB0446154885
:10CAC00001680668214011F0200318BF002D0AD02C
:10CAD000284600223D6503F061FC0F484FF4804179
:10CAE000283004F0B6FE04EA060010F4602008BF07
:10CAF000F8BD0A4991F8612042EA504081F861008E
:10CB000007480021BDE8F84004F0A3BE64060020F9
:10CB100020000E000C100440E804002070C2002029
:10CB2000DCC40020F8B5184D687808B9A87840B37F
:10CB3000164E012411202C70B047154F4FF47A7017
:10CB4000B8470A20872101F097FB42F21070B847DE
:10CB50001A20B0470F48B8471120B0474FF47A70F9
:10CB6000B8470A20072101F087FB42F21070B8474E
:10CB70001020B0474FF47A70B84700202870204644
:10CB8000F8BD0024FBE700BF9208002025EC000060
:10CB9000D501010020A107000022A8B3A1B32DE90F
:10CBA000F041D0F800ECD0F8084CD0F804CCAEEB53
:10CBB0000C05A54220D2D0F80C4C91E8EC010EF106
:10CBC000010104EA0E0404EB440400EBC40484E80D
:10CBD000EC01BFF35F8FC0F8001CA1EB0C01D0F893
:10CBE000102CD0F81C3C01329942C0F8102C88BFA0
:10CBF000C0F81C1C012205E0D0F8181C00220131ED
:10CC0000C0F8181CBDE8F0411046704700B17047ED
:10CC1000B0B51A4C606D58B340F2000CEFF31180C0
:10CC20008CF311882020EFF3118180F31188D4E96F
:10CC30001850616DB1FA81F1C1F11F0100EBC10122
:10CC4000A94215D9086802680A6051600A688A42D8
:10CC500004D1416A626D22EA0101616500F050FC75
:10CC6000616D29B1606EB1FA81F1C1F11F01E5E793
:10CC7000002084F85000BDE8B0407047D802002082
:10CC8000F0B540F6FF7C10F8013B0024082CFAD0E8
:10CC90000646DF0716F8015B0DD1477807F00F064F
:10CCA0000336122E0DD190F90220D6B2B2F1FF3F19
:10CCB00009DD03300DE001F8015B304601345B080B
:10CCC000E4E7023006E0C27806F07F06043046EA68
:10CCD000C21612363F0947EA0512624508BFF0BD89
:10CCE0002A013A44D543002EE8D04A5D013E0A703D
:10CCF0000131F8E770B56FF007024A61D0E9002012
:10CD0000CC6891E8680002F1D00C00689160C2F82C
:10CD1000DC40ACE86800D0F80468760642BF6FF0EB
:10CD20000800486170BD0126C0F810684FF4FF7616
:10CD3000098B06EA410145B1C0F80018591CC2F838
:10CD4000D0101978C0F8081805E041F00101012C55
:10CD5000C0F8001801D1032100E00B2104F049FCC8
:10CD6000002070BD2DE9F0411C4617468846054657
:10CD700004F026FBB8F1010F01DB804501DD002145
:10CD800002E005EB0801013927B12268531E236038
:10CD90002E23137030224346834205DD2768013B72
:10CDA0007E1E26603A70F7E74045B8BF8046B8F16E
:10CDB000010F08DBA9420BD3226811F80109531EA9
:10CDC00023601070F6E72068411E21603021017059
:10CDD000BDE8F08130B3B0B50D465C21044604F0E7
:10CDE000FAF92DB1204629461C2204F04FFD0DE032
:10CDF0000D480E490E4A0F4B0F4DA0610220C4E9A9
:10CE00000253C4E9042120710C4820604FF0807067
:10CE10003C21E06104F1200004F0DDF90848606481
:10CE2000BDE8B040704700BF0000164233331742E0
:10CE30000000184233330D4200000C4270177C157D
:10CE40000000C8417CB504460698362903DB002261
:10CE50000092174A0CE01646124A1D46124BE18119
:10CE6000126E52F821209A4207D0002200920F4AF7
:10CE70000B4603F071FF01207CBD084601F07CFFEA
:10CE8000287A29696A68A0602173C4E90026297D8F
:10CE9000012904BF0230A0602046FFF76BFA002092
:10CEA0007CBD00BFB003002065040100CE2301005B
:10CEB000E024010010B596B0184C2020EFF311814A
:10CEC00080F31188E06810B903F0DAF9FAE7E06856
:10CED000216A134A0223B0FA80F0C0F11F001375D3
:10CEE00001EBC002E26151F8300000212174A06121
:10CEF00040F2000CEFF311808CF311882020EFF347
:10CF0000118180F3118804F03BF9A16968461C3057
:10CF10001C3103F0F7FA16B010BD00BF1407002053
:10CF2000B00300200CB44FF07F4343F460034FEA9A
:10CF30004102D21A1BD24FEA105040EA013010F5DC
:10CF4000807024BF400801F580114FEA502000296D
:10CF500048BF40F000404FEA4101490DB1F5607112
:10CF60000CD4FF290DD240EAC1500CBC7047DB4302
:10CF70001A40024305D0D8430CBC704700200CBCBB
:10CF8000704701F00041FF204FEAC05008430CBC3D
:10CF90007047704770B5054604F048FA174E0446CE
:10CFA00096F82400A84386F82400306820B1B830F1
:10CFB000F8F7A4FE054600E00025706818B1B83007
:10CFC000F8F79CFE054396F8240030B92DB9306A75
:10CFD00018B190F82810890704D42046BDE87040A5
:10CFE00004F0D5BB456A204604F0D1FB306A02212B
:10CFF00000220024A847346270BD00BFE80400206E
:10D000002DE9F041184F04460D46B869C66B2068FB
:10D01000B04214D004F10C0800214046FCF7FAFF9E
:10D0200028B9BDB140462946FCF7F4FFC0B1012143
:10D03000C4E90061387A397202F068F807E0A06844
:10D0400002280AD00128E5D1606801306060002024
:10D05000BDE8F0811020BDE8F0812D20BDE8F08111
:10D060009120BDE8F08100BF140700202DE9F041B8
:10D0700098B060B3054602200C4600F02DF800265B
:10D0800030B30DF13E072021B81C04F0A4F80DF1D7
:10D090001C082221404604F09EF840F60B600696DC
:10D0A000CDE90466CDE90278ADF83E00A01C019000
:10D0B00001A803F0FFFE0646022000F049FF3EB142
:10D0C00008F102012846224604F0E0FB00E00026B9
:10D0D000304618B0BDE8F08170B5174D0446287889
:10D0E000012801D1686810B9FDF740FCC8B11348A8
:10D0F00004F042FB124E0B200121B0471420012105
:10D10000B0470F200121B0472046FCF71FFD28B192
:10D11000022C08D0012C0AD1A87805E0074802F0BB
:10D12000D5FC002070BD0F20002104F069F87820A4
:10D1300004F036FB012070BD38080020D0C5002067
:10D1400001120100B0B5174C6068216801EA0005C2
:10D1500021EA0002680622601DD51348006800F429
:10D160004000B0F5000F03D11048006802F0C4FB86
:10D17000042004F091F9811E022905D202F052FA2E
:10D18000022002F0D3FB03E0012808BF02F04AFAB4
:10D19000202002F029FE280648BF01F0C7F9A5604B
:10D1A000B0BD00BF90220840B44F00509C08002042
:10D1B0002DE9F0414FF02008EFF3118188F3118839
:10D1C0000122144F11490D7A0A72114991F85060E9
:10D1D00081F850200021104A3C7D3975396D126864
:10D1E000D2B251F82210886040F2000CEFF31180A7
:10D1F0008CF31188D1E900018847EFF3118088F39F
:10D2000011883C7546EA0520BDE8F081140700202E
:10D21000D8020020B003002004ED00E010B52DED91
:10D22000028BB5EE400AB0EE408AF1EE10FA04D55A
:10D23000134803F0A3F9B1EE488ABCEEC80AB2EE77
:10D24000041AB6EE002A10EE100AB8EE400A38EEC4
:10D25000400A00EE012ABCEEC20A10EE104A092C68
:10D2600084BF0024013000F0C7FE064803F086F9B1
:10D270002046BDEC028BBDE8104000F0BDBE00BFF3
:10D280001D330100F2340100F0B5846A631E13EA15
:10D29000010518BF651B1342294408BF1446A94263
:10D2A00001D20020F0BDA4F1010C00F120021346D0
:10D2B0001268002AF5D01CEA020618BFA61B5768A0
:10D2C0007518AF42F3D37C1BB01846B1AF4256601D
:10D2D0000ED01368435001444C601160F0BDAF4262
:10D2E00001D1116803E01268425001444C6019609A
:10D2F000F0BD89B36FF0C0020B0E02EA8112202B41
:10D3000005D0212B05D0A02B05D1302118E010210C
:10D3100016E0202114E0B1F1807F01D240210FE01E
:10D32000102B05D0112B05D0402B05D1702107E023
:10D33000502105E0602103E09021502B08BF80219F
:10D34000114341F00F0104C8531C18BF8A42FAD19F
:10D350004FF0FF3140F8041C7047704770B5046807
:10D36000616F59B3D4F8582145685668E96B28684D
:10D370003268D162012103F009FED4F85801E96B4B
:10D380000F4A40680068C0F8041591FAA1F11268CC
:10D390003068B1FA81F192699047616F091AE07CB7
:10D3A00020B104F14C0002F059F905E0206FA26FA2
:10D3B000401A20675018A0670020606770BD00BF4A
:10D3C000D401001070B588B0164E012430780128C1
:10D3D00001D1706818BB05AD284603F0C7FE28468A
:10D3E000012104F0E3F82846012104F04AFA0E482E
:10D3F000294602F051FB284604F041FA01AD2846C7
:10D4000004F01AF8002029468DF80C40FBF710F8BC
:10D410000446706000281EBF0124012030702046A1
:10D4200008B070BD5C080020A4C5002003F0F2BD68
:10D43000B0B504460020164D206051EC100B21F0D1
:10D440000042AA421ED852EA00031BD00023B3EBCD
:10D45000125F0BD151EC100B9FED0B0B53EC102B0B
:10D4600004F0FFF921F000426FF0350303EB125294
:10D47000A2F2FE32226005F500121140054A114366
:10D4800041EC100BB0BD00BF000000000000504395
:10D49000FFFFEF7F0000E03F1248417901BBB0B5CC
:10D4A0008AB0012510492422457101AC204604F0C0
:10D4B000EDF94FF400708DF824500E4D0E492246C0
:10D4C0000023069009480590002004900848019028
:10D4D000284603F02BF8094845630AB0BDE8B04080
:10D4E000704700BFD80200204032010068B9002018
:10D4F000E4320100FCC300201318010014070020CF
:10D500002DE9F047164C002100F12C03154D4FF08A
:10D51000010A80F8281084F850100ECBD4E916893F
:10D52000276E2E7DC4E91703A26585F814A0016358
:10D5300040F2000CEFF311818CF31188D0E9053231
:10D54000C169104698472020EFF3118180F31188BC
:10D550002E7584F850A0C4E916892766BDE8F087C7
:10D56000D8020020B0030020B0B5134D0124E86BB1
:10D5700001680120884701281BD028683C2101222E
:10D5800000230024C5680D48A84790B102F02EF88A
:10D590000B480C490068D1E900238860C01A0A4B87
:10D5A000A2EB92025843B2EB104F98BF020C012439
:10D5B0000A602046B0BD00BFA401001000A00C40CE
:10D5C000302009400808002040420F00B0B5144840
:10D5D000144D807B95F83911084306D003F026FFDF
:10D5E00095F83B1121B104F0D2F800242046B0BDDB
:10D5F000012485F83B4104F0CAF8022002F07CFBCC
:10D600000D20FDF729FE084801680029EED10749E1
:10D6100040220A604A60002185F83A11C461E4E7BB
:10D62000F43401000000002004800C4038500C400D
:10D6300079B36FF0C0020B0E02EA8112202B05D0E5
:10D64000212B05D0A02B05D1302118E0102116E0A8
:10D65000202114E0B1F1807F01D240210FE0102B96
:10D6600005D0112B05D0402B05D1702107E05021AA
:10D6700005E0602103E09021502B08BF8021114379
:10D6800041F00F0104C8531C18BF8A42FAD140F878
:10D69000041C70471CB51548017E022904D11920CD
:10D6A000BDE81C4003F0BCBD017E01291DD0007EF9
:10D6B00004281AD003F0BAFE044601A8FEF71CF9AC
:10D6C00028B101990A4831B103F0C4FB0AE00848C7
:10D6D000F9F7AFFC06E0F9F7ACFC06480421283066
:10D6E00004F0B7F8204604F052F81CBD48030020AF
:10D6F00098C40020E8040020B0B54FF0FF3003F0DC
:10D7000097FD104D04461049E86988420DD10F4835
:10D710000F49002203F068FC0220287602F004FB87
:10D7200018B9FEF7A7FBF8F745FF0A48044208BFFF
:10D73000B0BD09484FF000512830BDE8B04004F0BA
:10D7400088B800BF480300204D3700006406002061
:10D75000519A000002000040E80400202DE9FF413A
:10D76000144DD5E900673879FDF776FD03F05EFECC
:10D7700004463078B0B90DF10408404603F048FD86
:10D78000B87979790C4A434601950290301D01F031
:10D79000FBFC38684FF0FF31C1620849816001210C
:10D7A00031704160204603F0F2FF024804B0BDE84A
:10D7B000F08100BF78380100C51601000018002074
:10D7C0001148017801291DD14168D9B1F0B50F493F
:10D7D000002244F253230F4C0F4D104E104FC1F84E
:10D7E0001B208B820A4B8A61CA754278C1E9007698
:10D7F000C1E902540B618A75511C4170BDE8F040CB
:10D8000001F0D0BD002070474C050020CCC60020A0
:10D8100064650CFF4E2D4E6F7274424109536D6169
:10D820000201060E2DE9F041D0F8A8501F46164619
:10D830008846044625B12046414632463B46A84725
:10D84000D4E928010F40064056EA070008BFBDE8AA
:10D85000F08120464146802201F07EF9C4E92C6720
:10D8600040B1D4F8A8108160D0E90812B143BA439E
:10D87000C0E908120020C4F8A80004F15000BDE877
:10D88000F04103F0E2BF7047F0B550EC101B154DAE
:10D8900020F000444A4275EB040206D352EC113BDF
:10D8A00022F000465F42B54101D20120F0BD43EABB
:10D8B000010534432C4304BF0020F0BD12EA0004EC
:10D8C00006D4CC1A70EB020406DA4FF0FF30F0BD3C
:10D8D0005C1A72EB0004F8DB59405040084318BF53
:10D8E0000120F0BD0000F07F10B588B00446022092
:10D8F000FFF7F2FB20B300200B218DF81E408DF8BE
:10D900001F008DF81C00ADF81A000590CDE903004A
:10D910000DF11A008DF81D1002900DF11D000190FF
:10D9200003200090684603F0C5FA0446022000F088
:10D930000FFB9DF81C00002C08BF4FF0FF3000E0EB
:10D94000FF20C0B208B010BDF0B51549154A00203F
:10D950008C46141813586146271D2169E0CF4CF8F6
:10D9600000300CEB00032030B0F5387F5D609E6026
:10D97000DF60196161695961A1699961E169D961E2
:10D98000E7D111584CF800100CEB00011044041DB5
:10D9900000691CCC4A608B60CC600861F0BD00BFA0
:10D9A00000800021C81D01002DE9F04705461548FB
:10D9B0008A464FF0FF394FF0000804686768BC42A0
:10D9C0001DD026462468307D0128F8D16DB1F0685D
:10D9D00050450AD1306918B130625044F06001E01E
:10D9E00086F81480D6E906108847307D0128E6D1F4
:10D9F000F068A0EB0A00484538BF8146DFE748469B
:10DA0000BDE8F08780040020B0B5164A0121147AE1
:10DA100011722022EFF3118582F31188024652F829
:10DA2000143F93420FD010680368136001745A606A
:10DA3000C16809B100220A758068294602F0AEF873
:10DA400085F3118808E0017CC90706BF418A0131CE
:10DA50000121418285F311882046BDE8B04001F0E4
:10DA600055BB00BF1407002070B5144E2021306E46
:10DA7000EFF3118581F31188716D726EB1FA81F146
:10DA8000C1F11F0102EBC101814210D90C480121F3
:10DA9000047A01720B4803F0A8F8002086F85000C1
:10DAA000204685F31188BDE8704001F02FBB0020AF
:10DAB00086F8500085F3118870BD00BFD8020020A1
:10DAC000140700208DE100000F280ED840F202520A
:10DAD000DFE800F014101210080D081010100D10DF
:10DAE0000810100D4FF2011208E01E2802D141F279
:10DAF000011203E0002201E04FF4817231B1FF29ED
:10DB000007D14FF203101040C03008E042F030005F
:10DB100005E0C8070CBF42F0200042F010000004EE
:10DB200000F203707047FEE7F0B550EC101B144D87
:10DB300020F000444A4275EB040214D352EC113B2E
:10DB400022F000465F42B5410DD343EA010534435C
:10DB50002C4304BF0020F0BD12EA000406D4CC1A06
:10DB600070EB020406DA4FF0FF30F0BD5C1A72EB86
:10DB70000004F8DB59405040084318BF0120F0BDB5
:10DB80000000F07F40B3BCB5144D04462878F8B1CE
:10DB900000200DF1060200210123ADF806008DF8EA
:10DBA0000500442000F078F890B10DF10502442002
:10DBB000012101F07BF858B19DF80510BDF8060071
:10DBC00000F0DAFD84ED000A85ED020A0120BCBDFB
:10DBD000A86820600020BCBD0020704750080020CD
:10DBE00010B588B003F0EAF9FBF732FEFCF7EFFF5F
:10DBF00000F0F6FF02AC204603F074F92046012144
:10DC000003F0CEFC20464FF4805103F0F3FD0520D5
:10DC1000019001A9204603F09FFA074A07A8214670
:10DC20000023FCF703FD204603F027FE03F0F8FB7A
:10DC3000002008B010BD00BF0D400000B0B5144D6D
:10DC4000A969CC6B20640120A063616C31B1D1E97A
:10DC500000238868096951649847F6E72046FEF773
:10DC600039FE206B48B10121287A29720949CA6915
:10DC7000CC61226001F04AFA03E004F11000FFF7E2
:10DC8000C3FEE0684FF0FF31BDE8B040FDF732BAA7
:10DC900014070020D8020020B0B58AB0144602460E
:10DCA000002024B3ADF82400CDE90700CDE905003C
:10DCB00002208DF827101D46049009A8ADF81C20FD
:10DCC0000390012002900DF12700019001A801F0BE
:10DCD000B5FA60B19DF825209DF82410002D13465B
:10DCE0001CBF0B461146C9B241EA032121800AB08C
:10DCF000B0BD0000B0B5124949684A68D2E90115C3
:10DD0000D46860B155EA040005D00E480022C26113
:10DD10000D4A5032026021B1FDF78DFE01E001B1E4
:10DD2000884755EA040008BFB0BD03F0BBF905B150
:10DD3000A84704B1A0470448BDE8B04002F028BE9F
:10DD400048030020001004400100070638B370B5F6
:10DD5000044600F54E650026243040F686412E60CC
:10DD600003F039FA04F6AC40322103F034FA0C48DF
:10DD70001E21686004F6E84003F02DFA2046A4F85E
:10DD8000146DC4F8086DC4F80C6DC4F8106D01F082
:10DD900098FD04F65C50882103F01DFA70BD7047B1
:10DDA0000000754400B5EFF3038212F0FF0F0DD0B1
:10DDB0006A46A2F1200282F309886FF0020E106019
:10DDC0004FF08071D1610B49916170475DF804EBB0
:10DDD000694681F3098880F308884FF00200EFF369
:10DDE000148180F314880448016821F040410160E7
:10DDF000704700BFCCDD000034EF00E0F0B585B027
:10DE00000B4600216A460A2405468DF8131002F1DC
:10DE1000120195FBF4F606EB8607A5EB4707002FEA
:10DE200048BF7F4230370935122D01F80179354658
:10DE3000EFD8B0F1FF3FDABF2D2008700131541A3E
:10DE4000184604F1140203F021FD04F1130005B09B
:10DE5000F0BD00007CB5D0E90056002101243068F7
:10DE6000C0F81018C0F81C48684603F0B9F90C490E
:10DE7000D5F8202130680968002A0B68019918BF7D
:10DE8000012298473068074A00F5026102EA41130F
:10DE900001F07041194411440C63C0F804487CBD82
:10DEA000AC010010E0FFFF0110B503F0BFFA0F4C0A
:10DEB000217E022902D0217E042904D10E490C685A
:10DEC00003F065FC10E003F062FC09480068006B99
:10DED0008047084AA0FB020301FB023110F1905079
:10DEE00041F17A00E16C0C18204610BD4803002077
:10DEF0008C01001000093D00043004402DE9F04180
:10DF0000ADF5027D0C46816805460DF10A00B1F1C0
:10DF1000FF3FDCBF0621A960D4F8008001AAF9F711
:10DF20008BF8019FAA6823460646394601F04CFD4E
:10DF3000206839462346804506BF2868C0F3C002E2
:10DF400001223046FEF70EFF0DF5027DBDE8F0819F
:10DF500010B504460F4810490A68D20601D50130B1
:10DF6000FAD3022C04D0012C06D10C48807800E0B2
:10DF70000F20012103F044F9782003F011FC022C5A
:10DF800002D10120FBF7E2FD0548BDE8104001F099
:10DF90009DBD00BF30F8FFFF0C0000403808002096
:10DFA000D0C500202022EFF3118182F3118890F870
:10DFB0002820012A02D181F311887047F0B50D4A5B
:10DFC000012492F8503082F85040466B456A7768D9
:10DFD00006604760386080F82840546D2C435465D3
:10DFE000706081F31188BDE8F04003B17047FFF71E
:10DFF0003BBD00BFD802002010B3B0B586B00021F1
:10E000000A2303AA58B1B0FBF3F404EB8405A0EB98
:10E01000450040F03000505401312046F2E75018DE
:10E020000023421E6846994204D012F80149C454A4
:10E030000133F8E70022425402F0A0FA06B0B0BD66
:10E04000014802F09BBA00BFE2260100B0B501F022
:10E050000BFE0E4C0E4D1420611CA8470A202146D1
:10E06000A84709202146A8470A490820A847B920FF
:10E0700000F0B4F8084C1420A0470A20A04709205B
:10E08000A04708202146BDE8B040084700640020B2
:10E0900089170100022000204DF1000010B504286E
:10E0A0001CD10F48F7F72AFEC0B1F3F72FFA044648
:10E0B0000B48F5F793FD604380084A280ED80848BE
:10E0C000F8F7B7FF052001F017FE0648012180F898
:10E0D000251005480421283003F0BBFB002010BDAB
:10E0E00098C4002048030020E8040020B0B504468E
:10E0F000C8B10D4620464FF4147103F06CF835B1E9
:10E1000004F5107029460C2203F0C0FB08E0084813
:10E11000C4F848020748C4F844020748C4F840025B
:10E120002046FEF76BFA002C18BF01242046B0BD34
:10E130003200190532006400FA002600002218B3EC
:10E1400011B3D0F804CCD0F8003C63451CD0F0B536
:10E15000BFF35F8FD0F80C3C03EA0C0303EB4303DF
:10E1600000EBC30393E8F44081E8F4400CF10101B3
:10E170000122BFF35F8FC0F8041CD0F8141C0131DA
:10E18000C0F8141CBDE8F04010467047B0B5124C02
:10E19000D4E91851606DB0FA80F0C0F11F0001EBB6
:10E1A000C001086802680A6051600A688A4204D1A6
:10E1B000416A626D22EA01016165FFF7A1F9606DB4
:10E1C00040B1616EB0FA80F0C0F11F0001EBC001F8
:10E1D000A942E6D8B0BD00BFD8020020B0B50446C1
:10E1E0001420002103F00CF807250A20002103F079
:10E1F00007F8681C0FD024FA05F000F0010109208F
:10E2000002F0FEFF0A20012102F0FAFF082003F0CD
:10E21000C7FA013DE9E71420012102F0F1FF4FF4B4
:10E220002F70BDE8B04003F0BBBA7CB5002815469E
:10E230000C460646009248BF404200210A22642351
:10E24000F4F734FB06F10900122808D804F0DF00C7
:10E25000502804D02868411E2960302101702868A8
:10E26000411E29602B21002E48BF2D2101702868F6
:10E27000411E296004707CBDB0B588B00446012001
:10E280000D46FEF729FFE0B1002044F040018DF873
:10E290001F508DF81E000590CDE903000DF11A0006
:10E2A0008DF81D1002900DF11D00019003200090CB
:10E2B000684602F0FFFD0120FFF74AFE322001F020
:10E2C00089FF08B0B0BDB0B588B0044602200D4645
:10E2D000FEF702FFE0B10A208DF81F508DF81E40B6
:10E2E0008DF81D0000208DF81C00ADF81A00059077
:10E2F000CDE903000DF11A0002900DF11D0001900F
:10E3000003200090684602F0D5FD0220FFF720FEB2
:10E3100008B0B0BD70B500F12003856A1C462046E8
:10E3200024680CB18C42FAD36E1E0C60016016405A
:10E33000A5EB060518BF2A444A603CB15518A54212
:10E3400004D1D4E900452A44C1E90042984207D0EB
:10E3500043681C188C4203D109681A44426001606A
:10E3600070BD00000D4890F82810C90714D1F8B509
:10E37000012180F8281003F025F9002009490190B7
:10E3800007480290081A0390074801A901F028F8ED
:10E3900006498860BDE88F40704700BFB003002089
:10E3A000501A0020509A002078C50020D802002082
:10E3B00010B50E480078B0B10D4801F05DFD0D4C70
:10E3C000204602F063F80C48046101F06FFF40F250
:10E3D000000CEFF311808CF3118803F01DFABDE8F7
:10E3E0001040FEF767BD03F015F800BFD80200200B
:10E3F00049EA0000FCC50020B00300200E480F4A87
:10E400000F4B0168825800680340D0B20D4A7F2844
:10E4100088BF0020934207D1090F022906D307D0F5
:10E42000032901D1153004E0FF2002E00A2000E0BA
:10E430000B3040B2704700BF1813005088FDFFFF3B
:10E4400000F0FF0F0010B40B80B50D4801420CD056
:10E45000012003F021F8012808D10B4800210C4AC3
:10E46000C1610A49CA613C31016080BDF3F74EF8D1
:10E470003221B1FBF0F10348BDE8804002F0EABC74
:10E480000400002098C4002000100440480300202D
:10E490004D3700001048032180F85A10022180F8FF
:10E4A0004B100121017500210170062180F89510A3
:10E4B000052180F88B10042180F84E10072180F888
:10E4C0006A100649C0F8AF100A2180F82710092108
:10E4D0008177082101737047D50300217D41002118
:10E4E0007FB5D0E90154204602F095F820684168D4
:10E4F00021F002014160416921F00F0141610321D6
:10E50000016202A802F06CFE074995F8F93095F80F
:10E51000FA202068D5E9396509680C680399CDE9C6
:10E520000065A0477FBD00BFC4010010B0B502F078
:10E530007DFF044603F014F90028FBD0032001F00E
:10E54000F5F90B48002180F83811204603F01FF937
:10E550000848816802200D4688470446102001F0D3
:10E5600043FC24B103202946BDE8B0400847B0BDB4
:10E5700000000020F4340100B0B54161002180F8B2
:10E58000281092E83A00C0E9063401611169C0E937
:10E590000B11691C08BF052505620121A9404162D4
:10E5A00007494A6E02EBC502426301F1480240602E
:10E5B000006000F10801104602F0A4FB0020B0BD8D
:10E5C000D80200202DE9F0414768044602F02EFFF2
:10E5D00005464FF00008D7F8C8609EB171697068B1
:10E5E000C6F81480C7F8C81002F036F9284603F0C0
:10E5F000CEF8D7F8BC2020463146904702F016FFEF
:10E600000546E8E72846BDE8F04103F0C0B810B57C
:10E6100003780A788BB182B1A2F141040131013053
:10E620001A2CA3F1410438BF42F020021A2C38BF43
:10E6300043F020039A1AEBD00CE0A2F141001A2813
:10E64000A3F1410038BF42F020021A2838BF43F03E
:10E6500020039A1A104610BD0E485022016841F45A
:10E66000087121F0020101600B48032140F8041CED
:10E6700041F2300181600121016082604FF4CA6281
:10E68000016082604FF4865201608260016003483D
:10E69000016070470000046058600440004104407D
:10E6A000B0B502F0C3FE044603F05AF80C4800214E
:10E6B00080F83811032001F039F9204603F067F89B
:10E6C0000848816802200D4688470446102001F062
:10E6D0008BFB24B103202946BDE8B0400847B0BDFC
:10E6E00000000020F43401002DE9FC479846AAB14F
:10E6F00015460E46074600244FF0FF3A0DF1040977
:10E7000031192A1B38464B46CDF800A0F8F740F8DF
:10E7100001990C4428B96D1AF2D102E000246FF07F
:10E720000900B8F1000F18BFC8F80040BDE8FC8729
:10E7300010B58AB0144602460020DCB149BAADF8E3
:10E740002400CDE90700CDE905000220ADF8261030
:10E75000049009A9ADF81C20CDE902010DF12600B5
:10E76000019001A800F06AFD20B1BDF8241009BA9B
:10E77000090C21800AB010BD70B560F31321044666
:10E78000084602F0F5F905460E46200B012101FA74
:10E7900000F0002101F034FD2A46334603F061F811
:10E7A0009FED050B53EC102B03F05BF8FEF7BAFB63
:10E7B00000EE100A70BD00BF000000E0552B433F83
:10E7C00081B0B0B587B000250B930C4605920D4B78
:10E7D0000495002918BF0121611ACDE902010848FA
:10E7E0000BA90691009005A802AAF3F7C1FB0CB192
:10E7F00002990D7007B0BDE8B04001B0704700BF8E
:10E80000B9FD00006D0E0100B0B52021EFF31184B9
:10E8100081F3118801250B49CA6A0D604069B0F582
:10E82000802F98BF4FF4802002EB104048610648CB
:10E83000232100680268002090470448056084F3A3
:10E840001188B0BD042009408401001080022443D7
:10E8500010B50446D1E9000289680828E26198BF32
:10E860000820A062431E134003D0C31A1A44C91AD9
:10E87000E261B1FBF0F1484304F110016062054828
:10E8800002F040FAE069616A0022026020624160A1
:10E8900010BD00BF7C0800202DE9F843DFF8389058
:10E8A0000546984617460E46484601F051FC044678
:10E8B000284631463A46FEF7E7FC074648462146D9
:10E8C00002F093FD2FB9054A40462B46009602F010
:10E8D00043FA3846BDE8F88324C6002041230100EE
:10E8E00070B5D0E90A43BE251CB103F8015B013CB9
:10E8F000FAE7D0E90A34D0E90D56C06B043B23F0A7
:10E9000003032344074C43E9022143E90405602142
:10E91000FF2243E90646A3F17804204602F056FCA4
:10E92000204670BD5D0F0100B0B5104C0025257468
:10E93000E06810B901F0A4FCFAE7E068216AB0FAD7
:10E9400080F0C0F11F0001EBC000E169884209D9E5
:10E95000E061A169026801F11C0002F11C01A261E1
:10E9600001F0D0FD207C0028E1D1B0BD14070020CB
:10E9700010B5FDF7C3FD02F0CBF8FFF7F3FC0B4831
:10E980000B490C4C016094F8440010B9012084F844
:10E990004400FDF7F3FD01F0A1FD01F0DBFDFEF702
:10E9A0007BFD01F0C7F80120207010BD28C70020B2
:10E9B00040C30020D80200200CB54FEA41034FEAC3
:10E9C0005353B3F54073FF3B44BF00200CBDD3F15C
:10E9D0001F030FD94FEAC12242F0004222FA03F28C
:10E9E0000B2B3EBF1533D840024300294CBF504289
:10E9F00010460CBD00294FF0004058BF401E0CBD12
:10EA000070B50D46044602F011FDD4E901128A42A8
:10EA100004D102F0BCFE4FF0FF3070BDE368226805
:10EA20000133B3FBF1F606FB11315554E160A168E7
:10EA3000626901319142A16088BF0A46626102F0B9
:10EA4000A6FEA06870BD00000C48032290F850108C
:10EA5000012180F850100A4802750A4A137A11728F
:10EA6000006948B110B5084C204602F05DFD204613
:10EA7000BDE8104002F05EBD704700BFD802002024
:10EA8000B0030020140700205BD30000F8B50D4848
:10EA90000D4D0E4F0126046804608CB1B4FA84F069
:10EAA000696880F01F0006FA00F251F820109443C4
:10EAB0000029F2D057F820205203EED58847ECE722
:10EAC000F8BD00BFE0200240D8350100001008402A
:10EAD0000F49C3070A68496D01D1002106E001F022
:10EAE000040102F00103C91818BF0121830744BFC4
:10EAF00002F0020341EA5301400744BF02F0040060
:10EB000041EA90010220002918BF0120704700BF90
:10EB1000402108400F49C3070A68496D01D101210E
:10EB200006E001F0040102F00103C91818BF012139
:10EB3000830744BF02F0020301EA5301400744BFC8
:10EB400002F0040001EA90010220002918BF012010
:10EB5000704700BF40210840F0B50F4C00234FF034
:10EB6000580C8EB20027B3F5307F0FD0E1180D8E10
:10EB7000B54208D139B10D69854204D14AB191F845
:10EB80003350154203D158330137ECE700210846D2
:10EB9000F0BD07FB0C41FAE758B4002070B50446FD
:10EBA00005680D48C6680D480068006B8047811BEA
:10EBB000080B05EB1132B5EB113F40F6C41188BFCD
:10EBC00050088842206004D880084A2802D84FF4B0
:10EBD0009671216070BD00BF480300208C010010B9
:10EBE00070B502F023FC04460B48017821B12046A1
:10EBF000BDE8704002F0CBBD0121017007480578E7
:10EC00000748002DF3D0064656F80C1B8968884744
:10EC1000013D3046F5E700BFB2080020773601001D
:10EC200090360100B0B588B0044601200125FEF7FA
:10EC300053FAB8B100208DF81F408DF81E000690E1
:10EC4000CDE904000DF11E0003900DF11F00CDE988
:10EC5000015001A802F02EF90120FFF779F93220C6
:10EC600001F0B8FA08B0B0BD0F4A10F8011B5318F4
:10EC70005B78DB06F9D42D2918BF2B2901D1027846
:10EC800001E001380A46431C0020303A092A06D820
:10EC900000EB800002EB400013F8012BF5E72D2973
:10ECA00008BF4042704700BFC020010010B58AB0C5
:10ECB000144602460020CCB18DF82710CDE907009C
:10ECC0008DF82600CDE9050001200DF12601ADF8F3
:10ECD0001C200490CDE902010DF12700019001A84C
:10ECE00000F0ACFA10B19DF8261021700AB010BDEA
:10ECF000F8B50D460C494978012918BFF8BD0B4EEF
:10ED00001446B0470A4F01463420B8472846B0475A
:10ED100001463520B8472046B047014636203A46DE
:10ED2000BDE8F840104700BF97080020250101000A
:10ED300063FF0000F8B50D4E04460D4F306E50F8DD
:10ED40002100B84201D00020F8BD0A480D46243009
:10ED50000090204601F092FD0028F4D0306E50F86B
:10ED60002500C01B18BF2046F8BD00BFB00300201F
:10ED700065040100D802002010280FD310380E4A75
:10ED80000123410900F01F0002EB810103FA00F0AA
:10ED9000D1F8F020C1F87001104070470F281CBF57
:10EDA0000020704704480168026822F002020260F5
:10EDB00001F00200704700BF10E000E010280FD300
:10EDC00010380E4A0123410900F01F0002EB8101B7
:10EDD00003FA00F0D1F8F020C1F8F00010407047BD
:10EDE0000F281CBF0020704704480168026842F0E9
:10EDF0000202026001F00200704700BF10E000E074
:10EE000000B170472021EFF3118081F311880B4985
:10EE10004A6D3AB180B580F31188FEF725FEBDE852
:10EE2000804004E0002281F8502080F311880449DA
:10EE30000122087A0A7200F069B900BFD8020020E6
:10EE4000140700202DE9F0411546884607460020AA
:10EE50005821002200262B4600F03AFB78B13946B3
:10EE600042462B46044601F061FB08B1264606E007
:10EE70000448214658228068436898470026304657
:10EE8000BDE8F081D802002080B58AB08DF8251049
:10EE90001146002B08BF090A8DF8271018BF120A67
:10EEA0008DF826200021CDE90711CDE90511CDE926
:10EEB00003110321ADF81C0002910DF12501019110
:10EEC00001A800F0BBF90AB080BD00000B48016842
:10EED0008907FCD50A4801210A4AD0F83C010128DB
:10EEE0004FF0010008BF202008239061002010602F
:10EEF0000548036043601160704700BF58600C40D4
:10EF00000000002000400C4038500C4040F002014E
:10EF1000022918BF70477CB50A4D0B4C80B2702295
:10EF2000042329684E68009020460021B0472868D5
:10EF3000002170227023D0F80CC0204602B0BDE83A
:10EF400070406047A401001000A00C400C4A1278E9
:10EF5000012A11D1094A127882420DD9094A0029A1
:10EF6000094B18BF0A4600EB400103EB810053F840
:10EF70002110CB68114618470020704777360100F2
:10EF8000B208002064320100903601000B480C49A1
:10EF90009FED0C1A00229FED0C2A90ED020AC0E9A9
:10EFA0000421B5EE400A81EE001AF1EE10FAC8BF56
:10EFB000B0EE412A80ED062A704700BFA807002066
:10EFC0000000C8420000FA4384927B4198B10A498C
:10EFD0000A4AC0E907210821094A01834FF07A5102
:10EFE000C0E904214FF461718181064981600121EA
:10EFF00001710549016070479A99193F9A99193E24
:10F00000000020413333D33F6666263F012917D0E5
:10F0100010B5B0F90E40002C48BF64422046FFF7FF
:10F02000ABFE0848084AC16C51F82430934218BF1F
:10F0300041F82420006D002140F82410BDE8104064
:10F04000704700BFB003002065040100B0B50C4656
:10F05000002100F12005C4E90111416A0A4821603C
:10F0600001F076F801462D6845B16868D4E90123BE
:10F0700002448342626038BFA060F4E70248BDE802
:10F08000B04002F0B2B900BF24C6002070B5202005
:10F09000EFF3118480F3118809480068006B804702
:10F0A000084AD2E91556084AD2E9102384F3118898
:10F0B00002F070F8281AB04288BF002070BD00BF6F
:10F0C0008C0100108004002040C3002070B50E4861
:10F0D0000121047A017285692020EFF3118680F303
:10F0E0001188284600F0B8F9032085F8200028464A
:10F0F00000F0D0F986F311886D602D602046BDE8E0
:10F10000704000F003B800BF1407002000B1704742
:10F1100010B50C4C2020EFF3118180F31188207C76
:10F12000012805D1084890F8500008B9FFF7FCFB0A
:10F130000020207240F2000CEFF311808CF3118854
:10F1400010BD00BF14070020D8020020FF2817D0F0
:10F15000B0B5044601F04EFE0A4D286850F8241060
:10F16000204602F011FB686850F8241011B100210C
:10F1700040F82410A868002140F82410BDE8B040F1
:10F18000704700BFD8350100BBB12DE9F04786B00C
:10F19000DFF82CE0EC4666469EE8B00786E8B0074C
:10F1A000D3E900451B7A8DF8083063460194049535
:10F1B000FFF7C0FD06B0BDE8F0870023FFF7BABD3A
:10F1C0008034010070B50D4B1B3800FB00F193E853
:10F1D0007000DB6801FB00F283FB0223C6FB012306
:10F1E000C5FB00231009190940EA0370001941EB1F
:10F1F000E471000C40EA014070BD00BF1808002017
:10F200007CB50C4D0C4C00214FF4C07207232868CC
:10F210004668022000902046B047286800214FF43D
:10F22000C0720723D0F80CC0204602B0BDE8704081
:10F23000604700BFA401001000A00C4070B5044658
:10F2400000209CB10A4E716881B10A4D284602F037
:10F2500093FA7068214641F28832F9F75DFB044663
:10F26000284600F033FCB4FA84F0400970BD00BFBA
:10F270005C080020A4C5002080B58AB08DF8251058
:10F28000090A8DF82720120A8DF8241000218DF824
:10F290002620CDE90711CDE90511CDE9031104219F
:10F2A000029109A9ADF81C00019101A8FFF7C6FF62
:10F2B0000AB080BD10B50A480A490B4A0B4CC0E998
:10F2C000022102210171817016200021A047062031
:10F2D0000021A047072000212246BDE8104010472A
:10F2E000A8070020D044583C6F12833B0112010054
:10F2F00080B5012001F0C6FD012001F0CFFD1620F0
:10F30000012101F07DFF47F2305000F063FF044817
:10F310000449054AC0E9022100210171817080BDC4
:10F32000A807002048E1D1426666FE410C484078BB
:10F33000012818BF704710B50A4C34200021A0479F
:10F3400035200021A04736200021A047372000218A
:10F35000A047242000212246BDE81040104700BFEE
:10F360009708002063FF0000BCB5054600200C464E
:10F370000DF10602ADF80600ADF804003A2029466A
:10F38000FFF7D6F968B1681C01AA81B23A20FFF7ED
:10F39000CFF930B1BDF80400BDF8061041EA0040D5
:10F3A0002060BCBD0C49122000225A2802D00A520B
:10F3B0001830FAE71CB5094C002210310023CDE9C2
:10F3C0000022606801F001F9C0F3400010B1A168AB
:10F3D0000131A1601CBD00BFBC0600204C0500200F
:10F3E00010B504460848002908BF01462046FFF72B
:10F3F0002FFA06480649074A074BC4E9021020467F
:10F40000C4E9003210BD00BFE43601004DF0000039
:10F410008718010049FE000099E8000010B588B087
:10F4200001AC0A491C22204602F030FA0020094AA9
:10F43000002123468DF810000A20039002208DF849
:10F4400004000348F9F720FC08B010BD2033010088
:10F4500040C30020DD150100B0B50D49CA6803683E
:10F4600044682360436804686360C46C83692568EA
:10F47000A54204BF9A43CA608A69824204BF00223F
:10F48000CA6101220A74022180F82010B0BD00BFB9
:10F490001407002090F84800012818BF704710B5E5
:10F4A0002020EFF3118480F3118807484169013966
:10F4B000416105D1054884F31188016A002088471D
:10F4C00084F3118810BD00BF14070020B003002092
:10F4D000F8B50E460B4900281C468D68314618BF0A
:10F4E00005462F682846002A08BF0822B847074665
:10F4F00028B9054A20462B46009601F02DFC3846D7
:10F50000F8BD00BFD80200205724010010F1240FDD
:10F51000D8BF6FF023001B28A8BF1B2003210F2298
:10F520002430A1EB101122EA000022FA01F14FF67B
:10F53000FF7222FA00F040EA01400149086070477A
:10F5400018A00C40B0B50A490A4A0B4B0C684D682C
:10F55000AC42FCD1844208BFB0BD155C145DAC4226
:10F560004FF0FF3538BF01252C441C5D0C60EDE7E2
:10F5700000600C40803801008438010010B50A4C4E
:10F58000002120684268012090472068016801201E
:10F59000884708B100F02AF804480068E06800686D
:10F5A00080470349C86010BDE001001030200940C9
:10F5B0000808002010B50A490A4C0860D1F89800E4
:10F5C00040F00300C1F89800206881692020884736
:10F5D000054800682068806BBDE81040004700BF08
:10F5E0008C210840B80100102C20094010B50A48B1
:10F5F0000B4C0188C907094907D14FF0012222604D
:10F6000000880868BDE810400047086880474FF050
:10F610008070206010BD00BF00A00C408000001072
:10F6200004A40C407CB50B4D0B4C00214FF0405214
:10F630001C2328684668032000902046B0472868AD
:10F6400000214FF4007209234568012000902046F4
:10F65000A8477CBDA401001000A00C40F8B50C46E2
:10F66000054601F0E3FE2B1D6E690ECB8F1AA742F3
:10F6700038BF3C4622442344B24288BF16466E61DE
:10F68000B3FBF1F606FB1131C5E9022102F07FF868
:10F690002046F8BD70B50668054601F0C7FE044671
:10F6A000707A70B901207072284600F0F9FC686821
:10F6B00001F028FF2846FAF7C3FB2846002100F096
:10F6C00097FF2046BDE8704002F061B8F8B5D0E978
:10F6D000006501F0ABFE0446307870B1287901F086
:10F6E000EFFD012806D1286800274760301D02F091
:10F6F00096F837702879FBF7B7FE2046BDE8F8404A
:10F7000002F045B8C2B110B58AB0044600208BB1F2
:10F71000CDE90700CDE9050001208DF82710CDE9DE
:10F720000323ADF81C4002900DF12700019001A8C1
:10F73000FFF784FD0AB010BD0020704710B5094CDA
:10F74000207838B9084809494FF4A76202F09EF8BA
:10F7500001202070064800210160BDE81040FEF73E
:10F7600099BE00BF370800204C40002190180100CE
:10F77000E004002198B1B0B5094A0A4B00215C248D
:10F7800042F24255C0E90011C0E90215C0E9044443
:10F79000C0E90832044AC0E90623BDE8B04070471A
:10F7A0006666B641CDCCCC3FA470B14170B504467D
:10F7B0000B4801210160D4E91001D4E91623851812
:10F7C00041EB0306280C40EA064100F00BF8D4E9AF
:10F7D0001623D4E9060150346CC4BDE870400847D4
:10F7E0000420094010B50C4601F07EFF0A498A69E1
:10F7F000A31A0632B3F1004F07D89442134688BFCC
:10F800002346121B48BF23461A460A6000B110BDAA
:10F81000BDE8104001F06CBF1820094070B50948E0
:10F82000094C84420BD0094D094EB54207D0F5E88A
:10F83000020110F8012B54F822209047F5E702F05E
:10F8400012F870BDA83B01009C3B0100E83B0100A1
:10F85000303C010004B54200120E0DD0FF2A0ED03C
:10F8600002F56072C10F42EAC1220146480749020F
:10F87000090B41EA025104BD0021002004BD0146EC
:10F880004002C90DC900C91D090504BDB2B110B5BA
:10F8900086B09368062B03D35C1C01D000200BE0DC
:10F8A000002404930194D2E90034D268CDE90234F3
:10F8B000059201AA01F03AFB06B010BD002201F04A
:10F8C00035BBC0B1B0B5044600F5546500F618501C
:10F8D000282101F080FC00204FF07E51C5E9001086
:10F8E000C5E90200C4F8540DC4F8580D012084F88D
:10F8F000500DBDE8B040704708490A4B421808490E
:10F900009A42096808D801F44001B1F5000F03D10B
:10F9100005490968496C0847704700BF5C8F82FF42
:10F92000B44F0050B71E0500F001001070B50B4D2C
:10F9300004462E1801F07AFD96F84311013986F835
:10F940004311090605D10121AA68A14022EA01015B
:10F95000A96001F01CFF002070BD00BF0000002066
:10F96000B0B5054601F062FD044608480178A94398
:10F9700001700078000704D405480821283001F000
:10F9800068FF2046BDE8B04001F001BF48030020F9
:10F99000E80400202DE9F04106460A4815460C46C9
:10F9A00000278046BC4209D0D8F80020E95D3068C5
:10F9B0009269904708B10137F4E73C462046BDE81C
:10F9C000F08100BFD0010010F8B51C4615460E4668
:10F9D000471801F0F5FC012DB8BFF8BD71190129D8
:10F9E00001DB814201DD302102E0791911F8011CAF
:10F9F0002268013D531E23601170ECE710B50A49DF
:10FA00000122087A0A720949CC6944B12268CA61A4
:10FA1000FFF77CFB2046BDE8104000F057BBBDE877
:10FA20001040FFF773BB00BF14070020D80200206E
:10FA300070B50A4C12200021A04715200121012594
:10FA4000A047074E1E2001213570A0474CF25030D0
:10FA5000757000F0BFFB012070BD00BF01120100F6
:10FA6000A80700200A484078012818BF704710B541
:10FA7000084C34200021A04735200021A047362023
:10FA80000021A047372000212246BDE81040104742
:10FA90009708002063FF0000F8B500220A4BC0E978
:10FAA00000228262002918BF0B461968CDE90122A5
:10FAB0000392816001210C308DF8041001AA00F03E
:10FAC000F9FC002004B080BD9C360100B0B50B49A4
:10FAD00001250C7A0D7289690268C96B8A4208D1C6
:10FAE000416800250139416003D140F80C5BFDF706
:10FAF0008BFF2046FFF70AFB2846B0BD1407002005
:10FB0000B0B50B4A0023156C946CC0E901452A7806
:10FB100041B1BE2A06D1691C631C11F8014B013B9F
:10FB2000BE2CFAD00360B2F1BE0018BF0120B0BDF8
:10FB3000B00300200B4890F8641089B9012180F8C7
:10FB400064102021EFF3118281F311884FF0FF310F
:10FB5000C162016C826C21F0070111440839C16354
:10FB6000704700BFB0030020B0B5044682608161D9
:10FB700000201D462075D3E9010120610648E1619E
:10FB8000214601F0BFF82878012818BFB0BD2046F3
:10FB9000BDE8B04001F03EBA8004002070B50B4AC9
:10FBA000D368C56C84696E68234305604660306025
:10FBB0006860D360012380F820301374202081F323
:10FBC0001188EFF3118180F3118870BD14070020B4
:10FBD0000A48083880F308880948016841F4700130
:10FBE000016000BF00BF01F040FE08B1FFF716FE44
:10FBF00001F076FA002001F0C3FD00BF00400120B3
:10FC000088ED00E080B58AB08DF8261000218DF8CF
:10FC10002720CDE90711CDE90511CDE90311022116
:10FC2000ADF81C0002910DF12601019101A8FFF72A
:10FC300005FB0AB080BD10B52021EFF3118481F3DC
:10FC40001188017C02290CD10268816843681A601E
:10FC50000022027442680068426008462146FFF7AD
:10FC60009DFF84F3118810BD80B50A49142001F06E
:10FC70008BFD1420002101F0C3FA012001F090FD5A
:10FC80001420012101F0BCFA4FF40C70BDE8804053
:10FC900001F086BD01640020BFB5044653B10020C9
:10FCA0000190D3E901500390187802958DF8040073
:10FCB00001AB00E0034B2046FFF756FF204604B09F
:10FCC000B0BD00BFF0360100FF2808BF7047B0B5D7
:10FCD0000D46044601F0AAFB0649C5F3024311F89C
:10FCE000242002F0F8021A4401F82420BDE8B040B4
:10FCF00001F04DBD02100840B0B50446012000FAE5
:10FD000004F501F093FB07498A682A438A6021447D
:10FD100091F84321013281F8432101F038FD0020A0
:10FD2000B0BD00BF000000200A484068826800F1B2
:10FD30003801134652680AB18A42FAD1597B090741
:10FD400006D1408F40F60901884204BF0120704768
:10FD5000002070474803002007480068C00608D408
:10FD600006480749006808400649884204BF012048
:10FD700070470020704700BFB04F00505013005034
:10FD800000C4FF3F00C0071CB0B50024094D21F09E
:10FD90000041404275EB010023F000414FF00000AC
:10FDA00038BF0120524275EB010138BF01242043C6
:10FDB000B0BD00BF0000F07F70B50D46144601468F
:10FDC000D5E9012082420BD9161AB44238BF264623
:10FDD0002868324601F05AFD2968A8683144296034
:10FDE0002044A860204670BDB0B5044609480568A7
:10FDF00055B1A868204205D0D5E90332204600213C
:10FE0000984718B92D68F3E70020B0BD4FF0FF30D8
:10FE1000B0BD00BF000000209EB0094C012184F855
:10FE20003010616B09B969466163FAF793FB0320EF
:10FE3000207504480068C0B20F2800D2FEE7FEE734
:10FE4000B003002004ED00E02DE9F041DFF824804C
:10FE5000064614460D46404600F07AF907463046FD
:10FE600029462246FEF756FA40463946BDE8F0419B
:10FE700001F0BBBA24C6002010B50A4B2022EFF3D4
:10FE8000118182F311881A6C072A04DCDC6B44F8B8
:10FE90002200501C1864002081F31188082AB8BF82
:10FEA000012010BDD802002070B50A4D0446202064
:10FEB000EFF3118180F31188286C461E701C012815
:10FEC000B8BF70BDE86B50F8261020468847013E49
:10FED000F4E700BFD8020020B0B50C460546FDF798
:10FEE000E3FF291A04F57A72C4EB9100012898BF48
:10FEF00001200023B2EB910F28BF1846B1F1404F0B
:10FF000028BF1846B0BDB0B50C46054601F08EFAC4
:10FF1000D5E901122B69A24238BF1446121BAA6010
:10FF20001A19B2FBF1F303FB1121296101F02FFC37
:10FF30002046B0BDF8B50C46054601F077FAEA68F0
:10FF400095E8C2000132B2FBF6F303FB1625294403
:10FF5000216001F01CFC701BF11B814238BF084678
:10FF6000F8BD80B58AB08DF827100021CDE90711C2
:10FF7000CDE90511CDE903110121ADF81C00029175
:10FF80000DF12701019101A8FFF758F90AB080BDD2
:10FF900068B1B0B50D4640F6E451044601F01BF9D6
:10FFA00020462DB12946242201F070FC02E0704762
:10FFB000FFF70CF82046BDE8B040FDF7C7BE70B5AE
:10FFC00004462020EFF3118580F31188207D01285D
:10FFD00008D1E66800F0D2F8216A301A884288BF5A
:10FFE000002000E0002085F3118870BD002804BFC8
:10FFF000002170474CBF404200464FF01F014CBFEC
:020000021000EC
:1000000041F4406141F48061491E4000FCD34FEA55
:10001000015141EA103100057047000006480122F5
:10002000017A027205480160054890F8501080F886
:1000300050200448016070471407002024C70020A6
:10004000D802002054B4002010B50C460849097E9F
:1000500002290AD100F09CFC04B12060C1B2022048
:10006000012908BF6FF07E0000E00120C0B210BD82
:1000700048030020F8B50C46D0E90016002701F12E
:100080004C053068013C47F100018269D20606D474
:1000900029B10068C1B22846FEF7B2FCF1E7F8BD0D
:1000A000D0E900100A6C5AB191F84410090707D53D
:1000B00001684FF480624A648A6B42F480628A630A
:1000C0000068816B41F040018163704710B50446C0
:1000D000103000F0E5FB204650F80C1F09B100F08D
:1000E00027FD04482146502280684368BDE810403F
:1000F000184700BFD802002010B5094C6275E18195
:10010000002141F26F72A37584ED041AA08184ED81
:10011000010AC4ED020A904288BF0121217510BD79
:10012000DC070020A0F13001C9B2092904D8074931
:10013000084410F8300C70472D38C0B24C288EBFE0
:1001400000200149085C70479027010055370100E5
:10015000B0B5094D0446A168A869814204BF0120D9
:10016000B0BD04F10C004FF0FF31F9F753FFA8695F
:10017000A0600020B0BD00BF1407002010B52020F3
:10018000EFF3118480F3118805480068006B804705
:10019000044AD2E9102384F3118800F0FBFF10BD5C
:1001A0008C01001040C3002000B1704710B5074C0F
:1001B000207C012805D1064890F8500008B9FEF7C8
:1001C000B3FB00202072BDE81040704714070020E8
:1001D000D802002080B50949884206D301F0C4FA4C
:1001E000162101604FF0FF3080BD09300A21B0FBBD
:1001F000F1F00130FBF71CFF002080BD40420F00F2
:10020000002804BF0029704704B53F2212F5806220
:10021000521E490041EAD0714FEA4000F8D3000B6A
:1002200040EA0150090B41EA025104BDB0B505682E
:1002300002200C46FFF77AFB64B1D5F8EC000021F0
:10024000B1EB107F06D10420FFF770FB4FF0FF30B9
:10025000C5F8EC00B0BD4FF080410A4689088242E3
:10026000FBD810B500214AB1541802EB5103A0424B
:1002700034BF4B08001B19469208F4E7084610BD2E
:1002800081B040F2000CEFF311808CF31188002054
:100290000090009810B900980130F9E72020EFF3A2
:1002A000118180F3118801B0704700000648006991
:1002B00040B180B5054801F037F90548BDE88040F8
:1002C00001F038B9704700BFB0030020090C0100ED
:1002D000DD0D010070B5D0E9006501F0A7F8044616
:1002E000F06830B1284601F0FBF9B0686FF0090101
:1002F00041612046BDE8704001F049BAB0B50D46F5
:10030000044601F093F8D5E9001211B14A606A6819
:1003100000E06260002A18BF14462160BDE8B040CA
:1003200001F035BA80B5FFF717FD60B106480068E7
:1003300081034FEA00414FF0000058BF0816BDE8A6
:100340008040FFF7E3B880BDB44F005080B5064849
:100350000649006808400649884204D1FEF74EF875
:100360001328C8BF80BDFEE71813005000F0FF0F30
:100370000010B40BB0B501F059F80446064890F8E7
:10038000380118B100F0A2F9054600E00125204629
:1003900001F0FDF92846B0BD00000020F8B51D466B
:1003A0001646044601F042F844B104F12007203417
:1003B0008ECF33432F432A4331438EC4BDE8F840E8
:1003C00001F0E5B980B5B2F5803F06D301F0CCF974
:1003D000162101604FF0FF3080BD034B11461A46D5
:1003E00000F068F8002080BDFC36010010B54AF22C
:1003F000C571441A054938BF002400FB01F10448C7
:1004000038BF481CFBF714FE204610BDA086010033
:1004100021F9FEFFB0B50B78DDB20378DBB25B1BD0
:10042000B3FA83F464092DB124B101300131013AEA
:10043000F1D100E004B100231846B0BD70B5044608
:10044000006C04F144052CCDA0FB010602FB016108
:10045000C6184D41300C40EA0541FFF7C3F9C4E925
:10046000146570BD1EF0040F14BFEFF309806846D9
:1004700085462DE9F00F684671467446024A90475A
:1004800068462146FEE700BF2113010010B5074A68
:1004900004460C30012100F00DF800202146A06038
:1004A0000348BDE8104000F02DBC00BFFC36010041
:1004B0007408002010B54182034614300121002445
:1004C0009861C3E9024111781974586102481946CC
:1004D000BDE8104000F016BC84080020084890F8E1
:1004E0006C1001B17047012180F86C10406E002142
:1004F0003029F7D04218526042500831F8E700BF67
:10050000D80200202DE9F04F2DED108BC0F800D05F
:10051000D1F800D0BDEC108BBDE8F08F00BF00BF5C
:1005200000BF00BF00BF00BF00BF00BF10B5044642
:100530000748002A08BF02462046FBF73BF920B1D6
:1005400001462046FAF720FD0024204610BD00BFDA
:1005500040320100084890F8381001B1704701217D
:1005600080F83810006A00213029F7D04218526014
:1005700042500831F8E700BF1407002078B1BCB53D
:1005800004460748C56945B1204600F020FF0246F1
:1005900001AB2846214600F005FFBDE8BC4070478E
:1005A0001804002070B514460D46064600F03EFFC4
:1005B0006168C5E900416168002918BF0E463560D1
:1005C0006560BDE8704001F0E2B81CB504460598CE
:1005D0000190049800902046FAF762F901462046FF
:1005E0000A224FF0E04302B0BDE81040FAF792BF94
:1005F000B0B5056802200C46FFF77EFB54B1D5F874
:10060000EC000021B1EB107F04D10420BDE8B04024
:10061000FFF772BBB0BD0068C168490701D58168AA
:10062000FAE70221C0F88010C168C90702D1D0F8EA
:100630008C10F9E70021C0F8801070470648006967
:1006400048B110B5054C204600F06EFF2046BDE8CD
:10065000104000F06FBF7047B0030020DF6C000057
:10066000B0B50C46054600F0E1FE00212160696846
:100670000029616008BF29460C606C60BDE8B0408D
:1006800001F085B8B0B50C46054600F0CFFE00215C
:10069000616029680029216008BF29464C602C60F0
:1006A000BDE8B04001F073B880B50548012100688D
:1006B000426801209047034803490068486080BDB4
:1006C000E0010010302009400808002010B506485D
:1006D0003C21012200230068C4680448A047002888
:1006E00018BF012010BD00BFA401001000A00C40E5
:1006F0001CB5064980B24FF47F42082309684C6854
:10070000009003483021A0471CBD00BFA401001089
:1007100000A00C401CB5064980B24FF4F802122329
:1007200009684C68009003480421A0471CBD00BF25
:10073000A401001000A00C401CB5064980B24FF483
:100740000032112309684C68009003480421A04737
:100750001CBD00BFA401001000A00C401CB5064940
:1007600080B24FF440620A2309684C680090034845
:100770002021A0471CBD00BFA401001000A00C4018
:1007800050B14AB110B5044608300EC021460448A5
:10079000FFF766FF002010BD6FF00200704700BF3A
:1007A0000000002005480649C069884208BFFCF7E0
:1007B00071BF04480421283001F04BB848030020E1
:1007C0004D370000E804002080B54FF0FF3000F006
:1007D0002FFD800758BF80BD03484FF400612830CB
:1007E000BDE8804001F035B8E80400200648007EEE
:1007F000022804D10548816C09B9C06C08B10020F9
:1008000070470120704700BF4803002064060020A5
:1008100070B5144600220E46054600F02DFAFF285A
:1008200007D02B2E18BF40F22B2646EA842145F82C
:10083000201070BD10B507490446172000F0A4FF32
:100840001720214600F0EEF9172000F0DFFA012012
:1008500010BD00BF0240012080B507490138884221
:1008600005D80620FFF762F80420FFF75FF80220A2
:10087000BDE88040FFF75AB8FEFFFF0F1CB50446E5
:100880000498002B0090054808BF03462046FCF75B
:10089000D9FA002818BF002420461CBD803401006E
:1008A00000F11401816141612021EFF3118281F394
:1008B000118801684368196041680068416082F3EB
:1008C0001188704710B5074C207C012808BFFEF73F
:1008D0002BF80020207240F2000CEFF311808CF313
:1008E000118810BD14070020B0B5054600F09EFD2C
:1008F0002C6834B121680029296008BF29460022EC
:100900004A6000F044FF2046B0BDF8B50C460546ED
:1009100000F08CFD95E8C2002D692944216000F0AB
:1009200036FF701B874238BF3846F8BDBCB5046837
:1009300025790DB9A4792CB14FF0FF340094F5F767
:1009400027FFBCBD02B0BDE8B040FDF7CDBE6BB126
:1009500010B50130D2B20C78944200F8014C04D0AA
:1009600001300131013BF6D1002010BD002070475D
:10097000102809D31038012200F01F01400902FAA3
:1009800001F1024A42F82010704700BF80E200E007
:1009900006490A68002AFCD10022CA610860C869B9
:1009A0000028FCD00020C86148687047001004404F
:1009B00070B50024A34208D050F824506E1C04D017
:1009C00015408D4202D00134F4E7FF24E0B270BD3F
:1009D00005484FF4825100680028044848BF4FF48E
:1009E00041510160704700BFAC4F005028A10C403E
:1009F00005484FF4805100680028044848BF4FF470
:100A000040510160704700BFAC4F0050A8A00C409F
:100A100080B505480068FEF7F3F904480068BDE8B2
:100A20008040FEF773BB00BF54B4002024C70020F1
:100A3000B0B5044600F0FAFC054604482146FFF72D
:100A40005DFC2846BDE8B04000F0A1BE00000020DB
:100A5000064A0021B1F5307F06D0501890F93330A6
:100A6000002B02D55831F5E70020704758B400201C
:100A70000A460146044843682BB18068084202D008
:100A80000248406818477047843601004803002038
:100A900005480068C00704BF00207047034800688D
:100AA000C0B2C009704700BF4021084000000440A8
:100AB0001FB5044600200390CDE9010001208DF808
:100AC000040001AA2046FFF7F5FC204604B010BD43
:100AD00004480549054AC0E90221012101718170DC
:100AE000704700BFA8070020022B873D0AD7A33C10
:100AF00068B110B54FF44261044600F06CFB7F20F2
:100B00008021C4F8081CC4F80C0CBDE810407047E4
:100B1000F8B501A80021FEF7F3FF039A6846BE214D
:100B20008242009228BF8FBD1170009A0132F7E710
:100B300010B50446006800F00BF8044821685822FC
:100B40008068436898470020206010BDD8020020CC
:100B50002021EFF3118281F311888168C368196045
:100B6000C16883685960002182F31188FAF70CBAD2
:100B7000002804BF0021704701001F2111F580618A
:100B8000491E4000FCD3090541EA103100057047B9
:100B90001CB504686479022C02D1F8F7A9FA1CBDCF
:100BA000049C049402B0BDE81040F6F769BD60B142
:100BB000002200F6F8418A600A60A0F8042D80F84F
:100BC000AC2DA0F8AA2DC0F8F02C704760B159B137
:100BD000D0F8102C0A60D0F8142C4A60D0F8182CE9
:100BE0008A60D0F81C0CC860704710B5EFF314840D
:100BF000002C1CBF002181F314888047002C1CBFEF
:100C0000022181F3148810BD10B5054C2069FFF74F
:100C10009FFAA16801B9E060481CA06010BD00BF48
:100C2000B0030020FF2807D0044A526852F8203051
:100C30008B4218BF42F82010704700BFD835010022
:100C4000002201284FF0000004BF40F2EE204FF4D4
:100C50007A72022908BF0246104670470548B0F86C
:100C60005410B0F85600814218BF70470820FEF7B4
:100C700077BE00BF64060020B0B5144640F2FF32D4
:100C800050230546FFF794FE1CB155F82010890A41
:100C90002160B0BD10B5044600F0C8FB03490A78D6
:100CA00022430A70BDE8104000F071BD48030020E7
:100CB000B0B505484468C56900F018FC01462046F7
:100CC0002A46BDE8B04010474803002010B5002177
:100CD0000024F9F79FF928B900F046FD0B214FF0E9
:100CE000FF340160204610BDB0B5054D0024022C34
:100CF00008BFB0BD55F8240080470134F7E700BFB6
:100D0000E83801002022EFF3118382F31188086094
:100D100042684A6042681160416083F311887047FD
:100D200010B504460448002A08BF02462046FDF7D5
:100D300023FC204610BD00BF443501002021EFF305
:100D4000118281F311888168C3681960C168806865
:100D5000416082F31188704705492431884208BFF9
:100D6000704718B10099C0E900238160FEE700BF19
:100D7000D8020020D0E9001000220068C0F8102836
:100D80000122C0F81C2801F1E40000F064BDB8EEB7
:100D9000C00AB8EEC11AB8EEC22A20EE080A21EE47
:100DA000081A22EE082A704710B52021EFF31184AB
:100DB00081F3118880682146FEF7F0FE84F31188E4
:100DC00010BD00000446FFF739FC034803210175FC
:100DD000204600F0D5FC00BFB00300200448816825
:100DE0000139816018BF7047D0E9031000F0FDBAE7
:100DF000B0030020FF2806D0034911F8202002F09C
:100E0000FB0201F82020704702100840FF2806D09E
:100E1000034911F8202042F0040201F82020704715
:100E200002100840022807D0032804D180B5F8F743
:100E300075FA002080BDFEE7FCF7C8BB044890F8B7
:100E4000411119B1D0F86C0100B10047704700BFE3
:100E50000000002010B50129044698BF0121F8F7D1
:100E600069FB2046BDE81040FCF7E0BAD1E9013249
:100E70009A4204D20A68531C0B6010708A680132CF
:100E80008A60704710B504461520214600F0B8F975
:100E90000148047010BD00BFA807002010B504462B
:100EA0001E20214600F0ACF90148447010BD00BF7F
:100EB000A807002028B101460348406808B100F0A7
:100EC00096BC0020704700BF3808002004494978CC
:100ED000012918BF704700F00F013720FFF741B814
:100EE0009708002070B504494FF400728A6091E8B9
:100EF0007C007CC0002070BDF407002040B1D0F819
:100F0000001CD0F8040C081AB0FA80F040097047B1
:100F100001207047B0B50C46054600F059FB024869
:100F200044650565B0BD00BF8004002080B5044B5A
:100F30002433FFF7F5FE4169002908BF084680BD4C
:100F4000D80200202022EFF3118382F31188026B74
:100F50001143016383F31188FDF724B800BF00BF7C
:100F600000BF00BF0498804700980199029ADDF8FD
:100F70000CE0104710B52021EFF3118481F31188A4
:100F80002146FEF70BFE84F3118810BDB0B50C4668
:100F9000054600F04BFAA96CA143A964BDE8B04036
:100FA00000F0F5BBB0B50C46054600F03FFAA96C61
:100FB0002143A964BDE8B04000F0E9BB80B5F7F774
:100FC0007FFFF8F745FCFDF741F8BDE88040F7F7F3
:100FD00036BD2020EFF3118180F31188B1FA81F042
:100FE00081F311884009704710B52023EFF3118475
:100FF00083F31188C0E9002184F3118810BD10B576
:10100000044600F013FA0021C4E90011BDE81040C5
:1010100000F0BDBB10B52021EFF3118481F31188DE
:10102000FAF7BCFF84F3118810BD0000034909687A
:1010300021FA00F000F00100704700BFC02002401C
:10104000FF2803D0024A926842F82010704700BF80
:10105000D8350100042805D180B51046FCF7FAFE0A
:10106000BDE8804000207047D9F8CC10D8F81400B3
:1010700049680968D1F8042502427047B8EE400A71
:1010800020EE080ABDEEC00A10EE105AE9B2304751
:10109000002000212390ABF812100BF14000282112
:1010A00000F099B8034801680029FCD000210160D4
:1010B000704700BF1C1004400349012291F8500002
:1010C00081F85020704700BFD8020020042805D1C5
:1010D00080B51046F8F73AFBBDE880400020704725
:1010E0000349002912BF01C900200021FCF778BD87
:1010F000B8390100F0B50349043191E8FC00FCC0A7
:10110000F0BD00BFA807002003498A7882421EBFB5
:1011100000224A70887070473808002003498A68A6
:1011200082421EBF00224A70886070473808002043
:101130000349CA7882421EBF00224A70C8707047B5
:101140003808002028B1F0B5024991E8FC00FCC045
:10115000F0BD7047DC0700200968052904DC01297F
:10116000A2BF0160002070471620704710B50349E8
:1011700091E81C001CC0002010BD00BF9C3601007F
:1011800010B5034CE06BFCF70DFE0020E06210BDD3
:10119000B003002040B584B002AE0096FAF70CF917
:1011A000029A039B04B040BD80B5C868496B006CCF
:1011B0008847BDE88040FCF741BD10B500239A4246
:1011C00008BF10BDCC5CC4540133F8E70B46114690
:1011D0001A4600F011B90A46002100F00DB90000CE
:1011E0000249D1E90012C0E900127047B0030020A3
:1011F0000249896851F82000704700BFD8350100C6
:10120000FF281CBF014A8154704700BF00200240E4
:101210000121002201724FF0FF31C0E90021704727
:10122000102802D3014910380860704700EF00E031
:1012300002490A681040C2430A6070471010044017
:1012400002490A681040C2430A607047081004400F
:1012500000F00F01000918F8011018F8000070479D
:1012600002484FF000410160704700BF00A10C40F0
:101270000248016841F003010160704724220840E0
:1012800002480068C0F30720704700BF30A00C4040
:1012900002480068C0F38440704700BF04A00C40BF
:1012A00002480068C0F38120704700BF20A00C40B6
:1012B000024840210160FFF7F7B900BFA8A00C4029
:1012C0000249084490F84A01704700BF000000201E
:1012D00010B50023541E80E81E00C0E9043310BD81
:1012E00000214FF0FF32C0E90011C0E90221704730
:1012F00000680121806900F0080081EAD000704791
:101300000278914203D00AB10130F9E7002070471A
:10131000024901220A60D0E9060108470420094079
:101320000249012281F83020FEF776FDB00300204B
:10133000002142580431002AFBD1081F8010704759
:1013400080B50A46D0F803101046FFF744FF80BD71
:10135000234603958DF804500295FEF79DBC99F83D
:10136000EE0C013089F8EE0CC0B2704740F2037108
:101370004FF6FF720523FFF71BBB14208BF80E00FE
:1013800001208BF805007047B0EEC77AB4EE467ABC
:10139000F1EE10FA7047DAF80860DAF81000BAF9DE
:1013A000301070471CB54FF0FF340094FFF7F0FB8E
:1013B0001CBD80B54FF0FF31F8F72CFE002080BD3A
:1013C0000021425C0131002AFBD1481E70470021F8
:1013D000425C0131002AFBD1481E704780B5FFF7FF
:1013E00067FFBDE88040FDF7A1B801B1704700215B
:1013F00081600C30FCF708BB00239A4208BF70479D
:10140000C1540133F9E70B46D0F80320C11D18463B
:1014100000F03CBA01480178FDE700BFD802002087
:101420000148C069004700BFB00300202021EFF34E
:10143000118081F3118870470021C0E90011C0E9D3
:10144000021170474869B0FA80F0420920461847F7
:1014500002460B465046414600F003BA90ED000BA1
:1014600051EC100B00F0FDB9DBF84C0000222346D4
:10147000FEF794BF02460B462046314600F0F1B914
:1014800002460B462846594600F0EBB902460B4689
:101490003046414600F0E5B9014909680968084746
:1014A000E001001001490968C96A0847B801001045
:1014B0000148006800680047E80100100148006822
:1014C00040680047E801001001488068704700BF8D
:1014D000000000200149202200F0D8B9C4320100E8
:1014E0000149202200F0D2B9643201000148806D28
:1014F000704700BFD80200200068016B21F48071A2
:10150000016370470068016B41F40071016370472B
:101510000068016B41F48071016370470149242226
:1015200000F0B4B9D431010001490860704700BF30
:10153000A808002001490860704700BFAC080020DF
:1015400001488078704700BF38080020014800F04B
:10155000BEB800BFF001002001480078704700BF0E
:101560004C05002001488078704700BF9208002099
:101570000148C078704700BF9208002001484078B9
:10158000704700BF9208002001484078704700BFB4
:101590008807002001480078704700BF88070020B6
:1015A00001298EBF162001610020704702298EBFDD
:1015B000162001600020704780B51046FCF790FFB0
:1015C000002080BD0148FEF761BF00BF24C6002097
:1015D00001460148FEF732BF40C300200148C06CFD
:1015E000FCF7E0BC8004002000210170C0E901117B
:1015F0007047C0F80418022000F0D2B8CDE9000A04
:101600002846F5F747BCB4EE410AF1EE10FA7047F0
:10161000202000212246FDF749BB204629463246BC
:10162000FAF720BE54EC105B2A462346704740462A
:1016300051461C2200F02AB9B4EE410AF1EE10FA2C
:101640007047B4EE432AF1EE10FA704707F1380004
:101650001C21FFF7C0BDB4EE443AF1EE10FA70471A
:1016600020464FF4805100F0C5B8B4EE454AF1EE83
:1016700010FA7047B8EEC00A80EE280A2047B4EE90
:10168000400AF1EE10FA7047B4EE408AF1EE10FA1B
:10169000704700224FF08073FEF780BE02460B4673
:1016A00020462946704700214FF0FF32F8F724BD4D
:1016B0004068002180F8FD10704780B5F8F7AAFC5B
:1016C000013880BD406801210068C164704780B561
:1016D000FCF79AF9002080BD0068803000F0B5B8B2
:1016E00000680421FFF785BFEFF3108072B67047E2
:1016F000EFF3108062B670473A46334600F0B1B857
:1017000040465146F6F772B853EC102B00F0A9B8DA
:1017100053EC102B00F0A5B8BDF90600FEF766BC2F
:1017200053EC102BF5F705BA00220023FEF7B4BAEC
:1017300022462B46F5F7FDB921460023F8F776BF80
:101740005246434600F08DB8002089F8EE0C7047F1
:1017500000902046FFF700BD20460121FFF720BF83
:1017600080B5FBF701FF80BD00487047A40800204A
:1017700040686C3000F069B84FF0FF31FBF740BCB7
:10178000FEF792FBFCF7CFF90022F9F70DBD80F3CD
:10179000118870470220FEF7C9B80220FEF7ACBAE4
:1017A0000138FDD170472046FFF7F1BF2B4600F00E
:1017B00058B80D46FFF7DCB93346F5F7BAB92046FD
:1017C000FFF790BB5846FFF7E2BF0298FEF70EBC4A
:1017D0002846FFF7DCBF2046FCF719BF20EE280A99
:1017E00030470D46FEF702BC0720FBF7D3BB02686B
:1017F0001269104781600020704700B10171704785
:101800000021FDF703BCC0B2FBF700BA000AFEF7E7
:10181000CBBCFFF769FAFCE70020FDF7F1BAFFF750
:10182000EFBFFDF7A9BAFDF7C9BA00207047FDF771
:10183000A5BEFDF7BFBEFEF737BF00207047FEF71D
:10184000C7B980687047FFF72BB8FCF7DDB8FFF722
:1018500075BAFFF777BBFCF7A5BBFDF7D1BAF6F772
:1018600041BDF8F76FBAFDF783B8F8F749BF00201C
:101870007047F9F76DBA00207047002070470020CC
:10188000704759207047012070470000FFF795BC52
:10189000F543002179400021954000216944002151
:1018A000A5440021C5400021D1400021DD40002198
:1018B000F94000214F45002141410021DB0705D0BF
:1018C00000F003F80249087070BD70B5014D28475B
:1018D000E00400211D240200074C657900F009F89E
:1018E00061796940490703D50121044A89031160E0
:1018F00070BD70B5024908478003002108110440FB
:101900002D59000070B5004700F016FA0048004756
:10191000577F000000F016FA004800471B880000BF
:101920000599880A802805D1134988788007800F97
:1019300000F020FA00480047D96E00000FB40F48AD
:10194000C188002902D0104600F014FA079B9B0AB8
:10195000084D832B08D1084C23899B0604D500F041
:1019600005F8002800D042350FBC284770B5044860
:10197000004700001F0B02006001002180030021CE
:10198000EB0902000848094A03689A420AD108484C
:101990000289084BD21A01D0012A03D1406E0649B0
:1019A00088470399054B1847A8020021BD03020090
:1019B0006001002121180000F1350000BD06000083
:1019C00070B51F4D2878C4B21E4880472878032878
:1019D00034D1032C32D01C488068400DC2071A480D
:1019E000014660318030002A03D01F240C574588FF
:1019F00002E01E240C570588002C1FD01348154AFE
:101A0000416900794143481011494969401810491A
:101A10004039497F904740054015694288420DDBB7
:101A2000A8420BDC0C4B996988B20246090C624350
:101A300009045212801880B20843986170BD0000FA
:101A4000E4020021794100002800002180030021E8
:101A500000030021CB8100004040044010B5864CBB
:101A600021464031087D012834D18448C07D40089A
:101A7000C0072FD02046603042795208D20729D0C3
:101A80004089800B012825D1087E4109C9070CD067
:101A9000A16F00070988C00F40020904084360666F
:101AA000A06F801C00F080F913E07448203080693A
:101AB000406800280ED0724A00230178D356591A84
:101AC00008D4C90008184178C90703D001686166C5
:101AD0004068A0666B48804710BDF8B5664C6A49FF
:101AE00026462036707B2546403500902F79B80079
:101AF000401880688047002828D16049C97D0909BD
:101B0000C90723D022466432152F20D0297E002316
:101B10004F09FF0703D06D7D002D00D00123009FEA
:101B2000A56FBB4312D0737B002B0FD0237D5B06C8
:101B30000CD5D288920B012A08D1C908C90705D053
:101B4000A988890B012901D100217173F8BDAB7EF1
:101B5000E97D012BE3D00023E1E770B5464C254633
:101B6000606A803500281DD15420005D00220028C5
:101B700017D06420005D8008C00712D0A96888884B
:101B8000800B01280DD13D48C07D4008C00708D01A
:101B90003A48203080690068002802D02962A86095
:101BA00000E02A6239488047616A002903D1296A26
:101BB000002900D0A96070BDF8B52F4C34492046EB
:101BC0004030027D002A2FD0807E254680350328B4
:101BD00002D0042803D027E00120E87524E0642027
:101BE000005D8008C0071FD0A8688088800B01288E
:101BF0001AD12248EA7DC07D002A13D0C008C00750
:101C000012D026462036777B88470146394308D1D3
:101C1000217D090605D56988890B012901D100219B
:101C20007173F8BD8008EAE78847F8BD1248803034
:101C30000021C175174800470F4940310871262817
:101C400014D006DC152813D01B280BD01F2804D174
:101C50000AE03D280ED047280AD00B4980004018E2
:101C6000806870470C4870470C4870470C487047B4
:101C70000C4870470C48704760010021C8000021E3
:101C8000E004002159490200005502008F3D020086
:101C900075300200152A0200E94300217543002136
:101CA00017430021974200211942002110B50C4929
:101CB00088470C4A0621515E002907D0022905D029
:101CC000092903D0102901D0112907D17721C9434F
:101CD000884201DD002801DD7F20C04310BD0000E7
:101CE000A96500008003002110B51048C188104884
:101CF000052918D00F4C21684A0852002260A26BB7
:101D000052085200A2632160FFF7FCFDA06B0007A0
:101D100008D40120206060600020401C0C28FCDBFF
:101D20001420206210BDFFF7EDFD10BD80030021DF
:101D30003F5B000000600440806B0C490007000F0F
:101D400048717047094A0A4918235079CB56497E91
:101D5000C018814201DD084602E00F2800DD0F2097
:101D6000D189090909010143D1817047E0020021AD
:101D7000880000210849C979CA08D20708D0C140A3
:101D80000648C90701D0064900E00649491CC16060
:101D90007047002070470000E80000212800002163
:101DA0008801000050010000820881079200C90EDE
:101DB0000CCAC078CA40494220318B401A431102F4
:101DC000090A0006084370473960EE2DCE2DC22D5A
:101DD000540FEF2FEF0F975F9D1700504002004008
:101DE0000C00000088140900F905010000808B0038
:101DF0008000500F00001D0A90050000050000043F
:101E0000207BC10000000F00277F7F0100800C00B5
:101E1000000098140900F905000000808B00800084
:101E2000700F00001D129005000005000004207BCB
:101E3000C10000000F00267F7F010D720E720F722D
:101E400010725DA3E5A44A65D0B00071D0A010B1B6
:101E50001B72628120106239300620003016011199
:101E60000114016C5C605C605C605C605C605C6088
:101E70005C605C605C6065608360CD6020125D606A
:101E80001012117312731373B1811000B09170B0FE
:101E9000406021C2FBC502C360C42018136F236ECB
:101EA000111612166A68EB94A378839C7081001E49
:101EB0005C4430C0B092F0C1D09232C6C0C9201884
:101EC00081400312236E12167E683CB65C6005B03A
:101ED000917200C1F09128B120B113B111B1E8B0F5
:101EE000007128B1E8A030B210B9808C309911B1DE
:101EF000A284B484F3C0D1B0007112B002B011B1A9
:101F0000D1A091722C7230B613B003B0E0B0007162
:101F100020B17081C09290814096007120B1C3922F
:101F20004296007120B14496007120B1E0A030A625
:101F300033B6D3B0007113B1D3A030C0109920C014
:101F40003099D1B0007111B1D1A0917203A002A05B
:101F50006E65057306739173917230A2C0C71090BD
:101F60005C60F36460782465F0C5D1682A65D5B0FB
:101F700015B131C0007190805022344574B010A961
:101F8000937310B90F72137331B2D5A05DB3408B48
:101F9000203900973F6534B261C25865F322ED44A1
:101FA000666578B0A3C2466530C074655C60B08475
:101FB000A095709980890E10A08490957099808961
:101FC0000E1480C00E1880C00E185183813921393B
:101FD0006106311600111014006C1E311E318E3155
:101FE0008E392E97408230221645D5B0007115B13A
:101FF000D5A00E6100C1E09110781099E7139A788E
:10200000E5B440C5109002B004B006B0007050783E
:1020100050903090707860904090007035B26CB005
:1020200011B089B0E5B4D1A0D0A03DB1FDB0007031
:10203000319A438A548A3331533D3431543D939617
:10204000A49653B0D460E5A444A064B08381031E79
:102050003F4100703399179100715DA32372917312
:102060009172037204726E6530D00090C0FF1090C0
:1020700008A00573067300705B894089B01823318E
:10208000A88C831803181318339910A911B110B92B
:10209000D1B00070081E6C41007144B711B138997D
:1020A00000710070308601C8513110043096007004
:1020B000009AF08900227545E0B900702200010005
:1020C0000080808080808080808090909090908040
:1020D0008080808080808080808080808080808000
:1020E0008018040404040404040404040404040420
:1020F00004020202020202020202020404040404B4
:10210000040443434343434341414141414141412D
:1021100041414141414141414141414104040404A3
:1021200004042323232323232121212121212121CD
:102130002121212121212121212121210404040403
:10214000800000000000000000000000000000000F
:10215000000000000000000000000000000000007F
:10216000000000000000000000000000000000006F
:10217000000000000000000000000000000000005F
:10218000000000000000000000000000000000004F
:10219000000000000000000000000000000000003F
:1021A000000000000000000000000000000000002F
:1021B000000000000000000000000000000000001F
:1021C00000F30FED21F910E7DCC8F139E52D10E13E
:1021D0002A06D1F808361C130E011F28213414DBFF
:1021E000E0FE10190801C10F1F0D0C33EF1D072B66
:1021F0001405E02111CFEE32E9D3B81C2BE9F3F935
:10220000C812F007F7F2F9E91F3230F80BFFD417C4
:1022100005232AF6EE2503F01016E9FB1717F3F94C
:10222000E10E0AF90FF82CEC28FCD616CE15E00EBC
:1022300018EFEBE9F609FF1B7A0718FFFAE9200807
:102240000AF5EF03F1FBFA11E1F5F43B0CDA15E6C0
:1022500003F42FEC2E1EEDE8EB0414F5F4CEAC0ED7
:102260001BF8F6DDCBF423FDD5CBD6E108DE23EE5B
:102270000FED07420DCEC8D1E1F312043ADB470758
:10228000F8FAF510EA081DF221E1F107FDFFE6EB8F
:102290001FD700E325FAF80FFA1B00E83D07FE02FE
:1022A000D810F1E9DB38220BFE2AD404EC0B3511EF
:1022B000080BF8F4EB0D09F5E0EDE6E01200E3DCC5
:1022C00018E3460EFAEAEA501C2128F2D429EF2638
:1022D0002010FED3FFFE1719E4041129FBF404DCDF
:1022E000F11DE71C08DB12C9E8FA1E0FFBDED21154
:1022F000EB0DE9E9DC25F12B1A1608EAEDFADBEF24
:102300000CF702F73E6D0605BBE64BFF05051E0503
:10231000DFF03BD0F7F2E421E91FF31D0C0B0FEFC8
:102320001913D3F11EF301DD07F300CA240E3B603D
:10233000391AFF25F8F60DD70C06CE120616261F01
:102340003C6F7574206F66206D656D6F72793A20F1
:1023500068616E646C65203D20307825782C207390
:10236000697A653D25752028433A2F74692F736972
:102370006D706C656C696E6B5F6363313378785F29
:102380006363323678785F73646B5F385F33335FD3
:1023900030305F31362F6B65726E656C2F746972E9
:1023A000746F73372F7061636B616765735C7469F9
:1023B0002F73797362696F732F68656170732F482B
:1023C0006561704D656D2E633A313534290048776B
:1023D0006920616C726561647920646566696E6507
:1023E000643A20696E7472232025642028433A2FB2
:1023F00074692F73696D706C656C696E6B5F636374
:10240000313378785F6363323678785F73646B5FFB
:10241000385F33335F30305F31362F6B65726E65F6
:102420006C2F746972746F73372F7061636B61679F
:1024300065735C74692F73797362696F732F66615A
:102440006D696C792F61726D2F6D332F4877692E0E
:10245000633A33393729006F7574206F66206D65D4
:102460006D6F72793A20686561703D307825782CFF
:102470002073697A653D25752028433A2F74692FAA
:1024800073696D706C656C696E6B5F636331337813
:10249000785F6363323678785F73646B5F385F337D
:1024A000335F30305F31362F6B65726E656C2F7421
:1024B0006972746F73372F7061636B616765735CEA
:1024C00074692F73797362696F732F72756E746993
:1024D0006D652F4D656D6F72792E633A373829001F
:1024E000696E746E756D3A202564206973206F756E
:1024F00074206F662072616E67652028433A2F74DE
:10250000692F73696D706C656C696E6B5F636331A5
:102510003378785F6363323678785F73646B5F38E3
:102520005F33335F30305F31362F6B65726E656CB1
:102530002F746972746F73372F7061636B61676595
:10254000735C74692F73797362696F732F66616D41
:10255000696C792F61726D2F6D332F4877692E6307
:102560003A33383929000008000000000000F03F2D
:10257000000000000000F03F000000000000F03FFD
:10258000000000000000F03F000000000000F03FED
:10259000AE47E17A14AEEF3F000000000000F03FCC
:1025A0005839B4C876BEEF3F000000000000F03F8D
:1025B000000000000000F03F560E2DB29DEFEF3FEF
:1025C000D7A3703D0AD7EF3F000000000000F03FA6
:1025D000AE47E17A14AEEF3F000000000000F03F8C
:1025E000000000000000F03F0000000080845E4119
:1025F0000000000080844E410000000080843E41C5
:102600000000000080842E4100000000B27C1E41CA
:102610009A999999314E0E41000000008084FE4045
:102620000000000080C3EE4033333333538CDE4070
:10263000000000008084CE40000000008084BE4086
:102640009A9999999984AE406666666666849E40BA
:10265000CDCCCCCCCC848E40CDCCCCCCCC847E40EC
:102660003333333333836E403E3E205B454D45521A
:1026700047454E4359204341502042555253545DE3
:10268000204F6E2D436869702054696E794D4C203F
:10269000446574656374656420436C61737320568C
:1026A0002028505643204563746F7069632C20398D
:1026B000362529202D3E2035732052617720427522
:1026C00072737420262035472D55524C4C432053AD
:1026D0006C69636520416374697661746564210D7A
:1026E0000A0030000010004015000000FF0000004C
:1026F0004CC60020200000006CC600202000000016
:10270000000000000200000003000000FF000000C5
:10271000FF00000020180020101800200400000016
:102720000200000005000000100000000F00000083
:102730001100000012000000000200008E000000E6
:102740008E0001008E0002008E0003008F00000149
:102750008F0000028F0000038E0001048E00000530
:102760008E0008048E00000489000006500000005E
:102770007F0001003F0004003F0002003F00010015
:102780007F0002008E0002048E0001028E00010113
:1027900040000000000000000000000000000000F9
:1027A00000000000777C395E79713D76061E0038A6
:1027B00000545C7300506D783E0000006E00000015
:1027C00000000800777C585E79713D74061E003861
:1027D00000545C7300506D781C0000006E3E3E207B
:1027E000536D61727442414E20506F6C6963793A47
:1027F000205B305D204144415054495645204859A2
:1028000042524944202831487A20534150202B20FD
:102810004175746F203573204341502042757273A7
:1028200074290D0A005B494E49545D20536861725A
:1028300065642053504920427573204D616E616775
:10284000657220284144533132393252204D6F6431
:10285000652031202F204144584C333632204D6FB3
:1028600064652030292E2E2E20007B22747970651D
:10287000223A22656E76222C227077725F6D412299
:102880003A33312E38302C227077725F6D57223AEE
:102890003130342E39342C227077725F7374223ABF
:1028A000302C226D6F6465223A307D0D0A007B2248
:1028B00074797065223A22656E76222C22707772C6
:1028C0005F6D41223A302E3032302C227077725FA9
:1028D0006D57223A302E3036362C227077725F7365
:1028E00074223A312C226D6F6465223A307D0D0AD4
:1028F00000202020536D61727442414E20416C6C67
:102900002D696E2D4F6E65204D756C74692D546860
:102910007265616465642054492D52544F533720C9
:102920004669726D7761726520202020202020206A
:10293000200D0A002020205461726765743A2043FC
:1029400043323635325231204C61756E63685061C6
:1029500064202B20536D61727442414E205368698C
:10296000656C642052657620332E3520202020208F
:10297000202020200D0A007B2274797065223A22E3
:10298000656E76222C227077725F6D41223A302E6E
:102990003030342C227077725F6D57223A302E30EF
:1029A00031332C227077725F7374223A322C226D8D
:1029B0006F6465223A307D0D0A003D3D3D3D3D3D51
:1029C0003D3D3D3D3D3D3D3D3D3D3D3D3D3D3D3D37
:1029D0003D3D3D3D3D3D3D3D3D3D3D3D3D3D3D3D27
:1029E0003D3D3D3D3D3D3D3D3D3D3D3D3D3D3D3D17
:1029F0003D3D3D3D3D3D3D3D3D3D0D0A003E3E20C2
:102A0000494D55205374617469632047726176693A
:102A100074792043616C6962726174696F6E2043DE
:102A20006F6D706C6574652028312E3030306720F2
:102A30004E6F726D616C697A6564292E0D0A003ED5
:102A40003E20536D61727442414E20506F6C696339
:102A5000793A205B315D2053454D414E5449432026
:102A60004F4E4C592028393220422F732C203939AF
:102A70002E303325204257205361766564290D0A94
:102A8000004E4F00220100009F0C00008EFFFFFF50
:102A900018FDFFFF47070000FEFFFFFF20100000AA
:102AA0003B040000300A0000AF04000035020000C3
:102AB0009EFCFFFF540200004606000022040000B6
:102AC000550B00000000004017FF00000000000050
:102AD0000400FFFF08000000100000004018002064
:102AE00030180020401A0020301A00200A00000090
:102AF000090000000C0000000B00000009080AFF9C
:102B00000A00000020202D3E205461736B5F546545
:102B10006C656D657472795F554920285072696FD4
:102B20007269747920312C2053747265616D696EFD
:102B300067202620434C49293A2052554E4E494E93
:102B4000470D0A003E3E20536D61727442414E2093
:102B5000506F6C6963793A205B325D205241572097
:102B6000434F4E54494E554F55532028393533382D
:102B700020422F732C2032322E3138206D57290DF0
:102B80000A0020202D3E205461736B5F53656E73E5
:102B90006F72735F536C6F7720285072696F726920
:102BA000747920322C203120487A20506572696F68
:102BB000646963293A2052554E4E494E470D0A002A
:102BC0005B494E49545D2043433236353252312001
:102BD000322E342047487A20424C4520524620432A
:102BE0006F7265202831204D6270732042726F61D0
:102BF00064636173746572292E2E2E20000DF80D0A
:102C00000040E80C068925D8C2F7E8F2EC033B093E
:102C1000D5D214733A101200E893FC32E04ABA2875
:102C2000E914C4281AF032FD07130EDED4D800913F
:102C3000392A0DE4E73711FDF1422C256C752C255E
:102C4000752C25752C25632C25752C256C752C254C
:102C50006C752C256C752C256C752C256C752C25AC
:102C60002E32662C252E32662C252E32662C252EF1
:102C700031660D0A005B494E49545D205549204498
:102C8000726976657220285043414C3634303841A1
:102C900020362D427574746F6E20262043483435DB
:102CA000354820446973706C6179292E2E2E2000DE
:102CB0005B494E49545D205265676973746572695A
:102CC0006E672041445331323932522044524459C4
:102CD0002043616C6C6261636B202844494F203251
:102CE00033292E2E2E200020202D3E205461736B80
:102CF0005F45434720285072696F726974792034A8
:102D00002C204452445920556E626C6F636B65648D
:102D1000293A2052554E4E494E470D0A005B494E06
:102D200049545D20506F776572205261696C732041
:102D300028312E385620454E2C20493243205368E6
:102D400069667465722C20494D55205357292E2EE3
:102D50002E200020202D3E205461736B5F494D557D
:102D600020285072696F7269747920332C203235B3
:102D700020487A20506572696F646963293A20524D
:102D8000554E4E494E470D0A005B424F4F545D2051
:102D9000537061776E696E672054492D52544F53BA
:102DA00037204D756C74692D546872656164656473
:102DB00020576F726B6572732E2E2E0D0A003E3EE9
:102DC00020427574746F6E205357362028446973FF
:102DD000706C6179204D6F64652920507265737342
:102DE00065642120372D536567204D6F64653A2057
:102DF0005B003E3E20454E544552494E47204445D7
:102E0000455020534C45455020285375622D35754B
:102E1000412053687574646F776E292E2E2E2054CE
:102E2000696D65723D005B494E49545D20535053B6
:102E3000432052696E6720427566666572202620BF
:102E4000445244592042696E6172792053656D6124
:102E500070686F72652E2E2E20005B494E49545DBE
:102E60002041445331323932522032342D42697478
:102E7000204543472026205265737069726174694A
:102E80006F6E204146452E2E2E20003E3E20426190
:102E90007474657279204D6F64656C20526573653A
:102EA0007420746F20313030252028302E30206D72
:102EB0004A20416363756D292E0D0A005B424F4F16
:102EC000545D20416C6C205461736B73204F6E6CA9
:102ED000696E652E2053797374656D204F7065722D
:102EE0006174696F6E616C2E0D0A0D0A000D0A0087
:102EF0004E0000005DFDFFFF6D0D0000D5FFFFFFE0
:102F0000750800007CFFFFFFDAFFFFFFF7030000FA
:102F100034010000FD05000006FFFFFF53FCFFFF2A
:102F20003E3E20427574746F6E20535733205072AA
:102F300065737365643A20456E746572696E6720C7
:102F4000536C656570204D6F64652E2E2E0D0A0042
:102F50005B494E49545D20424D45363830202F2084
:102F6000424D4536393020456E7669726F6E6D651B
:102F70006E74616C2053656E736F722E2E2E20005E
:102F80005B494E49545D204D4C5839303633322020
:102F90004661722D4952204D65646963616C20540D
:102FA0006865726D6F6D657465722E2E2E20005BE4
:102FB000464154414C5D205461736B5F53656E73A1
:102FC0006F72735F536C6F77206372656174696FA2
:102FD0006E206661696C6564210D0A005B46415490
:102FE000414C5D205461736B5F54656C656D657415
:102FF00072795F5549206372656174696F6E2066EE
:1030000061696C6564210D0A003E3E20537472654F
:10301000616D204D6F64653A205241572028436FFF
:103020006E74696E756F75732057617665666F7221
:103030006D73290D0A005B494E49545D2053686148
:103040007265642049324320427573204D616E6180
:103050006765722028343030206B487A292E2E2E56
:1030600020003E3E2053747265616D204D6F646593
:103070003A2053454D414E54494320283E39352589
:1030800020526564756374696F6E290D0A005B498F
:103090004E49545D204F50543430343120414C530C
:1030A00020262056434E4C343034302050726F78F6
:1030B000696D6974792E2E2E20003E3E20535441B6
:1030C0005455533A2054492D52544F53372052757A
:1030D0006E6E696E672C2041445331323932204D77
:1030E0006F64653D003E3E204144584C33363220EB
:1030F0004D454D532053656C662D546573742028DF
:103100005461626C65203232293A2064583D003E99
:103110003E2050445220436F6F7264696E61746543
:103120007320526573657420746F2028302E302C04
:1031300020302E30292E0D0A005B494E49545D2067
:103140004144584C33363220332D41786973204145
:103150006363656C65726F6D657465722E2E2E20CB
:10316000003E3E20504741204F6666736574204301
:10317000616C6962726174656420284F46465345EC
:103180005443414C292E0D0A003E3E20454E5445E5
:1031900052494E4720534C45455020285374616E88
:1031A000646279292E2E2E2054696D65723D006D62
:1031B00067205B50415353202D20414C4C2033203D
:1031C00041584553204F5045524154494F4E414C70
:1031D0005D0D0A000000000000000000000000007B
:1031E00000000000000000000100000000C201001B
:1031F00003000000000000005B464154414C5D208C
:103200005461736B5F494D55206372656174696FDA
:103210006E206661696C6564210D0A005B4641544D
:10322000414C5D205461736B5F4543472063726579
:103230006174696F6E206661696C6564210D0A00B6
:10324000000000000000000000000000010000007D
:10325000000000000002000000000000000000006C
:103260000100000000000000FFFFFFFF0000000061
:103270000000000040420F000800000000000000B5
:1032800000000000DB0F493FDB0F49BFE4CB1640D5
:10329000E4CB16C00000000000000080DB0F4940B6
:1032A000DB0F49C03863ED3EDA0F493F5E987B3F44
:1032B000DA0FC93F6937AC3168212233B40F1433B8
:1032C0006821A233FFFFFFFF0000000000000000A4
:1032D000000000003A013A01000000000000000078
:1032E0000000000074692E73797362696F732E6B2E
:1032F0006E6C2E5461736B2E49646C655461736BF4
:10330000003E3E2057414B4520436F6D6D616E641A
:103310002052656365697665642E0D0A002D0000F4
:103320000000000000000000E803000000000000B2
:103330000000000000000000000000003E3E20539E
:103340007769746368656420746F204D6F646520CD
:103350005B335D0D0A003E3E2053776974636865F8
:103360006420746F204D6F6465205B345D0D0A002E
:103370003E3E20537769746368656420746F204D06
:103380006F6465205B325D0D0A003E3E2053776915
:10339000746368656420746F204D6F6465205B31D1
:1033A0005D0D0A003E3E2057414B452050554C5381
:1033B000452052454345495645440D0A00532C25A6
:1033C000752C25752C25752C25752C25752C2575AA
:1033D0002C25750D0A003E3E2046616C6C20416C28
:1033E00061726D20436C65617265642E0D0A006D1B
:1033F00067205B5741524E202D20434845434B20C8
:10340000415845535D0D0A005DC80000D9A1000078
:10341000B116010065730000E14F0000C5C0000057
:10342000038000C0038000D5038000CC038000DD52
:103430000380000C0380005D00000000020000001B
:103440000100000003000000100000002000000048
:103450000020004011000000FFFFFFFF00000000FF
:1034600006050D040E000000744550507253487557
:10347000644C75785072784972744543474174744E
:10348000000000000000000001000000000000003B
:10349000E0000000010000007B2274797065223A90
:1034A00022696D755F7374222C226478223A0020A1
:1034B000204543472052696E674275663A20507531
:1034C000736865643D003E3E2053776974636865A8
:1034D0006420746F204D6F6465205B003E3E205475
:1034E0006172652043616C696272617465642E0D5E
:1034F0000A002E000000000041B00000250E01006F
:10350000010101000000000003070000CFFCFFFFE5
:1035100054FCFFFFED060000ECF8FFFF7B227479FE
:103520007065223A2253454D222C226872223A00BD
:103530007B2274797065223A22696D75222C226192
:1035400078223A00000000000000000000000000A7
:1035500005000000000000004F4E4C494E45202859
:1035600049443D30784144290D0A003E3E205B44E9
:103570004941474E4F53544943535D0D0A00442C73
:10358000256C752C256C642C256C642C25750D0A16
:10359000003E3E2053595354454D204157414B4521
:1035A0000D0A003031323334353637383941424331
:1035B000444546003031323334353637383961626C
:1035C000636465660030313233343536373839411B
:1035D0004243444546001E017401002078C100208A
:1035E000F4C10020FFFFFFFF00000000000000000A
:1035F00000000000000000004E4F54204445544598
:10360000435445440D0A0020204543473A204F6E5D
:103610006C696E653D002020494D553A204F6E6C17
:10362000696E653D004F4E4C494E45202849443D4A
:103630003078002C2053747265616D4D6F64653D68
:10364000007B2274797065223A22656E7622004DE5
:103650004F44452053454D414E5449430053454C3A
:1036600046544553545F494D55002C22706F737476
:10367000757265223A22000100000000020000007D
:1036800001000000FF000100000000000000000039
:103690000834010018BF0020C42A01000000000007
:1036A00000000000010000002C226261745F706362
:1036B00074223A002C20445244595F50494E3D0038
:1036C0002C22636F6E74616374223A002C20506167
:1036D000727449443D3078002C20507772537461E5
:1036E00074653D00000000000000000000000000C4
:1036F00000000000000000000000000000000000CA
:1037000000000000000000002C227077725F6D4AFC
:10371000223A002C2044726F707065643D002C22A8
:103720007077725F7374223A002C227077725F6D2B
:1037300057223A002C227077725F6D41223A002C9A
:10374000226261745F6872223A00434C4541525FC5
:1037500046414C4C003F065B4F666D7D077F6F52C4
:10376000455345545F50445200534544454E5441DF
:103770005259002C227374657073223A0053454CE1
:10378000465F544553540044454550534C454550BD
:10379000002C227069746368223A002C22666C61E6
:1037A0006773223A0064656570736C656570002C00
:1037B00020506F707065643D00222C2266616C6C35
:1037C000223A0052455345545F424154002C227224
:1037D0006D737364223A00544152455F494D550060
:1037E00053454D414E544943004D4F4445205241AD
:1037F00057002C2270617373223A002C2264697383
:1038000074223A002C2270726F78223A002C2274B3
:10381000656D70223A004641494C45440D0A002C22
:103820002043533D44494F002C2273646E6E223A6C
:10383000002C2266616C6C223A002C22726F6C6C38
:10384000223A002C2056616C69643D002C226D6F79
:103850006465223A004F4E4C494E450D0A00010066
:10386000AC060020B0060020D8BC00205034010077
:1038700068BB0020E4260100ACC60020F03801003F
:10388000010200030200010301020408030C050AFF
:103890002C22636F32223A002C22696171223A0095
:1038A0002C22676173223A002C226D6C78223A0038
:1038B0002C22616374223A002C2272706D223A002D
:1038C0002C2262706D223A002C2273706D223A0015
:1038D0002C2049443D3078002C226C7578223A0027
:1038E00044594E414D494300FDF900003D0E010091
:1038F000000002400929FF0053544154555300442D
:103900004F4E450D0A002C22647A223A004143545E
:10391000495645006D6720645A3D006D6720645923
:103920003D002C22617A223A002C227078223A0043
:103930002C227079223A002C227272223A002C2218
:103940006479223A002C226179223A00736C656511
:1039500070002C2248223A002C2250223A002C22BD
:1039600054223A00534C454550000006028682001E
:10397000081018204E5356465157414B45000D0A2A
:103980000D0A0044494147005441524500000102DC
:103990000304000044000100002040605241570031
:1039A00059455300730D0A007D0D0A00290D0A00C8
:0839B0005D0D0A00F403002084
:0839B800000000000000000007
:1039C00000E500000FA1020100BF0514BF026F183F
:1039D000013F00D1A7000077007016B5FB02600020
:1039E0003420002001042F0020024000330000B0EA
:1039F00000310001F000B601F6033402F203F401D5
:103A0000F60174E004B5053900F906B11EFF86021F
:103A10000803005920003130F18CC6127720017064
:103A2000EC00311E7F0218C514FF656CDC02FA3B06
:103A300079033C44B1E30000C5CB0D0100F0272B16
:103A4000FF0C2C050900972018C0213F04062F0FFA
:103A500006430AC8FD4143F24E62008C0500B300E4
:103A60001E39BF7539F8010A4E0F693DDFF70000B6
:103A700049D95618041FFB0FCC25B0280800208C0C
:103A8000D4003057B481267218460D1772FBAC056E
:103A90003AFBD388F30024FF60202E63022801281C
:103AA000FF5300008386050005FF400140303C18AD
:103AB0003864FF403C00E387E70003EF08950021EE
:103AC0000130005F00FF41410104C044DD07FF00F9
:103AD000738C0D00738B1FDF00610304C02D325304
:103AE000C0FF03A3025301D450F9FF00E050870048
:103AF000F85014F300FF000060BFF6011407002027
:103B00009400315DBF06483F70380230003140BC40
:103B10000034747F2A714B4A46787F0080ED3F79EC
:103B2000B77A447A756666FEDF4148E1D14237F4E0
:103B30004233E3337B38337C8F073A3112424C3BBC
:103B40001D647EA0AF43013FC06B3F0EFE813F026C
:103B50000E09536D617274FF42414E2D4E6F6465C4
:103B60008283600B706270B740B140F4854F0545A9
:103B70002FBD00003B70F0742FF00031F57C003455
:103B80008400345226CC01634EEE6D72103589E606
:103B90005BD30033008AF0FFF000000081CC00000E
:103BA0000714010041130100020000001000000092
:103BB00002000000100000000200000010000000E1
:103BC00002000000100000000200000010000000D1
:103BD000020000001000000002000000E02C0000C5
:103BE0000200000000800000C03901000000002039
:103BF000A83B0100301A0020B03B01003018002023
:103C0000B83B0100401A0020C03B010040180020D2
:103C1000C83B010010180020D03B010020180020F4
:103C2000D83B0100509A0020E03B0100501A0020D0
:020000025000AC
:107FA80000008001100080FFFDFF5800FFFFBBF3B9
:107FB800FFFFFFFFFFFFFFFFFFFFFFFFFFFFFFFFC9
:107FC800FFFFFFFFFFFFFFFFFFFFFFFFFFFFFFFFB9
:107FD800FFFFFF00FFFFFFFF00FFFFFF00C5C5FF1A
:107FE800000000FF00000000FFFFFFFFFFFFFFFF92
:087FF800FFFFFFFFFFFFFFFF89
:040000031000183F92
:00000001FF
