:1000000000400120B18F0000038A0000B38300008C
:10001000F7870000F7870000F78700000000000066
:10002000000000000000000000000000F787000052
:10003000F787000000000000F7870000F787000046
:10004000F7870000F7870000F7870000F7870000B8
:10005000F7870000F7870000F7870000F7870000A8
:10006000F7870000F7870000F7870000F787000098
:10007000F7870000F7870000F7870000F787000088
:10008000F7870000F7870000F7870000F787000078
:10009000F7870000F7870000F7870000F787000068
:1000A000F7870000F7870000F7870000F787000058
:1000B000F7870000F7870000F7870000F787000048
:1000C000F7870000F7870000F7870000F787000038
:0800D000F7870000F78700002C
:1000D800ADF5107D08F0E6FF09F0DDFA05F042FB0A
:1000E80005F091F807F066FFDFF8786E152001211A
:1000F8000125B0471E200121B0471C200121B0472F
:1001080012200121B04716200121B04709F0ACFAAE
:100118000B200121B047E54809F0D5FA33AC204659
:1001280009F0E4F94FF4E1304FF000082146399026
:100138000020ADF8CC8004F051FADFF82C7EF86589
:100148002FAC204609F04EF9002021468DF8C480D6
:1001580004F028FF3866002007F084FBDFF80C4E17
:1001680024207121A04734200021A04735200021F8
:10017800A04736200021A04737200021A0478DF84E
:10018800408150AC0320214608F03CF8C0B1FD7016
:10019800DFF8DC5D0320FF21A84743203F21A84763
:1001A80044203F21A84742203F21A8474520C0219D
:1001B800A84750A9002008F025F887F81C8001E01E
:1001C80087F8038004F115003D464FF000092B9095
:1001D80004F116002A90002007F044FBB4490F20D0
:1001E80009F015FA09F040FA12200121B047DFF8AA
:1001F800844D42F21070A0471F20522107F09AF850
:1002080044F62060A047002007F02CFB0B208DF857
:10021800F2908DF80A91ADF80891CDF85491CDE996
:1002280053990021ADF8F00042A852903CA8519093
:10023800032050900F20B0470A20A047B86F50A95C
:1002480009F01BFA0A20A04709F00EFA9DF80A01E6
:10025800AD28B87029D012200021B04742F21070A2
:10026800A0471F20522107F065F844F62060A047F8
:100278000F200021ADF808918DF80A91B0470A20A7
:10028800A047A86F50A909F0F8F90A20A04709F07B
:10029800EBF99DF80A01AD2802D1AD20A87002E063
:1002A800122009F0D5F9DFF8CC4C2C20132107F0E7
:1002B80041F82D20022107F03DF842F21070A047C6
:1002C80016200021B0474FF47A70A047162001216C
:1002D800B0477848A04718200121B04744F620606D
:1002E800A047DFF8940C08F037FD3CA8DFF8788CBD
:1002F800DFF870BC264600F10C0100F108072E91CA
:1003080050A90C312D910021022900F0D487DFF883
:100318006C0C2C91445C6649204609F078F920461B
:1003280009F096F9322009F0CEF94FF0000ABAF137
:10033800020F00F09B80DFF8480C50F82A5028463E
:1003480007F090FA2D988DF81091CDE94299002187
:10035800C0E90099C0F8089042A8CDE95190092059
:100368005090204608F062FF1920B047D8F878006E
:1003780050A909F082F91920B047204609F068F918
:100388003220B0479DF8080100F0F000C02870D076
:1003980020460021D8471920B0471120C7E9009905
:1003A800C7E902998DF8240149A83D9001203C90A5
:1003B800D8F878003CAE314609F05FF9DFF8B41B95
:1003C8001920884720460121D847DFF8A81B32208A
:1003D800884720208DF83A910021ADF838012E98F1
:1003E800C0E90099C0F808904CA83E904EA88DF836
:1003F8003291ADF830913D9003203C902046D8478B
:10040800DFF8701B19208847D8F878003146DFF8E4
:10041800646B09F032F91920B04720460121D8470A
:100428003220B0479DF832010138FE2844D3BAF192
:10043800000F18D1DFF84C0BDFF84C5BA8472046BB
:1004480007F0B4FBDFF8440BA8479DF8320108F029
:1004580017FBDFF83C0BA8479DF8080108F010FBD4
:10046800DFF8300BA8470AF1010A60E72C9901313F
:100478004AE7DFF8240BDFF8106BB047204607F097
:1004880095FBDFF8180BDFF8181BBAF1000F08BF4F
:100498000846B047DFF80C0BB0479DF8080108F094
:1004A800EFFADFF8040BB047732031E0A0860100B3
:1004B8000104002040420F00DFF8DC0ADFF8C87AA8
:1004C800B847204607F072FBDFF8D00ADFF8D01AE9
:1004D800BAF1000F08BF0846B847DFF8D00AB84796
:1004E8009DF83001DFF8C86AB047DFF8C88A40468F
:1004F800B8479DF83101B0474046B8479DF83201EA
:10050800B047DFF8B40AB847DFF85C8A9DF83201D3
:1005180088F81D4088F80000DFF8A00A08F01CFCE5
:1005280098F81D0007F042FBDFF8940A08F014FC65
:10053800BAF1000FDFF88C4AC246DFF88C0A08BF10
:100548000446794E09F08DF8DFF8800A056011201D
:1005580007F0CAF8642009F0B6F8DFF8745A0120E9
:100568000221A8470220A021A84704200021002436
:10057800A84705200021A84706202C21A8470A20C3
:100588008321A847304609F09EF8012007F06AF950
:10059800DAF87800DFF8DC69A8B3ADF8FE40CDF8EA
:1005A800FA40CDF8F640CDF8F240CDE953445594E1
:1005B80042A8002152903CA8CDE94444CDE94244E8
:1005C80051900E2050904FF43260ADF8F0009AF838
:1005D8001D0008F02BFE0A20B047DAF8780050A971
:1005E80009F04BF804460A20B0479AF81D0009F0B4
:1005F8002FF81920B04734B142A80C22811CDFF82B
:10060800D40909F063F8DFF8CC793878411EFD2960
:1006180098BF8AF8000018200121012408F006FE7E
:1006280008F0CEFF102007F05FF808F0C9FF9AF82D
:10063800000040F02001732905D010F0700F02D19E
:10064800B878A02801D18AF8014050AC182120467A
:1006580008F0D7FD002021461722CDE93E00CDE95C
:100668003C00ADF80C0142908A2007F045FE0028B6
:1006780000F0C7803CA9E1200E2207F03DFE0028CB
:1006880000F0BF8042A900200522002407F034FEB4
:10069800002800F0B6808DF838414EA9F0200122DC
:1006A800012407F029FE9DF83801DDF8ACC00228C6
:1006B80007D0BDF8441146F2A81081422CBF00248F
:1006C8000124BDF8F800002C8AF80440AAF8360086
:1006D800BDF84001AAF838009DF842018AF81E00CA
:1006E80046D0BDF84A01AAF83A00BDF84C01AAF86C
:1006F8004600BDF84E01AAF81F00BDF84401AAF84B
:100708003C00BDF84601AAF84800BDF84801AAF81F
:100718002100BDF85201AAF84A009DF854018AF850
:1007280023000AF1240038E0A086010000BF00BFC2
:10073800000000000000703F000000000000B03E14
:10074800000000000000303D000000000000F03E06
:10075800000000000000103D000000000000B03D57
:10076800000000000000503F000000000000103FA3
:100778005198BDF84E11DDF8A8C0CAF83E009DF8A2
:100788004801AAF82610DDF852118AF82500DDF88C
:100798004A01CAE913010AF128009DF8F3409DF8BF
:1007A800F0109DF8F1209DF8F2309DF80A518AF872
:1007B80029403D9CCAF82A40BDF8FA40AAF858409A
:1007C800BDF8FC40AAF82E409DF808418AF8304050
:1007D8009CF80040047008019DF90C1140EA1210C1
:1007E800AAF8540002F00F0040EA0310AAF85600D5
:1007F800C5F301108AF83100102091FBF0F08AF857
:100808003200DAF86000DFF88087002800F02285DF
:100818000021CDE95611CDE95411CDE9521103213A
:1008280051913CA950914421ADF8581138218DF8C7
:10083800F21043F20A21ADF8F01050A908F0C9FCF3
:10084800DAF86000002800F005850C2007F0E4F8CD
:10085800DFF88447AAF84200032040F60E01A047BB
:1008680004204FF4E061A04700200021A047DAF8F7
:100878006000DFF81487002800F0EC840AF14401D6
:1008880042F20B4007F048F8002800F0F0800024FE
:1008980043F20100ADF8F0403CA907F03DF868B11B
:1008A800BDF8F010012060F342014FF6FB70ADF87F
:1008B800F010014043F2010007F050F944F62060BF
:1008C80008F001FF5094ADF8084150ACDFF80C6710
:1008D80042F20C402146B04708F0AEFE1FED6C0B0B
:1008E80055EC107B08F078FE41EC100BDFF8DC8645
:1008F80042F20E40214688ED040BB04708F09CFEFA
:100908001FED730B08F050FE41EC100B42F2104043
:10091800214688ED060BB04708F08EFE1FED780BD8
:1009280008F042FE41EC100B42F21240214688EDDD
:10093800080BB04708F080FE08F04EFE41EC100BA3
:1009480042F22440214688ED0A0BB04708F074FEB5
:100958001FED830B08F028FE41EC100B42F22640F5
:10096800214688ED0C0BB04708F066FE08F034FE0F
:1009780041EC100B42F22840214688ED0E0BB0479F
:1009880008F05AFE1FED8E0B08F00EFE41EC100B1E
:1009980042F22A40214688ED100BB04708F04CFE81
:1009A8001FED930B55EC107B08F016FE41EC100B75
:1009B80042F22C40214688ED120BB04708F03CFE6D
:1009C80008F00AFE41EC100BDFF8146642F22E40E4
:1009D80088ED140B42AD2946B04708F0DDFD1FED48
:1009E800A00B54EC107B08F0E7FD41EC100B42F231
:1009F8002F40294688ED160BB04708F0CDFD08F0CA
:100A0800DBFD41EC100B42F28140294688ED180BC2
:100A1800B04708F0C1FD1FEDAC0B08F0C5FD41EC77
:100A2800100B42F28240294688ED1A0BB04708F0B5
:100A3800B3FD08F0C1FD41EC100B43F2010088ED55
:100A48001C0B3CA9B04738B1BDF8F00040F00601D6
:100A580043F2010007F082F8DFF80CA5DFF82885DB
:100A6800DFF87075DFF80C6501208AF80500DAF800
:100A78006000002800F0EE83DFF86805C047C5492C
:100A88001C2008F0C4FDDFF8DC441C200121A0472D
:100A980042F21070B04713200021A04746F2A81078
:100AA800B0471C200121A04742F21070B047132024
:100AB8000121A0474CF25030B047B748B047B7497A
:100AC8001C2008F0A4FDFF260DF23F11022005228C
:100AD8008DF83F6107F058FE0446DFF80C05DFF893
:100AE800A814884708F027FDDFF80005DFF89814F8
:100AF80088472046DFF8908407F0C2FFDFF8F0044B
:100B0800C047082D8AF806502DD1DFF8E804C04701
:100B1800012000210022322307F050FE0446DFF8AE
:100B2800D804DFF864148847204607F0A9FFDFF8E7
:100B3800CC44DFF8541420468847994808F0C3FD90
:100B48000DF23F110220052207F01EFEDFF8B00467
:100B5800DFF83414884708F0EEFCDFF82C842046D0
:100B6800C0478AF806500AF13301FF20052207F032
:100B78000BFE40F2FF30509602210423ADF8F0003E
:100B88000A2000903CA850AA05F05AFB50B19DF8E5
:100B9800400138B99DF841018AF80700BDF84201C3
:100BA800AAF808009AF80600002840F0E382DFF867
:100BB8005404C0470120002101220A23002708F01D
:100BC800B5FC0446DFF84004C047DFF8E49320464C
:100BD800C847DFF828040446C04710200121012235
:100BE8000A2307F0EBFD0546DFF82004C047284636
:100BF800C84720462546C04740F24440FF24DFF856
:100C080010640DF23712042101234E9014208DF840
:100C1800374100904EA8B047DFF8F803C0479DF869
:100C28003701C8472846C0475E480AF80D4F0421D7
:100C3800012352464C90FA2000904CA8B047DFF8A8
:100C4800D803C0479AF80000C8472846C047DFF8CD
:100C5800CC430DF22F11FF208DF82F718DF82E71D6
:100C6800A04705460DF59771FE20A0479DF82F4136
:100C780083469DF82E61EA480AF8015C0AF8024C9E
:100C88000AF8034C8AF80260C0472046C847E54C7A
:100C98002046C0472846C847E348C0473046C847AB
:100CA8002046C0475846C847D148C047DB4C0DF2DC
:100CB8002D1100208DF82D718DF82C71A0474BA9AE
:100CC8000120A047D94E11200F21B047122004213E
:100CD800B04715200121B0472A203F21B0472320E3
:100CE8007F212325B04724207F21B04725207F215D
:100CF800B04720202121B04721200321B0470920F7
:100D08000F21B0470A200221B0470220C021B04776
:100D18000446C748C0472046C847DFF8E0B25846EF
:100D2800C04704200021B04705200021B047062015
:100D38000021B0470D200821B047044601208AF859
:100D48000300BC488AF80140C0472046C8475846B7
:100D5800C0474120AE4C8DF82A5103210623ADF837
:100D680028014FF6EE70ADF80C01B34842900F2001
:100D780000904AA842AAA047B048C047B04C062FE6
:100D880012D042A8C05D07F07BFE08F06AFC01376C
:100D9800F5E700BF01040020006A180002400020A7
:100DA80040420F0044000100944D774C2846A0476C
:100DB800A4480DF22312042101234990FF208DF845
:100DC80023013220009049A805F03AFA9E48A0472E
:100DD8009DF8230107F054FE2846A04750A89B4CD5
:100DE800DFF86C92DFF86C82DFF86CA20025013026
:100DF8002C90032D00F0AC819848634FB847984871
:100E08002E95DFF8ACB1455D2846D8479548B847D8
:100E1800102000212A460A232D9507F0CFFC05460D
:100E28009148B8472846D847744D2846B84740F2F5
:100E38005220012603210DF21F120123ADF82001D3
:100E4800FF208DF822618DF81F016420009048A8CA
:100E580005F0F6F98548B8479DF81F01D847284698
:100E6800B847062E7AD0824808210DF58F720123E3
:100E78003D9014203C90FF208DF81E010A20009020
:100E88003CA805F0DDF97B4808F01DFC00200DF2B8
:100E98001D110A228DF81D01122007F075FCDFF8DC
:100EA800E8B007462046D847304606F07FFE484659
:100EB800D8479DF81E0107F0E3FD4046D8479DF846
:100EC8001D51284606F072FE5046D847384607F0AE
:100ED800D7FD4A48D8470DB90136C2E74FF48970A3
:100EE8004021ADF81A0150AF384608F08AF90A20B7
:100EF8003A46009005EB4500C0000130C6B24020DC
:100F0800402E28BF06460DF58D703346022105F0A8
:100F180097F9F8B15848A34607F01EFF9DF840011D
:100F280007F0AEFD554807F017FF102E4FF01000E0
:100F380028BF06462C9F424C013E3EB117F8010BD4
:100F480007F09EFD08F08DFB013EF6E72B4807F001
:100F580003FF5C4604482D990576C1762E9D013520
:100F680047E700BF359200001C0800203D830000C1
:100F780089800000CF960000239A000082A8000014
:100F8800B8AC000039AD0000618D000035AD00003F
:100F98002DAD00004DAD0000B8A90000F2AB000077
:100FA800FCAB0000D7A4000029AD0000C0AB0000D6
:100FB800898A00003DAD000098A8000068A30000E1
:100FC800A0AC000051AA0000ACAA0000180900203B
:100FD800FD7000003C0A0020397D00001D860000DD
:100FE800217900009699000025A400001CAB0000A0
:100FF80031AD000041980000CEA0000048AD0000CF
:10100800789F0000309C00005A9D0000A59F0000BA
:10101800496200002F9B0000919D00007983000029
:10102800229D000078AC000004AB0000E5850000BC
:101038004C9900006F9C0000AABBCCDDF7A0000013
:1010480055AD000044040101B09B000085AA0000D2
:1010580044AA000021A90000E4AC000094A100000B
:101068006DA1000041AD0000EDA5000052A00000F8
:10107800000003E8400D03000EA9000025AD0000A4
:1010880045800000DF990000E89C0000D897000028
:10109800AE9C0000ED9A0000E7A300005B9E0000F4
:1010A8002CA50000F09B0000F99D000048A5000059
:1010B800E7A200002A9E000070A60000D19F000051
:1010C800FD9F00009DA40000B57B0000F7AC000068
:1010D800EBAC0000FDAC0000A5A00000BAA4000025
:1010E800F1AC00007CA0000010A500007FA4000067
:1010F800DCA10000B8A1000064A50000A5A20000C2
:10110800C6A20000E8A8000040AB000090AC0000B8
:1011180057AD0000ED9E0000C0A800001C9F000015
:10112800C7A90000A8A9000098A900008C9E00008B
:1011380043A800001DAA0000F3A9000028A0000091
:1011480088A900001FA100008AA60000AB9A000031
:101158005FF8ECA19AF8180028B9012000210122B3
:101168000A2308F0E3F95FF8E0815FF8987101203D
:101178008AF81700DAF8600000284DD000208DF8B2
:10118800400150A9FF2007F01DF8002844D09DF821
:10119800400136288AF835003ED15FF81C510D20F1
:1011A80001210124A84708F00BFA0D200221A847C5
:1011B80011200B21A84712200021A8471320C02185
:1011C800A84715200121A8472A203F21A847232006
:1011D8002021A84724202021A84725202021A847EE
:1011E80009200F21A8470A200221A84720202121F1
:1011F800A84721200321A84704200021A84705204B
:101208000021A84706200021A8470D200821A8474B
:101218005FF88C828AF834409AF83400012819D192
:101228009AF80A00362806D09AF83500362804BFFE
:1012380036208AF80A009AF8110010B901208AF8B5
:1012480011009AF8120010B901208AF81200012042
:101258008AF817005FF8D401C0475FF8D401C04787
:101268005FF8D801C0475FF8D801C0475FF8DC01D4
:10127800C0475FF8DC01C0479AF8000007F000FC9F
:101288009AF80100012827D15FF8F00107F064FD02
:101298005FF8F40107F060FD5FF8A0425FF8605264
:1012A8000026062E1AD0B85D07F0EAFB284607F09C
:1012B80053FD0136F5E75FF8BC4208F0D2F95FF854
:1012C8001C0207F049FD5FF860A39AF81D0006F0BC
:1012D8006DFC0125FFF735B95FF834425FF85873A4
:1012E8002046B8475FF83C02B8475FF8848398F80F
:1012F800020007F0C5FB98F802105FF84C025FF88F
:101308004C22AD2908BF1046B8475FF85402B847C9
:1013180098F803105FF85C025FF85C22002918BF98
:101328001046B84798F80400012825D15FF86C02E8
:10133800B847B8F836005FF87042A0475FF8740203
:101348005FF8BC138847B8F9380007F0A9FD5FF8C3
:1013580080025FF8CC138847B8F83A00A0475FF8D6
:101368008C025FF8DC138847B8F83C00A0475FF8A8
:10137800E8735FF89C021DE05FF8A002B847B8F870
:10138800360006F013FC5FF8BC02B847B8F938001D
:1013980007F086FD5FF8C802B847B8F83E0006F0C7
:1013A80005FC5FF8C402B847B8F9400007F078FDBB
:1013B8005FF8D002B8475FF8D002B847B8F84200E3
:1013C80007F0EAFEB8F842105FF8E0025FF8E022A2
:1013D800B1F5C37F08BF1046B8475FF8E802B847C1
:1013E800B8F8440007F0D8FE98F805105FF8F8023E
:1013F8005FF8F822002918BF1046B8475FF80003C5
:10140800B84798F8060007F03BFB98F8060020B1AB
:10141800082806D15FF8140301E05FF8140307F009
:101428009BFC5FF81803B84798F807005FF8685303
:10143800A8475FF824432046B84798F80800A8470B
:101448002046B84798F80900A8475FF83803B84716
:1014580098F80A005FF8A854A8475FF8386430463F
:10146800B847FF20FF24A8475FF85403B84798F807
:101478000B00A8473046B84798F80C00A8475FF813
:101488006403B847FF20A8475FF86C03B84798F88B
:101498000D00A8475FF87403B847FF20A8475FF816
:1014A8007803B847FF20A8475FF88003B84798F843
:1014B8000E00A8475FF88803B847FF20A8473046C2
:1014C800B847FF20A8475FF89403B84798F80F007B
:1014D800A8475FF89C03B84798F8100000284FF019
:1014E800FF0018BF0820A8475FF8B003B84798F86E
:1014F800110000284FF0FF0018BF0120A8475FF82F
:10150800C003B84798F81200002818BF01242046E5
:10151800A84798F80A105FF8D4035FF8D42336294F
:1015280008BF1046B8475FF8DC03B847DFEDD5EAD7
:1015380050A800F10C01103018900120B0EE6EEAAE
:10154800F0EE6EFAB0EE6E8A19911A902E90D8F8D5
:1015580060008DED29EA002800F05E8198F92E00E0
:1015680007F034FA9FEDC80B53EC102BCDE92B2371
:1015780008F0A1F89FEDC60B08F036F80546B8F953
:10158800580008F06BF89FEDC40B5AEC102B53462B
:101598002D9208F090F89FEDC20B08F005F89FED2A
:1015A800C20B08F021F89FEDC20B07F0FDFF9FED7D
:1015B800C20B59EC10BB5A4608F047F807F02AFF4F
:1015C800044698F92F0008F034F89FEDBD0B07F09A
:1015D800EBFF9FEDBD0B07F0E7FF07F0F9FF0446AF
:1015E80098F8310008F037F89FEDB90B07F099FF2C
:1015F80002F08BFD07F090FF08F05BF807F0C8FFDA
:10160800044698F9300008F014F89FEDB30B07F082
:10161800CBFF5A4608F019F802460B465846494689
:1016280008F047F807F00EFF9FEDAD0B53EC102BB9
:10163800CDE9222302F069FD9FEDAB0B07F0B4FF63
:101648009FEDAB0B05460C4607F06BFF2A9605F09D
:10165800AAFB9FEDA90B002828971CBF3C463546DE
:101668002846214607F05DFF05F0C4FB00281CBF93
:101678003C4635462846214606F0EEFBA04C01467E
:101688005A20A04764205921A04771201021A04763
:1016980072200121A04774205521A047994808F0DD
:1016A80012F850AC1121204607F0ABFD1D20214651
:1016B800112206F021FE68B19DF846119DF84501FA
:1016C800090141EA00309DF8471140EA1110410331
:1016D80040F082810027F0EE6EDAB0EE6EBAB0EE1E
:1016E8006ECAF0EE6E8AB0EE6EFAB0EE6EEAB0EE4A
:1016F8006EDA5FF88C87D8F860000024002800F0C4
:10170800A48018998DF83841C1E90044C1E9024420
:10171800022153913CA95291012151914EA9ADF852
:10172800F04050914421ADF8581150A907F051FDEF
:10173800B0EE6EAA4FF000062D9058B3012102209A
:101748009DF8F0409DF8F1508DF83011539042A863
:10175800CDE951104CA850900020ADF80801D8F8F8
:10176800600050A907F035FD64F30B259DF80811BA
:101778002E02002818BF41EA0526240906FA04F0BB
:1017880007F09EFB9FED600B07F00EFF05F00AFEC9
:101798000AEE100AD8F86000CDE92464002868D061
:1017A8005B4C0820A04782464FF6FF70BAEB00005A
:1017B80018BF01202C900920A04727900A20A04795
:1017C80098F8051026900025D8F86000012940F007
:1017D8006F820028F0EE6E9AF0EE6EAA00F0578540
:1017E800ADF8405143F6FF7050A906F095F800286F
:1017F800F0EE6E9AF0EE6EAA00F04785BDF8404113
:10180800E00740F0BF845FF83C080125D0ED019A5D
:10181800D0ED02AA00F039BD00200025F0EE6EAA36
:10182800F0EE6E9A0027B0EE6EDAB0EE6EEAB0EE29
:101838006EFAF0EE6E8AB0EE6ECAB0EE6EBAF0EEE8
:101848006EDA2D90CDE9240008E000200025F0EEA6
:101858006EAAF0EE6E9A25902D902490B0EE6EAAA6
:101868004FF0000ACDE926002C904FF0000900F057
:1018780027BE0025F0EE6EAAF0EE6E9A4FF0000A31
:101888000020EFE700000000000000000000B03F6B
:101898000000000000804840000000000000003FF9
:1018A800FCA9F1D24D62403F55C1A8A44E40633F08
:1018B8000000000000007440000000000000F03F3D
:1018C800000000000000503F000000000000384009
:1018D8000000000000001040FCA9F1D24D62603FFA
:1018E80000000000000039C03333333333330B407A
:1018F80000000000000000000000000000E06F4051
:101908000180000020BF0200ECDD1FEF552B433F94
:10191800217A000000BF00BF000000000000103F57
:1019280000000000000050BF000000000000E03E82
:1019380000000000000020BF000000000000304050
:10194800000000000000B440000000000000F03C6F
:10195800000000000000E03B000000000000903F95
:101968000000000000002040000000000000703F60
:10197800000000000000D0C0000000000000203E71
:10198800000000000000B03E000000000000F03D34
:10199800000000000000A03D000000000000E03F43
:1019A800000000000040EFC0000000000000C03E42
:1019B8000000000000000000000000000000D03F10
:1019C800000000000000F04000000000000030BFF0
:1019D80000000000000030419DF843219DF84211AD
:1019E8009DF84431CDF86CA0CDE920B9120142EA46
:1019F800013141EA131112919DF84E1124919DF87D
:101A08004D110F91BDF848111C9107F059FA1FEDBF
:101A18003E0B04460F4653EC10AB5246279307F093
:101A28004AFE5FF8BC9A05460E46B9F8360007F03C
:101A380047FA1FED450B80468B4607F0B5FD07F0CA
:101A4800FBFC0546B9F9380007F008FE07F0E2FC90
:101A58001FED4B0B05460E462046394653EC102B1E
:101A6800CDE9102307F027FE1FED4F0B04460F4664
:101A78004046594607F098FD02460B46204639462F
:101A880002F043FB02460B4607F015FE044699F99F
:101A98001E0007F0D4FD1FED580B53EC102B1492C9
:101AA800169307F008FE07F0BBFC07F0C5FC1FED16
:101AB8005C0B04460D4653EC102B07F0FAFD064666
:101AC8008B4605F06FFC139099F80400CDE9256A60
:101AD800CDF87CB0012840F0F080B9F946001090AC
:101AE800B9F94A0006F072FF1FED690B55EC107B3F
:101AF80007F072FD04464846894690F9230006F02F
:101B080065FF07F069FD32465B4607F0D4FD2246C3
:101B180007F09BFD804612988A46000107F0D0F92D
:101B280002460B46D94604462C900D462B9107F0E9
:101B3800C2FD4246534607460E4607F0BCFD8346A3
:101B480088463846314607F023FD06465FF8E80B1D
:101B58000F4690F9240006F039FF1FED830B07F0BC
:101B680023FD07F07BFC5A46434602F0CEFACDE946
:101B78001101109806F02AFF1FED890B07F014FDDC
:101B8800DDF894A002460B464946504607F093FDFF
:101B98005FF82CBC04460D46BBF83A0007F090F9F4
:101BA8001FED910B07F000FD07F012FD04469BF9AD
:101BB8001F0007F03EFD1FED940B07F0F5FC07F042
:101BC8001DFC07F01BFC02460B462046294602F086
:101BD8009CFA05469BF9200007F040FD2D9A1B9BB7
:101BE80007F069FD07F00AFC07F008FC07F006FC9F
:101BF80007F022FC8046BBF848002D9107F060F9F9
:101C08001FEDA50B54EC105B2A46234602F07DFA23
:101C18001FEDA70B07F0C8FC07F0F0FB0646BBF862
:101C28003C000F4607F04CF92A46234602F06DFAAD
:101C38001FEDAD0B07F0B8FC07F06EFC02F065FA7B
:101C480004469BF9210007F0F4FC1FEDB10B07F0E7
:101C5800ABFC07F0D3FB07F0D1FB07F0B9FC054656
:101C68009BF9220007F0FAFC1FEDB70B07F09CFC6C
:101C780007F0C4FB07F0C2FB02460B464946504634
:101C8800D94607F018FD07F093FCDDE92B3207F081
:101C980012FD0B462D990246404602F036FA0246DE
:101CA8000B46DDE9110102F030FADDF880B0ECE016
:101CB800F0EE6E9AF0EE6EAAE9E21FEDC90B20462F
:101CC800294607F071FC1FEDCA0B07F08DFC06468C
:101CD80099F9250007F0ADFC07F0BAFB07F0B8FB4F
:101CE800279B524607F0E7FC0446B9F9400007F085
:101CF800A6FC32462B4607F0DEFC224607F0A2FC83
:101D08001FEDD70B07F050FCDDF86CA02D9A534659
:101D180007F0D1FCDDF880B0219B5A4602F0F5F9B6
:101D28000446B9F83E000F4607F0CAF807F078FBFA
:101D38002A9A289B04460C9105F028F81FEDE49B8D
:101D4800002840F0A480B9F94E0006F03FFE07F0E5
:101D58007FFB0A94044699F9270007F070FCDDE937
:101D6800102307F0A8FC80468B46304629463246A9
:101D78002B4607F0A0FC42465B4607F09CFC054654
:101D88000E4620463946224607F05CFC07F010FC58
:101D98001FEDF70B07F008FC0446B9F94C0007F0F3
:101DA80048FC1FEDF90B07F0FFFB07F011FC1FEDD6
:101DB800FA0B07F0F9FB0446129807F04CFC1FEDEC
:101DC800FC0B02460B4651EC100B02F099F907F098
:101DD800FFFB9FEDC30B07F0E7FB0A9A0C9B07F08C
:101DE80068FC0646B9F9520057468A4606F0EEFDE9
:101DF80007F01CFB07F01AFB9FEDBB0B07F0D4FBA9
:101E08009FEDBB0B834688463046514607F0CCFB16
:101E180002460B4604460D4607F04DFC07F012FB40
:101E2800044699F8280007F016FCDDE9102307F0AE
:101E380042FC07F0ADFB0446B9F9500007F0F9FB86
:101E48002D9A3B4607F037FC3246534607F033FCE1
:101E58005A46DDF880B0434602F057F907F0B8FB60
:101E6800044699F9260007F0E4FB9FEDA30B07F061
:101E78009BFB07F0ADFBDDE92B2307F01CFC0246BA
:101E88000B463046514602F040F941EC190B1C98BC
:101E980000BA040C13980DEE900A99F9290006F07F
:101EA80095FD9FED970B07F07FFBDDF89480DDF83B
:101EB8007CA007F0A9FA0546B9F856000E4606F0C8
:101EC800FFFF149A169B07F0F6FB07F071FB054617
:101ED80020460E4606F0F4FF2A46334602F010F973
:101EE800044699F92A0007F0A4FBDDE9262307F048
:101EF800E2FB07F069FB219B5A4602F006F9064609
:101F080099F92B0007F09BFB9FED7F0B07F04CFB2B
:101F180007F07AFA07F058FB324607F093FB0646BB
:101F2800B9F854000F4606F0CBFF9FED790B07F088
:101F38003BFB32463B4607F0BEFB07F083FA0446FC
:101F480099F82C0007F087FBDDE9262307F0B3FB9F
:101F5800064699F92D0007F072FB9FED6F0B07F00D
:101F680023FB07F031FB324607F06CFB07F010FB50
:101F780007F00EFB07F02CFB2A9EDDF8A0A0044614
:101F88000D463246534604F00EFF9FED650B0028C0
:101F98001CBF554634462046294607F0C2FA04F0CD
:101FA80029FF00281CBF3D4634462046294605F037
:101FB800F9F90CEE100A51EC190B32463B4607F0C2
:101FC80078FB05F0EFF924990BEE100A88060DD47A
:101FD800C8469FED55EA9FED55DADDF88490012754
:101FE800F0EE6E8AB3EE09FAFFF785BB880901F0B7
:101FF8000F082D900F984FEA800B99F9320006F0E0
:10200800E5FC9FED4B0B07F0CFFA9FED4B0B07F06C
:10201800EBFA02464A480B4600EBC80090ED000B6D
:1020280007F0DEFA064647480F4632463B4600EBC5
:10203800C80090ED000B07F0D3FA80462D9889462A
:102048005844A0F5007006F0C1FC07F065FA02F0EC
:102058005CF802460B464046494607F02AFB2A9A96
:10206800534606460F4604F0C5FE002800F0A88136
:102078009FED350B3046394653EC102B07F019FB12
:1020880005F090F99FED320B80462046294607F06F
:1020980048FA04F0A2FEDDE920B960B19FED2E0BED
:1020A8002046294653EC102B04F08AFE0028B3EE94
:1020B800090A40F09D872046294632463B4604F0EF
:1020C80072FE002800F08C879FED250AB3EE091AEE
:1020D8003CEE000A30EE010A00F08ABF00BF00BFE4
:1020E80000000000006AB840000000000000003E48
:1020F800000000000000703F000000000000604089
:10210800000000000000E03F000000000000B03EBA
:10211800000000000000D03E000000000000A03ECB
:1021280000000000000059400000C843CDCC4C3DE1
:1021380000000000000014400000000000F094407F
:10214800D8960000589700000000000000408F401B
:10215800000000000000434000000000000045406F
:10216800000018C22179000000000000000028408B
:102178001809002000BF00BF8DEDB5A0F7C6B03E1E
:102188001C08002024F0010143F6FF70CDF884906C
:10219800CDE91F7B05F0E2FC00255FF8387044F2BA
:1021A8000500ADF8F050ADF808513CA9B84744F225
:1021B800080042A9B84704F07C0044F20706BDF9BC
:1021C8000881BDF9F090ADF83851ADF830510428C8
:1021D80044F2060008BF44F2040608BF44F20300B4
:1021E8004EA9B84730464CA9B847484606F0EEFB1A
:1021F8001FED230B53EC102BCDE9102307F059FAF0
:102208005FF894B00B4602461C939BED160B934661
:1022180007F0E6F90646404607F011FA07F07CF9A0
:102228001692149301F071FF044628981FED2E0BA7
:102238000E46C50F57EC102B204665F3DF713B4661
:102248002B9204F0B0FDB0B9BDF930012B9A3B4692
:102258001390BDF9380112905FF8EC0090ED060B71
:1022680058EC109B4146484665F3DF7104F09BFD2E
:10227800002800F019865FF808B1DBED019ADBED64
:1022880002AA5FF804811F9F0025D8F860004FF06C
:102298000009002800F0138198F81700002800F0C2
:1022A8000E8198F80600002840F09C80002002214A
:1022B80002233C46ADF8F0004FF6FF70ADF8080178
:1022C800052000903CA842AA03F0BAFF18B19DF877
:1022D800090188F81A00002005228DF83001122023
:1022E8004CA906F051FA9DF83071002888F81900B9
:1022F80088F8187075D1002F73D04FF4897098F84A
:102308001B801826ADF838010A200090052F4FF0E1
:10231800050028BF0746B8F1030F08BF2C2606FBA7
:1023280007F0431C4EA8022150AA03F089FF002899
:1023380055D09DF84001002851D1781E50A916FBB0
:102348000010027AC17947790679C37812023F02F0
:1023580042EA0141427A47EA06468779114482787F
:102368003E44209141782196120242EA0141B8F197
:10237800030F5FF8F48101EB030940F0858698F8B4
:102388001B10032940F08086818CB2EE041A274680
:1023980009BA090C00EE101A418BB8EE400A09BAC6
:1023A800C0EE01CA090C00EE101A017F90F82C004B
:1023B800B8EE400AC0EE01BA1B911C9000F07ABE3C
:1023C8005FF84482DDE920B90127F0EE6E8AB0EEAD
:1023D8006EFAB0EE6EEAB0EE6EDAFFF78CB95FF81F
:1023E8006082274698F83400012866D1D8F8600042
:1023F8004FF00009002862D08DF80891072042A903
:1024080005F0E0FE00285AD09DF80801002854D0B5
:1024180025281F9724BF24208DF80801AB464FF0CC
:1024280000094FF0000841F28737002100260324F5
:1024380062252191864280F02A85189800215394BC
:10244800C0E90011C0E9021108208DF838013CA844
:102458005290012051904EA8ADF858518DF8F210C5
:10246800ADF8F0105090DFF8A80E006E50A906F0F5
:10247800B0FE002800F00B859DF8F0109DF8F100E3
:102488009DF8F22001F00703C9081B0443EA002065
:102498000129104407D0032903D0022908BF21903D
:1024A80002E0804600E08146DFF8781E0136C86801
:1024B8000130C8609DF80801BCE74FF00009002012
:1024C800CDE92000F0EE6EBA1B90F0EE6ECA1C90BB
:1024D800289000204FF0000B05F0C4F9D8F87800D8
:1024E80080B340F60B60CDF8F4B000213C90199809
:1024F800C0E900BBC0F808B042A852903CA8CDE99A
:1025080042BB5190082050900F2006F08FFE0A2001
:1025180007F0D9F8D8F8780050A907F0AEF80446C3
:102528000A2007F0D0F80F2007F092F84FF00000CB
:102538004FF000064CB1BDF80E61BDF80C01BDF8B6
:102548000AB102E0002000260024229000205090CA
:102558003C9050A83CA902F057FE98F8131098F840
:102568001400CDF87C90CDE92A4A2396012915D18B
:10257800DFF8F02D00EB4001A946505C0A44517881
:10258800927806F0E7F898F81500002807BF0020B1
:1025980088F81300013888F815008CE0DFE800F0AF
:1025A8000437141A0A3C4728A946002F57D0B0EE22
:1025B8006D0A39E02C98A946002850D040F2E7303F
:1025C800824538BF504674E0A946002F47D0B0EE88
:1025D8004C0A29E02D98A946002840D09FED210AF1
:1025E800B4EE40AAF1EE10FA54D5B0EE4A0A1BE058
:1025F800F5EE40BA0020A946F1EE10FAC8BF012056
:102608002899084001282AD1BDEEEB0A4FE0A946D7
:102618002FB3BDEECB0A4AE098F80500A94628403A
:1026280001281CD1B0EE6A0A03F032FF43E098F8A3
:102638000100A946012812D198ED190AB2EE041A30
:1026480040F2E73180EE010ABDEEC00A10EE100A32
:10265800002848BF4042884228BF084629E006F0C3
:102668000FFC28E0CDCCC74200C079440000964357
:102678000080894400507D4401DE423E002A2D47F7
:1026880000007A4300004843000016430000C84297
:10269800000048421FED0C1AB0EE4A0AB4EE41AAF7
:1026A800F1EE10FAC8BFB0EE410ABDEEC00A10EE56
:1026B800100A05F087F998F81400DFF8AC4C205C94
:1026C80006F04DFFDFF8A45CDFF848AC2846D04799
:1026D800DFF89C0CD0472E9805F068FA2846D047BA
:1026E800DFF8900CD04798F8140005F05FFADFF88F
:1026F800880CD0470020DFF86C2C8DF80B0198F877
:10270800140000EB4000115A10448078ADF808110D
:102718008DF80A0142A8D047DFF8600CD04798F836
:102728001400205C06F0ACF9DFF8540CD04706F032
:10273800EFF8064606F0A4F9F00703D0DFF8440CDA
:1027480006F00AFBF00603D5DFF83C0C06F004FBA4
:10275800700703D5DFF8340C06F0FEFA202E03D3F9
:10276800DFF82C0C06F0F8FA300703D5DFF8240C54
:1027780006F0F2FAB00703D5DFF81C0C06F0ECFA05
:102788001EB9DFF8180C06F0E7FADFF8940B06F02C
:10279800E3FADFF87C8B002F00F0A380DFF8000C51
:1027A800DFF8704BA047DFF8FC5BB0EE6D0AA84776
:1027B800DFF8F40BA047B0EE4C0AA847DFF8EC0BA3
:1027C800A047B0EE4B0AA847DFF8E40BA0471FED7F
:1027D800590AB4EE40BAF1EE10FA22DD1FED5C0A98
:1027E800B4EE40BAF1EE10FA1BD51FED5E0A5FEDAC
:1027F8005E0A8BEE000A00F07DFEDFF8B80BB0EE43
:10280800409A06F0A9FAB7EE000A1FED641A30EEF6
:10281800490A20EE010A04F033FEDFF89C0B06F0AB
:102828009BFADFF8980B06F097FAB0EE680A04F006
:1028380027FEDFF88C0B06F08FFA1FED6F0ADFF822
:10284800846BB4EE40FAF1EE10FA26DC1FED730A41
:10285800DFF8746BB4EE40FAF1EE10FA1DDC1FEDF0
:10286800760ADFF8686BB4EE40FAF1EE10FA14DC81
:102878001FED7A0ADFF8586BB4EE40FAF1EE10FA61
:102888000BDC1FED7D0ADFF8506BDFF8480BB4EE68
:1028980040FAF1EE10FAC8BF0646DFF8400BDFF841
:1028A800744AA047B0EE4F0A04F0EAFDDFF8C80A00
:1028B800A0473046A047DFF8640AA047DFF8200B9E
:1028C800A047B0EE4E0A04F0DBFDDFF8180BA04776
:1028D800B0EE4D0A04F058FBDFF80C0BA047DFF808
:1028E800308A98F80500DFF82C4A00EA0900012828
:1028F80026D1DFF8F80AA047B0EE6A0A04F044FBD4
:10290800DFF8EC0AA047B0EE690A04F03DFBDFF8F7
:10291800E40AA047DFF8E00AA0473AEEE99AB5EEE4
:10292800409AF1EE10FA03DBDFF8D00A06F014FA49
:10293800B0EE490A04F028FBDFF8B80A06F00CFAF2
:10294800DFF8BC0AA04798F80000DFF8CCA9D04708
:10295800DFF8B00AA04798ED190A04F091FDDFF8F6
:10296800A85A2846A047D8F8680006F099FADFF870
:102978009C0AA04798ED1B0A04F082FD2846A04750
:10298800D8F8700006F08CFADFF8840AA047D8F867
:10299800740005F00BF9DFF87C0AA047172006F051
:1029A80097FB05F003F9DFF8700AA04798F81600BE
:1029B800D047DFF8680AA047DFF86C592878D04775
:1029C800DFF86C793846A0476878D0473846A04782
:1029D800A878D0473846A047E878D047DFF84009BC
:1029E800A04798F81700012840D12898DFF8887A7E
:1029F800DFF8886ADDF8ACA0002848D0DFF83C0A88
:102A0800A047B0EE6B0A04F03BFDDFF8340AA0479C
:102A18001B98DFF82059A847DFF8280AA047B0EE2E
:102A28006C0A04F02DFDDFF8200AA047DFF81C0A25
:102A3800A0471F98A847DFF8180AA0472198A84779
:102A4800DFF8100AA0472098A847DFF80C0AA0472B
:102A58001C980138C1B2DFF8040A022903D8DFF84C
:102A6800000A50F8210006F077F936E0DFF8B009DF
:102A780006F072F998F8060006F002F8DFF8AC08DC
:102A8800DFF8F479DFF8F469DDF8ACA027E0DFF8C7
:102A98009409A04798F8180005F088F8DFF8880925
:102AA800A04798F81900DFF87058A847DFF87C09A4
:102AB800A04798F81A00A847DFF87409A04798F8C3
:102AC8001B00A847DFF86C09A04798F80D00A84735
:102AD800DFF86409A047FF20A847DFF8440806F09C
:102AE8003BF92D98A8B1DFF87C09A047B0EE4A0A57
:102AF80004F04AFADFF87009A047259805F056F85F
:102B0800DFF86809A047249805F050F8DFF81C089A
:102B1800A0472C9800285CD0DFF8540906F01CF96F
:102B2800504605F043F8DFF84C0906F015F9BAF1FC
:102B3800150F0CD34FEA9A004A2800F28C81AAF1AB
:102B48001400462180B2B0FBF1F0441C00E00024E0
:102B5800DFF8240806F000F90025142D07D03046C8
:102B6800A54238BF384606F0F7F80135F5E7DFF833
:102B7800100906F0F1F8DFF80C09BAF1320F13D397
:102B8800DFF80409BAF5967F0ED340F2DC5082458F
:102B9800DFF8F80808D341F27070DFF8F4188245BE
:102BA800DFF8F00838BF0846DFF86847A047DFF8C5
:102BB8007007A047DFF8E008A047279804F0F6FF61
:102BC800DFF8D808A047269804F0F0FFDFF8D0080F
:102BD800A0472A98002800F0E38022980FFA8BF685
:102BE800B0EE6EBA00EE106A0FFA80F82398B8EECD
:102BF800C09A00EE108A04B21A98B8EEC0AA00EE85
:102C0800104AB8EEC0EAC0070FD13AEE6F1A39EE93
:102C1800480A21EE011A00EE001A9DED290A3EEE3F
:102C2800400A00EE001AB1EEC1BA2EEE0E8AB0EEDE
:102C3800480A0AEE0A0AF1EEC00AB0EE490A02F0A2
:102C480011FE09EE098AB0EE40CAB0EE4A0AF1EE6A
:102C5800C80A02F007FE9FEDD73AB0EECA1AB0EEE6
:102C6800C92AB4F52F7F0BDDB4EE432AF1EE10FA32
:102C780006D5B4EE431ADFF82C78F1EE10FA23D417
:102C880014F52F7F0BDAB4EE432AF1EE10FA06D5CD
:102C9800B4EE431ADFF81078F1EE10FA14D49FED71
:102CA800C63ADFF80878B4EE432AF1EE10FA0BDCE6
:102CB8009FEDC12ADFF8FC77DFF8F407B4EE421A7B
:102CC800F1EE10FAC8BF07462AEE0A1ADFF8E8073D
:102CD800DFF8405609EE091A0EEE0E1AB1EEC18A57
:102CE8009FEDB61A2CEE01CA20EE01DAA84730464D
:102CF800DFF8C867B047DFF8C807A8474046B047BD
:102D0800DFF8C007A8472046B047DFF8BC07A84748
:102D1800BCEEC80A10EE100A04F048FFDFF8AC0752
:102D2800A847DFF8AC07A847DFF8A867B0EE4C0A59
:102D3800B047DFF8A407A847B0EE4D0AB047DFF860
:102D48009C07A8473846A847DFF8D0452046A8473B
:102D5800DFF88C07A847B0EE4B0AB047DFF88407C6
:102D6800A8479FED970ADFF88407DFF87C17B4EED1
:102D780040BA9FED940AF1EE10FAC8BF0846DFF892
:102D88007017B4EE40BAF1EE10FAC8BF0846A8476B
:102D98002046A8478C4DDFF8788500201A9006E079
:102DA8009DED29EA884DB0EE6FAAB0EE489A2E98AC
:102DB8000A2401302E90002C47D0284606F083FCC8
:102DC80008F1680008F1700102F01EFA05F0A0FD94
:102DD80068B198F81C10884209D020EA010188F8E7
:102DE8001C008A0707D4CA0715D1490719D488F8DF
:102DF8001C00013CDFE798F81400DFF86825013073
:102E080000F0070000EB400188F81400505C0A4409
:102E1800517892780BE00620432188F81400452069
:102E280004E00720502188F814005020472205F0BC
:102E380091FC98F81400DFF83015085C06F08FFB59
:102E4800012088F8150088F81300F0EE4AFAB0EE71
:102E5800498AFEF77CBB40F2DB50824507D8AAF5C9
:102E68009670F02180B2B0FBF1F0041D70E64FEAD5
:102E78009A107C2809D8AAF2DC5040F28A2180B244
:102E8800B0FBF1F000F1090462E6142460E6CDF825
:102E98008080B94540F211810120DFED4CBADFEDA9
:102EA8004CCADFF86C8412E1CDF83CB05846DDF826
:102EB80070B022463346594606F0FBFB9FED460BA1
:102EC80053EC102B0692099306F0F5FB0446DFF845
:102ED80054040391049490ED081B90ED040B90EDBD
:102EE8000A9B8DED0A1B90ED181B53EC102B204606
:102EF8008DED0C1B01F004F94A4643463C46064654
:102F08001B950F4606F0D5FB02460B4651EC190BF4
:102F180001F0FBF8804689463046394632463B4642
:102F28001B9D06F0C8FB9DED0A0B02460B4606F0FA
:102F380057FB424606F089FB9DED0C0B0F9A059056
:102F48000F465B4606F04CFB169A149B01F0DDF821
:102F58002B9A894665F3DF7123468346A04603F022
:102F680022FF0646DDE91210084405F02FFD9FED0B
:102F7800DE0B06F019FB1C900F917EB9E9482B9ADD
:102F8800434690ED0C0B54EC106B2146304665F32C
:102F9800DF7103F008FF002800F0B3800598394678
:102FA80004F000FADFF87CB309EE900ACBF80400CD
:102FB800FFF765B90000BE4300802244E02E654259
:102FC800000096420000C843A0860100000090421D
:102FD800CDCCC44200BF00BF00000000000020416B
:102FE8009FEDD70AB3EE091A3CEE000A31EE400A0B
:102FF8009FEDD41A08EE908A9FEDD32AB6EE083AD0
:103008009FEDCDDA9FEDCDEA88EE811A21EE021A06
:1030180021EE031A9FEDCD3AB4EE431AF1EE10FA01
:10302800C8BFB0EE431AB5EE401AF1EE10FAB5EE8D
:10303800400A48BFB0EE6E1AF1EE10FA48BFB0EE83
:103048006E0A31EE000AB1EE041A32EE400A20EEA2
:1030580001FA9FEDBF0AB5EE40FAF1EE10FA48BF4B
:10306800B0EE6EFAB4EE40FAF1EE10FAC8BFB0EE68
:1030780040FA9FEDB80A01270FEE00DA9FEDB60A75
:103088000FEE00EAFEF735BB4FEA191027467C28F9
:1030980008D8219800097C2804D8209800097C28A1
:1030A80040F21A810320DFEDAEBADFEDACCA1C9006
:1030B8005F201B900120FFF70BBA2198DFF85082A0
:1030C800B8420DD90120DFEDA6BADFEDA4CA2890D9
:1030D80003201C905C201B901F9F5D46FFF7F9B9E9
:1030E80020985D46B8424FF0010040F2EA802890EF
:1030F8000320DFED9BBADFED99CA1C905C201B9082
:10310800E7E0DFF82082DDE903100297CDF8ACA0F4
:1031180098ED121B98ED0E0B98ED109B8DED161B7C
:1031280098ED141B53EC102B8DED141B00F0E8FFE9
:103138003246234606F0BDFA9FED6D0B06F054FAB1
:103148009FED6D0B04460D4606F04EFA02460B46FF
:1031580006460F4606F0AFFA06F080F906F07EF94B
:10316800CDE912101C980FAB0ECB06F0A2FA5A4606
:103178004B4606F09EFA069A099B06F09CFA98EDD3
:103188001A0BCDE9101051EC190B06F00DFADDF809
:1031980088A0239B0F900C9120462946524600F0A8
:1031A800B4FF98ED1C0B4FF0030BCDE909108DED22
:1031B800060B9FED4F0B8DED1C0B219C1F9FBBF148
:1031C800000F65D09DED1C0B239B524651EC100B54
:1031D80000F09BFF9DED140B02460B4606F000FA2B
:1031E800209A234600F091FF9DED160BDDE9093288
:1031F8008046894606F0F4F942462A9D06F025FAEB
:1032080002460B460F980C9906F055FA06469FEDB4
:103218003C0B1B980F4660F3DF7153EC102B3046C4
:1032280003F0E8FD0446DDE9101032463B46289ECF
:1032380006F03FFA02460B46002C04BF33462A46E6
:10324800DDE9121000F061FF2A46334641EC190B04
:1032580003F0D0FDC8B1B0EE490AF0EE690A01F0FA
:10326800EFFB01F0EDFB9FED281B51EC100B53EC2D
:10327800112B00F04AFF9DED060B53EC102B00F0CC
:103288003FFF41EC100B8DED1C0BABF1010B94E7EC
:103298009DED1C0B51EC100B04F084F8214C0646F4
:1032A8000299A060059804F07DF8DFF86480DDF8E5
:1032B800ACA00AEE906A09EE900A01256060FEF75C
:1032C800E4BF28900020F0EE6EBAF0EE6ECA1B90B4
:1032D8001C901F9FFFF7FDB80020F0EE6EBAF0EECD
:1032E8006ECA1B90FFF769B8000000000000E03FBD
:1032F800000000000000394066666666661271408C
:1033080011EA2D819997713D66666666661271C0ED
:103318001C080020618D0000898A000029AD00008A
:1033280048AD0000180900203C0A002031AD00001B
:1033380055AD0000B57B0000CDCC4C3D0000C84326
:10334800000028C2000048420000C842000096421F
:103358000000FA430AD7233CCDCC4C40CDCCC44224
:1033680000009042E4A7000068AC0000679A0000E3
:103378004A9F0000C8A3000045AD000028AB00002C
:1033880001AA000057AB0000A2AB000083AB00000D
:10339800B6AB000092AA000034AB0000A8AC000055
:1033A800B7A50000916F000070AC000062AB000090
:1033B800C8AC0000D6A6000010AB000006A40000B0
:1033C80021A70000DEAB000098AB000012AD0000A2
:1033D8000FAC00000DAD0000ACAB0000BDA60000B6
:1033E800A8A3000078AA0000DDAC000046A10000F8
:1033F8002CA8000006AC000021A2000053AD00007C
:1034080043A4000098AC000078AB00003CAC00007E
:103418005EAA000021AC00004CAB00006BAA0000C3
:10342800BD9E0000C69D0000B0AC00000FAA0000C1
:10343800E5A900009FAA000037AA000061A40000C7
:10344800C6AA0000B9AA000017AD000063A20000D8
:103458002AAC0000CAAB00002AAA0000ACA80000F1
:10346800D4AA00003AA700006DAB000088AC0000A9
:10347800EFA6000080AC000051AD00004BAD00008D
:1034880045AC000058A8000088A30000D4A800009C
:1034980053A7000056A60000FFA10000F4A40000F6
:1034A800D4AB000022A600006DA8000008A7000009
:1034B8003CA60000CFAC00009CA50000A98E00002F
:1034C80033AC000018AC0000E8AB0000D6AC00003C
:1034D80084A2000089740000D6A90000FBA800009F
:1034E800D2A50000FCA70000A4A6000080A500004B
:1034F80014A80000B0B52DED028B10EE904AB0EE86
:10350800401AB7EE000A34F0004116D011EE102A26
:10351800B2F17E5F11D0B0EEC12A12EE100AB0F1FE
:10352800FF4F98BFB1F1FF4F0AD99FEDDA0A30EE8D
:10353800802A31EE000A30EE020ABDEC028BB0BDE3
:10354800B2F1FF3F12DD0023B1F17E5F13D0B1F17C
:10355800FF4F19D1B0F17E5FEFD041D99FEDCD0A71
:10356800B4F1FF3FC8BFB0EE600AE6E7CB0D962B7B
:1035780010D90223E8E780EE010A002C48BFB0EE1C
:10358800401AB0EE410AD8E7B4F1804F14D121EEC9
:10359800010AD2E7C04B07339942D4D99623A3EB4B
:1035A800D15521FA05F303FA05F5A942CBD103F069
:1035B8000103C3F10203C7E7002A1AD4B4F17C5F00
:1035C80017D1B1EEC10AB4EE400AF1EE10FAB4D741
:1035D800B0EE410ABDEC028BBDE8B04003F0ACBAD6
:1035E8009FEDAC0AB1EE601A002C48BFB0EE410A5C
:1035F800A3E728B1B0F1FF4F02D0B0F17E5F15D13B
:10360800002C80EE020A48BFB0EE402AB2F1FF3F1C
:1036180009DCA0F17E50184327D0B1EE420A012BF5
:1036280008BFB0EE402AB0EE420A86E74FF0FF35F9
:1036380005EBD27253EA020517D0013BB0EE408A7F
:10364800BFEE001A1A4308BFB0EE418AB1F19A4F93
:1036580012D9EA4988422BD205F0CEFF2221B4F1D3
:10366800FF3F016040F3EE800DE105F0C5FF212129
:103678009FEDE30A016060E79FEDE21A6FF07E01BB
:10368800B0F5000FE04B22EE011A38BF11EE100A18
:1036980038BF6FF0960101EBE0516FF3DF5000F196
:1036A8007E52984213D3D94B98420DD201200FE095
:1036B8000F31884240F2F28005F09EFF2221012C52
:1036C800016080F2BF80DEE000F17C520131002011
:1036D800CF4B02EE102A40F6FF7503EB800393ED03
:1036E800001A31EE024A32EE413A80EE044A23EEE5
:1036F800045A15EE103AAB4306EE103AC54B03EAEE
:10370800520202EB405202F1015207EE102A06EE75
:10371800473A31EE471A9FEDC17A31EE021A35EE7B
:10372800062A06EE413A24EE031A9FEDBB4A25EE1F
:10373800053A03EE047A9FEDBA4A03EE074A9FED75
:10374800B97A03EE047A9FEDB84A03EE074A9FED73
:10375800B77A03EE047AB0EE084A23EE033A23EE72
:10376800073AB8EE087A01EE023A26EE062A32EE59
:10377800044A34EE034A14EE102A6FF30B0204EEE7
:10378800102A34EE077A37EE422A33EE422A25EE23
:10379800022A05EE101A01EE042AB8EEC55A26EEE2
:1037A800041A31EE023A13EE102A6FF30B0203EEFD
:1037B800102AA14A02EB800233EE411A32EE411A76
:1037C8009FED9B2A21EE021A9FED9A2A03EE021A18
:1037D80092ED002A9A4A02EB800032EE011A9FED20
:1037E800972A90ED004A23EE023A33EE012A34EE8E
:1037F800022A32EE052A12EE100A6FF30B0002EECF
:10380800100A32EE455A35EE444A34EE433A31EE68
:10381800431A40F6FF7020EE811A24EA000003EEF6
:10382800100A30EEC34A04EE021A22EE032A31EEE1
:10383800023A13EE101AB1F1864F08DD05F0DCFEEE
:10384800222101609FED8E0A28EE000A75E60FD14D
:103858009FED815A33EE424A31EE055AB4EE445A8E
:10386800F1EE10FAEADC13EE100A20F0004049E00D
:1038780013EE100A764A20F00040904238D305F043
:10388800BBFE2221016018EE100A00F0004000EE95
:10389800100A52E600000000F8FF7F3F9FED613AF2
:1038A80032EE011ABDEE002A40F6FF7101EE023A2F
:1038B800B6EE002A01EE432A21EE013A23EE022A4F
:1038C8009FED603A22EE033A9FED5F2A01EE023A3D
:1038D8009FED5E2A21EE021A31EE032A12EE100A3B
:1038E800884302EE100A32EE411A33EE411A90E78D
:1038F800584A914206D133EE423AB4EE431AF1EEF9
:1039080010FABCD9B0F17C5F27D96FF07D0202EBC9
:10391800D0504FF4000222FA00F04218012013465A
:10392800002960F3DF53C2F3C750C0F1960023FAB1
:1039380000F06FF07E0348BF4042D10D53FA81F189
:10394800464B43FA01F1114003EE101A32EE432AB6
:1039580031EE023A13EE101A00E0002047F6FF722B
:103968009FED3F4A9FED415A9FED416A914303EE17
:10397800101A33EE422A23EE044A31EE421A9FED22
:10398800392A01EE024A9FED381A23EE011A31EE68
:10399800042A22EE023A32EE411A03EE056A9FED3E
:1039A800355A34EE411A02EE011A03EE065A9FED1B
:1039B800326A03EE056A9FED315A03EE065AB0EEFD
:1039C800426A03EE456AB8EE003A36EE033A22EE52
:1039D800065A85EE033A33EE411A32EE411A31EEB9
:1039E800000A10EE101A01EBC051B1F5000FACBF80
:1039F80000EE101A02F0EAFA26E700BFF8FF7F3F50
:103A08000000C07F0000804B72C41C00D7B35D006B
:103A18009CA7000000F0FF1F42F1533E55326C3E58
:103A280005A38B3EABAAAA3EB76DDB3E9A99193F18
:103A38004F38763FC623F6B8A4A700000040763F6B
:103A4800ACA700003BAAB8BF70A5EC3600AAB83FE7
:103A580001001643000016C33CAA3833000080FF5B
:103A68008CBEBF351872313F0072313F4CBB3133C9
:103A78000EEADDB555B38A38610B36BBABAA2A3ED0
:103A88000000807F2DE9FE4F074608680024B0B18A
:103A9800D7E9018A0E4605F041FC8146D8F8E800CE
:103AA800082888BF0124B068204202D170682042EB
:103AB80008D003203074484605F056FD00242046FF
:103AC800BDE8FE8FD8F8C01069B198F8F810002941
:103AD800EFD006213174D8F8C410C8F8C4604E611C
:103AE80098F8FC100DE000210522C8E93066C8E905
:103AF8003411C8E9361198F8FC10002908BF0122D2
:103B0800327400220129726109D102204FF4E021A8
:103B180088F8FC0098F8FB0004F09AFE7068894960
:103B28000138884205D8042004F0AAFE062004F0D3
:103B3800A7FE022004F0A4FE98F8F80040B9DAF8CD
:103B48003C003168814203D298F8FC0000286CD010
:103B5800D8E9361009B118B900E028B305F020FDFE
:103B6800DAF80000416941F001014161484605F079
:103B7800FBFC98F8F80008B10124A0E708F16C05EF
:103B8800D8F8EC10284603F025F80028F4D0D8F827
:103B9800C00003210174384603F068F82846002164
:103BA800002403F017F88AE79AF8040005F008FCE7
:103BB800654CDAF810100222206991FAA1F1B1FAE5
:103BC80081F14368D8F8CC004068006898472069BC
:103BD800DAF8141002224368D8F8CC0091FAA1F15F
:103BE800B1FA81F14068006898479AF8040005F036
:103BF800E1FB9AF8040005F0E9FB05F0D1FC002090
:103C0800C8F8E000D8F8C0000068B0F5806F01D9A6
:103C180005F0C6FC98F8FE000028A1D1DAF80000EB
:103C2800416841F0020141609AE798F8F90020B133
:103C3800D8F8EC0001307FF48BAF484605F094FCCF
:103C4800B2683AB1D8F8E8000221092838BF012142
:103C5800009103E008F1F40200200090746834B188
:103C6800D8F8E8000227092838BF012702E008F140
:103C7800F6040027DAF80000334D416841F00201EC
:103C88004160D6F800B0D946BBF1000F40D0D8F853
:103C9800E800019209284FF0010011D22A68B9F111
:103CA800000F1FD0C0071DD02178DAF800009268F5
:103CB800904700281EBF3C44A9F101090120EDE707
:103CC8002A68B9F1000F16D0C00714D02188DAF895
:103CD80000009268904700281EBF3C44A9F10109E2
:103CE8000120EDE7DAF80000D26802A99047DDE983
:103CF8000120107007E0DAF80000D26802A99047A6
:103D0800DDE9012010800098ABF1010B0244BBE70C
:103D1800D8F8F000DAF80010CA680240102802D17A
:103D2800002AF9D101E0002AF6D0706805F002F8FF
:103D3800D8F8C0100020C8F8C400C8F8C00008743B
:103D48001AE700BFFEFFFF0FC40100102DE9FC4772
:103D5800D0E900588246D8F80000D0F8409019F40D
:103D6800F06FC0F8449035D05FEA495117D5D5E9CE
:103D78001401411A504604F06DFED8F8000081691C
:103D8800C90605D401688DF807109DF80710F6E7F5
:103D9800296801312960A97B09B90121A973696CD6
:103DA80040684FF0004600F00F0404EA0100B0FA42
:103DB80080F126FA01F1014005D02F6C1FB12A6865
:103DC800AB6C5046B847B4FA84F026FA00F02040AD
:103DD8004042A863D5F85801D8F83C1009F04007CC
:103DE80040680068D0F804251140394347D0DAE923
:103DF8000064504603F0AEFBD7B1F07C90B90BE0FD
:103E0800316F69B10068B16EB26F8854306FB16FAD
:103E180001310138B167306720688169C906EFD57B
:103E2800F07C28B1D6E91401411A504604F012FE7C
:103E380096F86400E0B13079022819D017B1B17949
:103E4800012901D0316F99B90024B16E0128346776
:103E580086F86440B46607D1B36CB26FD6F8CC600C
:103E680050460094B04703E006F17C0004F08AF95C
:103E7800504601F073FED5F858014068006800F21A
:103E880004500068D8F83810084228D0D5F8F8004F
:103E980028B3DAE90076504602F0BAFF504602F03D
:103EA80097FA7879012812D1D7F8F40078B997F8F9
:103EB800E80060B1002087F8E800BB6CD7F8EC1088
:103EC800D7F8FC20D7F8504100905046A047D7F8C3
:103ED800F80020B93068816B41F4006181635FEAC2
:103EE800095023D5D8F8000081690907FCD4016B73
:103EF80021F480710163297A91B10020287295F824
:103F08004400800606D52C6C24B1AB6C50462021A9
:103F18000022A0475046012104F0DDFDD8F800003A
:103F2800816B21F400618163687908B1BDE8FC8781
:103F380005F58070BDE8FC4704F024B92DE9FE4F73
:103F4800D0E90198D8F80010CA690A62D20740F08F
:103F5800AF80D8E904014FF0000A4FF0000B084386
:103F6800D9F8CC1049680968C1F8040509F130008E
:103F7800029009F1C8000190BBF1010F00F2A18085
:103F8800D9F8C000002800F09C80D9F8E010DC22A5
:103F9800D9F8CC702023002908BFD82208BF1823DD
:103FA80058F803404FF0240308BF1C237F68D8F853
:103FB800146058F803303F68D7F80455354211D0DB
:103FC800A46864070ED10468D9F8D050A54209D175
:103FD80044693CB9D8F80040656A25F00205656275
:103FE800C7F804659B685B0702D00BF1010BC3E7B8
:103FF80059F80230002BF8D049F802A0B1FA81F143
:10400800D9E934424909006849011A448442C9F887
:10401800D420C9F8E01028BF82420CD24846414655
:1040280000F058FC99F8FE000028DED005F082F870
:1040380018BF8862D9E705F071F9D9F8C820D9F80E
:10404800C010019B81F810A022B113465269002AC2
:10405800FBD114331960C9F8D4A04A69C1F814A077
:10406800D9F8E01000294FF0DC01C9F8C02008BFDA
:10407800D82159F80110C9F8D01005F075FAD9F807
:10408800C00058B14846414600F024FC99F8FE00AB
:1040980050B105F04FF818BF886205E0D8F8000065
:1040A800416A21F003014162029803F07FFB9CE71B
:1040B800D9F8C0203AB103211174BDE8FE4F02F0CF
:1040C800D5BDBDE8FE8F486820F002004860486A08
:1040D80020F003004862D8E904021043D9F8CC2044
:1040E80052681268D062C2F80405486920F00100DD
:1040F8004861012008624046BDE8FE4F04F077BDE4
:104108002DE9FC4F83F0004301E02DE9FC4F1F032C
:10411800FF0847EAD2574FEA42284FEA43095FEAC5
:10412800595906D147EA080A1CBF00210020BDE8FA
:10413800FC8F57F000575FF4E06E1EF1FF0EF1455B
:1041480005D14FF00000190D0905BDE8FC8F002BC3
:1041580005D55FF0000AD8F100086AEB07070C03E1
:10416800E40844EAD0544FEA40254FEA4106760D68
:1041780008D144EA050A19BF002100201946104653
:10418800BDE8FC8F44F00054764504D10020090DA9
:104198000905BDE8FC8F002904D55FF0000A6D42CF
:1041A8006AEB0404B6EB090E08D5A2463C4657460E
:1041B800AA464546D046CEF1000E4E46BEF1360F11
:1041C8005CBF4FF0000B23E0BEF1000F04BF4FF0BF
:1041D800000B1AE0CEF1390ABAF120092EBF08FA0D
:1041E80009FB07FA0AFB4BEA080BDEF1200A07FA7B
:1041F8000AFA38BFBA4647FA0EF72DBF28FA0EF862
:10420800AEF1200E4AFA0EF8D04415EB08057C41B1
:1042180054EA050A02BF00210020BDE8FC8F002CEB
:1042280058BF4FF0000A06D55FF0010A5FF0000E94
:104238006D426EEB0404A6F101066D006441FAD5E7
:1042480015F4806E11D005F480794BEA090B15F549
:10425800806554F1000428BF761C0BD205F4007960
:104268005BEA090B08BF25F4006525F4E0656D00DD
:1042780044EB0404B61CDEBF00210020BDE8FC8F1F
:104288005FF4E06E1EF1FF0E76450AD34FF0000092
:1042980013F00043FF21C900C91D09051943BDE8F2
:1042A800FC8F270547EA1530210B41EA065141EA00
:1042B800CA71BDE8FC8F7047B0B560480021604CFA
:1042C800016094F83A01032812D002282ED0012860
:1042D80040F0AF8094F8400102F048FF002084F8D5
:1042E80040015948817B0220002908BF06209EE032
:1042F80054480168B1F5C060C4F82C01B8BFC1F5D5
:10430800C060D4F81011002900D5494288422ADD3E
:10431800D4F8140104F0B4FCD4F8180104F0C2FC79
:10432800D4F8280104F0E2FC01201DE045480568A6
:1043380004F094FFC4F8140104F098FFC4F81801BD
:1043480004F09CFFB5F5C061C4F82801C4F8101149
:1043580009D094F830215AB1D4F81401D4F82021A6
:10436800D4F82C110AE0002084F8300106205EE021
:10437800C4F82401D4E94502C4F82C110223C4F876
:104388001C01002901EB410148BF6FF001031944EA
:10439800042391FBF3F111440029C4F820110FDD27
:1043A8001F2931D3D4F824212AB33E28A8BF3E20A0
:1043B80001302929A8BF2921C4F81C010B3909E0BB
:1043C800D4F82421032A09D111F1140FD8BF6FF0B2
:1043D80013011531C4F82011002113E00128D8BFBA
:1043E8000120013811F10A0FD8BF6FF00901C4F894
:1043F8001C010B3103E03329A8BF33211539C4F858
:1044080020110321C4F8241104F03AFC012004F01F
:104418005BFCD4F8200104F045FCD4F8240104F036
:1044280065FCA5F2FF510420032938BF0620C4F813
:104438003C01BDE8B04001F08DB800BF3C500C40D5
:10444800D005002008400C4084A800002DE9FF4753
:10445800D0E901590E46044604F060FF95F8FD10B6
:1044680021B97169102901D8032906D805F07CF80B
:104478000024204604B0BDE8F087012785F8FD70C8
:1044880005F072F800204E4A85F8FC00C5E93000B6
:10449800C5F8C80085F8FE003069C5F8E400706901
:1044A800C5F8E800307B85F8F9000028317885F8F0
:1044B800F8107168C5F8EC10B9F80E10A5F8F610E8
:1044C800317E52F8211085F8FA1008BF1027C5F878
:1044D800F07099F80C0002F08FF8204603F0DCFB2E
:1044E80099F83B00374985F8FB008A46D4E90187EB
:1044F8003A6B97F83A0002F027F87A6B98F8FB00C5
:10450800514602F021F898F8F91097F83800012977
:1045180015D1FA6A514602F017F8BA6A97F83900C5
:1045280046F2020102F010F898F8FB00264904F060
:10453800F5FC98F8FB00214604F0D4FD0AE0BA6ABD
:1045480046F2020102F000F8FA6A97F8390051467B
:1045580001F0FAFFE846404604F032FE99F80500FB
:104568001A4A4346CDE90040284699F8041002F05B
:10457800CDFC404604F0B2FED9F808001449424682
:104588000094029005F1300001F0C0FE03F07AF8C3
:10459800104AC5F8CC0005F11C000421234604F09C
:1045A800B7FB95F8F80008B1B06805E005F16C00B4
:1045B800002104F055FC0848C5F8BC0059E700BFC5
:1045C800B4A70000026000206D590000453F0000BC
:1045D800857D00000195000009960000FEB504469F
:1045E8005A480078A04213D908780D46012801D10D
:1045F800686868B16878012801D1A86840B1544F4B
:1046080057F8346004F08AFEF17921B104F0ACFF68
:1046180000242046FEBD07EBC40401216768F17140
:1046280004F0A2FF002005F1040C7074F081B06062
:1046380030602988B180A98BC6E93D00C6E90E0023
:1046480086F86400B186297D2B69B1719CE8061053
:10465800C6F85021BCF1000FC6E910C34FF0FF3275
:10466800C6F8CC10A969C6E93B203163A97F86F852
:104678003610296AC6E91A00C6E91C00B16486F832
:10468800E800C6F8580102D13249C6E9101097F877
:10469800400001F0B1FFD7E9031206F14C0004F025
:1046A80015FED7E9051206F1D00004F00FFE2A49DD
:1046B80038680968C96888477A6C97F8240046F210
:1046C800020101F041FF254DBA6C97F820002946F8
:1046D80001F03AFFF86901280CD1FA6C97F8280024
:1046E800294601F031FF3A6D97F82C0046F2020195
:1046F80001F02AFF02F0C6FFC6F85801204600F074
:10470800AFFF174A06F5AE700421234604F000FBFC
:104718006D46284604F054FD387A7968114A2B46CC
:104728000094019006F1140002F0F0FB06F17C0001
:10473800002104F095FB06F58070002104F090FB41
:104748003868D7E90C121060486062E75BAD00007A
:1047580050AC00001B740000D00100100260002063
:1047680079910000553D00002DE9F84FD0E900B7D8
:10477800984616468946054613B10020C8F8000039
:104788008EB104F0D2FD824604F0C8FD04469BF8C1
:10479800070060B19BF8E80078B104F047FF6FF0BC
:1047A8000800BDE8F88F6FF00900BDE8F88F04F045
:1047B8003DFF6FF00E00BDE8F88F00200121CBE926
:1047C8003B96CBF8F460CBF8FC008BF8E810CBF8FC
:1047D8003C008BF80D008BF80B000BF58070002166
:1047E800009002F0F7F9384604F07AFEBAF1000FAB
:1047F80002D19BF8050070B3284601F0E9FD04F0EA
:1048080015FF9BF8050068B90A99009802F0E2F9CB
:1048180010B101208BF80D00284602F0F9FA0020AB
:104828008BF8E800B8F1000F1CBFDBF8FC00C8F8F3
:1048380000009BF80B0030B100208BF80B006FF0E4
:104848000D00BDE8F88F9BF80D00002818BF6FF029
:104858000C00BDE8F88F04F0E9FED5E9007497F87C
:104868004400C00615D5D7F840C0BB6C28461021B7
:104878000022E0470DE0D7F8FC00314609EB0002C2
:10488800204603F04DFFD7F8FC10361A0144C7F84C
:10489800FC10002EEFD1204604F030FD0028FAD09D
:1048A800204604F017FE97F84400800605D53C6CB6
:1048B800BB6C284620210022A0470020B8F1000F39
:1048C80087F8E800C5D0D7F8FC00C8F80000002039
:1048D800BDE8F88F2DE9FC4FD0F8C080D0F8D0C0E3
:1048E800D0F8E820D8F80030C346E6469C4511D3F6
:1048F800D8F814B0BBF1000F00F0898090F8FC30B4
:1049080005244FF0000E002B08BF0124DBF800300F
:104918008BF81040A3EB0E05A2F1080AB5F5806FDD
:1049280028BF4FF48065D0F8D82032B101F12003B8
:1049380001F12402C0F8DC5005E0C0F8D85001F1BC
:10494800180301F11C020026BAF1000FC8BF0126A6
:10495800DBF8044012681F68CDF800E07CB1354BE5
:1049680053F82630BB6005FA06F30126BAF1000FAA
:10497800C8BF02260EFB06332344013B05E02E4B3D
:1049880053F82630BB6000F1F6033B6043F6F07441
:104998000191D1F8009004EB0516264009F1080EA4
:1049A800C7F804E0BC683443BC600024BAF1000FC7
:1049B800C8BF0124DBF808709FB16146DFF87CC0EE
:1049C8005CF824308C46936005FA04F30124BAF1AC
:1049D800000FC8BF0224009901FB043139444C1E62
:1049E80005E0154951F8241000F1F4049160546071
:1049F800C2F800E0916831439160C34504BF05EBFC
:104A08000C01C0F8D01090F8FE10019A09B1BDE869
:104A1800FC8FD9F8241041F00301C9F82410D0F80C
:104A2800CC00D2E904124068114300688162BDE8F5
:104A3800FC8F00BF84A700008CA7000094A700008B
:104A48002DE9F84354EC105B554AE04310420DD170
:104A5800284621462A46234604F02DFE2A462346A8
:104A6800FFF753FB41EC100BBDE8F883002C04DD85
:104A7800201590B191462A4626E024F000402843AC
:104A880000F08680B4F1FF3FF2DC04F0B5FD9FED45
:104A9800420B21210160BDE8F883002024B9690593
:104AA800EC0A15380D46F9E791460021E20202D4D6
:104AB80001316400FAE7C1F12003401A05FA01F256
:104AC80025FA03F301301C430121A0F2FF3C4FF00B
:104AD800000861F31F545FEACC701EBF600040EA13
:104AE800D27452000025600040EAD2744FF40010DE
:104AF800520060B14119A142DCBF80440D18611A0F
:104B0800B8BF21464008490041EAD274F0E74FF0A7
:104B1800000E4FF000470020FFB1C119AC4212DD72
:104B2800641B00260023BE448A4238BF013C00298A
:104B380048BF0126C819B0F1FF3FC8BF0123334061
:104B4800521A1D4403E002D18A42E9D22546610087
:104B58007F0841EAD2745200DEE752EA040009D025
:104B68001EF1010019BF0EF00100864408F101088A
:104B78004FF0000E09F100410A4A4FEAC87001EAF5
:104B8800CC4140EA5E0001EB6801114441EC100B96
:104B9800BDE8F88300BF00BF000000000000F87FF8
:104BA8000000F07F0000E03F2DE9F047012816D112
:104BB800DFF830A1DAF83401012813D10220CAF84D
:104BC800340104F06BFB0120012403F089FE60B17D
:104BD800CAF8344104F060FC4FF0FF347FE06FF016
:104BE80001047CE06FF0040479E09AF85A419AF8DD
:104BF80059119AF85801002C18BF0124002918BF30
:104C08000234002818BF0434012004F02DFC0138B8
:104C180018BF01209AF83811B1FA81F1490910EA50
:104C2800010902D1002001F0A3FADAF808002E4D9C
:104C380010F0010807D12D4F286A81683846884747
:104C48000428F9D00646404604F07AFCB8F1000F73
:104C580008D1012E04D1286A0121426823489047CF
:104C680004F0F4FA28684169204688479AF8540104
:104C780018B14FF4806004F0FDFB9AF8530118B1A5
:104C88004FF4816004F0F6FB19480121016003200C
:104C98000021CAF8340117480160204603F068F97A
:104CA8000128FAD1144E3068042003F019FE044696
:104CB80012480125B9F1000F0560306802D10120C2
:104CC80001F056FA04F060FC082003F009FE0443E2
:104CD800CAF8345118BF4FF0FF3404F0DDFB20460A
:104CE800BDE8F087D0050020B8010010004003405F
:104CF800282008600C2008402C2009400C4009405E
:104D0800B0EEC01A10EE100A11EE101AB1F1994F58
:104D18000CD3B1F1FF4F84BF30EE000A70474CA1AD
:104D28000028C8BF043191ED000A70473F4A9142FC
:104D380010D29FED3F1AB7EE002A4FF0FF3330EE46
:104D4800011AB4EE421AF1EE10FA38DDB1F1665FDD
:104D580035D2704702F5380399420DD202F5A00307
:104D680099421BD2B0EE000ABFEE002A002331EEB2
:104D7800000A31EE011A18E002F19E73994219D225
:104D8800B7EE080AB7EE002A022301EE002ABFEEAA
:104D9800080A31EE000A80EE020A10E0B7EE000AB7
:104DA800BFEE002A012331EE000A31EE021A81EE2D
:104DB800000A04E0BFEE000A032380EE010A20EE99
:104DC800002A9FED1C1A9FED1C4A9FED1D5A914227
:104DD80022EE023A03EE014A23EE041A9FED174A27
:104DE80003EE045A9FED174A03EE054A22EE042A01
:104DF80031EE021A02D200EE410A70471249002829
:104E080001EB830191ED002A104910EE012A01EB14
:104E1800830191ED001A32EE400A31EE400AB1EEFC
:104E2800401A48BFB0EE410A704700BF0000E03E9C
:104E3800CAF249714712DABD98CA4CBE25AC7C3D0E
:104E48000DF5113EA9AAAA3E58A3000048A30000E8
:104E5800DB0FC9BFDB0FC93F2DE9FC4191EA03080D
:104E68004CBF4FF000484FF000084FEA03354FEAB7
:104E7800153556006D4176006D414FEA43075FEAEC
:104E8800575711BF45F4800500210020BDE8FC817B
:104E980040F2007E1EF1FF0E774578D04FEA0133CD
:104EA8004FEA133342005B4152005B414FEA410431
:104EB800640D11BF43F4800300210020BDE8FC818C
:104EC800744564D0E41B002100205FF0370EAB422C
:104ED80000D1B24205D340414941921B63EB05031F
:104EE80001E040414941BEF1010E05D053EA0207F5
:104EF80002D052005B41EAE7BEF1200F09D2BEF1B1
:104F0800170F0CD3CEF1200720FA07F100FA0EF0A4
:104F18000FE0AEF1200E00FA0EF1002009E001FAD0
:104F28000EF1CEF1200720FA07F741EA070100FA4F
:104F38000EF011F4800F06D1401C51F10001400021
:104F48004941641E02E0801C51F1000111F4000F78
:104F58001ABF641C21F4000121F4800140F20037DB
:104F6800FF37E419DEBF00210020BDE8FC8107F50A
:104F78008067BC420BD249084FEA300049084FEA23
:104F8800300041EA045141EA0801BDE8FC810020F3
:104F9800FF214FEAC101C91D4FEA015141EA080149
:104FA800BDE8FC812DE9FF47044645480078A0424A
:104FB8000AD9444F0D4657F8346004F0AFF996F813
:104FC800E01031B104F0D0FA0024204604B0BDE866
:104FD800F08707EBC4044FF00109D4F804A086F861
:104FE800E09004F0C1FA9AF8100001F005FB364F82
:104FF800002D18BF2F46354DF868411C002808BF02
:105008000AF11301097808BF0AF11100007886F83F
:105018002511294686F824019AF8122001F094FAFD
:105028009AF8142096F82501294601F08DFADAF845
:1050380000004FF000086D46C0F8108839783170CC
:1050480079687160397AC6F82011C0F81C9828462A
:1050580004F0B6F8DAF808001D4A2B46CDE90040FE
:1050680006F11400DAF8041001F050FF284604F0A5
:1050780035F9DAF80C0017492A460094029006F12F
:10508800E40001F043F906F13000012103F0E8FEE5
:10509800307830B906F18000002103F0E1FE0E48B7
:1050A80070602046C6F81080C6F80C8002F060FCDC
:1050B8000A4A06F596700421234603F029FE84E780
:1050C80059AD000048AC000068A900000040002469
:1050D800555C000061690000799500001591000099
:1050E8002DE9F04790460C4606464FF001096068E6
:1050F800D6E9007A10B9E068002848D004F00EF923
:105108003978012901D1F968B9BBFC603C61C4F860
:10511800149004F029FA07F130050021284601F01F
:1051280059FD013008D138780128E0D02846414699
:1051380001F050FD013030D0387820B907F18000F7
:10514800002101F047FD04F068FADAF8040004F0E1
:1051580037F93046214602F0B5F88146DAF80400FE
:1051680004F034F9B9F1000F02D004F053FA44E026
:10517800387808B34FF000093FE0F96849690A3107
:1051880010D16FF00A016161D4F8149011E06FF04A
:105198000A006061D4F8149032E06FF00209C4F894
:1051A80014902DE001214FF00009616139693C61DB
:1051B800CC6104F0D9F923E007F18009414648465B
:1051C80001F008FD013016D104F0A8F88046F8680F
:1051D80070B1304603F094FC404604F0C5F94846E7
:1051E8004FF0FF3101F0F6FC6FF00200606102E061
:1051F800404604F0B9F9D4F81490284602F0C2FFEA
:105208004846BDE8F08770472DE9F0418CB0434F20
:105218000546787801287ED18846002643F69724EB
:10522800172003F055FF30B1A64204D8322004F00D
:105238004AFA3236F4E7012002F014FBB86F00286E
:1052480069D0002069468DF81400CDE90300CDE946
:1052580009000B90089103A98DF80800CDE900001A
:10526800787F079109210691002103F0DFFF0520CF
:1052780004F029FAB86F06A904F0FFF906460520DC
:1052880004F021FA787F012103F0D0FF002E42D0EC
:105298009DF80000B87500F0F000C0283BD1786F89
:1052A8009DF906109DF808609DF807409DF80420B8
:1052B8009DF805309FED1A1A01307867C8B20029A9
:1052C80046EA004040EA042048BF00F17F409DF9CB
:1052D800034000EE100A3867B8EEC00AE1B220EECB
:1052E800010A002C43EA014141EA022148BF01F1C9
:1052F8007F4187ED1B0A00EE101AB966B8EEC00AA6
:1053080020EE010A87ED190A05B12960B8F1000FEE
:1053180018BFC8F800000CB0BDE8F0811C080020D8
:1053280063EC443D2DE9FF413B4E96F842010028CD
:105338006AD1012086F8420104F0A2F8374F86F8B6
:105348007001374D7868C6F86C01387B86F84101E2
:10535800A86810F4402F13D1386988B128686421EF
:10536800C0F3066000FB01F404F01EF8B4FBF0F291
:105378002C4906F19400002302F026FD03F05EFF9D
:1053880001AC204604F0BEF82749A846002506F1DE
:105398000C00002203F0D0FF204604F0B3F82349A4
:1053A80006F15000082203F0C7FF214A06F1D80091
:1053B8003221002301F0AAFD1E4C1F4A06F1F40019
:1053C8002C2100232560454601F0A0FDD8F80800EF
:1053D800797BC0F3815021B1032804BF012186F8ED
:1053E8003911032803D040F00200022810D12068A8
:1053F80040F040002060022003F042FA686840074D
:1054080002D4002003F03CFA002004B0BDE8F0818B
:1054180003F058F8F2E700BFD005002084A8000088
:10542800AC4F005079930000EF7E0000CD80000063
:105438001D74000090220840C14200002DE9FE4F73
:10544800D0E90085994614460F46834613B10020DB
:10545800C9F8000074B103F061FF064698F8070028
:1054680058B198F8E80070B1304604F07DF86FF054
:1054780008046CE06FF0090469E0304604F074F841
:105488006FF00E0463E000200121C8E93B74C8F8FE
:10549800F440C8F8FC0088F8E810C8F83C0088F820
:1054A8000D0088F80B002846019504F019F83046DD
:1054B80004F05AF808F1D0060DF1080A03F02EFF9F
:1054C80004463046514603F06AFAD8F8F450D8F842
:1054D800FC10A842394438BF054602982A4604F011
:1054E800F5F83046294603F009F8D8F8F400D8F85A
:1054F800FC10401BC8F8F4004819C8F8FC00204606
:1055080004F032F8012D03DBD8F8F4000028D5D1D7
:1055180003F004FF0746D8F8FC0050B1019803F0E7
:10552800DFFF584600F054FFD8F8FC0010B1002403
:1055380002E000206FF00F04B9F1000F18BFC9F89E
:105548000000002088F8E800384604F00DF82046EE
:10555800BDE8FE8F2DE9F84F3C4C3D4E3D4D42F6DF
:105568002A294FF0010A4FF0030B00274FF00508D6
:10557800D4F83C01062833D8DFE800F00433183BA0
:10558800203D4B000F20F060C6F8109002F096FE08
:1055980045F804AC55F8040C8007FBD5C6F81CA0E8
:1055A80094F8390190B10120EF6210E02F60C4F83F
:1055B8003CB128688007FCD40320DBE72F60C4F8DF
:1055C8003C8128688007FCD40520D3E70320C6F86F
:1055D80000B0C4F83C012F6029688907FCD4C9E7EA
:1055E800FEE70126022084F83A6102F08BFD2E6066
:1055F80009E0022000E0032084F83A01002002F0CC
:1056080081FD0120286004F15000BDE8F84F01F049
:1056180021BE002045F8040C286055F8040C8007CA
:10562800FBD428688007FCD40B48002501210560BD
:105638000A4801600D2001F0E7F8022003F03CF869
:10564800C4F83C5184F83B51BDE8F88FD0050020E0
:1056580000400C4058600C403C500C4004800C400A
:10566800FEB5D0E9005401A803F0D0FD95F8340048
:105678003649374A384E085C95F83510515C354A3A
:10568800084395F83610515C2A6B40EA01033168EB
:1056980020684F680299B847206840F2F272E169C1
:1056A8002E4B2F4F426494F854209A5C94F855304E
:1056B800FB5C1A430129426311D10146D4E90A234C
:1056C80051F8307FFF2A27F4004718BF07F5004735
:1056D800FF2B0F6009D00A6842F4804208E00146B7
:1056E80051F8302F22F400420A600A6822F48042FE
:1056F8000A60C16A41F01001C162016B41F0010109
:105708000163E16B09B3A16BF9B1012103F0B2FCAC
:10571800D5F85801E16B40680068C162C0F804150B
:1057280091FAA1F17268B1FA81F15368022298479F
:105738007068A16B02224368D5F8580191FAA1F16B
:10574800B1FA81F1406800689847FEBD21AD0000BC
:1057580056A9000003AD0000D00100101CAD0000E8
:1057680008AD00002DE9F047A4B003F0D7FD334998
:105778000A78012A04D124B0BDE8F04703F0F4BE4A
:105788004FF0010981F8009003F0EEFEFFF7CAFD23
:10579800082000F031FF21AC204603F011FDDFF8AE
:1057A800A0A0294A10212346DAF80C0022902548A7
:1057B80001F0ACFB2548002501AE0478244890F898
:1057C80000804746A74213D8DAF8000050F827109F
:1057D80021F0FF0046F82700880707D4F8B201F047
:1057E800010103F023FD09FA07F005430137E9E752
:1057F800184805601848C16801F44001B1F5800FE8
:1058080007D10068000E56F8201041F0070146F84D
:1058180020101248A4EB0802042306EB880103EBCE
:10582800820240EA880003F051FF0D4820220168F7
:1058380062F30D21016024B0BDE8F0874E0A002014
:1058480058A90000B0050020F17E0000D3AA00008E
:105858009F980000D0200240A84F00500010084038
:105868000030094010B510EE901A21F00042B2F154
:10587800FF4F06D810EE100A20F00043B3F1FF4F97
:1058880002D930EE200A10BDB1F17E5F03D1BDE828
:105898001040FFF735BA022404EA917444EAD07440
:1058A80063B1B2F1FF4F12D012B1B3F1FF4F18D16B
:1058B800274961F31E0000EE100A10BD022C0FD319
:1058C800032C14BF9FED250A9FED250A10BDB3F1E7
:1058D800FF4F14BF1C481D4800EB840090ED000AE0
:1058E80010BD9A1AD2151A2A03DD9FED190AC40FA2
:1058F8000EE0B1F1FF3FD8BF12F11A0F06DB80EEC0
:10590800200AB0EEC00AFFF7FBF901E09FED110A8B
:10591800002CE5D0022C0DD0012C04BFB1EE400ABA
:1059280010BD9FED0D1A30EE010A9FED0D1A30EEF5
:10593800010A10BD9FED081A30EE010A9FED071A03
:1059480031EE400A10BD00BF38A3000028A30000B4
:10595800DB0FC93F000000002EBDBB33DB0F494001
:10596800DB0F49C0F8B5044603F058FC0746456804
:10597800204603F0ADFBB8B1D7E9014603F0CEFCF1
:105988000546D4F8C000B8B104210174384601F0C6
:1059980083F8D4F8C800B0B1014640690028FBD1AB
:1059A800D4F8C000486112E003F0B8FC0446D5F80A
:1059B800C00078B3103034E03068416821F002014B
:1059C8004160284630E0D4F8C000C4F8C8004169F6
:1059D80000274761C4E93477C4E93677C4F8C010B2
:1059E80031B320463146FEF775FFD4F8C000C4F83D
:1059F800E0700068B0F5806F03D920463146FEF7A5
:105A080069FF94F8FE0010BB3068416841F002015C
:105A180041601CE095F8FB00002102F019FF05F138
:105A2800FC00012101702046BDE8F84003F09CBD50
:105A380094F8FB000021C4F8C47002F009FF0120AB
:105A480084F8FC003068416A21F00301416228466D
:105A580003F08AFD04F13000BDE8F84001F0A6BE6D
:105A68002DE9FC4191EA03084CBF4FF000484FF084
:105A780000084FEAC32545EA52554FEAC2264FEAC5
:105A880043077F0D11BF45F0004500210020BDE808
:105A9800FC815FF4E06E1EF1FF0E774555D04FEAAA
:105AA800C12343EA50534FEAC0224FEA4104640D30
:105AB80011BF43F0004300210020BDE8FC8174457C
:105AC80043D0E419A3FB0501A3FB06E7A2FB066389
:105AD8001EEB030E57F1000751F10001A2FB05630D
:105AE8001EEB060E57F1000751F10001FF1851F1A6
:105AF8000001C01951F100014CBF40F2004E40F2C4
:105B0800002E10EB0E0051F1000148BF641C01D4B7
:105B1800400049415FF44077FF37E41BDEBF0021B6
:105B28000020BDE8FC8117F58067BC420DD24FEA22
:105B3800D02040EA41504FEA41014FEA113141EA91
:105B4800045141EA0801BDE8FC810020FF21C90099
:105B5800C91D090551EA0801BDE8FC812DE9FC478A
:105B680006680446707A00286BD0D4F80490D6F8FA
:105B78005801D0F80480D9F83470204601F0EAFCC6
:105B8800706F20B306F14C05284603F090FD316F85
:105B9800884221D2307902281ED0B06E002850D019
:105BA800204601F0D7FC346F284603F080FD201A08
:105BB800D6F868A0B46F7067284603F078FD002116
:105BC800F1740AEB040108440190706F0CE0B06EA8
:105BD80010B1306F0028D5D106F14C0001A902F0B0
:105BE800DEFE01217067F17458B30021B0F5806FB3
:105BF800B17384BF4FF48060706701230199014439
:105C0800013979601049B96043F6F07101EB001071
:105C18000840B9680843B860D9F83C10D9F80000C2
:105C280091FAA1F2B2FA82F203FA02F2D8F800303D
:105C38009A61D6F85821526812689162012103F0DE
:105C480025FABDE8FC8700BF0180000C70B5D0E9DB
:105C58000052044601211068C0F81C18D0F8041836
:105C6800C90718BF70BDD0F80438A9684E690A364C
:105C780014D0D5F8D46013F0120F17D01EB903F062
:105C88001F060A2E21D05A076FF0040258BF6FF082
:105C98000502DB0648BF6FF006024A61042103F0E3
:105CA80036FC2046BDE8704003F099B96EB1721E0B
:105CB800C5F8D4202CD0D5F8D0104A1CC5F8D0206F
:105CC8000978C0F80818012117E0D5F8DC10C1B12F
:105CD8000139C5F8DC10D5F8D8104B1CC5F8D830F8
:105CE800D0F8080808700121D5F8DC00002808BFA2
:105CF8000421012888BF09211068BDE8704003F01D
:105D080006BC042103F003FCA86800214161C8E730
:105D1800D5F8DC2052B1098B012361F348030B212C
:105D2800012AC0F8003808BF0321E6E70421E4E7A8
:105D38002DE9F84315460C46804601F063F92C48D6
:105D480000212D4F01602B48814600683868816921
:105D580027208847294E2A49306B08403063B06FA6
:105D680020F48070B0673868016B4FF48060884712
:105D78003868016B4FF4816088473868016B4FF4CD
:105D8800C06088471F48012101601F48C6F880414C
:105D980031600168890704D4691C08BF4FF0404589
:105DA800C560D9F80000F0698007FCD5072002F02B
:105DB800BDF80228FAD1B8F1000F13D1134C386A94
:105DC8008168204688470428F9D0012804D1386A18
:105DD8000321426820469047D6F8180220F00300B5
:105DE800C6F818023868806BBDE8F843004700BF62
:105DF8000C4009402C200940B80100100C20084034
:105E0800FFFFFEFE28200860100009400040034004
:105E180070B52039062918D8DFE801F01A23042DB7
:105E280038404800147800222321FF2CF1D0D0E913
:105E3800015695F8FB0002F005FA726B2B492046D3
:105E480085F8FB4000F080FB49E06FF001044AE070
:105E5800406890F8F910012943D1012180F8FC101D
:105E68003DE045680021002495F8FB0002F0F0FCB5
:105E780085F8FC4037E0446894F8FB00FF282ED0F2
:105E880002F0E0F9FF2084F8FB0028E04068D0F831
:105E9800C01031BB012180F8FE1020E04068D0F826
:105EA800C010F1B9002480F8FE401CE04168D1F828
:105EB800C020B2B191F8FE209AB180680268D0E99A
:105EC8000430546A184344F003045462D1F8CC10E7
:105ED800496809688862506840F0020050600024F0
:105EE80001E04FF0FF34204670BD00BF0260002083
:105EF8002DE9F84303F012FA2F4F044697F84101B1
:105F0800002854D003F0C2FA03F0CCFA054600F09A
:105F18000C000C2803D100BF00BF30BF45E0680764
:105F280028D402F07DFCDFF8948081460121D8F85E
:105F3800000000FB09F6012003F01AF8864219D97F
:105F4800D8F80000F02107F10C05B1FBF0F0A9EB3F
:105F58000001284603F099FB284601F07BF900BFB1
:105F680000BF0120FEF720FE00BF00BF284603F057
:105F78004BFB1CE000BF00BF280715D4104F114E83
:105F880038688168304688470428F9D0B0FA80F02C
:105F980005F01001400940EA111003F080FB0A489F
:105FA80001210160006800E030BF00BF00BF20464B
:105FB800BDE8F84303F0D8BAD0050020340A002021
:105FC800D8010010004003402C20094010B52DEDE9
:105FD800028B044610EE100AB0EE408AC0F3C75197
:105FE800FF2911D0D1B9B5EE408AF1EE10FA49D0A7
:105FF8009FED270A274828EE008A844207DC9FED98
:10600800260A28EE008A3DE038EE088A3AE018EEC3
:10601800100A6FF01802C10D52FA81F12144FF29CC
:106028000CDB03F0E9FA2221016018EE100A4FF0A8
:10603800FF4161F31E0000EE100A25E0012906DB8E
:1060480020F0FF4040EAC15008EE100A1AE011F1B2
:10605800190F0CDC03F0D0FA222101604CF2513008
:106068008442E2DA18EE100A00F00040E3E7193142
:1060780020F0FF409FED091A40EAC15000EE100AD7
:1060880020EE018AB0EE480ABDEC028B10BD00BFBD
:106098000000004CAF3CFFFF6042A20D000000333F
:1060A80070B52548066802F067FD24480025244C91
:1060B8000560206C806C80472248006838B122480F
:1060C8000068B6F1FF3018BF304600F0EDFA1F48FF
:1060D80040F2391205601E48016862F31B410160F5
:1060E8001C48016801F44051B1F5805F06D1016890
:1060F800194A114001F5003202600160174D01266E
:10610800EE612068016A142088471548016841F447
:10611800E021016013482E60006800F44000B0F5EB
:10612800000F03D1206C416C0F4888470F48016865
:106138000029FCD170BD00BF1C13005084046042CC
:10614800B001001080012843800520438C210840BD
:106158004820034028000940EFFFFCFC00002443CE
:1061680000200940B44F0050BD3786000C0068423B
:1061780070B5F8B1012858D1012003F075F901284C
:1061880053D02D4C94F8380100284ED12848294E78
:106198000569306810F4402F30D17DB302F040FE1D
:1061A800502003F03DFA0120A84704F1940001F0C3
:1061B80051F825E003F071FA1E48006810F4402FEA
:1061C8000AD11B4804693CB11B48943003F01CFAFF
:1061D80002F016FE0020A047174C94F8380120B3AF
:1061E8001648016821F08001016080218160032048
:1061F80002F062FA002084F8380116E003F051FA40
:10620800012084F83801306810F4402F00D14DB9CE
:10621800207A800606D4094880218160016841F00F
:1062280080010160032002F02BFB002070BD00BF3D
:1062380084A80000B44F0050D005002090220840E8
:106248002DE9F04389B0DFF8B89007460026D9F861
:10625800600000284FD00D462A491C209846144655
:1062680003F0D5F91C20002102F0E0FF4FF4FA708A
:1062780003F029FA5520CDE90766CDE90566CDE991
:106288000366CDE90175ADF81C00D9F8600001A9D5
:1062980002F09FFF1C4F48B310984FF47A7148439F
:1062A80003F011FA0126A4B1B8F1000F11D00020B3
:1062B800CDE90348CDE90700CDE90500CDE90100A6
:1062C8005520ADF81C00D9F8600001A902F081FF43
:1062D800064642F2107003F0F6F91C20394603F026
:1062E80096F94FF4967003F0EEF904E01C20394655
:1062F80003F08DF90026304609B0BDE8F08300BFF1
:106308001C08002000040020024000202DE9FE4F58
:1063180098B116468A46804603F000F8DFF89C904C
:10632800834699F8000000BB254D2C274C2F06D03A
:10633800E81903F09CF90837F8E700263AE000204E
:1063480001276C466860A860EF602870204602F05C
:1063580037FFE0201C4A234601901A48016805F1DE
:10636800100000F0D3FD89F80070584603F0FCF8DF
:10637800164D002E18BF3546AF68781C08BF032796
:106388000026032F16D8404603F071F995E81E0041
:1063980008F10C001EC0C8F824604646C8F81470FE
:1063A800074800EBC7002C30C8F80800D8F81800D8
:1063B800C8E907A03046BDE8FE8F00BF4C0A0020A0
:1063C8009009002014090020C390000078A900005B
:1063D800F8B505680446D5F8F80000B1F8BD687945
:1063E8006668022807D105F1D000694602F0C6FCAC
:1063F800C5F8F80009E0D5F8EC10D5F8FC20D5F878
:10640800F4001144C5F8F80000910028E6D031687E
:106418008A6B22F400628A6395F84410C9060AD58B
:106428002F6C47B1297A31B9AB6C20461021002274
:10643800B847D5F8F800B0F5806F84BF4FF4806096
:10644800C5F8F8000099336B01444A1E3168B66BF1
:106458001A600E4A9A6043F6F07202EB0010104080
:106468009A6810439860D5F85801406800688662B9
:106478000846022102F00AFE287A0028AED12046FA
:106488000121012602F0A0FB2E72F8BD018000C098
:10649800F8B5B5EE400AB1EE401AB6EE002A40F261
:1064A800E734F1EE10FAEFF3008148BFB0EE410A8D
:1064B8009FED221AB4EE410AF1EE10FAC8BFB0EE11
:1064C800410AB2EE041A00EE012ABDEEC20A10EE2D
:1064D800100AA04238BF044681F3008802D50A207A
:1064E80040210CE0642808D30A201549B4FBF0F5D4
:1064F8006420B4FBF0F0095C03E00A200021B4FB3F
:10650800F0F5104F3420B847E8B20A250C4EB0FB1E
:10651800F5F101EB8101A0EB4100305C40F0800116
:106528003520B847B4FBF5F03A4600EB8000A4EB01
:106538004000315C3620BDE8F8401047CDCCC7425A
:106548008EAB00003D8300002DE9F84FFF2831D0C5
:10655800264B0C4605464FF4BE21AF0004F0020856
:1065680043EA80004158C9B2914227D121489A464E
:106578004FEA142947EA0006834602F0CFFE0BF1E2
:106588000101220C86F8009039430A7046F0020196
:10659800220E0A7002F0E8FFB8F1000F02BF45EAC8
:1065A8000A0004F0010101701148012181EA580133
:1065B800384316E04FF0FF30BDE8F88F00F5BE20F5
:1065C80024F0FF0162B9B8F1000F02BF2B4304F0B9
:1065D80001041C70064B012484EA58043B431C60E8
:1065E800114301600020BDE8F88F00BF0020024081
:1065F800001A4442011008402DE9F041254E054695
:10660800371802F08BFE044697F84A01411C87F8B8
:106618004A1128B1204602F0A7FF0020BDE8F0810A
:10662800DFF8748018F8257007F03F00142898BF29
:10663800FFF7E2FF08EB8500458878B2B0F1FF3F2D
:106648000CDD78061FD4154800684169284688473C
:10665800284601F08DFC0128FAD1DBE70F4E30689F
:10666800C169284688473068416A284688473068A3
:10667800C16A284688470A4801210160094801681B
:106688008907FCD5C6E706EB8500D0F86011012024
:106698008847BFE7D0050020F8980000B80100102F
:1066A8002820086028200840F8B505462248234ECF
:1066B8004168890705D40168F02242EA114186F849
:1066C8004D101F494FF001221F4F0A601D490988CC
:1066D80039680968846820468847A00105D4E00124
:1066E80003D5307840F0020030703868214642689F
:1066F8002846904702F02CFA1448154A0068C0F35F
:1067080005311170C1054FF0130158BF23214023F3
:106718007354382101EA901000F56050A2F85C002B
:106728003868816820468847022001F05BFE0948E6
:1067380001210160F8BD00BFAC4F0050096208405C
:1067480004A40C4000A00C40F00100100C140050F0
:106758000EB00C40940460428B4208BF824207D9B5
:10676800009A002A01D01060516000210020704773
:10677800002B08BF002A10D1009A002A01D010600F
:10678800516002000B0000210020002B08BF002AE6
:106798001CBFC943C04301F058BAF0B51C461546A2
:1067A8000B46024600200021B4FA84F6202E04BFCE
:1067B800B5FA85F62036B3FA83F7202F04BFB2FA6C
:1067C80082F72037F61BB6F1200727BF05FA07F432
:1067D80000257F42B4403EBF25FA07F73C43B54049
:1067E800A34208BFAA4201D3521BA34140414941D9
:1067F8006D0845EAC4756408761EF1D5059F002F1B
:1068080001D03A607B60F0BDF8B5254F05463E18CB
:1068180002F084FD044696F84A01013886F84A01D8
:10682800000637D11F4810F9251000EB8500458870
:10683800CEB2B1F1FF3F0CDD70061FD41A480068D4
:10684800816928468847284601F070FB0228FAD15A
:106858001AE0154F3868016A284688473868816AFF
:10686800284688473868016B284688470F48012121
:1068780001600F4801688907FCD505E007EB850032
:10688800D0F860110020884706F03F00142898BF10
:10689800FFF7BAFF204602F067FE0020F8BD00BFF0
:1068A800D0050020F8980000B801001028200860E2
:1068B800282008402DE9F04102F030FD254F8046A0
:1068C80001210124D7F8900001F010FFA7F8A0409B
:1068D8000646B868D7F89840B968711A201A8842ED
:1068E80003D9002087F8A0002EE0404602F03CFEC5
:1068F800351B0026B54207D334440120AD1B214681
:1069080000F0F4FD0646F5E702F008FD804697F82A
:10691800A10020B10020214600F0E8FD0646701CC9
:1069280006D0D7F89C00711B814238BF084601E0A9
:10693800D7F89C00011902F053FA002087F8A0004C
:10694800012087F8A200BC604046BDE8F04102F093
:106958000BBE00BFB003002070B505680446A968E7
:1069680048690A301BD16B68204600229847A868FE
:106978006FF009064661022001F09EFEE868296969
:10698800884213D06B68E8680022C069E860E8684C
:1069980046612046E9689847E8684661EEE7486935
:1069A800033008D100202861E86020E00020E8607A
:1069B800A860286170BDE8682A69904211D06B68A8
:1069C800E868C069E86002F013FDE968204600F055
:1069D80079FC0028EED005F1E400BDE8704000F035
:1069E800E5BE0020E86028616B6802F001FD022026
:1069F800BDE8704001F060BE2DE9FF470446E0B3F2
:106A080015460E4602F08AFCDFF87890074699F89A
:106A18000000A0B90DF10408404602F0D1FBDFF8F0
:106A280068A08020194A1421434602900AF1040004
:106A380000F06CFA0120CAF8004089F800003846D6
:106A480002F092FD0020E660124AE0626062C4E94A
:106A58000500E0610E48002D18BF28460023017884
:106A680021704168A1608168002002F09FFBA0624C
:106A780020622061606002F071FB204604B0BDE82E
:106A8800F08700BF4D0A0020DC0900206590000057
:106A9800F8AA000040420F00F8B5D0E901650446A5
:106AA800287902F08DFCD6F8CC20696928685268EC
:106AB8001268D16296F8F93013B9C368DB06FCD4C2
:106AC800436823F0020343602B69D3621943476A82
:106AD80027F003074762C2F80415416921F0010154
:106AE800416101210162D6E93512D6F8C000016082
:106AF8004AB1EB699B68C3F309139A4203D911445D
:106B0800DA4311440160D6F8DC204AB16B6A9B680D
:106B1800C3F309139A4203D9DB431A4411440160B1
:106B2800204601F0B9F8287902F044FC2879BDE83C
:106B3800F84002F04BBCFEE710EE100AC14311F01A
:106B4800FF4F02D100EE000A7047B0B500282ADDD9
:106B5800C10D2ED001227F39002462F3DF5001F0ED
:106B6800010200FA02F34FF08072002062B1151999
:106B7800B5EB430FDCBF1044AC18C5EB4305C8BFE9
:106B88005D0052082B46F1E700F00102002B18BF08
:106B980010440E4A02EA815101EB600000F17C507A
:106BA80000EE100AB0BDB5EE400AF1EE10FA06D1BB
:106BB800B0BD01210202CDD401394000FAE702F04C
:106BC8001BFD9FED030A21210160B0BD000080FF7D
:106BD8000000C07F2DE9F04391B00E4621490446DC
:106BE800684600234FF00008324602F0E9F8701EAC
:106BF80010F1030F02D8684600F02CFB02F08EFB60
:106C0800194F054601200136E9467870E068A0B9B9
:106C18001EB1484602F037FD78B1606800B1804780
:106C2800284602F0A1FCB87818B102F03FFB87F8BB
:106C3800028002F073FB0546E8E700207870E06800
:106C480020B1E0680138E060002400E0FF24284615
:106C580002F08AFC684602F0B5F960B211B0BDE8EE
:106C6800F08300BFCF7D0000100A0020F8B5D0E9FE
:106C78000167054602F052FB0446D6F8C00098B3F7
:106C880096F8F81019B9007C0338012831D828463D
:106C9800FFF702FFD6F8C00000220223016805466C
:106CA8003DB12F7C033F022F28BF2B742A606D69EA
:106CB800F6E73246016052F8C81F21B10A46496911
:106CC8000029FBD1143210600020C6E93000C6E963
:106CD8003400C6E93600204602F046FC06F13000D2
:106CE800BDE8F84000F062BD3868416821F0020153
:106CF80041602046BDE8F84002F036BC2DE9F84F67
:106D0800214F83464FF001084FF002094FF0000A67
:106D18007868A0B3F868012831D17868032408217D
:106D280021B1014203D14908013CF9E7002407EBEE
:106D3800C40000F12C06304602F05EF905463046E4
:106D480002F0B6FB28B1796808FA04F021EA0000DD
:106D58007860A869296AC5F8249028625846B960FD
:106D680002F002FCD5E90301EA69904702F0D6FA7D
:106D78008346686A022808BFC5F824A0C8E700202F
:106D88003870BDE8F88F00BF9009002010B541ECBD
:106D9800100B43EC112B00F0D9FC002801D0002087
:106DA80010BD012010BD10B541EC100B43EC112BA8
:106DB80000F0CCFC002801DB002010BD012010BD34
:106DC80010B541EC100B43EC112B00F0BFFC002870
:106DD80001DD002010BD012010BD10B541EC100BE5
:106DE80043EC112B00F010FD002801DA002010BD43
:106DF800012010BD10B541EC100B43EC112B00F035
:106E080003FD002801DC002010BD012010BD7047E3
:106E180070B50568D5F8F81031B3D5F8582144682D
:106E28005668A16B20683268D162022102F022F90B
:106E3800D5F85801A16B154A40680068C0F80415D8
:106E480091FAA1F112683068B1FA81F1926990471C
:106E58000446D5F8F800011B6879022806D105F127
:106E6800D00001F085FD0BE000240CE0D5F8F4001B
:106E7800D5F8FC200A44401AC5F8FC20C5F8F400EF
:106E88000020C5F8F800204670BD00BFD4010010EE
:106E9800F0B587B0194E307868BB194C204602F01F
:106EA800E6FB00200127A060C4E92670C4F89F0013
:106EB800C4F8947003AD284602F010FA4FF0FF3082
:106EC80010492A46059004F10C00FFF71FFA6D4699
:106ED800A064284602F00AFA70680B492A46029014
:106EE80004F15000FFF788FDC4F8900001F057FF47
:106EF800C4F89C00377007B0F0BD00BF300A00200E
:106F0800B0030020BD680000A5930000FEB568B17D
:106F18001E460D4604465BB17068C1B2FF2910D009
:106F280015490968A9420ED0E0280CD1002421E0B7
:106F380001206E468DF808004FF0FF3001900020C8
:106F48000090C02070600D480D4940F82540306819
:106F5800C4E90052A060284601F050FD094F31797C
:106F68003868826828469047307A18B138680169CD
:106F7800284688472046FEBD140900204407002003
:106F88005D8F0000B001001010B52DED028BB5EE3D
:106F9800400AB0EE408AF1EE10FA04D5154801F027
:106FA800DBFEB1EE488ABCEEC80A9FED131AB6EEB6
:106FB800002A10EE100AB8EE400A38EE400A00EE39
:106FC800012ABCEEC20A10EE104A632C84BF0024CA
:106FD800013000F0EBFD094801F0BEFE092C02D893
:106FE800074801F0B9FE2046BDEC028BBDE8104011
:106FF80000F0DCBD4BAD00000000C84257AD0000FA
:107008004FAD000010B517480168890726D4174806
:107018000468A00221D41648006800688047C0F1BF
:107028003E000722C1100729B8BFC210012000EB9B
:1070380024718A42D8BF0A460E490968C1F3032160
:10704800891A0F29A8BF0F210129D8BF014641F08D
:10705800F000094981F84D00087810BD0249C16067
:1070680010BD00BF10000940FD000040B44F0050A3
:10707800EC0100100C1300500D6208402DE9F0419E
:10708800D0E901480546D8F80000416821F002011E
:107098004160204601F050FFD4F8CC0001F082FA9C
:1070A80004F1300001F046FA94F8F80018B904F138
:1070B8006C00FFF7ACFED5E901750D4E95F8380068
:1070C800B04795F83900B04795F83A00B04797F8B7
:1070D800FB00B04798F80C00FFF796FB04F11C0082
:1070E80001F0AEFE002084F8FD00BDE8F08100BF8D
:1070F8004D82000070B588B0044601200D4600F0AE
:10710800B1FB184EB06F50B344F0400100208DF829
:1071180007508DF805100DF102018DF80600CDE934
:10712800050007908DF80400ADF80200707F049107
:107138000DF10501039103210291002102F076F877
:10714800094C0A20A047B06F02A902F096FA0A205B
:10715800A047707F012102F069F81920A04708B004
:1071680070BD00BF1C080020CF960000F8B505468A
:1071780016484BF2F521174E006800FB01F714483A
:107188003C0A006800F44020B0F5802F10D1124866
:10719800006880030CD4F0680068804701F070F83C
:1071A8003168C9688847C010390B484304EBE0349C
:1071B8002DB90A48006820F07F402044440830690F
:1071C800416C2046BDE8F840084700BF08400C4025
:1071D800B44F0050E00100108C13005010200940FB
:1071E800F0B540F6FF7C10F8013B0024082CFAD0DB
:1071F8000646DF0716F8015B0DD1477807F00F0642
:107208000336122E0DD190F90220D6B2B2F1FF3F0B
:1072180009DD03300DE001F8015B304601345B08FD
:10722800E4E7023006E0C27806F07F06043046EA5A
:10723800C21612363F0947EA0512624508BFF0BD7B
:107248002A013A44D543002EE8D04A5D013E0A702F
:107258000131F8E7F8B5054602F060F8184E044623
:1072680096F8A20080B196F8A00068B9D6F8900008
:107278000121012701F03AFAB168D6F89830B268CE
:10728800411A9A1A91420CD901F0C4FC01212975BE
:10729800AA681044E86096F8A00060B186F8A110CA
:1072A80009E02F75AA681118181A8242E96002D2FB
:1072B800104601F095FD2046BDE8F84002F054B9AB
:1072C800B003002070B56FF007024A61D0E90020D2
:1072D800CC6891E8680002F1D00C00689160C2F8AF
:1072E800DC40ACE86800D0F80468760642BF6FF06E
:1072F8000800486170BD0126C0F810684FF4FF7699
:10730800098B06EA410145B1C0F80018591CC2F8BA
:10731800D0101978C0F8081805E041F00101012CD7
:10732800C0F8001801D1032100E00B2102F0EFF8AA
:10733800002070BDF0B589B0044600200D46002736
:1073480000F090FA164EB06F38B30A2000218DF87D
:107358000B508DF80A40CDE9067708978DF808702C
:10736800ADF806708DF809000DF1060005900DF1D5
:1073780009000490032003900F2001F057FF0A2012
:1073880002F0A1F9B06F03A902F077F90A2002F020
:107398009AF90F20012101F049FF09B0F0BD00BFA3
:1073A8001C0800200CB44FF07F4343F460034FEAFD
:1073B8004102D21A1BD24FEA105040EA013010F5B0
:1073C800807024BF400801F580114FEA5020002941
:1073D80048BF40F000404FEA4101490DB1F56071E6
:1073E8000CD4FF290DD240EAC1500CBC7047DB43D6
:1073F8001A40024305D0D8430CBC704700200CBC8F
:10740800704701F00041FF204FEAC05008430CBC10
:1074180070477047B0B5174C6068216801EA0005ED
:1074280021EA0002680622601DD51348006800F4AE
:107438004000B0F5000F03D11048006801F022F9B0
:10744800042002F011F8811E022905D201F03AF851
:10745800022001F031F903E0012808BF01F032F8F9
:10746800202001F03DFA280648BF00F03BFCA5604B
:10747800B0BD00BF90220840B44F00500C0A002055
:1074880010B52DED028BB5EE400AB0EE408AF1EE54
:1074980010FA04D5134801F05FFCB1EE488ABCEE3F
:1074A800C80AB2EE041AB6EE002A10EE100AB8EEB8
:1074B800400A38EE400A00EE012ABCEEC20A10EE7D
:1074C800104A092C84BF0024013000F06FFB0648E5
:1074D80001F042FC2046BDEC028BBDE8104000F0F4
:1074E80065BB00BF4BAD000057AD00002DE9F0476C
:1074F800174E05468946304602F0D5F804464FF047
:10750800FF384FF0000AB4421FD02046274602F049
:10751800CCF80446387D0028F5D065B1F8684845B0
:1075280009D1386910B14844F86001E087F814A01F
:10753800D7E906108847387D0028E4D0F868A0EB22
:107548000900404538BF8046DDE74046BDE8F08782
:10755800B003002070B50468616F59B3D4F858219E
:1075680045685668E96B28683268D162012101F0E4
:1075780081FDD4F85801E96B0F4A40680068C0F8EB
:10758800041591FAA1F112683068B1FA81F1926993
:107598009047616F091AE07C20B104F14C0000F0BB
:1075A800ADFF05E0206FA26F401A20675018A06752
:1075B8000020606770BD00BFD4010010B0B5134D46
:1075C8000124E86B01680120884701281BD028683E
:1075D8003C21012200230024C5680D48A84790B12A
:1075E80000F054FF0B480C490068D1E9002388607B
:1075F800C01A0A4BA2EB92025843B2EB104F98BF45
:10760800020C01240A602046B0BD00BFA40100108E
:1076180000A00C4030200940FC09002040420F0027
:10762800B0B51448144D807B95F83911084306D03D
:1076380001F074FE95F83B1121B101F095FF00248B
:107648002046B0BD012485F83B4101F08DFF0220A2
:1076580001F016F90D20FEF7CFFF08480168002950
:10766800EED1074940220A604A60002185F83A11A4
:10767800C461E4E784A80000D005002004800C4021
:1076880038500C402DE9FF41144DD5E90067387991
:10769800FEF7B2FF01F042FE04463078B0B90DF1B2
:1076A8000408404601F08CFDB87979790C4A4346C4
:1076B80001950290301DFFF729FC38684FF0FF3123
:1076C800C16208498160012131704160204601F0A2
:1076D8004BFF024804B0BDE8F08100BF58AC000081
:1076E8005D9500000018002070B588B004460120A0
:1076F800012600F0B7F8134DA86F08B300200DF16C
:1077080006018DF8074004910DF10701CDE9050048
:1077180007908DF80600687FCDE90261002101F02D
:1077280085FD094C0A20A047A86F02A901F0A5FF12
:107738000A20A047687F012101F078FD1920A047A1
:1077480008B070BD1C080020CF960000F0B550ECC2
:10775800101B154D20F000444A4275EB040206D375
:1077680052EC113B22F000465F42B54101D20120A4
:10777800F0BD43EA010534432C4304BF0020F0BDAB
:1077880012EA000406D4CC1A70EB020406DA4FF0B1
:10779800FF30F0BD5C1A72EB0004F8DB5940504032
:1077A800084318BF0120F0BD0000F07FF8B505467A
:1077B80001F0B4FD0446686A01280FD06869104FCB
:1077C800012629466E6207EBC0002C3001F088FBC9
:1077D8006869796806FA00F008437860084D2878E7
:1077E80040B9E868012805D10648006801F0F4FDB1
:1077F800012028702046BDE8F84001F0B5BE00BF62
:107808009009002014090020F0B550EC101B144D0D
:1078180020F000444A4275EB040214D352EC113BA9
:1078280022F000465F42B5410DD343EA01053443D7
:107838002C4304BF0020F0BD12EA000406D4CC1A81
:1078480070EB020406DA4FF0FF30F0BD5C1A72EB01
:107858000004F8DB59405040084318BF0120F0BD30
:107868000000F07FF0B589B0134F0446114EB86F91
:1078780010B13168A1421BD018B101F0FBFE002005
:10788800B86701AD284601F019FE0C488DF81C4078
:10789800012C294604BF4DF29000C0F20300059068
:1078A80000208DF8100000F04DFCB86700B134607E
:1078B80009B0F0BD180900201C08002040420F0044
:1078C8002DE9F0410646FFF7E3FA114FD7F890008B
:1078D80001F0FAFD04460F480D4641F2C60840681B
:1078E800C0EB0011B14207D8A0EBC00106EB410183
:1078F800B1FBF0F001F054F9E6FB0845D7F8900029
:1079080001F0E2FD001B71EB0500F7D3BDE8F08143
:10791800B0030020300A002002461448036E0020FD
:107928001BB310B58AB00C4651BACDE90800CDE9B1
:107938000600ADF806100221059101AAADF8040071
:107948001846CDE903120DF1060102913A21ADF86E
:10795800201002A901F03DFC20B1BDF8041009BABD
:10796800090C21800AB0BDE8104070471C080020AF
:107978007CB5D0E90056002101243068C0F8101801
:10798800C0F81C48684601F041FC0C49D5F8202194
:1079980030680968002A0B68019918BF01229847C6
:1079A8003068074A00F5026102EA411301F07041AC
:1079B800194411440C63C0F804487CBDAC010010A4
:1079C800E0FFFF01F8B540F2E734114D114FA04236
:1079D80038BF04466420B4FBF0F0295C3420B84773
:1079E8000A20B4FBF0F6B6FBF0F000EB8000A6EB43
:1079F8004000295C3520B84706EB86003A46A4EBE0
:107A0800400080B2295C3620BDE8F840104700BF2E
:107A18008EAB00003D83000010B58AB08DF82700BA
:107A280011484FF6FF74006ED8B10222002104926B
:107A38000DF10202CDE90711CDE90511ADF80210EB
:107A48000392012202920DF1270201926022ADF801
:107A58001C2001A901F0BDFBBDF80210002818BFC9
:107A68000C46A0B20AB010BD1C080020B0B500F04A
:107A7800BFFE0E4C0E4D1420611CA8470A2021465B
:107A8800A84709202146A8470A490820A847B9203D
:107A980000F0B4F8084C1420A0470A20A047092099
:107AA800A04708202146BDE8B040084700640020F0
:107AB80017960000022000204D820000F8B5124FF2
:107AC800044616460D46387818B9FFF7E1F9012043
:107AD8003870B4B12EB1307820707068606030783A
:107AE80004E0D7E90201C4E90001C0B228B10120CD
:107AF800A06005B90020E06003E04FF6FF70A060C9
:107B0800E5602046F8BD00BF100A0020A0F1300152
:107B1800092904D81049084410F8301C18E0A0F1CD
:107B28004101192904D80B49084410F8411C0FE0F9
:107B3800A0F16101192904D80649084410F8611C0C
:107B480006E000215F2808BF08212D2808BF402132
:107B58000846704708A600008EAB0000024612488F
:107B6800006EF8B180B58AB00023CDE90833CDE9BD
:107B78000633CDE904330423039301AB8DF80710D2
:107B8800090A8DF8052002933A238DF80610110A88
:107B9800ADF820308DF8041002A901F01AFB0AB0E4
:107BA800BDE88040704700BF1C08002008B3B0B58E
:107BB80086B000210A236A4658B1B0FBF3F404EBFF
:107BC8008405A0EB450040F03000505401312046B8
:107BD800F2E7013A002303A8994204D0545C013A21
:107BE800C4540133F8E70022425401F0B5F806B056
:107BF800B0BD014801F0B0B84FAD0000B0B50446C3
:107C08001420002101F012FB07250A20002101F0B1
:107C18000DFB681C0FD024FA05F000F001010920C3
:107C280001F004FB0A20012101F000FB082001F00B
:107C3800F7FC013DE9E71420012101F0F7FA4FF4C0
:107C48002F70BDE8B04001F0EBBC70470E480F4AFA
:107C58000F4B0168825800680340D0B20D4A7F2854
:107C680088BF0020934207D1090F022906D307D005
:107C7800032901D1153004E0FF2002E00A2000E0CA
:107C88000B3040B2704700BF1813005088FDFFFF4B
:107C980000F0FF0F0010B40B7FB5D0E90154204667
:107CA80000F0A5FF2068416821F0020141604169A8
:107CB80021F00F0141610321016202A801F0A6FA37
:107CC800074995F8F93095F8FA202068D5E939651B
:107CD80009680C680399CDE90065A0477FBD00BF1E
:107CE800C4010010B0B501F019FB044601F080FC96
:107CF8000028FBD0032000F0DFFC0B48002180F8AF
:107D08003811204601F030FC0848816802200D46F1
:107D180088470446102000F0E3FD24B103202946DB
:107D2800BDE8B0400847B0BDD005002084A80000D9
:107D380002461148006EE8B180B58AB000238DF87C
:107D48000610090A8DF80520CDE90833CDE9063378
:107D5800CDE9043303238DF8071003930DF10503D0
:107D680002936023ADF8203002A901F032FA0AB07C
:107D7800BDE88040704700BF1C0800202DE9F04195
:107D88004768044601F0CAFA05464FF00008D7F8DC
:107D9800C8609EB171697068C6F81480C7F8C810C9
:107DA80000F0C8FF284601F0DFFBD7F8BC202046CA
:107DB8003146904701F0B2FA0546E8E72846BDE8A3
:107DC800F04101F0D1BB7047F8B50446C8B11D4673
:107DD80016460F46FFF75CF80020A6600A4EA7611A
:107DE800002D207518BF2E46D6E9010120610748ED
:107DF800E161214601F074F8307810B12046FFF7B0
:107E080029FA2046F8BD00BFE0AA0000B003002010
:107E180070B5044601F082FA05460C480126C16A8D
:107E280006606268130CB2F5802F38BF042319442A
:107E380041610748232100680268002090470548EF
:107E480006602846BDE8704001F08EBB042009405A
:107E580084010010800224430CB54FEA41034FEA25
:107E68005353B3F54073FF3B44BF00200CBDD3F11F
:107E78001F030FD94FEAC12242F0004222FA03F24F
:107E88000B2B3EBF1533D840024300294CBF50424C
:107E980010460CBD00294FF0004058BF401E0CBDD5
:107EA80070B50D46044601F039FAD4E901128A4248
:107EB80004D101F059FB4FF0FF3070BDE368226830
:107EC8000133B3FBF1F606FB11315554E160A168AB
:107ED800626901319142A16088BF0A46626101F07E
:107EE80043FBA06870BD7047F8B50D480D4D0E4FA7
:107EF8000126046804608CB1B4FA84F0696880F0E3
:107F08001F0006FA00F251F8201094430029F2D01D
:107F180057F820205203EED58847ECE7F8BD00BF9C
:107F2800E020024058A90000001008400F49C3078C
:107F38000A68496D01D1002106E001F0040102F050
:107F48000103C91818BF0121830744BF02F00203C7
:107F580041EA5301400744BF02F0040041EA90019E
:107F68000220002918BF0120704700BF40210840A7
:107F78000F49C3070A68496D01D1012106E001F0E4
:107F8800040102F00103C91818BF0121830744BF87
:107F980002F0020301EA5301400744BF02F0040063
:107FA80001EA90010220002918BF0120704700BF94
:107FB8004021084070B501F0B1F904460B4801783A
:107FC80021B12046BDE8704001F0CEBA0121017010
:107FD800074805780748002DF3D0064656F80C1BCD
:107FE80089688847013D3046F5E700BF4F0A002001
:107FF8005AAD0000ECAA000002460F48006ED0B14E
:1080080080B58AB000238DF807108DF80620CDE9D9
:108018000833CDE90633CDE90433022303930DF188
:10802800060302937623ADF8203002A901F0D1F8B7
:108038000AB0BDE8804070471C08002002460F487F
:10804800006ED0B180B58AB000238DF807108DF886
:108058000620CDE90833CDE90633CDE90433022300
:1080680003930DF1060302936223ADF8203002A9B1
:1080780001F0AFF80AB0BDE8804070471C08002046
:1080880002460F48006ED0B180B58AB000238DF843
:1080980007108DF80620CDE90833CDE90633CDE980
:1080A8000433022303930DF1060302932023ADF852
:1080B800203002A901F08DF80AB0BDE88040704771
:1080C8001C0800200B4801688907FCD50A480121D3
:1080D8000A4AD0F83C0101284FF0010008BF2020CF
:1080E8000823906100201060054803604360116018
:1080F800704700BF58600C40D005002000400C407D
:1081080038500C4040F00201022918BF70477CB576
:108118000A4D0B4C80B27022042329684E680090E7
:1081280020460021B0472868002170227023D0F82B
:108138000CC0204602B0BDE870406047A4010010A2
:1081480000A00C400C4A1278012A11D1094A127871
:1081580082420DD9094A0029094B18BF0A4600EB8B
:10816800400103EB810053F82110CB6811461847F2
:10817800002070475AAD00004F0A002008A30000F5
:10818800ECAA0000B0B5054601F0C8F80446A86896
:10819800E968814202D2E8680130E86000F0ACFF8B
:1081A80040B1074D6878012804D1A87810B900F0CB
:1081B800CBFFA8702046BDE8B04001F0D5B900BF9C
:1081C800100A002080B58AB08DF827000C480022DC
:1081D800006E88B1CDE90722CDE905220122CDE95B
:1081E80002210DF12701049201916221ADF81C10C2
:1081F80001A900F0EEFF024610460AB080BD00BF9C
:108208001C08002080B58AB08DF827000C48002291
:10821800006E88B1CDE90722CDE905220122CDE91A
:1082280002210DF12701049201912021ADF81C10C3
:1082380001A900F0CEFF024610460AB080BD00BF7B
:108248001C080020FF2817D0B0B5044600F0E2FE55
:108258000A4D286850F82410204601F0D8F96868BB
:1082680050F8241011B1002140F82410A86800210A
:1082780040F82410BDE8B040704700BF58A900007E
:1082880070B50D4B1B3800FB00F193E87000DB68FC
:1082980001FB00F283FB0223C6FB0123C5FB00237D
:1082A8001009190940EA0370001941EBE471000C48
:1082B80040EA014070BD00BF200A00207CB50C4D8B
:1082C8000C4C00214FF4C07207232868466802202E
:1082D80000902046B047286800214FF4C072072359
:1082E800D0F80CC0204602B0BDE87040604700BF1F
:1082F800A401001000A00C4080B58AB08DF82700BA
:108308000B480023006E80B10893CDE9063303AF14
:108318000EC7012102910DF1270101917621ADF8D7
:108328001C1001A900F055FF034618460AB080BD8D
:108338001C08002080B58AB002460C488DF827102A
:10834800006E80B10021CDE90711CDE90511CDE915
:1083580003110121ADF81C2002910DF127010191B3
:1083680001A900F036FF0AB080BD00BF1C0800203C
:10837800BFB58DF80F0041200C46FF250DF10A020C
:1083880003210223ADF80D000F20ADF80A5000902C
:108398000DF10D00FDF754FF20B19DF80A509DF82E
:1083A8000B002070284604B0B0BDFEE710F1240F82
:1083B800D8BF6FF023001B28A8BF1B2003210F2262
:1083C8002430A1EB101122EA000022FA01F14FF645
:1083D800FF7222FA00F040EA014001490860704744
:1083E80018A00C40B0B50A490A4A0B4B0C684D68F6
:1083F800AC42FCD1844208BFB0BD155C145DAC42F0
:108408004FF0FF3538BF01252C441C5D0C60EDE7AB
:1084180000600C4060AC000064AC000010B50A4C71
:1084280000212068426801209047206801680120E7
:10843800884708B100F02AF804480068E068006836
:1084480080470349C86010BDE00100103020094092
:10845800FC09002010B50A490A4C0860D1F89800B8
:1084680040F00300C1F898002068816920208847FF
:10847800054800682068806BBDE81040004700BFD1
:108488008C210840B80100102C20094010B50A487A
:108498000B4C0188C907094907D14FF00122226016
:1084A80000880868BDE810400047086880474FF01A
:1084B8008070206010BD00BF00A00C40800000103C
:1084C80004A40C407CB50B4D0B4C00214FF04052DE
:1084D8001C2328684668032000902046B047286877
:1084E80000214FF4007209234568012000902046BE
:1084F800A8477CBDA401001000A00C40F8B50C46AC
:10850800054600F00BFF2B1D6E690ECB8F1AA74294
:1085180038BF3C4622442344B24288BF16466E61A7
:10852800B3FBF1F606FB1131C5E9022101F01CF895
:108538002046F8BDB0B5054600F0F0FE04462846D2
:1085480000F001FFA86800F0B3FF40B1686901219D
:1085580001FA00F004494A6822EA0000486020460F
:10856800BDE8B04001F000B89009002070B50B4E8E
:10857800054600F0D3FEF5600446012D706808D169
:1085880038B1307828B90648006800F025FF012086
:1085980030702046BDE8704000F0E6BF900900202A
:1085A80014090020F8B5D0E9006500F0B7FE0446CC
:1085B800307870B1287900F081FE012806D128684A
:1085C80000274760301D00F0B7FC37702879FEF7A8
:1085D8001BF92046BDE8F84000F0C6BF1FB58DF86E
:1085E8000E004020FF248DF80F100DF10B0204211E
:1085F8000123ADF80C000F208DF80B40009003A864
:10860800FDF71EFE9DF80B10002808BF21460846FE
:1086180004B010BDBCB5054600200C460DF106019E
:10862800ADF80600ADF804002846FFF775F960B10B
:10863800681C01A980B2FFF76FF930B1BDF80400DA
:10864800BDF8061041EA00402060BCBD70B509487D
:10865800094C84420BD0094D094EB54207D0F5E8C4
:10866800020110F8012B54F822209047F5E700BFCB
:1086780000BF70BDECAD0000E0AD000024AE00000E
:1086880064AE000008490A4B421808499A42096832
:1086980008D801F44001B1F5000F03D10549096874
:1086A800496C0847704700BF5C8F82FFB44F005089
:1086B800B71E0500F001001070B50B4D04462E18CA
:1086C80000F02CFE96F84311013986F8431109068B
:1086D80005D10121AA68A14022EA0101A96000F0A0
:1086E80043FF002070BD00BFD0050020F8B5044648
:1086F8000A480F460068006B8047D4E904562A46AA
:10870800334600F053FD3FB1A0FB052300FB0633C1
:1087180001FB0531C4E90621F8BD00BF8C0100103A
:108728002DE9F04106460A4815460C4600278046C2
:10873800BC4209D0D8F80020E95D306892699047BA
:1087480008B10137F4E73C462046BDE8F08100BF98
:10875800D0010010F8B50A4E14460D46B047094F2F
:1087680001463420B8472846B04701463520B84767
:108778002046B047014636203A46BDE8F840104743
:10878800157B00003D830000BCB50C460021FF2589
:108798008DF8060000920DF1060002238DF80710EF
:1087A800ADF8045001AA0221FDF74AFD20B19DF859
:1087B80004509DF8050020702846BCBD1CB5FF2458
:1087C8008DF806108DF8050000938DF807200DF13F
:1087D8000500032101238DF8044001AAFDF730FDAF
:1087E8009DF80410002808BF214608461CBDFEE776
:1087F80080B50A49142000F00AFF1420002100F077
:1088080015FD012000F00CFF1420012100F00EFDE1
:108818004FF40C70BDE8804000F002BF01640020F6
:10882800F8B500F07BFD094E04460021D6F890000B
:10883800FFF75CFF0546D6E92667204600F094FE60
:10884800701BB84288BF0020F8BD00BFB0030020ED
:10885800FF2808BF7047B0B50D46044600F05EFD1E
:108868000649C5F3024311F8242002F0F8021A441D
:1088780001F82420BDE8B04000F076BE02100840A0
:10888800B0B50446012000FA04F500F047FD074999
:108898008A682A438A60214491F84321013281F889
:1088A800432100F061FE0020B0BD00BFD0050020CC
:1088B80007480068C00608D4064807490068084009
:1088C8000649884204BF012070470020704700BF56
:1088D800B04F00505013005000C4FF3F00C0071CA9
:1088E800B0B504460948056855B1A868204205D0C6
:1088F800D5E9033220460021984718B92D68F3E7D7
:108908000020B0BD4FF0FF30B0BD00BFD005002043
:108918001CB5FF2000248DF807000848C0780128FE
:108928000AD10DF107010020FFF76CFC20B19DF87A
:1089380007003F2121EA000420461CBD1C08002036
:10894800094880F308880948016841F4700101600A
:1089580000BF00BF00F0B1FE08B1FFF777FE00F0DE
:1089680011FC012000F08CFE0040012088ED00E0A1
:10897800B0B50C46054600F0D1FCD5E901122B69CB
:10898800A24238BF1446121BAA601A19B2FBF1F3AF
:1089980003FB1121296100F0E7FD2046B0BDF8B5C1
:1089A8000C46054600F0BAFCEA6895E8C2000132B8
:1089B800B2FBF6F303FB16252944216000F0D4FD31
:1089C800701BF11B814238BF0846F8BD002804BF60
:1089D800002170474CBF404200464FF01F014CBF7A
:1089E80041F4406141F48061491E4000FCD34FEAE4
:1089F800015141EA103100057047FEE770B5084A99
:108A0800084B14689C4208D014680025D82D03D060
:108A180066595E510435F9E7136043F8201070BDBC
:108A280008ED00E0000B0020094882698B1A043227
:108A3800B3F1004F09D8531AB3F1FF3F0B46C8BF33
:108A480013468A4298BF0B461A460260704700BF19
:108A580018200940F8B50C46D0E90016002701F1A6
:108A68004C053068013C47F100018269D20606D402
:108A780029B10068C1B22846FFF712FAF1E7F8BD3C
:108A8800E0B50021084A8DF8071000F00F01000931
:108A9800105C515C8DF805000DF105008DF806108D
:108AA80000F05AF98CBD00BF45A9000070B5044616
:108AB800006904F114052CCDA0FB010602FB01613D
:108AC800C6184D41300C002240EA0541FFF7ACFFC3
:108AD800C4E9086570BDB0B5056802200C46FFF70B
:108AE800EBFD64B1D5F8EC000021B1EB107F06D1A5
:108AF8000420FFF7E1FD4FF0FF30C5F8EC00B0BDF2
:108B080070B5D0E9006500F009FC0446F06830B1A2
:108B1800284600F031FDB0686FF009014161204638
:108B2800BDE8704000F020BDB0B50D46044600F029
:108B3800F5FBD5E9001211B14A606A6800E062608D
:108B4800002A18BF14462160BDE8B04000F00CBDF3
:108B580080B5FFF7ADFE60B10648006881034FEAB3
:108B680000414FF0000058BF0816BDE88040FFF7ED
:108B78001DBC80BDB44F005080B50648064900684A
:108B880008400649884204D1FFF760F81328C8BF97
:108B980080BDFEE71813005000F0FF0F0010B40B63
:108BA80088B1B0B594B06D4604460021002228462D
:108BB800FEF784FF2146FEF70DF82846FEF727F951
:108BC80014B0BDE8B0407047B0B5056802200C4647
:108BD800FFF756FE54B1D5F8EC000021B1EB107F39
:108BE80004D10420BDE8B040FFF74ABEB0BD00681C
:108BF800C168490701D58168FAE70221C0F88010E9
:108C0800C168C90702D1D0F88C10F9E70021C0F873
:108C180080107047B0B500F081FB0446054800217C
:108C2800D0F89000FFF762FD0546204600F09CFC56
:108C38002846B0BDB0030020B0B50C46054600F08C
:108C48006DFB0021216069680029616008BF294621
:108C58000C606C60BDE8B04000F086BC80B505488B
:108C680001210068426801209047034803490068D1
:108C7800486080BDE001001030200940FC09002058
:108C88001CB5064980B24FF47F42082309684C6836
:108C9800009003483021A0471CBD00BFA40100106C
:108CA80000A00C401CB5064980B24FF4F80212230C
:108CB80009684C68009003480421A0471CBD00BF08
:108CC800A401001000A00C401CB5064980B24FF466
:108CD8000032112309684C68009003480421A0471A
:108CE8001CBD00BFA401001000A00C401CB5064923
:108CF80080B24FF440620A2309684C680090034828
:108D08002021A0471CBD00BFA401001000A00C40FA
:108D180050B14AB110B5044608300EC02146044887
:108D2800FFF78AFF002010BD6FF00200704700BFF8
:108D3800D005002080B507490138884205D80620AB
:108D4800FFF7BAFC0420FFF7B7FC0220BDE880401B
:108D5800FFF7B2BCFEFFFF0FBCB504460648C56D61
:108D680045B1204600F0FDFA024601AB28462146EF
:108D780000F0F0FABCBD00BF1C080020F8B50C4696
:108D8800054600F0CBFA95E8C2002D692944216018
:108D980000F0EAFB701B874238BF3846F8BD80B543
:108DA800D0E9042347F69160101A73F1000031BF2F
:108DB8004FF0FF30002047F6906100F0F7F980BDD2
:108DC80010B50446C0E906138260002020612075B2
:108DD80002482146BDE8104000F082B8B0030020E8
:108DE80070B5064E05460C462946D6F89000FFF7A2
:108DF8005DFEC6F89840C6F8945070BDB0030020D8
:108E080005484FF4825100680028044848BF4FF4D1
:108E180041510160704700BFAC4F005028A10C4081
:108E280005484FF4805100680028044848BF4FF4B3
:108E380040510160704700BFAC4F0050A8A00C40E3
:108E4800B0B5044600F06AFA054604482146FFF723
:108E58006BFE2846BDE8B04000F086BBD005002078
:108E6800E0B5064AD2E90223CDE9002301228DF8B4
:108E780000206A46FEF722FE8CBD00BF100A0020C3
:108E880010B5064C34204021A04735204021A0478A
:108E9800362040212246BDE8104010473D8300009F
:108EA80010B50446B0F1FF3F03DC0448FFF754FF58
:108EB80064422046BDE81040FEF778BE4BAD000086
:108EC800002804BF0021704701001F2111F58061AF
:108ED800491E4000FCD3090541EA103100057047DE
:108EE800B0B50C46054600F019FA2560696861605E
:108EF80069680C606C60BDE8B04000F035BB1CB51B
:108F080004686479022C02D1FCF798FA1CBD049C11
:108F1800049402B0BDE81040FBF726BCFF2807D038
:108F2800044A526852F820308B4218BF42F8201089
:108F3800704700BF58A9000010B5054904460068ED
:108F48000968496988472068BDE8104000F0E8B81A
:108F5800B001001004480549007851F8200010B10C
:108F6800D0E901100847704704ED00E044070020ED
:108F7800002201284FF0000004BF40F2EE204FF419
:108F88007A72022908BF02461046704710B500F0F1
:108F9800C5F904490022CC68CA6000F0E5FA204609
:108FA80010BD00BF9009002000F0EAFAFDF778F83C
:108FB8000348016841F470010160FFF7C1BCFEE796
:108FC80088ED00E0B0B5044600F0A8F90546204653
:108FD80000F0B9F92846BDE8B04000F0C5BAD0E9BC
:108FE800001000220068C0F810280122C0F81C28D0
:108FF80001F1E400FEF7DABBB0B5044600F08EF9E3
:1090080025682968216029684C6000F0ADFA284677
:10901800B0BD0000FF2806D0034911F8202002F057
:10902800FB0201F82020704702100840022807D0F0
:10903800032804D180B5FCF78DFA002080BDFEE737
:10904800FEF7EEBA044890F8411119B1D0F86C0156
:1090580000B10047704700BFD00500200348012138
:10906800016003480068D0E902010847042009406C
:10907800DC090020B0B50C46054600F04FF9A96C94
:10908800A143A964BDE8B04000F06EBAB0B50C4683
:10909800054600F043F9A96C2143A964BDE8B04036
:1090A80000F062BA80B5FCF73DF9FCF75BFBFEF710
:1090B800DDFCBDE88040FBF7FEB810B500F02EF9E6
:1090C8000446FDF71BFE2046BDE8104000F04CBAF0
:1090D8000349096821FA00F000F00100704700BF59
:1090E800C0200240FF2803D0024A926842F82010AC
:1090F800704700BF58A90000034800886FF35F203D
:10910800002818BF0120704704ED00E0042805D1AD
:1091180080B51046FEF72CFCBDE880400020704763
:109128000249034A41F82020704700BF000B002085
:109138003F6B0000D9F8CC10D8F8140049680968CA
:10914800D1F80425024270470349002291F84101F1
:1091580081F84121704700BFD0050020034800680E
:1091680008B1017801B17047FEF752BEDC09002052
:10917800042805D180B51046FCF772FABDE8804096
:10918800002070470349002912BF01C900200021AF
:10919800F6F79EBF5CAD000010B50446000AFFF765
:1091A8006FFCE0B2BDE81040FFF76ABC40B584B080
:1091B80002AE0096FDF7D0FA029A039B04B040BDB8
:1091C80030B10121002201724FF0FF31C0E90021C6
:1091D800704780B54FF0FF32FBF782FFB0FA80F09E
:1091E800400980BD10B500239A4208BF10BDCC5C71
:1091F800C4540133F8E700000B4611461A4600F044
:10920800BEB80A46002100F0BAB80000024A0021A0
:10921800C0E90012704700BF006CDC02024989688F
:1092280051F82000704700BF58A90000FF281CBF54
:10923800014A8154704700BF0020024002484FF0A5
:1092480000410160704700BF00A10C40024801685E
:1092580041F0030101607047242208400248006879
:10926800C0F30720704700BF30A00C4002480068D8
:10927800C0F38440704700BF04A00C400248006857
:10928800C0F38120704700BF20A00C400248402155
:109298000160FFF7E3BC00BFA8A00C4080B5FFF752
:1092A80075FE0149086080BDCC05002002480121F7
:1092B80080F84111704700BFD005002002490844DA
:1092C80090F84A01704700BFD005002010B5002370
:1092D800541E80E81E00C0E9043310BDB0B5024931
:1092E80091E83C003CC0B0BD78A9000010B5024927
:1092F80091E81C001CC010BDF8AA000000680121FC
:10930800806900F0080081EAD000704780B50A46FD
:10931800D0F803101046FFF774FF80BD80B500F049
:109328002FF9002818BF012080BD80B500F07BF917
:10933800B0FA80F0400980BD234603958DF80450AB
:109348000295FEF741BD01684268116041680068F6
:10935800416070471CB54FF0FF340094FFF7CFFD14
:109368001CBD0021425C0131002AFBD1481E704718
:1093780080B5FFF78BFFBDE88040FEF7B3BC002344
:109388009A4208BF7047C1540133F9E70B46D0F839
:109398000320C11D184600F099B900000148806CEF
:1093A800FEF704BAB003002001484068704700BFC8
:1093B800300A002001490968096A0847B00100100D
:1093C8000149096849690847B0010010014909685D
:1093D80009690847B0010010014909688969084707
:1093E800B00100100021C0E90011C0E90211704766
:1093F8004869B0FA80F042092046184702460B46F1
:109408005046494600F057B902460B464046514679
:1094180000F051B902460B462846314600F04BB9D8
:1094280002460B462046394600F045B902460B462F
:109438003046514600F03FB902460B4628463146B1
:10944800FAF763BE02460B462046294600F033B9B8
:1094580002460B463046294600F02DB902460B4617
:109468003046394600F027B90149096809680847B4
:10947800E001001001490968C96A0847B8010010ED
:109488000148006800680047E801001001480068CA
:1094980040680047E801001001480068FFF766B817
:1094A800CC05002001488068704700BFD005002027
:1094B8000168081AB0FA80F0400970470149202273
:1094C80000F004B908A3000001480068006B0047D9
:1094D8008C0100100068016B21F4807101637047F2
:1094E8000068016B41F480710163704701492422CF
:1094F80000F0ECB870A1000080B51046FEF7CCFB78
:10950800002080BD0021C0E9001181607047C0F8CB
:109518000418022000F084B802460B46304639464B
:10952800704757EC106B32463B4670478AF81B0071
:109538001020FFF743B99DF83F512846FFF7A0BA1E
:1095480000214FF0FF32FCF7F3BB4068002180F8A0
:10955800FD107047406801210068C164704700F041
:109568000F013720FEF7E6BE00B1704700F00CB8D7
:1095780000688030FEF706BE00680421FFF7C7BF09
:10958800EFF3108072B67047EFF3108062B6704741
:1095980022462B4600F08FB8BDF90801FFF716BA2E
:1095A80040465146FBF796B953EC102B00F083B8B0
:1095B8002A463346FAF7A9BD3A46234600F07BB857
:1095C80042F2107000F07FB84246534600F073B87C
:1095D80022462B46FAF799BD3A462B4600F06BB85F
:1095E80051EC100B00F067B853EC102BFAF78DBD57
:1095F80080B5FDF7E3FF80BD00487047480A0020AA
:1096080040686C30FEF7BEBD00210175704700222E
:10961800FCF79ABF0220FFF74FB80220FFF730B9D6
:109628000138FDD17047EFF3108070472046FFF7EF
:109638009BBF0D46FFF7CAB95098FFF7C7B90F4649
:10964800FFF7C4B93B46FAF760BD4B46FAF75DBD74
:109658000121FFF7EBBD0D46FFF732BC0E46FFF7C1
:10966800B5B92046FFF778BB0F200121304740608D
:109678000060704701680968084702681269104766
:1096880000F005F8FEE7007D70478160704700BF75
:109698007047FFF779BFFFF7FCBFFEF7BFBEFEF7C5
:1096A800D9BEFFF7DBBA006870470068704780686A
:1096B8007047FBF7D1BBFCF7D3B9012070470020F6
:1096C800704700207047FEF7FBB80000FFF78ABD1F
:1096D800000000000000F03F000000000000F03F24
:1096E800000000000000F03F000000000000F03F14
:1096F800000000000000F03FAE47E17A14AEEF3FF3
:10970800000000000000F03F5839B4C876BEEF3FB3
:10971800000000000000F03F000000000000F03FE3
:10972800560E2DB29DEFEF3FD7A3703D0AD7EF3FFE
:10973800000000000000F03FAE47E17A14AEEF3FB2
:10974800000000000000F03F000000000000F03FB3
:109758000000000080845E410000000080844E41CB
:109768000000000080843E410000000080842E41FB
:1097780000000000B27C1E419A999999314E0E4121
:10978800000000008084FE400000000080C3EE401E
:1097980033333333538CDE40000000008084CE40E6
:1097A800000000008084BE409A9999999984AE403F
:1097B8006666666666849E40CDCCCCCCCC848E40F2
:1097C800CDCCCCCCCC847E403333333333836E4022
:1097D800202053656E736F72733A204144533132BF
:1097E8003932522845434729202B204D41583332DE
:1097F800363634432F4D41584D383631363128509E
:10980800504729202B20424D45363830202B204FF9
:10981800505434303431202B2056434E4C3430349D
:1098280030202B204D4C583930363332202B2041F4
:1098380044584C3336320D0A0020205B4D415833D2
:10984800323636345D20496E20426F6F746C6F611A
:10985800646572204D6F6465202830783038292E71
:109868002053656E64696E67204578697420426F7D
:109878006F746C6F6164657220636F6D6D616E6487
:10988800202830783031203078303020307830302F
:10989800292E2E2E0D0A000000B0004034000000D2
:1098A800FF00000050050020200000007005002087
:1098B800200000000000000002000000030000007B
:1098C800FF000000FF000000601800205018002072
:1098D80040000000200000001300000014000000F9
:1098E8001300000015000000160000000002000030
:1098F8008E0000008E0001008E0002008E00030022
:109908008F0000018F0000028F0000038E00010409
:109918008E0000058E0008048E00000489000006F1
:10992800500000007F0001003F0004003F000200DB
:109938003F0001007F0002008E0002048E00010239
:109948008E00010120205B4D415833323636345D9C
:1099580020456E61626C6564204D41584D38363142
:10996800363120494E5442202852656720307830DD
:10997800323D307843302C205265672030783039BA
:109988003D30783046293A2073743D3078002020E5
:109998005B4D415833323636345D20496E697469FF
:1099A8006174696E6720686172647761726520729C
:1099B80065736574202844494F31393D5253542CFE
:1099C8002044494F32383D4D46494F204849474881
:1099D800292E2E2E0D0A000D0A3D3D3D3D3D3D3DF3
:1099E8003D3D3D3D3D3D3D3D3D3D3D3D3D3D3D3D9F
:1099F8003D3D3D3D3D3D3D3D3D3D3D3D3D3D3D3D8F
:109A08003D3D3D3D3D3D3D3D3D3D3D3D3D3D3D3D7E
:109A18003D3D3D3D3D3D3D3D0D0A0020205B41441F
:109A280053313239325D2050726F62696E6720633C
:109A3800616E6469646174652043532070696E7354
:109A480020666F722041445331323932522061749A
:109A580020323530206B487A3A0D0A202020000D3C
:109A68000A2D2D2D2D2D2D2D2D2D2D2D2D2D2D2D41
:109A78002D2D2D2D2D2D2D2D2D2D2D2D2D2D2D2D0E
:109A88002D2D2D2D2D2D2D2D2D2D2D2D2D2D2D2DFE
:109A98002D2D2D2D2D2D2D2D2D2D2D2D2D2D2D2DEE
:109AA8000D0A003D3D3D3D3D3D3D3D3D3D3D3D3D7E
:109AB8003D3D3D3D3D3D3D3D3D3D3D3D3D3D3D3DCE
:109AC8003D3D3D3D3D3D3D3D3D3D3D3D3D3D3D3DBE
:109AD8003D3D3D3D3D3D3D3D3D3D3D3D3D3D3D3DAE
:109AE8003D3D0D0A0020202D2D2D2D2D2D2D2D2D08
:109AF8002D2D2D2D2D2D2D2D2D2D2D2D2D2D2D2D8E
:109B08002D2D2D2D2D2D2D2D2D2D2D2D2D2D2D2D7D
:109B18002D2D2D2D2D2D2D2D2D2D2D2D2D2D2D2D6D
:109B28002D2D2D2D0D0A0020205B4D415833323646
:109B380036345D2044697361626C6520496E7465D2
:109B4800726E616C20416363656C20283078343410
:109B58002030783034203078303020307830302958
:109B68003A2073743D3078000000004017FF000071
:109B7800000000000400FFFF0800000010000000C3
:109B88004018002030180020401A0020301A002009
:109B98000A000000090000000C0000000B00000093
:109BA80009080AFF0A00000020205B4D41583332A3
:109BB8003636345D20456E61626C65204578746583
:109BC800726E616C20416363656C20283078343490
:109BD80020307830342030783031203078303129D6
:109BE8003A2073743D30780020205B414453313271
:109BF80039325D204353207363616E20636F6D704B
:109C08006C6574656420286E6F20726573706F6E62
:109C18007365292E2044656661756C74696E6720CA
:109C2800746F2044494F200020205B4D4158333247
:109C38003636345D20535543434553533A205365D4
:109C48006E736F722048756220696E204150504CC7
:109C580049434154494F4E204D4F444520283078C0
:109C6800303029210D0A0020205B4D41583332360F
:109C780036345D2053746172746564204D41584DCB
:109C880038363136312053616D706C696E67202823
:109C980052656720307830443D30783038293A2092
:109CA80073743D307800202055493A2043483435B4
:109CB800354820372D536567202B204C45447320A9
:109CC8007C205043414C363430384120362D427583
:109CD80074746F6E20457870616E6465720D0A0049
:109CE8002020536D61727442414E204D756C746929
:109CF8002D4D6F64616C2053656E736F72204172D5
:109D0800726179202D204272696E672D5570204648
:109D180069726D776172650D0A0020205B4D4158AC
:109D280033323636345D204D41584D383631363170
:109D380020506173732D5468726F756768204944A9
:109D48002050726F62653A205061727449443D3008
:109D5800780020205B4D415833323636345D20532D
:109D68006574204F7574707574204D6F646520306C
:109D7800783031202853656E736F72204F6E6C797E
:109D8800293A2073743D30780020205B4D415833C8
:109D9800323636345D20456E61626C652041464539
:109DA8002028307834342030783030203078303102
:109DB8002030783030293A2073743D3078002020E4
:109DC8002A205B4D415833323636344320505047B1
:109DD8005D2020203A204875622052656164792010
:109DE8007C204649464F3A2073616D706C65733D1F
:109DF80000205B5741524E494E47202D204E6F742C
:109E080020526573706F6E64696E67202F204368F7
:109E180065636B20535049204D6F646520315D0D9B
:109E28000A00205B4F4E4C494E45202D2056657246
:109E3800696669656420416E616C6F672044657668
:109E48006963657320332D4178697320494D555DE9
:109E58000D0A00205B4F4E4C494E45202D20322ED6
:109E680034325620496E7465726E616C2052656694
:109E7800204163746976652C203530302053505367
:109E88005D0D0A000D0A2020202020202D2D3E20C7
:109E980053656E736F72204275732050726F6265DE
:109EA800203A2057726974655265675B307832339F
:109EB8005D3D30780020202A205B4D4158333236F2
:109EC800363443205050475D2020203A20487562A0
:109ED80020426F6F746C6F6164657220284D6F64E7
:109EE800653D3078000D0A2020202020202D2D3EB1
:109EF800204F70746963616C2046726F6E742D45D3
:109F08006E643A205061727449445B696478335DC9
:109F18003D307800290D0A2020202020202D2D3EBC
:109F28002048756220436F6D6D616E6420537461C3
:109F38007475733A204146455F73745B335D3D30F9
:109F480078005B4D554C54492D4D4F44414C20539E
:109F5800454E534F522041525241595D2054656C31
:109F6800656D657472792053616D706C652023008E
:109F780020205B4D415833323636345D204D6F64B6
:109F88006520616674657220736F667477617265A7
:109F980020636F6D6D616E643A2030780020205B1D
:109FA8004D415833323636345D2053657420464966
:109FB800464F205468726573686F6C64203078303F
:109FC800313A2073743D3078005B5741524E494E08
:109FD80047202D20457870616E646572204E6F743D
:109FE800204465746563746564206F6E2030783230
:109FF800305D0D0A005B41434B204F4B202D20362E
:10A008002D427574746F6E20457870616E64657248
:10A0180020496E697469616C697A65645D0D0A002E
:10A028000D0A2020202020202D2D3E2053746174FD
:10A03800757320466C616773203A2053656E736FA1
:10A048007253746174653D30780020202020456E7D
:10A0580061626C6520416C676F203220283078354A
:10A068003220307830322030783031293A207374F9
:10A078003D307800205B424D453638302056616CC3
:10A088006964617465642043616C696272617469B2
:10A098006F6E204C6F616465645D0D0A00205B4241
:10A0A8004D453639302056616C69646174656420A9
:10A0B80043616C6962726174696F6E204C6F616490
:10A0C80065645D0D0A0020205B4D415833323636F9
:10A0D800345D20436F6D6D616E6420726573706FBF
:10A0E8006E7365207374617475733A20307800203C
:10A0F800205B4D415833323636345D203078343168
:10A1080020307830302030783233207261772072F6
:10A11800785B365D3A2000205B434845434B20314D
:10A128005638202F20523137202F20523139202FF6
:10A1380020553720534F4C4445525D0D0A002020CE
:10A148002A205B4D4C58393036333220495220543E
:10A15800656D705D3A205461726765742F536B6941
:10A168006E203D20000102030000000000000000F6
:10A1780000000000000000000000000001000000D6
:10A1880000C20100030000000000000020205B4D19
:10A19800415833323636345D2054657374696E67BE
:10A1A800204F7574707574204D6F64652030780089
:10A1B80020202A204D4C5839303633322046495217
:10A1C8002054656D7020203A2056657273696F6E51
:10A1D80020307800205B41434B204F4B202D2056E8
:10A1E8006572696669656420566973686179204398
:10A1F8006869705D0D0A002020202020202D2D3E4A
:10A20800204475616C2050686F746F64696F646571
:10A218003A20414C53203D20002020202020202D92
:10A228002D3E20546865726D616C20526164203A3D
:10A238002044656C7461203D20005B46494E4745CB
:10A24800522F534B494E20444554454354454420CE
:10A258002D2050554C53494E475D0020202020208A
:10A26800202D2D3E204F70746963616C20526177F8
:10A27800203A20477265656E203D2000202020206E
:10A2880020202D2D3E204F7269656E746174696FB0
:10A298006E203A205069746368203D2000205B419D
:10A2A800434B204F4B202D2043616C6962726174CF
:10A2B800696F6E204C6F616465645D0D0A00202033
:10A2C8002A204D41583332363634432050504720E7
:10A2D80048756220203A204D6F64653D3078002033
:10A2E8005B5741524E494E47202D2044657669639D
:10A2F8006520494420213D20307841445D0D0A0005
:10A3080000000000FFFFFFFF000000000000000049
:10A3180040420F000800000000000000000000009C
:10A32800DB0F493FDB0F49BFE4CB1640E4CB16C037
:10A338000000000000000080DB0F4940DB0F49C02F
:10A348003863ED3EDA0F493F5E987B3FDA0FC93F2D
:10A358006937AC3168212233B40F14336821A23332
:10A3680020205B414453313239325D204C4F434BFE
:10A3780045442043532050494E3A2044494F200039
:10A3880028464152202F20454E544552494E4720D9
:10A3980052414E4745207E31352D3230636D2900BC
:10A3A8002020202020202D2D3E20526573706972B8
:10A3B8006174696F6E203A20434F322D65713D00FC
:10A3C80020202A205B554920446973706C617920EC
:10A3D80026204E61765D3A204D6F6465202300206B
:10A3E800202A2041445331323932522045434720F4
:10A3F8004146452020203A2049443D30780020201D
:10A408002A205B424D4536383020476173204D4F36
:10A41800585D20203A20525F6761733D0020205B21
:10A428004D415833323636345D20496E697469615E
:10A438006C204D6F64653A2030780020202A205B1C
:10A448004144533132393252204543475D20202060
:10A45800203A2049443D30780020202A205B4D4195
:10A4680058333236363443205050475D2020203A46
:10A47800204852203D2000205B5741524E494E470C
:10A48800202D20436865636B20493243202F2049E3
:10A49800445D0D0A0020202A20424D4536393020DF
:10A4A80043616C6962726174696F6E203A2074311D
:10A4B8003D0020202A20424D453638302043616C2B
:10A4C8006962726174696F6E203A2074313D0020B0
:10A4D8005B52444154414320444554454354454408
:10A4E80021205374617475733D30780020636F7553
:10A4F8006E7473207C205768697465205370656397
:10A508007472756D203D200020202A2056434E4C41
:10A518003430343020485720494420202020203A25
:10A52800203078002020202020202D2D3E2052652C
:10A53800672044756D70205B302E2E355D3A200003
:10A5480020202A204144584C333632204163636529
:10A558006C2049442020203A20307800205B574165
:10A56800524E494E47202D204E6F74204465746525
:10A57800637465645D0D0A0053544154494F4E415C
:10A588005259202841742052657374202F20312E8F
:10A598003047290020202A205B4144584C3336326A
:10A5A80020494D555D20202020203A20583D00208C
:10A5B800202A205B424D4536383020436C696D6156
:10A5C80074655D20203A20543D0020202020202062
:10A5D8002D2D3E2044796E616D6963204A6974743B
:10A5E80065723A200020202020536574204F75742E
:10A5F800707574204D6F64653A2073743D3078002F
:10A60800777C395E79713D76061E003800545C739C
:10A6180000506D783E0000006E00464C41542028E2
:10A628005461626C65746F70202F20466163652DDC
:10A6380055702900534944455741595320284C61C6
:10A648006E6473636170652054696C7429002856C0
:10A6580045525920434C4F5345202F20544F5543C2
:10A6680048203C33636D290020202A205043414C68
:10A67800363430384120427574746F6E7320203A36
:10A688002000205B4D41584D383631363120425537
:10A6980053204143544956455D0D0A0047454E54E1
:10A6A8004C45204D4F54494F4E202F204D4F564575
:10A6B8004D454E54002020202020202D2D3E20499D
:10A6C800415120496E6465782020203A20002020DE
:10A6D800202020202D2D3E20416C742045737420AD
:10A6E800202020203A200020202A205B56434E4C70
:10A6F800343034302050726F785D2020203A2000AA
:10A70800564552544943414C2028506F7274726127
:10A7180069742054696C742900206B4F686D202877
:10A72800333230204320486F74706C617465290D92
:10A738000A0020202A205B4F505434303431204CFA
:10A74800696768745D2020203A200028434C4F53E5
:10A75800452050524F58494D495459207E332D3881
:10A76800636D290085700000195E00005395000094
:10A77800554400008D3A0000756C0000038000C04D
:10A78800038000D5038000CC038000DD0380000C2B
:10A798000380005D0000803F0000C03F0000000013
:10A7A800DCCFD1350000000000C0153F00000000DC
:10A7B800020000000100000003000000100000007B
:10A7C800200000000020004011000000FFFFFFFFF4
:10A7D8000000000006050D040E00000074455050EE
:10A7E80072534875644C7578507278497274454351
:10A7F80047505047206D672F732064656C74612043
:10A808007C205374617465203D205B005649474F96
:10A81800524F5553204D4F54494F4E202F205348E7
:10A82800414B4500206465672043207C2053656EBA
:10A83800736F7220446965203D2000207C2052659A
:10A8480061644261636B5B307832335D3D30780020
:10A8580028434C454152202F2049444C45203E3244
:10A8680030636D2900494E564552544544202846C8
:10A878006163652D446F776E29000B14000000009A
:10A88800F95E0000359000000101010000000000A1
:10A89800205B464F554E44204144533132393221D2
:10A8A8005D0D0A005B49444C45202F204E4F204344
:10A8B8004F4E544143545D0029207C2050617274EE
:10A8C80049445B696478305D3D307800284D4944DF
:10A8D8002052414E4745207E382D3135636D290081
:10A8E8002028426F6F746C6F61646572204D6F64CD
:10A8F80065290020646567207C20506F7374757229
:10A9080065203D205B00202020202020202044417D
:10A9180054415B73743D307800207C204875622078
:10A928004649464F3A20636E743D005B4F424A45A4
:10A9380043542044455445435445445D0030313226
:10A9480033343536373839414243444546000008E8
:10A958009808002058040020D4040020FFFFFFFFBF
:10A9680000000000000000000000000000000000DF
:10A978000000000000000000FFFFFFFF00000000D3
:10A98800207C20416C676F53746174653D3078009A
:10A998002C20416C676F5F73745B375D3D307800C6
:10A9A8002C20416C676F5F73745B325D3D307800BB
:10A9B8000D0A202020202D2D3E2044494F20002C18
:10A9C800204146455F73745B305D3D3078002064FC
:10A9D8006567207C20526F6C6C203D2000207C2015
:10A9E8004F75744D6F64653D307800207C20537935
:10A9F800734374726C3D307800207C204275747407
:10AA08006F6E733D307800207C20537973537461E6
:10AA1800743D30780029207C2052657649443D30C9
:10AA28007800207C20537461747573203D20002CBD
:10AA380020416C676F5B375D3D3078005D2066654F
:10AA480065645F73743D307800535049204D6F64DE
:10AA58006520300D0A0029207C2053616D706C65DB
:10AA6800733D00207C20526567302E2E333A20003B
:10AA78002070706D207C2062564F433D00202020BE
:10AA88002020205B466565642300205B5357352DE5
:10AA980052455345545D00207C204146455B305D5E
:10AAA8003D307800535049204D6F646520310D0AC0
:10AAB800002529207C2053704F32203D2000206241
:10AAC800706D2028436F6E663A20001E33A900007F
:10AAD80033A9000042A200000000000000000000AE
:10AAE800000000006CA70000B0020020709B00006E
:10AAF80000000000000000000A000000292C20527D
:10AB0800657649443D307800206D20612E732E6CA7
:10AB18002E0D0A0020285374617475733D30780037
:10AB28005D207C204C4544733D307800205B5357B2
:10AB3800362D4D4F44455D002028417070204D6FE3
:10AB480064652900207C20537461743D30780020AE
:10AB58005B5357312D4543475D002025207248201F
:10AB68007C20503D00204C757820284578703D00A9
:10AB780020755620285261773A2000205B535733BE
:10AB88002D5050475D003F065B4F666D7D077F6F18
:10AB98005645525920504F4F5200205B5357322D83
:10ABA80049525D00455843454C4C454E5400205B86
:10ABB8005357342D42545D003A207278203D20309E
:10ABC8007800207C20526564203D200020636F754A
:10ABD8006E74730D0A0048415A4152444F55530050
:10ABE800206D6720287C617C3D0020284D6F6465BE
:10ABF8002030290020284D6F646520312900206409
:10AC0800656720430D0A004D4F44455241544500A5
:10AC1800206D67207C205A3D00207C2044524459F6
:10AC28003D00207C204952203D2000206D67207C7B
:10AC380020593D0029207C204348323D005D2000FA
:10AC480070010020CCA7000000000020A0980000A0
:10AC580090050020C0AC00000102000302000103BF
:10AC680001020408030C050A2043207C20483D000B
:10AC7800202873743D30780020636F756E747300FC
:10AC88002C204D616E743D00207C205665723D007D
:10AC9800207C204348313D00207573696E67200091
:10ACA800205B49646C655D002C2073743D3078002E
:10ACB8000100000000000000000002400929FF0018
:10ACC800206850610D0A0054494C54454400206DD9
:10ACD80067290D0A002070706D0D0A002073743DFD
:10ACE8003078002C2070313D002C2070323D002C33
:10ACF8002074323D002C2070353D0000060286820B
:10AD08000008101820474F4F4400504F4F52002062
:10AD1800250D0A000001020304002040605D3A206E
:10AD2800005D0D0A002C633D00290D0A003A723DB2
:10AD380000205B4400203078003A0D0A00205B00B8
:10AD48000D0A002D005D00300023002B0020002E8E
:04AD580000010101F4
:08AD5C000000000000000000EF
:10AD640000E500000FA1020100BF0514BF02C79651
:10AD7400003F0079610000CB007016BFD401F1FFE1
:10AD8400005300000127FF01000BEC02CF09284FFC
:10AD940031026000342000203F0104002002400002
:10ADA4003401750F600020000170003101F2017759
:10ADB400810000F901F9047104B5033F0606B10EE0
:10ADC400A60EF6C8410033355FD6018043EA4D052F
:10ADD4009044DF040A464F09FFF00000E9710000C7
:10ADE400959300001593000002000000100000007D
:10ADF400020000001000000002000000100000002B
:10AE0400020000001000000002000000100000001A
:10AE1400020000001000000002000000D005000045
:10AE240064AD0000D0050020ECAD0000301A002015
:10AE3400F4AD000030180020FCAD0000401A0020E2
:10AE440004AE0000401800200CAE00005018002092
:10AE540014AE0000601800201CAE000000000020AA
:020000025000AC
:107FA80000008001100080FFFDFF5800FFFFBBF3B9
:107FB800FFFFFFFFFFFFFFFFFFFFFFFFFFFFFFFFC9
:107FC800FFFFFFFFFFFFFFFFFFFFFFFFFFFFFFFFB9
:107FD800FFFFFF00FFFFFFFF00FFFFFF00C5C5FF1A
:107FE800000000FF00000000FFFFFFFFFFFFFFFF92
:087FF800FFFFFFFFFFFFFFFF89
:00000001FF
