:100000000040012041860000AB86000073800000A4
:10001000B3850000B3850000B38500000000000038
:10002000000000000000000000000000B385000098
:10003000B385000000000000B3850000B385000018
:10004000B3850000B3850000B3850000B3850000D0
:10005000B3850000B3850000B3850000B3850000C0
:10006000B3850000B3850000B3850000B3850000B0
:10007000B3850000B3850000B3850000B3850000A0
:10008000B3850000B3850000B3850000B385000090
:10009000B3850000B3850000B3850000B385000080
:1000A000B3850000B3850000B3850000B385000070
:1000B000B3850000B3850000B3850000B385000060
:1000C000B3850000B3850000B3850000B385000050
:0800D000B3850000B3850000B8
:1000D800CCB008F02FFB08F020FE04F02FFE04F04F
:1000E8007EFB07F04FFBDFF898461520012101251C
:1000F800A0471E200121A0471C200121A047122053
:100108000121A04716200121A0470F200121A04767
:100118000B200121A047E74808F017FE2FAC204626
:1001280008F032FD4FF4E1300026214635900020DA
:10013800ADF8BC6003F03EFDDFF84896C9F85400FE
:100148002BAC204608F09CFC002021468DF8B460BA
:1001580004F014FAC9F85800002006F02FF8DFF868
:100168006C4F24207121A04734200021A04735205E
:100178000021A04736200021A04737200021A047B2
:100188008DF8106144AC0320214607F0E1FB04F12F
:10019800150104F1160224922591C8B1DFF8544FD5
:1001A8000320FF2189F80950A04743203F21A04799
:1001B80044203F21A04742203F21A0474520C0219D
:1001C800A04744A9002007F0C3FB89F8106001E0AC
:1001D80089F80960B84EDFF8204F0F203146A04754
:1001E800DFF8085F0F200121A8470B203146A04700
:1001F8000B200121A847711E1220A04712200021C0
:100208000026A84708F02AFD4FF0FF354FF0AD084B
:100218000027F00734D1022F32D287F001000024E2
:1002280089F81100A61E18BF0126022C26D012201C
:10023800214608F043FB43F6982008F086FD00208D
:10024800C9F8745005F0BAFF1F20522106F088FC47
:1002580046F2A81008F079FD002006F0EFF9013405
:10026800AD28DFD1012089F8028006F0E7F989F886
:100278000300022006F0E2F989F804000137C8E714
:10028800E0B12C20132106F06BFC2D20222106F072
:1002980067FC44F6206008F058FDDFF8604E0B203C
:1002A800A04789F807002C20A04789F805002D20D1
:1002B800A04789F8060005F0EBFD04E0002006F0F1
:1002C800BDF989F80200DFF8244E162000214FF00E
:1002D8000009A047DFF828AE4FF47A70D0471620FF
:1002E8000121A0477548D04718200121A04744F6AE
:1002F8002060D047DFF80C0E08F066F83AA8DFF85F
:10030800F08DDFF8E85D00F10C010830299144A96F
:1003180027900C3128910021022900F0DB83DFF8B7
:10032800E80D2691475C6449384608F0BEFC38461B
:10033800012108F0C3FA322008F007FD4FF0000B46
:10034800BBF1020F00F09680DFF8C00D50F82B408B
:10035800204605F033FF28988DF80891CDE940999B
:100368000021C0E90099C0F8089040A8CDE945905F
:1003780009204490384608F0A1FA1920D047D8F847
:10038800700044A908F0BBFC1920D0473846012169
:1003980008F094FA3220D0479DF8000100F0F000F0
:1003A800C0286AD038460021A8471920D047112014
:1003B8008DF8AA002798C0E90099C0E902990DF1C3
:1003C800AA003B9001203A90D8F870003AAE314626
:1003D80008F095FC1920D04738460121A84732205B
:1003E800D04720208DF8E6900021ADF8E400299848
:1003F800C0E90099C0F8089038A83C9039A88DF851
:10040800E290ADF8E0903B9003203A903846A84738
:100418001920D047D8F87000314608F070FC192030
:10042800D04738460121A8473220D0479DF8E2003E
:100438000138FE2844D3BBF1000F18D1DFF8D00CE7
:10044800DFF8D04CA047384606F098FFDFF8C80C14
:10045800A0479DF8E20007F04BFEDFF8C00CA0476C
:100468009DF8000107F044FEDFF8B40CA0470BF13B
:10047800010B65E7269901314EE7DFF8A80CDFF894
:10048800945CA847384606F079FFDFF89C0CDFF843
:100498009C1CBBF1000F08BF0846A847DFF8900C6A
:1004A800A8479DF8000107F023FEDFF8880CA8474D
:1004B800732031E0A08601000104002040420F00B3
:1004C800DFF8600CDFF84C5CA847384606F056FFAA
:1004D800DFF8540CDFF8541CBBF1000F08BF0846C6
:1004E800A847DFF8540CA8479DF8E000DFF84C6CEB
:1004F800B047DFF84C8C4046A8479DF8E100B0476C
:100508004046A8479DF8E200B047DFF8380CA847F6
:10051800DFF8DC8B9DF8E20088F8127088F800009C
:10052800DFF8240C07F050FF98F8120006F026FFB9
:10053800DFF8180C07F048FFDFF8145CDFF8140C3C
:10054800BBF1000F08BF05467B4E284607F03CFF6D
:100558001120C8F8744006F0DDFC642008F0F5FBB3
:10056800DFF8F45B01200221A8470220A021A84758
:10057800042000210024A84705200021A8470620C0
:100588002C21A8470A208321A847304608F0DDFB24
:10059800012005F013FED8F87000B0B3ADF8F640AE
:1005A800CDF8F240CDF8EE40CDF8EA40CDE9474429
:1005B800499440A8DFF8385B002146903AA8CDE975
:1005C8004244CDE9404445900E2044904FF43260B7
:1005D800ADF8E800A87C08F071F90A20D047286F28
:1005E80044A908F08CFB04460A20D047A87C0121C6
:1005F80008F064F91920D0473CB1DFF8600B40A936
:100608000C220231703008F0A3FBDFF8509BDFF8B2
:10061800E08A99F87000411EFD2998BF88F800000B
:1006280018200121012408F049F908F017FB1020CF
:1006380006F070FC08F012FB98F80000DFF8D4AA66
:1006480040F02001732906D010F0700F03D199F8FB
:100658007200A02801D188F801400DF5887B182187
:10066800584608F016F9002059461722CDE93C00F3
:10067800CDE93A00ADF8040140908A2007F0E2F98C
:10068800002800F0C8803AA9E1200E2207F0DAF924
:10069800002800F0C08040A900200522002407F0AF
:1006A800D1F9002800F0B7808DF8E44039A9F0208E
:1006B8000122012407F0C6F99DF8E400259E0228CE
:1006C80007D0BDF8141146F2A81081422CBF0024AF
:1006D8000124BDF8F000002C88F80A40A8F82E0084
:1006E800BDF81001A8F830009DF8120188F8130031
:1006F8004AD0BDF81A01A8F83200BDF81C01A8F8C4
:100708003E00BDF81E01A8F81400BDF81401A8F8B1
:100718003400BDF81601A8F84000BDF81801A8F883
:100728001600BDF82201A8F842009DF8240188F8B7
:10073800180008F119003BE0A086010000BF00BFC7
:10074800000000000000703F000000000000B03E04
:10075800000000000000303D000000000000F03EF6
:10076800000000000000103D000000000000B03D47
:10077800000000000000503F000000000000103F93
:10078800C58800009C0800204598BDF81E11249ECD
:10079800C8F836009DF81801A8F81B10DDF82211DA
:1007A80088F81A00DDF81A01C8E9110108F11D00DE
:1007B8009DF8EB409DF8E8109DF8E9209DF8EA3097
:1007C8009DF8025188F81E403B9CC8F81F40BDF8B0
:1007D800F240A8F85040BDF8F440A8F823409DF82E
:1007E800004188F825403478047008019DF9041107
:1007F80040EA1210A8F84C0002F00F0040EA03107B
:10080800A8F84E00C5F3011088F82600102091FBC7
:10081800F0F088F82700D8F85800002800F0238165
:100828000021CDE94A11CDE94811CDE9461103214E
:1008380045913AA944914421ADF8281138218DF801
:10084800EA1043F20A21ADF8E81044A908F009F8C3
:10085800D8F85800002800F006810C2006F0C4FCE7
:10086800DFF8FC48A8F83A00032040F60E01A0473C
:1008780004204FF4E061A04700200021A047D8F8E9
:100888005800002800F0EF8008F13C0142F20B40CC
:1008980006F02AFC002800F0E680002443F201005C
:1008A800ADF8E8403AA906F01FFC68B1BDF8E810B9
:1008B800012060F342014FF6FB70ADF8E8100140EB
:1008C80043F2010006F032FD44F6206008F03DFADC
:1008D8004494ADF8004144ACDFF8887842F20C400B
:1008E8002146B84708F0F3F91FED6B0B55EC106B78
:1008F80008F0C8F941EC100B42F20E40214689ED90
:10090800020BB84708F0E3F91FED710B08F096F9F0
:1009180041EC100B42F21040214689ED040BB84718
:1009280008F0D5F91FED760B08F088F941EC100BAB
:1009380042F21240214689ED060BB84708F0C7F984
:1009480008F0A0F941EC100B42F22440214689ED51
:10095800080BB84708F0BBF91FED810B08F06EF9DA
:1009680041EC100B42F22640214689ED0A0BB847AC
:1009780008F0ADF908F086F941EC100B42F2284076
:10098800214689ED0C0BB84708F0A1F91FED8C0B37
:1009980008F054F941EC100B42F22A40214689ED47
:1009A8000E0BB84708F093F91FED910B55EC106B3F
:1009B80008F068F941EC100B42F22C40214689ED11
:1009C800100BB84708F083F908F05CF941EC100BFC
:1009D800DFF8947742F22E4089ED120B40AD29469C
:1009E800B84708F017F91FED9E0B54EC106B08F090
:1009F80015F941EC100B42F22F40294689ED140BF2
:100A0800B84708F007F908F009F941EC100B42F271
:100A18008140294689ED160BB84708F0FBF81FED11
:100A2800AA0B08F00BF941EC100B42F28240294660
:100A380089ED180BB84708F0EDF808F0EFF841EC2D
:100A4800100B43F2010089ED1A0B3AA9B84738B1E7
:100A5800BDF8E80040F0060143F2010006F066FC2C
:100A6800012088F80B00DFF80407D047DFF80007FB
:100A7800D047DFF80007D047DFF8FC06D047DFF89B
:100A8800FC06D047DFF8F806D047DFF8F806D0476D
:100A980098F8000007F02CFB98F8010001282AD1EB
:100AA800DFF8E40607F090FCDFF8E00607F08CFCBE
:100AB800DFF8DC46DFF8DC560026062E1DD009EBF1
:100AC800060090F8700007F013FB284607F07CFC3E
:100AD8000136F2E7DFF8B856284607F075FCDFF86C
:100AE800B80607F071FCDFF8088698F8120006F0DF
:100AF80045FC012428E5DFF8A44608F0F4F8DFF8FF
:100B0800A00607F061FC98F8020007F0F1FA98F8DF
:100B18000200AD2840D1DFF88C06D04798F80300D2
:100B2800DFF81846A047DFF88006D04798F8040099
:100B3800A047DFF87806D047DFF87406D04798F862
:100B48000500A047DFF86C06D04798F80600A047D4
:100B5800DFF86406D04798F80700A04798F808001F
:100B6800DFF82C46012819D1DFF85006D047B8F92C
:100B78002800DFF84C56A847DFF84806D047B8F9F0
:100B88002A00A847DFF84006D047B8F92C00A84744
:100B9800DFF83806D04701E0DFF834462046D04772
:100BA800DFF83006D04798F80910DFF82C06DFF890
:100BB8002C26002918BF1046D04798F80A000128AB
:100BC8001DD1DFF81C06D047B8F82E00DFF8144610
:100BD800A047DFF81406D047B8F9300007F098FCB2
:100BE800DFF80806D047B8F83200A047DFF800065B
:100BF800D047B8F83400A047DFF8F8051DE0DFF863
:100C0800F805D047B8F82E0006F0B8FBDFF8D8058D
:100C1800D047B8F9300007F07BFCDFF8D005D047A3
:100C2800B8F8360006F0AAFBDFF8D005D047B8F9C7
:100C3800380007F06DFCDFF8C805D047DFF8C405B9
:100C4800D047B8F83A0007F0EFFDB8F83A10DFF8E7
:100C5800B805DFF8B825B1F5C37F08BF1046D047FF
:100C6800DFF8AC05D047B8F83C0007F0DDFD98F890
:100C78000B10DFF8A005DFF8A025002918BF1046E3
:100C8800D047DFF89805D047DFF89405D047DFED67
:100C9800EDCA0BF110009FEDEC8ADFEDECEA18903D
:100CA8000120F0EE6CDAF0EE6CFA1F90CDED1BCA65
:100CB8002990D8F85800002800F0D58098F923002A
:100CC80007F0BCF99FEDE20B53EC102BCDE925237F
:100CD80008F033F89FEDE00B07F0D0FF0446B8F9B1
:100CE800500007F0F7FF9FEDDE0B53EC102BCDE91A
:100CF800272308F022F89FEDDC0B07F09FFF9FEDFC
:100D0800DC0B07F0BBFF9FEDDC0B07F097FF9FEDB7
:100D1800DC0B5AEC10BB5A46534602F0E2FC07F0D3
:100D2800EBFE044698F9240007F0D4FF9FEDD60B9C
:100D380007F084FF9FEDD60B07F080FF07F096FFC2
:100D4800044698F826000D4607F0F2FB9FEDD20BFB
:100D580057EC106B07F066FF02460B4630463946E3
:100D680007F0E9FF07F04EFF044698F9250007F061
:100D7800B1FF9FEDCB0B07F061FF5A46534602F0D7
:100D8800B0FC02460B4658465146CDF874B00DF5F6
:100D9800887BCDF870A007F0CEFF07F0ADFE9FED81
:100DA800C20B53EC102BCDE9193202F09AFC9FEDDF
:100DB800C00B07F043FF9FEDC00B05460C4657ECF0
:100DC800106B32463B4605F0C4FB9FEDBD0B002877
:100DD800249718BF3C461E9618BF3546284621461C
:100DE80057EC106B32463B4605F0DAFB00281CBF77
:100DF8003C4635462846214606F016FCDFF82444D2
:100E080001465A20A04764205921A047712010218B
:100E1800A04772200121A04774205521A047AA4865
:100E280007F093FF5846112107F033FD1D2059465E
:100E3800112206F007FE30B39DF816119DF8150132
:100E4800DFF8D0A2090141EA00309DF8171140EA05
:100E58001110410340F040820020714607F078FBF2
:100E68008E46289017E00020B0EE6CCA714607F055
:100E78006FFB8E46CDE92200CDE92500CDE92000A3
:100E8800279028909EE00020714607F061FB8E466F
:100E98002890DFF880A2D8F858000024002800F035
:100EA800818018998DF8E440C1E90044C1E9024401
:100EB800022147913AA946910121459139A9ADF8F6
:100EC800E84044914421ADF82811594607F0C9FC7F
:100ED800B0EE6CCA4FF00006279058B301210220EB
:100EE8009DF8E8409DF8E9508DF8E010479040A83B
:100EF800CDE9451038A8594644900020ADF80001C6
:100F0800D8F8580007F0ADFC64F30B259DF80011E4
:100F18002E02002818BF41EA0526240906FA04F023
:100F280007F006FB9FEDC00B07F088FE05F050FEAA
:100F38000CEE100AD8F85800CDE92064E8B3BC4C90
:100F48000820A04701464FF6FF70081A259118BFE0
:100F5800012026900920A04722900A20A04723902C
:100F680098F80B000027012840F0BA80D8F85800FC
:100F7800002800F0B58043F6FF705946ADF81071AF
:100F880006F0B2F8F0EE6C9AF0EE6CAAF8B1BDF883
:100F98001041E00740F0DA85D9ED00AAD8ED1E9A95
:100FA800012714E00020B0EE6CCA2390CDE921009F
:100FB800CDE925002090279004E00020CDE922000B
:100FC800CDE92500F0EE6C9AF0EE6CAA0027002619
:100FD8000DF1AA02ADF8E460ADF8E060ADF8AA60E2
:100FE80039A838A904F0B0FB249044963A9658469C
:100FF8003AA903F0F5FB98F80C1098F80D000129B0
:1010080015D18C4A00EB40015D46505C0A4451788A
:10101800927806F00BFF98F80E00002807BF002012
:1010280088F80C00013888F80E0000F032BEDFE8BE
:1010380010F04F00BC02C302CA02F202FC02DA023C
:10104800D80200BF0000000000007A440AE81C41F2
:10105800000000000000B03F000000000080484091
:10106800000000000000003FFCA9F1D24D62403FA3
:1010780055C1A8A44E40633F000000000000744022
:10108800000000000000F03F000000000000503F9A
:101098000000000000003840000000000000104080
:1010A800FCA9F1D24D62603F00000000000039C089
:1010B8003333333333330B400000000000000000AB
:1010C8000000000000E06F4020BF0200897A0000A5
:1010D80028985D46002800F0B382B0EE6B0AACE2B7
:1010E800F0EE6C9AF0EE6CAA71E700BFC5880000BC
:1010F8009C08002015780000B38C000045660000AD
:10110800538D0000B0900000DE9C0000849E00001B
:101118000C9F0000D1830000009F0000F89E000093
:10112800249F00003C9C0000BB9D0000939D000094
:10113800D2970000FC9E0000A79D0000F9800000E7
:10114800089F0000C09B0000A0960000749E00004D
:10115800AA9C0000839C0000296900002008002048
:1011680009750000F57C0000F1700000C98E0000D0
:101178006C90000070920000608E000036920000B3
:10118800F4900000FF96000014930000639800009C
:10119800189F00002A9F0000B8910000E392000009
:1011A8007F980000A19400005F9D00004698000011
:1011B80033950000CF9D0000909C0000B79C000074
:1011C80019850000949E0000B79E00001D9600003F
:1011D800BA950000AB990000D1930000FD93000080
:1011E8009897000085730000C49E0000BE9E000012
:1011F800CA9E00002894000029980000D09E000094
:10120800519400009B9800007A9700001095000008
:10121800EC940000D3980000DB950000218F0000BB
:1012280036910000D1770000ECDD1FEF552B433FCE
:10123800F1710000209B0000000000000000103F3A
:1012480000000000000050BF000000000000E03E69
:1012580000000000000020BF000000000000304037
:10126800000000000000B440000000000000F03C56
:10127800000000000000E03B000000000000903F7C
:101288000000000000002040000000000000703F47
:10129800000000000000D0C0000000000000203E58
:1012A800000000000000B03E000000000000F03D1B
:1012B800000000000000A03DCDCCC74200BF00BF29
:1012C800000000000000E03F000000000040EFC008
:1012D800000000000000C03E9DF813219DF8121187
:1012E8009DF81431120142EA013141EA13111091BB
:1012F8009DF81E1120919DF81D110D91BDF8181132
:10130800169107F015F91FED340B82460F4653EC82
:10131800102BCDE9223207F010FD05465FF83002A8
:101328000E46C08D07F004F91FED3B0B04468B46B3
:1013380007F084FC02460B462846314602F0D1F9F4
:1013480005465FF854020E46B0F9300006F076FE06
:1013580002460B462846314607F0EFFC1FED460BC8
:101368000546219150465FF87882394653EC102B98
:10137800CDE90E2307F0E1FC1FED4B0B06460F46A7
:101388002046594607F05AFC07F092FB02460B46E6
:1013980007F0D3FC044698F9130007F09EFC1FEDF4
:1013A800520B53EC102B1292149307F0C6FC07F063
:1013B80097FB0B4621990246284602F092F91FED49
:1013C800580B04460D4653EC102B07F0B4FC83462B
:1013D8000E4605F0FDFB119098F80A0021960128A9
:1013E80040F03181B8F93E00CDF898B00A90B8F9CC
:1013F800420006F023FE1FED640B55EC107B3A46C5
:101408002B4607F09AFC044698F918008A4606F01D
:1014180015FE3A462B4607F090FC269A334607F00D
:101428008CFC2246534602F05CF9834610988846A5
:10143800000107F07DF802460B46044625900D464C
:101448000E9107F07AFC5A46434607468A4607F04B
:1014580074FC83460E463846514607F0D3FB0546D2
:101468005FF874030F4690F9190006F0E7FD1FEDC9
:10147800800B07F0E3FB02460B462846394607F087
:101488005CFC5A4607F032FCCDE90F100A98DDF8EB
:1014980098B006F0D3FD1FED880B07F0CFFBDDF801
:1014A80084A007F0F9FA5FF8B88304460D46B8F847
:1014B800320007F03DF81FED8E0B07F0BFFB07F079
:1014C800D5FB044698F9140007F004FC1FED920BB5
:1014D80007F0B4FB07F0E0FA07F0DEFA07F0F4FAD9
:1014E800044698F9150007F0F5FB07F0BBFB07F079
:1014F800D3FA07F0D1FA07F0CFFA07F0E5FACDE909
:101508002710B8F8400007F013F81FED9F0B54ECB4
:10151800105B2A46234602F0E4F81FEDA10B07F002
:101528008DFB07F0B9FA0646B8F834000F4606F006
:10153800FFFF2A46234602F0D4F81FEDA70B07F059
:101548007DFB07F0B5FA044698F9160007F0C2FBD0
:101558001FEDAB0B07F072FB07F09EFA07F09CFA41
:1015680007F084FB044698F9170007F0B3FB1FED5A
:10157800B00B07F063FB07F08FFA07F08DFA07F05E
:101588008BFA07F073FB259A0E9B07F0D6FB0246F1
:101598000B46DDE9271002F0A4F802460B46DDE908
:1015A8000F1002F09EF8229F38E128985D46002827
:1015B80046D0BDEECA0A68E328985D4600283FD0A9
:1015C800B0EE4B0A39E0279858B11FEDC50A5D46C1
:1015D800B4EE40CAF1EE10FA40F14A83B0EE4C0A7C
:1015E8002BE05D462CE098F801005D46012827D1E4
:1015F80098ED170AB2EE041A40F2E73180EE010ABC
:10160800BDEEC00A10EE100A002848BF40428842CA
:1016180028BF08463BE326985D4688B1259940F2E5
:10162800E730814238BF084631E398F80B005D4641
:101638003840012804D1B0EE6A0A04F017FA28E30A
:1016480006F056FF25E31FEDE20B2046294607F07A
:10165800F5FA1FEDE30B07F011FB054698F91A00A0
:101668008A4606F0EBFC07F041FA07F03FFADDE99D
:1016780022723B4607F061FB0446B8F9380007F0D0
:101688002CFB2A46534607F058FB224607F02EFB50
:101698001FEDF10B07F0D2FA07F0E4FA07F0DAFAD7
:1016A8000446B8F836000E4606F042FF07F018FA6E
:1016B8001E9A249B04460E4604F03EFF9FEDEA9BCB
:1016C800002840F0AD805FF8D8150A94B1F94600BB
:1016D8000C4606F0B3FC07F009FAD846834694F99D
:1016E8001C0007F0FDFADDE90E2307F026FB04468F
:1016F80008960E46284651462A46534607F01DFBD3
:1017080007F094FA04460D4658465A4639463B4671
:10171800C34601F0E6FF07F0A9FA9FEDD50B07F0E5
:101728008DFA5FF8346604460D46B6F9440006F0B3
:1017380085FC9FEDD10B07F081FA07F097FA9FED32
:10174800D00B07F07BFA044610980D4606F0F0FE21
:101758009FEDCD0B02460B4651EC100B01F0BCFF80
:1017680007F084FA9FEDCA0B07F068FA0A9A089BFB
:1017780007F0E1FA8246B6F94A0007F0B1FA07F035
:1017880091F907F08FF99FEDC40B07F057FA9FED19
:10179800C40B10900A9150463946CDF820A007F0A6
:1017A8004DFA07F097F907F09BF95FF8BC56044625
:1017B8000E46687F06F0BCFEDDE90E2307F0BDFA91
:1017C80007F034FA0446B5F9480007F086FA07F03E
:1017D80049FA52463B46BA4607F0AFFA109A0A9BB6
:1017E800229F01F07EFF224607F080FA04465FF848
:1017F80000070D4690F91B0006F020FC9FEDAA0B90
:1018080007F01CFA07F032FADDE9252307F095FA0C
:10181800024608980B46514601F063FF41EC190B4C
:1018280016985FF834A700BA040C11980BEE900ACA
:101838009AF91E0006F002FC9FED9D0B07F0FEF9D9
:10184800DDF8848007F03AF90546BAF84E000E46EE
:1018580006F06EFE129A149B07F06FFA2A4607F0FC
:1018680045FA054620460E4606F062FE2A463346ED
:1018780001F032FF04469AF91F0007F02BFA239A69
:101888003B4607F05AFA07F0DDF907F0E3F9064698
:101898009AF9200007F024FA9FED870B07F0CEF99C
:1018A80007F00CF907F0CEF907F0BCF90646BAF8CC
:1018B8004C000F4606F03CFE9FED810B07F0BEF989
:1018C80032463B4607F039FA07F016F904469AF80B
:1018D80021000D4606F02CFEDDE9223207F02DFA34
:1018E80006469AF9220007F0FBF99FED770B07F0FF
:1018F800A5F907F0A7F907F095F907F083F907F0BC
:1019080081F907F0B3F91E9D249F04460E462A4626
:101918003B4604F01EFE9FED6E0B00281CBF3E46A2
:101928002C4607F058F804F03BFE00281CBF3E4642
:101938002C462046314605F04BF90BEE100A51ECC7
:10194800190B2A463B4607F0F6F905F041F92099AC
:101958000AEE100AD046880609D49FED5FEA9FED8B
:101968005FDA0120F0EE6C8AB3EE09FA79E14046BD
:1019780001F00F0A890928910D9990F927004FEA7B
:10198800810806F05BFB9FED560B07F057F99FEDBA
:10199800560B07F073F90246DFF8340F0B4600EBDD
:1019A800CA0090ED000B07F065F90546DFF8240F33
:1019B8000F462A463B4600EBCA0090ED000B07F0A5
:1019C80059F9834628988A464044A0F5007006F0E5
:1019D80035FB02460B462846394601F082FE024690
:1019E8000B465846514607F0A6F91E9A249B054611
:1019F8000F4604F0D5FD002800F028819FED3C0B30
:101A08002846394653EC102B07F095F905F0E0F815
:101A18009FED390B824606F0DEFF04F0B4FD0DF5AC
:101A2800887B60B19FED360B2046314653EC102B76
:101A380004F09CFD0028B3EE090A40F023862046F6
:101A480031462A463B4604F084FD002800F0128601
:101A58009FED2D0AB3EE091A3BEE000A30EE010A9B
:101A680000F010BE00BF00BF000000000000000032
:101A7800000000000000D03F000000000000F0401F
:101A880000000000000030BF0000000000003041EE
:101A980000000000006AB840000000000000003E9E
:101AA800000000000000703F0000000000006040DF
:101AB800000000000000E03F000000000000B03E11
:101AC800000000000000D03E000000000000A03E22
:101AD80000000000000059400000C843CDCC4C3D38
:101AE80000000000000014400000000000F09440D6
:101AF8000000000000408F4000000000000043404C
:101B08000000000000004540000018C200BF00BFF0
:101B180000000000000028408DEDB5A0F7C6B03EDB
:101B280000C07944000096430080894400507D44F9
:101B380001DE423E002A2D4700007A430000484358
:101B4800000016430000C8420000484224F001018A
:101B580043F6FF7005F0EAFB0027DFF8C06D44F29A
:101B68000500ADF8E870ADF800713AA9B04744F245
:101B7800080040A9B04704F07C0044F20704BDF90E
:101B880000A1BDF9E880ADF8E470ADF8E070042874
:101B980044F2060008BF44F2040408BF44F20300FC
:101BA80039A9B047204638A9B047404606F046FA5A
:101BB8001FED290B53EC102BCDE90E2307F0BBF8D2
:101BC80099ED140B02460B461746984607F052F853
:101BD8000446504607F081F802460B462046314637
:101BE800CDE9113201F07DFD064624981FED360B34
:101BF8000C46C50F53EC102B304665F3DF71169277
:101C0800149304F0A6FCA0B9BDF9E00099ED040B0B
:101C1800169A149B1090BDF9E4005AEC10BB51467B
:101C28000D9065F3DF71584604F093FC002800F02E
:101C3800A984DFF8D48CD8ED1E9AD9ED00AADFF874
:101C4800CCAC00270DF5887BFFF7C1B90120DFF880
:101C5800B88CF0EE6C8AB0EE6CFAB0EE6CEAB0EECE
:101C68006CDA2890DFF8A4AC0DF5887BFFF713B980
:101C78001FED551AB0EE4C0AB4EE41CAF1EE10FA57
:101C8800C8BFB0EE410ABDEEC00A10EE100A05F05A
:101C980081FA98F80D00DFF8B86C305C06F099FF0F
:101CA800DFF8B0BC5846D047DFF8AC0CD0472998CD
:101CB80005F064FB5846D047DFF8A00CD04798F8E9
:101CC8000D0005F05BFBDFF8980CD0470020DFF82B
:101CD8007C2C8DF8030198F80D0000EB4000115A98
:101CE80010448078ADF800118DF8020140A8D04763
:101CF800DFF8700CD04798F80D00305C06F0F8F962
:101D0800DFF8640CD04706F03BF9064606F0F0F918
:101D1800F00703D0DFF8540C06F056FBF00603D5A5
:101D2800DFF84C0C06F050FBDFF8FC4C7007AB46B4
:101D380003D5DFF8400C06F047FB202E03D3DFF86D
:101D4800380C06F041FB300703D5DFF8300C06F0FD
:101D58003BFBB00703D5DFF8280C06F035FB1EB9AE
:101D6800DFF8200C06F030FBDFF8AC0B06F02CFB9C
:101D78002898002800F09D80DFF80C0CD047DFF889
:101D88000C6CB0EE6B0AB047DFF8040CD047B0EE2D
:101D98004B0AB047DFF8FC0BD047B0EE4A0AB04711
:101DA800DFF8F40BD0471FEDA10AB4EE40AAF1EE1C
:101DB80010FA22DD1FEDA40AB4EE40AAF1EE10FAE3
:101DC8001BD51FEDA60A5FEDA60A8AEE000A00F0F1
:101DD8007DFEDFF8C80BB0EE409A06F0F5FAB7EED4
:101DE800000A1FEDAC1A30EE490A20EE010A04F091
:101DF8005DFFDFF8AC0B06F0E7FADFF8A80B06F09A
:101E0800E3FAB0EE680A04F051FFDFF89C0B06F025
:101E1800DBFA1FEDB70ADFF8946BB4EE40FAF1EE87
:101E280010FA26DC1FEDBB0ADFF8846BB4EE40FA2B
:101E3800F1EE10FA1DDC1FEDBE0ADFF8786BB4EE88
:101E480040FAF1EE10FA14DC1FEDC20ADFF8686BF5
:101E5800B4EE40FAF1EE10FA0BDC1FEDC50ADFF81C
:101E6800606BDFF8580BB4EE40FAF1EE10FAC8BF19
:101E78000646DFF8500BD047B0EE4F0A04F016FFC5
:101E8800DFF8DC0AD0473046D047DFF8880AD04769
:101E9800DFF8340BD047B0EE4E0A04F007FFDFF846
:101EA8002C0BD047B0EE4D0A04F084FCDFF8200B71
:101EB800D04798F80B003840012826D1DFF8140BDA
:101EC800D047B0EE6A0A04F075FCDFF80C0BD04777
:101ED800B0EE690A04F06EFCDFF8000BD047DFF8BB
:101EE800000BD0473AEEE99AB5EE409AF1EE10FAB7
:101EF80003DBDFF8F00A06F067FAB0EE490A04F0EF
:101F080059FCDFF8D80A06F05FFADFF8DC0AD04798
:101F180098F80000DFF8F869B047DFF8D00AD04732
:101F280098ED170A04F0C2FEDFF8C47A3846D047A5
:101F3800D8F8600006F0ECFADFF8B80AD04798ED58
:101F4800190A04F0B3FE3846D047D8F8680006F0FE
:101F5800DFFADFF8A40AD047D8F86C0005F00EFACB
:101F6800DFF8980AD047172006F0FAFB05F006FAC2
:101F7800DFF88C0AD04798F80F00B047DFF8840ADA
:101F8800D04799F87000B047DFF894793846D047C1
:101F980099F87100B0473846D04799F87200B047B1
:101FA8003846D04799F87300B047DFF86C09D04736
:101FB800DFF8540AD0470820B047DFF8500AD04766
:101FC8002798A8B1DFF8480AD047B0EE4C0A04F0C9
:101FD800F1FBDFF8400AD047219805F0CFF9DFF888
:101FE800380AD047209805F0C9F9DFF8200AD04709
:101FF8002698DFF8307A002873D0DFF8200A06F038
:10200800E3F9259D284605F0B9F9DFF8140A06F02A
:10201800DBF9152D0AD3A8084A2809D8A5F1140018
:10202800462180B2B0FBF1F0451C1BE0002519E009
:1020380040F2DB50854207D8A5F59670F02180B2B2
:10204800B0FBF1F0051D0DE0A8097C2809D8A5F220
:10205800DC5040F28A2180B2B0FBF1F000F10905B2
:1020680000E01425DFF8F80806F0AEF90026142E73
:1020780007D02046AE4238BF384606F0A5F90136EB
:10208800F5E7DFF8A80906F09FF92599DFF8A00918
:10209800322913D3DFF89C09B1F5967F0ED340F2AD
:1020A800DC508142DFF8900908D341F27070814218
:1020B800DFF88C09DFF8841938BF0846D047DFF805
:1020C8005808D047DFF87C09D047229805F056F920
:1020D800DFF87409D047239805F050F9DFF86C0948
:1020E800D047249800287AD0BDF9E42098F8081041
:1020F800B8F82800B0EE6CBA00291146289218BF2B
:10210800091A0FB2B8F82A00BDF9E01000EE107AEB
:10211800F8EEC09A269118BF091A0EB2B8F82C002A
:10212800BDF9AA1000EE106AB8EEC09A279118BF40
:10213800091A1F980FFA81FB00EE10BAB8EEC0AA70
:10214800C0070FD139EE6D1A39EEEF0A21EE011AE8
:1021580000EE001A9DED1B0A3AEE400A00EE001A46
:10216800B1EEC1BA2AEE0A0A3046002E09EE090A73
:1021780048BF404205B2002F384648BF404204B22B
:10218800F1EEC00AB1EE690A02F058FEB0EE40DA8C
:10219800B0EE490AF0EE4A0A02F050FEB0EE40CA2C
:1021A800BBF52F7F07DDB4F5BE7F04DADFF8A8A8FA
:1021B800B5F5BE7F24DB1BF52F7FB8BFB4F5BE7F16
:1021C80019DB40F28A20DFF898A8844218DCDFF88F
:1021D80098A88542DFF88C08C8BF824610E0DFF86F
:1021E800700806F0F1F898F8020005F081FFDFF8B2
:1021F8006408E04E38E1DFF864A8B5F5BE7FE0DAA0
:10220800DFF8680889EE88EA06F0DEF89FEDDA0A5A
:10221800DFF86088DFF85808B4EE40BA9FEDD70AB7
:10222800F1EE10FAC8BF8046DFF84C08B4EE40BAA9
:10223800F1EE10FAC8BF8046002F0BD4DFF8A44790
:1022480006F051FD06F0E2FCDFF8300806F0BCF8B5
:10225800204603E006F0DAFCDFF82008DFF8AC4699
:1022680089EE08FA2EEE2EEAA047B0EE4E0A04F0E8
:10227800A1FADFF80C08A047384606F049F9DFF85C
:102288000408A047DFF80008A047002E0CD4DFF8A8
:10229800544706F028FD06F0D9FCDFF8E077384609
:1022A80006F092F8204604E006F0D0FCDFF8CC7780
:1022B8003846DFF858468AEE08EA2FEE2EFAA0478D
:1022C800B0EE4F0A04F076FADFF8B407A0473046BC
:1022D80006F01EF9DFF8AC07A047DFF8B007A04703
:1022E8005D46BBF1000F0AD4DFF8F84606F0FBFCA8
:1022F80006F08CFC384606F067F8204602E006F047
:1023080085FC384629EE090ADFF80046994E2EEE7C
:102318002EEA09EEA90A0AEE0A0AF1EEC0AA9FED12
:10232800980A2DEE00DA8AEE88FA6FEE2E8AA04718
:10233800B0EE4E0A04F03EFADFF844B75846A0471C
:10234800284606F0E5F8DFF83C572846A047DFF8AE
:102358004007A04706F07AFC3846A047B0EE680A66
:1023680004F028FA5846A047B6EE000A3AEE800A6A
:10237800BCEEC00A10EE100A05F000F82846A04787
:10238800DFF81007A047B5EE40DAF1EE10FA03DBEC
:10239800DFF8500606F018F89FED790A2CEE00CA0F
:1023A800B0EE4D0A04F006FADFF8EC0606F00CF879
:1023B800B5EE40CAF1EE10FA03DBDFF8280606F0A6
:1023C80003F8B0EE4C0A04F0F5F9DFF8D006DFF8B0
:1023D8003C45A0475046A246A047DFF8384520466E
:1023E800D047DFF8BC06D047B0EE4B0A04F05EFCDD
:1023F800DFF8B006D0474046D0472046D047DFF840
:10240800088598F80800012831D1DFF89C06D047E4
:10241800B8F92800DFF80C45A047DFF89006D04748
:10242800B8F92A00A047DFF88806D047B8F92C0089
:10243800A047DFF88006D0472898A047DFF878063D
:10244800D0472698A047DFF87406D0472798A047BA
:1024580000208DED1BAAF0EE49DAF0EE69FA0DF5D1
:10246800887B1F90DFF81C0605F0AEFF09E000200E
:102478008DED1BAAF0EE49DAF0EE69FA0DF5887BCE
:102488001F9029980A2401302990002C3EF411ACA1
:10249800304606F05AFC08F1600008F1680102F0C5
:1024A8009FF905F06DFD80B198F8101088420CD0A6
:1024B80081F0FF0188F8100001408A0709D4CA0793
:1024C80017D14A071BD420292FD288F81000013CC5
:1024D800DBE798F80D00DFF87424013000F00700FE
:1024E80000EB400188F80D00505C0A44517892785E
:1024F8000BE00620432188F80D00452004E0072062
:10250800502188F80D005020472205F08FFC98F8DC
:102518000D00DFF83C14085C06F05BFB012088F82E
:102528000E0088F80C00FEF7C4BBDFF89405D0470E
:1025380003F0AEFCDFF88C05D047B8F92800F94C59
:10254800A047DFF86805D047B8F92A00A047DFF8A8
:102558006005D047B8F92C00A047DFF86C05D047D4
:10256800432041214C2205F061FCD84806F0EDFBE0
:10257800FEF79FBBA0860100000096420000C843FA
:10258800E02E6542384641463246234606F0D3FBE4
:102598009FEDD30B53EC102B0492079306F0CDFB61
:1025A80099ED061B99ED020B99ED089BCDE9000109
:1025B8008DED081B99ED161B53EC102B8DED0A1BA6
:1025C80001F08AF85A46534604460E4606F0B3FB15
:1025D80002460B4651EC190B01F083F882468B46F4
:1025E8002046314606F022FB9DED080B02460B46BD
:1025F80006F040FB52465B4601F073F89DED0A0B6E
:10260800CDE902013A46434606F034FBDDE91132D2
:1026180001F067F8169A149B8B4665F3DF718246C2
:1026280003F097FF044610980D99084405F006FD3D
:102638009FEDA90B06F002FB0D900A9174B999ED74
:102648000A0B169A149B2F4654EC106B2146304601
:1026580065F3DF7103F07DFF002862D0DDE9020138
:1026680004F0B6FADFF8A08209EE900AC8F87800FC
:10267800FFF7E3BA9FEDAE0AB3EE091A3BEE000A84
:1026880031EE400A9FEDAB1A08EE90AA9FEDAA2AF8
:10269800B6EE083A9FEDA4DA9FEDA4EADFF8688267
:1026A80088EE811A21EE021A21EE031A9FEDA33A51
:1026B800B4EE431AF1EE10FAC8BFB0EE431AB5EE05
:1026C800401AF1EE10FAB5EE400A48BFB0EE6C1AA7
:1026D800F1EE10FA48BFB0EE6C0A31EE000AB1EE26
:1026E800041A32EE400A20EE01FA9FED950AB5EE83
:1026F80040FAF1EE10FA48BFB0EE6CFAB4EE40FAC8
:10270800F1EE10FAC8BFB0EE40FA9FED8E0A012034
:102718000FEE00DA9FED8C0A28900FEE00EAFEF724
:10272800B8BB99ED101B99ED0C0BDDE9000199ED93
:102738000E9B8DED141B99ED121B53EC102B8DED98
:10274800121B00F0C9FF3246234606F0F4FA9FED4B
:10275800660B06F093FA9FED660B0546884606F071
:102768008DFA06F0B7F906F0BBF906F0B9F9CDE92C
:1027780010100A990DAB0DCB06F0DDFA52465B46F8
:1027880006F0D9FA049A079B06F0D7FA99ED180BC8
:10279800CDE90E1051EC190B06F050FADDE91932AB
:1027A8000D900A912846414600F09BFF99ED1A0BBF
:1027B800DFF858A14FF00308CDE907108DED040BA1
:1027C8009FED490B8DED160BB8F1000F66D09DED0E
:1027D800160BDDE9193251EC100B00F082FF9DED6C
:1027E800120B02460B4606F045FA06F033FA9DED49
:1027F800140BDDE9073282468B4606F03BFA524657
:102808005B461E9D00F06DFF02460B460D980A9927
:1028180006F093FA9FED380B0E4667F3DF71044616
:10282800BB4653EC102B03F0BBFE0746DDE90E1048
:102838002246334606F07FFA02460B46002F249CB8
:1028480004BF23462A46DDE9101000F04AFF2A4655
:10285800234641EC190B03F0A3FEC8B1B0EE490AB8
:10286800F0EE690A01F0D8FB01F0D6FB9FED241BBE
:1028780051EC100B53EC112B00F033FF9DED040BC2
:1028880053EC102B00F028FF41EC100B8DED160BCC
:10289800DFF878A0A8F101085F4695E79DED160BD3
:1028A80051EC100B04F094F90446C9F80000DDE976
:1028B800020104F08DF9DFF850800AEE904A09EE23
:1028C800900A0127C8F87800FFF7BCB9E093040024
:1028D800608D0000E08D0000000000000000E03F77
:1028E8000000000000002041000000000000394006
:1028F800666666666612714011EA2D819997713D88
:1029080066666666661271C09C080020D183000066
:10291800F9800000FC9E0000189F0000F170000084
:102928002A9F000019850000CDCC4C3D0000C8430B
:10293800000028C2000048420000C8420000964239
:102948000000FA430AD7233CCDCC4C40209B000022
:10295800449E00002890000075930000E096000057
:10296800798F0000109D00005A9C0000289D0000EF
:10297800D99D0000549D0000899D0000D19C000055
:10298800049D0000549E000027990000BD670000C8
:10299800649E00003E9D0000B09E0000119A000059
:1029A8001C9D00001E9700008E9A0000B19D00003B
:1029B8009D9D0000E09E0000EC9D0000E59E00004B
:1029C800C59D00002A9A0000C09600009D9C00004A
:1029D800A29E00007A940000689B0000079E0000F9
:1029E80099950000209F00005C9700004C9E000015
:1029F8006A9D0000FE9D0000C49C0000199E000016
:102A0800499D0000769C000045930000049F00004B
:102A1800439A0000339D00006C9E0000759A0000E8
:102A28005C9E0000289F0000269F0000A99B0000D4
:102A38007F9B000080960000D49B0000DF99000077
:102A480077990000559500000B9900007F9D0000C4
:102A5800A3930000EF980000C5990000949B000024
:102A68005C9A000091990000A99E0000B5970000AB
:102A7800F8990000B7980000389B0000EA9E000013
:102A8800E39D00009B9E00000C980000EF9700005B
:102A98003D970000FC9500004B9C0000E89B00005F
:102AA80042990000509B0000AA920000109E00006E
:102AB800F59D0000689C0000149F0000109F000016
:102AC800F8910000779500007C9E0000B0B52DEDD0
:102AD800028B10EE904AB0EE401AB7EE000A34F0BE
:102AE800004116D011EE102AB2F17E5F11D0B0EE7F
:102AF800C12A12EE100AB0F1FF4F98BFB1F1FF4F93
:102B08000AD99FEDDA0A30EE802A31EE000A30EE5B
:102B1800020ABDEC028BB0BDB2F1FF3F12DD00230B
:102B2800B1F17E5F13D0B1F1FF4F19D1B0F17E5FE3
:102B3800EFD041D99FEDCD0AB4F1FF3FC8BFB0EE49
:102B4800600AE6E7CB0D962B10D90223E8E780EE62
:102B5800010A002C48BFB0EE401AB0EE410AD8E78F
:102B6800B4F1804F14D121EE010AD2E7C04B0733EC
:102B78009942D4D99623A3EBD15521FA05F303FA48
:102B880005F5A942CBD103F00103C3F10203C7E75E
:102B9800002A1AD4B4F17C5F17D1B1EEC10AB4EEA1
:102BA800400AF1EE10FAB4D7B0EE410ABDEC028B40
:102BB800BDE8B04003F050BB9FEDAC0AB1EE601A1F
:102BC800002C48BFB0EE410AA3E728B1B0F1FF4F8F
:102BD80002D0B0F17E5F15D1002C80EE020A48BF0A
:102BE800B0EE402AB2F1FF3F09DCA0F17E50184355
:102BF80027D0B1EE420A012B08BFB0EE402AB0EE52
:102C0800420A86E74FF0FF3505EBD27253EA020518
:102C180017D0013BB0EE408ABFEE001A1A4308BF36
:102C2800B0EE418AB1F19A4F12D9EA4988422BD2C3
:102C380006F030F82221B4F1FF3F016040F3EE8046
:102C48000DE106F027F821219FEDE30A016060E716
:102C58009FEDE21A6FF07E01B0F5000FE04B22EE17
:102C6800011A38BF11EE100A38BF6FF0960101EB58
:102C7800E0516FF3DF5000F17E52984213D3D94BE5
:102C880098420DD201200FE00F31884240F2F280C5
:102C980006F000F82221012C016080F2BF80DEE0FE
:102CA80000F17C5201310020CF4B02EE102A40F691
:102CB800FF7503EB800393ED001A31EE024A32EE02
:102CC800413A80EE044A23EE045A15EE103AAB431B
:102CD80006EE103AC54B03EA520202EB405202F1EB
:102CE800015207EE102A06EE473A31EE471A9FEDD9
:102CF800C17A31EE021A35EE062A06EE413A24EE82
:102D0800031A9FEDBB4A25EE053A03EE047A9FEDC0
:102D1800BA4A03EE074A9FEDB97A03EE047A9FEDAB
:102D2800B84A03EE074A9FEDB77A03EE047AB0EE8D
:102D3800084A23EE033A23EE073AB8EE087A01EE82
:102D4800023A26EE062A32EE044A34EE034A14EE1C
:102D5800102A6FF30B0204EE102A34EE077A37EECE
:102D6800422A33EE422A25EE022A05EE101A01EE17
:102D7800042AB8EEC55A26EE041A31EE023A13EECA
:102D8800102A6FF30B0203EE102AA14A02EB80020D
:102D980033EE411A32EE411A9FED9B2A21EE021AB8
:102DA8009FED9A2A03EE021A92ED002A9A4A02EB44
:102DB800800032EE011A9FED972A90ED004A23EE2B
:102DC800023A33EE012A34EE022A32EE052A12EED6
:102DD800100A6FF30B0002EE100A32EE455A35EE78
:102DE800444A34EE433A31EE431A40F6FF7020EE7F
:102DF800811A24EA000003EE100A30EEC34A04EEFA
:102E0800021A22EE032A31EE023A13EE101AB1F139
:102E1800864F08DD05F03EFF222101609FED8E0AF6
:102E280028EE000A75E60FD19FED815A33EE424A2B
:102E380031EE055AB4EE445AF1EE10FAEADC13EE1C
:102E4800100A20F0004049E013EE100A764A20F0FC
:102E58000040904238D305F01DFF2221016018EE92
:102E6800100A00F0004000EE100A52E600000000D0
:102E7800F8FF7F3F9FED613A32EE011ABDEE002A5E
:102E880040F6FF7101EE023AB6EE002A01EE432A3F
:102E980021EE013A23EE022A9FED603A22EE033A30
:102EA8009FED5F2A01EE023A9FED5E2A21EE021A9B
:102EB80031EE032A12EE100A884302EE100A32EEAF
:102EC800411A33EE411A90E7584A914206D133EE3F
:102ED800423AB4EE431AF1EE10FABCD9B0F17C5F75
:102EE80027D96FF07D0202EBD0504FF4000222FA8E
:102EF80000F0421801201346002960F3DF53C2F3A3
:102F0800C750C0F1960023FA00F06FF07E0348BF67
:102F18004042D10D53FA81F1464B43FA01F1114079
:102F280003EE101A32EE432A31EE023A13EE101A6B
:102F380000E0002047F6FF729FED3F4A9FED415A9F
:102F48009FED416A914303EE101A33EE422A23EEB5
:102F5800044A31EE421A9FED392A01EE024A9FEDEA
:102F6800381A23EE011A31EE042A22EE023A32EE22
:102F7800411A03EE056A9FED355A34EE411A02EE06
:102F8800011A03EE065A9FED326A03EE056A9FEDB9
:102F9800315A03EE065AB0EE426A03EE456AB8EEBD
:102FA800003A36EE033A22EE065A85EE033A33EE3D
:102FB800411A32EE411A31EE000A10EE101A01EBF6
:102FC800C051B1F5000FACBF00EE101A02F0EAFADA
:102FD80026E700BFF8FF7F3F0000C07F0000804B5E
:102FE80072C41C00D7B35D00D89A000000F0FF1F20
:102FF80042F1533E55326C3E05A38B3EABAAAA3E26
:10300800B76DDB3E9A99193F4F38763FC623F6B81D
:10301800E09A00000040763FE89A00003BAAB8BF5B
:1030280070A5EC3600AAB83F01001643000016C38D
:103038003CAA3833000080FF8CBEBF351872313F80
:103048000072313F4CBB31330EEADDB555B38A38D7
:10305800610B36BBABAA2A3E0000807F2DE9FE4FEC
:10306800074608680024B0B1D7E9018A0E4605F082
:103078009DFC8146D8F8E800082888BF0124B0687C
:10308800204202D17068204208D00320307448469C
:1030980005F0A4FD00242046BDE8FE8FD8F8C01036
:1030A80069B198F8F8100029EFD006213174D8F8E2
:1030B800C410C8F8C4604E6198F8FC100DE00021F7
:1030C8000522C8E93066C8E93411C8E9361198F80C
:1030D800FC10002908BF0122327400220129726104
:1030E80009D102204FF4E02188F8FC0098F8FB0091
:1030F80004F0E6FE706889490138884205D8042042
:1031080004F0F6FE062004F0F3FE022004F0F0FEC0
:1031180098F8F80040B9DAF83C003168814203D2E7
:1031280098F8FC0000286CD0D8E9361009B118B915
:1031380000E028B305F07EFDDAF80000416941F0AF
:1031480001014161484605F049FD98F8F80008B1C9
:103158000124A0E708F16C05D8F8EC10284603F024
:10316800C9F80028F4D0D8F8C00003210174384603
:1031780003F00CF928460021002403F0BBF88AE785
:103188009AF8040005F06AFC654CDAF8101002227F
:10319800206991FAA1F1B1FA81F14368D8F8CC001D
:1031A8004068006898472069DAF8141002224368DA
:1031B800D8F8CC0091FAA1F1B1FA81F14068006821
:1031C80098479AF8040005F043FC9AF8040005F0C3
:1031D8004BFC05F02FFD0020C8F8E000D8F8C0002F
:1031E8000068B0F5806F01D905F024FD98F8FE005D
:1031F8000028A1D1DAF80000416841F002014160DD
:103208009AE798F8F90020B1D8F8EC0001307FF47B
:103218008BAF484605F0E2FCB2683AB1D8F8E8004E
:103228000221092838BF0121009103E008F1F402C6
:1032380000200090746834B1D8F8E8000227092803
:1032480038BF012702E008F1F6040027DAF8000089
:10325800334D416841F002014160D6F800B0D946CB
:10326800BBF1000F40D0D8F8E800019209284FF0D0
:10327800010011D22A68B9F1000F1FD0C0071DD074
:103288002178DAF800009268904700281EBF3C4475
:10329800A9F101090120EDE72A68B9F1000F16D05C
:1032A800C00714D02188DAF80000926890470028F7
:1032B8001EBF3C44A9F101090120EDE7DAF800003E
:1032C800D26802A99047DDE90120107007E0DAF81A
:1032D8000000D26802A99047DDE90120108000981B
:1032E800ABF1010B0244BBE7D8F8F000DAF80010A4
:1032F800CA680240102802D1002AF9D101E0002A48
:10330800F6D0706805F04EF8D8F8C0100020C8F85C
:10331800C400C8F8C00008741AE700BFFEFFFF0F1A
:10332800C40100102DE9FC47D0E900588246D8F8BE
:103338000000D0F8409019F4F06FC0F8449035D0F0
:103348005FEA495117D5D5E91401411A504604F0EE
:10335800B9FED8F800008169C90605D401688DF85E
:1033680007109DF80710F6E7296801312960A97B45
:1033780009B90121A973696C40684FF0004600F053
:103388000F0404EA0100B0FA80F126FA01F10140C5
:1033980005D02F6C1FB12A68AB6C5046B847B4FAF9
:1033A80084F026FA00F020404042A863D5F858017E
:1033B800D8F83C1009F0400740680068D0F80425A8
:1033C8001140394347D0DAE90064504603F0D8FC8D
:1033D800D7B1F07C90B90BE0316F69B10068B16E7C
:1033E800B26F8854306FB16F01310138B1673067FF
:1033F80020688169C906EFD5F07C28B1D6E91401A7
:10340800411A504604F05EFE96F86400E0B1307947
:10341800022819D017B1B179012901D0316F99B9B2
:103428000024B16E0128346786F86440B46607D179
:10343800B36CB26FD6F8CC6050460094B04703E046
:1034480006F17C0004F064FA504601F073FED5F8EA
:1034580058014068006800F204500068D8F8381035
:10346800084228D0D5F8F80028B3DAE900765046A3
:1034780003F0A4F8504602F099FA7879012812D19D
:10348800D7F8F40078B997F8E80060B1002087F819
:10349800E800BB6CD7F8EC10D7F8FC20D7F85041FF
:1034A80000905046A047D7F8F80020B93068816BE3
:1034B80041F4006181635FEA095023D5D8F8000020
:1034C80081690907FCD4016B21F480710163297AB1
:1034D80091B10020287295F84400800606D52C6C1E
:1034E80024B1AB6C504620210022A0475046012150
:1034F80004F029FED8F80000816B21F40061816393
:10350800687908B1BDE8FC8705F58070BDE8FC471F
:1035180004F0FEB92DE9FE4FD0E90198D8F8001063
:10352800CA690A62D20740F0AF80D8E904014FF0B7
:10353800000A4FF0000B0843D9F8CC104968096815
:10354800C1F8040509F13000029009F1C8000190A2
:10355800BBF1010F00F2A180D9F8C000002800F0EB
:103568009C80D9F8E010DC22D9F8CC7020230029FF
:1035780008BFD82208BF182358F803404FF0240387
:1035880008BF1C237F68D8F8146058F803303F68D8
:10359800D7F80455354211D0A46864070ED10468E1
:1035A800D9F8D050A54209D144693CB9D8F80040AF
:1035B800656A25F002056562C7F804659B685B07C4
:1035C80002D00BF1010BC3E759F80230002BF8D0F9
:1035D80049F802A0B1FA81F1D9E9344249090068F1
:1035E80049011A448442C9F8D420C9F8E01028BF18
:1035F80082420CD24846414600F058FC99F8FE0039
:103608000028DED005F0DEF818BF8862D9E705F09B
:10361800CDF9D9F8C820D9F8C010019B81F810A0BD
:1036280022B113465269002AFBD114331960C9F834
:10363800D4A04A69C1F814A0D9F8E01000294FF0C5
:10364800DC01C9F8C02008BFD82159F80110C9F811
:10365800D01005F0C3FAD9F8C00058B14846414621
:1036680000F024FC99F8FE0050B105F0ABF818BF43
:10367800886205E0D8F80000416A21F00301416240
:10368800029803F0A9FC9CE7D9F8C0203AB10321BD
:103698001174BDE8FE4F02F079BEBDE8FE8F4868A0
:1036A80020F002004860486A20F003004862D8E928
:1036B80004021043D9F8CC2052681268D062C2F8CC
:1036C8000405486920F0010048610120086240466D
:1036D800BDE8FE4F04F0C3BD2DE9FC4F83F0004365
:1036E80001E02DE9FC4F1F03FF0847EAD2574FEAD4
:1036F80042284FEA43095FEA595906D147EA080ABE
:103708001CBF00210020BDE8FC8F57F000575FF474
:10371800E06E1EF1FF0EF14505D14FF00000190DC6
:103728000905BDE8FC8F002B05D55FF0000AD8F12C
:1037380000086AEB07070C03E40844EAD0544FEA90
:1037480040254FEA4106760D08D144EA050A19BF1B
:103758000021002019461046BDE8FC8F44F00054B3
:10376800764504D10020090D0905BDE8FC8F002924
:1037780004D55FF0000A6D426AEB0404B6EB090E4B
:1037880008D5A2463C465746AA464546D046CEF1FD
:10379800000E4E46BEF1360F5CBF4FF0000B23E023
:1037A800BEF1000F04BF4FF0000B1AE0CEF1390A4A
:1037B800BAF120092EBF08FA09FB07FA0AFB4BEAFF
:1037C800080BDEF1200A07FA0AFA38BFBA4647FAA8
:1037D8000EF72DBF28FA0EF8AEF1200E4AFA0EF8B1
:1037E800D04415EB08057C4154EA050A02BF0021C4
:1037F8000020BDE8FC8F002C58BF4FF0000A06D50A
:103808005FF0010A5FF0000E6D426EEB0404A6F152
:1038180001066D006441FAD515F4806E11D005F4E7
:1038280080794BEA090B15F5806554F1000428BF2F
:10383800761C0BD205F400795BEA090B08BF25F466
:10384800006525F4E0656D0044EB0404B61CDEBF9A
:1038580000210020BDE8FC8F5FF4E06E1EF1FF0E32
:1038680076450AD34FF0000013F00043FF21C9004A
:10387800C91D09051943BDE8FC8F270547EA15301E
:10388800210B41EA065141EACA71BDE8FC8F704735
:10389800B0B560480021604C016094F83A010328F3
:1038A80012D002282ED0012840F0AF8094F84001B1
:1038B80003F072F8002084F840015948817B022007
:1038C800002908BF06209EE054480168B1F5C06091
:1038D800C4F82C01B8BFC1F5C060D4F81011002994
:1038E80000D5494288422ADDD4F8140104F000FDCD
:1038F800D4F8180104F00EFDD4F8280104F02EFDC8
:1039080001201DE04548056804F0F0FFC4F81401E3
:1039180004F0F4FFC4F8180104F0F8FFB5F5C0612D
:10392800C4F82801C4F8101109D094F830215AB10C
:10393800D4F81401D4F82021D4F82C110AE000207E
:1039480084F8300106205EE0C4F82401D4E9450279
:10395800C4F82C110223C4F81C01002901EB410111
:1039680048BF6FF001031944042391FBF3F111449C
:103978000029C4F820110FDD1F2931D3D4F82421E0
:103988002AB33E28A8BF3E2001302929A8BF2921F3
:10399800C4F81C010B3909E0D4F82421032A09D101
:1039A80011F1140FD8BF6FF013011531C4F82011AD
:1039B800002113E00128D8BF0120013811F10A0FB6
:1039C800D8BF6FF00901C4F81C010B3103E033299B
:1039D800A8BF33211539C4F820110321C4F82411D4
:1039E80004F086FC012004F0A7FCD4F8200104F0C0
:1039F80091FCD4F8240104F0B1FCA5F2FF51042095
:103A0800032938BF0620C4F83C01BDE8B04001F0E6
:103A18008DB800BF3C500C40D005002008400C4039
:103A2800AC9B00002DE9FF47D0E901590E4604463A
:103A380004F0BCFF95F8FD1021B97169102901D86F
:103A4800032906D805F0CAF80024204604B0BDE8CA
:103A5800F087012785F8FD7005F0C0F800204E4A70
:103A680085F8FC00C5E93000C5F8C80085F8FE00F7
:103A78003069C5F8E4007069C5F8E800307B85F85E
:103A8800F9000028317885F8F8107168C5F8EC104D
:103A9800B9F80E10A5F8F610317E52F8211085F805
:103AA800FA1008BF1027C5F8F07099F80C0002F05A
:103AB80091F8204603F0D8FC99F83B00374985F87F
:103AC800FB008A46D4E901873A6B97F83A0002F07E
:103AD80029F87A6B98F8FB00514602F023F898F819
:103AE800F91097F83800012915D1FA6A514602F001
:103AF80019F8BA6A97F8390046F2020102F012F88A
:103B080098F8FB00264904F051FD98F8FB0021467F
:103B180004F030FE0AE0BA6A46F2020102F002F846
:103B2800FA6A97F83900514601F0FCFFE84640462A
:103B380004F08EFE99F805001A4A4346CDE9004084
:103B4800284699F8041002F0F7FD404604F00EFFED
:103B5800D9F80800144942460094029005F1300053
:103B680001F0C2FE03F0A4F9104AC5F8CC0005F133
:103B78001C000421234604F003FC95F8F80008B162
:103B8800B06805E005F16C00002104F0A1FC0848CC
:103B9800C5F8BC0059E700BFF09A00000260002099
:103BA800454F00001D350000557500009D8B000035
:103BB800A58C0000FEB504465A480078A04213D9E7
:103BC80008780D46012801D1686868B1687801282D
:103BD80001D1A86840B1544F57F8346004F0E6FEAC
:103BE800F17921B104F0FAFF00242046FEBD07EB6D
:103BF800C40401216768F17104F0F0FF002005F1A9
:103C0800040C7074F081B06030602988B180A98B91
:103C1800C6E93D00C6E90E0086F86400B186297D34
:103C28002B69B1719CE80610C6F85021BCF1000F51
:103C3800C6E910C34FF0FF32C6F8CC10A969C6E92F
:103C48003B203163A97F86F83610296AC6E91A0035
:103C5800C6E91C00B16486F8E800C6F8580102D12C
:103C68003249C6E9101097F8400001F0B3FFD7E9D0
:103C7800031206F14C0004F071FED7E9051206F1B3
:103C8800D00004F06BFE2A4938680968C96888477B
:103C98007A6C97F8240046F2020101F043FF254DA3
:103CA800BA6C97F82000294601F03CFFF869012812
:103CB8000CD1FA6C97F82800294601F033FF3A6DC9
:103CC80097F82C0046F2020101F02CFF03F0F0F8FF
:103CD800C6F85801204600F0AFFF174A06F5AE7047
:103CE8000421234604F04CFB6D46284604F0B0FD41
:103CF800387A7968114A2B460094019006F114002D
:103D080002F01AFD06F17C00002104F0E1FB06F543
:103D18008070002104F0DCFB3868D7E90C121060D1
:103D2800486062E72E9F00002C9E0000476C000050
:103D3800D001001002600020098800002D33000027
:103D48002DE9F84FD0E900B798461646894605464A
:103D580013B10020C8F800008EB104F02EFE824690
:103D680004F024FE04469BF8070060B19BF8E800C5
:103D780078B104F0A9FF6FF00800BDE8F88F6FF084
:103D88000900BDE8F88F04F09FFF6FF00E00BDE852
:103D9800F88F00200121CBE93B96CBF8F460CBF8F3
:103DA800FC008BF8E810CBF83C008BF80D008BF882
:103DB8000B000BF580700021009002F09BFA38464A
:103DC80004F0DCFEBAF1000F02D19BF8050070B3D5
:103DD800284601F0EBFD04F077FF9BF8050068B971
:103DE8000A99009802F086FA10B101208BF80D00AC
:103DF800284602F0E3FB00208BF8E800B8F1000F3A
:103E08001CBFDBF8FC00C8F800009BF80B0030B1C1
:103E180000208BF80B006FF00D00BDE8F88F9BF8C1
:103E28000D00002818BF6FF00C00BDE8F88F04F0F3
:103E38004BFFD5E9007497F84400C00615D5D7F8AC
:103E480040C0BB6C284610210022E0470DE0D7F89F
:103E5800FC00314609EB0002204603F0CDFFD7F8FD
:103E6800FC10361A0144C7F8FC10002EEFD120468A
:103E780004F08CFD0028FAD0204604F079FE97F86B
:103E88004400800605D53C6CBB6C284620210022E6
:103E9800A0470020B8F1000F87F8E800C5D0D7F890
:103EA800FC00C8F800000020BDE8F88F2DE9FC4FA1
:103EB800D0F8C080D0F8D0C0D0F8E820D8F80030CA
:103EC800C346E6469C4511D3D8F814B0BBF1000FA1
:103ED80000F0898090F8FC3005244FF0000E002B8C
:103EE80008BF0124DBF800308BF81040A3EB0E0567
:103EF800A2F1080AB5F5806F28BF4FF48065D0F8A5
:103F0800D82032B101F1200301F12402C0F8DC50BD
:103F180005E0C0F8D85001F1180301F11C02002691
:103F2800BAF1000FC8BF0126DBF8044012681F6809
:103F3800CDF800E07CB1354B53F82630BB6005FA6C
:103F480006F30126BAF1000FC8BF02260EFB06339E
:103F58002344013B05E02E4B53F82630BB6000F1AB
:103F6800F6033B6043F6F0740191D1F8009004EB3E
:103F78000516264009F1080EC7F804E0BC6834436A
:103F8800BC600024BAF1000FC8BF0124DBF8087038
:103F98009FB16146DFF87CC05CF824308C469360A2
:103FA80005FA04F30124BAF1000FC8BF02240099EE
:103FB80001FB043139444C1E05E0154951F8241021
:103FC80000F1F40491605460C2F800E09168314354
:103FD8009160C34504BF05EB0C01C0F8D01090F800
:103FE800FE10019A09B1BDE8FC8FD9F8241041F000
:103FF8000301C9F82410D0F8CC00D2E904124068B3
:10400800114300688162BDE8FC8F00BFC09A0000C0
:10401800C89A0000D09A00002DE9F84354EC105BD0
:10402800554AE04310420DD1284621462A462346E8
:1040380004F083FE2A462346FFF753FB41EC100B9E
:10404800BDE8F883002C04DD201590B191462A467E
:1040580026E024F00040284300F08680B4F1FF3FBA
:10406800F2DC04F017FE9FED420B21210160BDE850
:10407800F883002024B96905EC0A15380D46F9E7DC
:1040880091460021E20202D401316400FAE7C1F14D
:104098002003401A05FA01F225FA03F301301C4304
:1040A8000121A0F2FF3C4FF0000861F31F545FEAC2
:1040B800CC701EBF600040EAD27452000025600038
:1040C80040EAD2744FF40010520060B14119A14285
:1040D800DCBF80440D18611AB8BF2146400849006A
:1040E80041EAD274F0E74FF0000E4FF0004700208D
:1040F800FFB1C119AC4212DD641B00260023BE4487
:104108008A4238BF013C002948BF0126C819B0F1CE
:10411800FF3FC8BF01233340521A1D4403E002D1B8
:104128008A42E9D2254661007F0841EAD2745200EA
:10413800DEE752EA040009D01EF1010019BF0EF0B3
:104148000100864408F101084FF0000E09F1004112
:104158000A4A4FEAC87001EACC4140EA5E0001EB26
:104168006801114441EC100BBDE8F88300BF00BFA3
:10417800000000000000F87F0000F07F0000E03F32
:104188002DE9F047012816D1DFF830A1DAF834011B
:10419800012813D10220CAF8340104F0C7FB01201A
:1041A800012403F0D5FE60B1CAF8344104F0C2FC22
:1041B8004FF0FF347FE06FF001047CE06FF00404FF
:1041C80079E09AF85A419AF859119AF85801002C4E
:1041D80018BF0124002918BF0234002818BF04346E
:1041E800012004F08FFC013818BF01209AF838111B
:1041F800B1FA81F1490910EA010902D1002001F060
:104208000BFBDAF808002E4D10F0010807D12D4FEE
:10421800286A8168384688470428F9D00646404607
:1042280004F0C8FCB8F1000F08D1012E04D1286AA7
:10423800012142682348904704F050FB28684169EF
:10424800204688479AF8540118B14FF4806004F06A
:104258005FFC9AF8530118B14FF4816004F058FCE0
:1042680019480121016003200021CAF834011748C8
:104278000160204603F064FA0128FAD1144E306830
:10428800042003F065FE044612480125B9F1000F29
:104298000560306802D1012001F0BEFA04F0AEFCDE
:1042A800082003F055FE0443CAF8345118BF4FF0F4
:1042B800FF3404F03FFC2046BDE8F087D00500201D
:1042C800B801001000400340282008600C20084076
:1042D8002C2009400C400940B0EEC01A10EE100A1C
:1042E80011EE101AB1F1994F0CD3B1F1FF4F84BF01
:1042F80030EE000A70474CA10028C8BF043191ED88
:10430800000A70473F4A914210D29FED3F1AB7EE1C
:10431800002A4FF0FF3330EE011AB4EE421AF1EEE4
:1043280010FA38DDB1F1665F35D2704702F538030F
:1043380099420DD202F5A00399421BD2B0EE000AB1
:10434800BFEE002A002331EE000A31EE011A18E010
:1043580002F19E73994219D2B7EE080AB7EE002A05
:10436800022301EE002ABFEE080A31EE000A80EEB1
:10437800020A10E0B7EE000ABFEE002A012331EE70
:10438800000A31EE021A81EE000A04E0BFEE000ACC
:10439800032380EE010A20EE002A9FED1C1A9FEDF0
:1043A8001C4A9FED1D5A914222EE023A03EE014A41
:1043B80023EE041A9FED174A03EE045A9FED174A9D
:1043C80003EE054A22EE042A31EE021A02D200EE6A
:1043D800410A70471249002801EB830191ED002A38
:1043E800104910EE012A01EB830191ED001A32EE1B
:1043F800400A31EE400AB1EE401A48BFB0EE410A19
:10440800704700BF0000E03ECAF249714712DABDAA
:1044180098CA4CBE25AC7C3D0DF5113EA9AAAA3E12
:104428007096000060960000DB0FC9BFDB0FC93F24
:104438002DE9FC4191EA03084CBF4FF000484FF0CA
:1044480000084FEA03354FEA153556006D417600EE
:104458006D414FEA43075FEA575711BF45F480059E
:1044680000210020BDE8FC8140F2007E1EF1FF0E15
:10447800774578D04FEA01334FEA133342005B4166
:1044880052005B414FEA4104640D11BF43F48003BD
:1044980000210020BDE8FC81744564D0E41B0021A4
:1044A80000205FF0370EAB4200D1B24205D3404145
:1044B8004941921B63EB050301E040414941BEF1CC
:1044C800010E05D053EA020702D052005B41EAE729
:1044D800BEF1200F09D2BEF1170F0CD3CEF1200781
:1044E80020FA07F100FA0EF00FE0AEF1200E00FA04
:1044F8000EF1002009E001FA0EF1CEF1200720FAB2
:1045080007F741EA070100FA0EF011F4800F06D10F
:10451800401C51F1000140004941641E02E0801C2A
:1045280051F1000111F4000F1ABF641C21F40001BD
:1045380021F4800140F20037FF37E419DEBF002183
:104548000020BDE8FC8107F58067BC420BD2490812
:104558004FEA300049084FEA300041EA045141EA85
:104568000801BDE8FC810020FF214FEAC101C91DF7
:104578004FEA015141EA0801BDE8FC812DE9FF47F6
:10458800044645480078A0420AD9444F0D4657F8DA
:10459800346004F00BFA96F8E01031B104F01EFB19
:1045A8000024204604B0BDE8F08707EBC4044FF0B0
:1045B8000109D4F804A086F8E09004F00FFB9AF8FB
:1045C800100001F007FB364F002D18BF2F46354D60
:1045D800F868411C002808BF0AF11301097808BFD0
:1045E8000AF11100007886F82511294686F8240179
:1045F8009AF8122001F096FA9AF8142096F82501F4
:10460800294601F08FFADAF800004FF000086D46ED
:10461800C0F810883978317079687160397AC6F8CD
:104628002011C0F81C98284604F012F9DAF808009E
:104638001D4A2B46CDE9004006F11400DAF80410B3
:1046480002F07AF8284604F091F9DAF80C001749D4
:104658002A460094029006F1E40001F045F906F1BB
:104668003000012103F034FF307830B906F18000C2
:10467800002103F02DFF0E4870602046C6F8108018
:10468800C6F80C8002F05CFD0A4A06F59670042113
:10469800234603F075FE84E72C9F0000249E00004B
:1046A8001C9C0000004000242D520000E55F000023
:1046B800ED8B0000A58700002DE9F04790460C46D9
:1046C80006464FF001096068D6E9007A10B9E0683B
:1046D800002848D004F06AF93978012901D1F9682D
:1046E800B9BBFC603C61C4F8149004F077FA07F198
:1046F80030050021284601F0FDFD013008D1387849
:104708000128E0D02846414601F0F4FD013030D0C0
:10471800387820B907F18000002101F0EBFD04F0A2
:10472800CAFADAF8040004F099F93046214602F092
:10473800DFF98146DAF8040004F096F9B9F1000FC0
:1047480002D004F0B5FA44E0387808B34FF0000915
:104758003FE0F96849690A3110D16FF00A016161D7
:10476800D4F8149011E06FF00A006061D4F8149046
:1047780032E06FF00209C4F814902DE001214FF0E7
:104788000009616139693C61CC6104F027FA23E0D2
:1047980007F180094146484601F0ACFD013016D1C9
:1047A80004F004F98046F86870B1304603F0E0FC84
:1047B800404604F013FA48464FF0FF3101F09AFDE5
:1047C8006FF00200606102E0404604F007FAD4F896
:1047D8001490284603F09CF84846BDE8F0877047D7
:1047E8002DE9F0418CB0434F0546787801287ED1F9
:1047F8008846002643F69724172003F0B1FF30B10E
:10480800A64204D8322004F0A0FA3236F4E7012098
:1048180001F0D4FC386F002869D0002069468DF873
:104828001400CDE90300CDE909000B90089103A914
:104838008DF80800CDE90000B87C079109210691A0
:10484800002104F03BF8052004F07FFA386F06A930
:1048580004F055FA0646052004F077FAB87C0121E1
:1048680004F02CF8002E42D09DF80000F87300F0F8
:10487800F000C0283BD1F86E9DF906109DF808603D
:104888009DF807409DF804209DF805309FED1A1A01
:104898000130F866C8B2002946EA004040EA042020
:1048A80048BF00F17F409DF9034000EE100AB8664A
:1048B800B8EEC00AE1B220EE010A002C43EA014139
:1048C80041EA022148BF01F17F4187ED190A00EE54
:1048D800101A3966B8EEC00A20EE010A87ED170AE9
:1048E80005B12960B8F1000F18BFC8F800000CB076
:1048F800BDE8F0819C08002063EC443D2DE9FF41B0
:104908003B4E96F8420100286AD1012086F8420100
:1049180004F004F9374F86F87001374D7868C6F807
:104928006C01387B86F84101A86810F4402F13D138
:10493800386988B128686421C0F3066000FB01F477
:1049480004F080F8B4FBF0F22C4906F1940000233F
:1049580002F022FE03F0BAFF01AC204604F020F971
:104968002749A846002506F10C00002204F02CF87F
:10497800204604F015F9234906F15000082204F0F6
:1049880023F8214A06F1D8003221002301F0D4FE91
:104998001E4C1F4A06F1F4002C21002325604546D1
:1049A80001F0CAFED8F80800797BC0F3815021B124
:1049B800032804BF012186F83911032803D040F0E9
:1049C8000200022810D1206840F040002060022038
:1049D80003F08EFA6868400702D4002003F088FAD2
:1049E800002004B0BDE8F08103F0F4F8F2E700BF5E
:1049F800D0050020AC9B0000AC4F0050178A000087
:104A0800BF76000059780000496C000090220840E9
:104A1800993800002DE9FE4FD0E9008599461446E3
:104A28000F46834613B10020C9F8000074B103F0A3
:104A3800BDFF064698F8070058B198F8E80070B12D
:104A4800304604F0CBF86FF008046CE06FF009040E
:104A580069E0304604F0C2F86FF00E0463E000200D
:104A68000121C8E93B74C8F8F440C8F8FC0088F88C
:104A7800E810C8F83C0088F80D0088F80B002846B4
:104A8800019504F07BF8304604F0A8F808F1D00648
:104A98000DF1080A03F08AFF04463046514603F038
:104AA800B6FAD8F8F450D8F8FC10A842394438BF00
:104AB800054602982A4604F04BF93046294603F089
:104AC800A5F8D8F8F400D8F8FC10401BC8F8F40092
:104AD8004819C8F8FC00204604F080F8012D03DBD3
:104AE800D8F8F4000028D5D103F060FF0746D8F8BD
:104AF800FC0050B1019804F041F8584600F056FF08
:104B0800D8F8FC0010B1002402E000206FF00F0478
:104B1800B9F1000F18BFC9F80000002088F8E800B4
:104B2800384604F05BF82046BDE8FE8F2DE9F84FC3
:104B38003C4C3D4E3D4D42F62A294FF0010A4FF0BC
:104B4800030B00274FF00508D4F83C01062833D89A
:104B5800DFE800F00433183B203D4B000F20F060E5
:104B6800C6F8109002F050FF45F804AC55F8040C54
:104B78008007FBD5C6F81CA094F8390190B1012034
:104B8800EF6210E02F60C4F83CB128688007FCD4BD
:104B98000320DBE72F60C4F83C8128688007FCD439
:104BA8000520D3E70320C6F800B0C4F83C012F6005
:104BB80029688907FCD4C9E7FEE70126022084F8A2
:104BC8003A6102F065FE2E6009E0022000E0032051
:104BD80084F83A01002002F05BFE0120286004F10D
:104BE8005000BDE8F84F01F04BBF002045F8040C19
:104BF800286055F8040C8007FBD428688007FCD48B
:104C08000B480025012105600A4801600D2001F0CC
:104C1800E9F8022003F0BCF8C4F83C5184F83B5191
:104C2800BDE8F88FD005002000400C4058600C40CB
:104C38003C500C4004800C40FEB5D0E9005401A85B
:104C480003F02CFE95F834003649374A384E085C94
:104C580095F83510515C354A084395F83610515C83
:104C68002A6B40EA0103316820684F680299B84707
:104C7800206840F2F272E1692E4B2F4F426494F89B
:104C880054209A5C94F85530FB5C1A43012942631E
:104C980011D10146D4E90A2351F8307FFF2A27F4BD
:104CA800004718BF07F50047FF2B0F6009D00A68B7
:104CB80042F4804208E0014651F8302F22F40042C5
:104CC8000A600A6822F480420A60C16A41F0100151
:104CD800C162016B41F001010163E16B09B3A16B92
:104CE800F9B1012103F00EFDD5F85801E16B4068D8
:104CF8000068C162C0F8041591FAA1F17268B1FAAE
:104D080081F15368022298477068A16B02224368B8
:104D1800D5F8580191FAA1F1B1FA81F1406800681B
:104D28009847FEBDF49E0000229E0000D69E00001B
:104D3800D0010010EF9E0000DB9E00002DE9F04737
:104D4800A4B003F033FE33490A78012A04D124B011
:104D5800BDE8F04703F042BF4FF0010981F8009029
:104D680003F03CFFFFF7CAFD082000F033FF21AC39
:104D7800204603F06DFDDFF8A0A0294A1021234644
:104D8800DAF80C002290254801F0D6FC25480025C9
:104D980001AE0478244890F800804746A74213D80B
:104DA800DAF8000050F8271021F0FF0046F8270035
:104DB800880707D4F8B201F0010103F07FFD09FA72
:104DC80007F005430137E9E7184805601848C16846
:104DD80001F44001B1F5800F07D10068000E56F8C4
:104DE800201041F0070146F820101248A4EB0802F1
:104DF800042306EB880103EB820240EA880003F0F3
:104E0800A7FF0D482022016862F30D21016024B03C
:104E1800BDE8F087460A00200C9C0000B005002081
:104E2800C1760000A79A0000C7940000D020024075
:104E3800A84F0050001008400030094010B510EE8F
:104E4800901A21F00042B2F1FF4F06D810EE100A76
:104E580020F00043B3F1FF4F02D930EE200A10BD15
:104E6800B1F17E5F03D1BDE81040FFF735BA0224E7
:104E780004EA917444EAD07463B1B2F1FF4F12D0DE
:104E880012B1B3F1FF4F18D1274961F31E0000EEAC
:104E9800100A10BD022C0FD3032C14BF9FED250A56
:104EA8009FED250A10BDB3F1FF4F14BF1C481D48E4
:104EB80000EB840090ED000A10BD9A1AD2151A2A48
:104EC80003DD9FED190AC40F0EE0B1F1FF3FD8BF13
:104ED80012F11A0F06DB80EE200AB0EEC00AFFF7C7
:104EE800FBF901E09FED110A002CE5D0022C0DD052
:104EF800012C04BFB1EE400A10BD9FED0D1A30EE33
:104F0800010A9FED0D1A30EE010A10BD9FED081A37
:104F180030EE010A9FED071A31EE400A10BD00BFBE
:104F28005096000040960000DB0FC93F00000000CB
:104F38002EBDBB33DB0F4940DB0F49C0F8B5044633
:104F480003F0B4FC07464568204603F009FCB8B1F5
:104F5800D7E9014603F02AFD0546D4F8C000B8B1E8
:104F680004210174384601F0D9F8D4F8C800B0B16A
:104F7800014640690028FBD1D4F8C000486112E01E
:104F880003F014FD0446D5F8C00078B3103034E0BF
:104F98003068416821F002014160284630E0D4F8C9
:104FA800C000C4F8C800416900274761C4E93477E4
:104FB800C4E93677C4F8C01031B320463146FEF74D
:104FC80075FFD4F8C000C4F8E0700068B0F5806FD1
:104FD80003D920463146FEF769FF94F8FE0010BB5E
:104FE8003068416841F0020141601CE095F8FB001F
:104FF800002102F065FF05F1FC0001210170204647
:10500800BDE8F84003F0EABD94F8FB000021C4F8BD
:10501800C47002F055FF012084F8FC003068416A32
:1050280021F003014162284603F0D8FD04F1300065
:10503800BDE8F84001F0D0BF2DE9FC4191EA030832
:105048004CBF4FF000484FF000084FEAC32545EA2F
:1050580052554FEAC2264FEA43077F0D11BF45F06C
:10506800004500210020BDE8FC815FF4E06E1EF1E0
:10507800FF0E774555D04FEAC12343EA50534FEA14
:10508800C0224FEA4104640D11BF43F000430021E0
:105098000020BDE8FC81744543D0E419A3FB050159
:1050A800A3FB06E7A2FB06631EEB030E57F10007FE
:1050B80051F10001A2FB05631EEB060E57F1000734
:1050C80051F10001FF1851F10001C01951F100011F
:1050D8004CBF40F2004E40F2002E10EB0E0051F192
:1050E800000148BF641C01D4400049415FF4407787
:1050F800FF37E41BDEBF00210020BDE8FC8117F567
:105108008067BC420DD24FEAD02040EA41504FEAB6
:1051180041014FEA113141EA045141EA0801BDE871
:10512800FC810020FF21C900C91D090551EA0801B9
:10513800BDE8FC812DE9FC4706680446707A002822
:105148006BD0D4F80490D6F85801D0F80480D9F878
:105158003470204601F014FE706F20B306F14C0540
:10516800284603F0E6FD316F884221D230790228C3
:105178001ED0B06E002850D0204601F001FE346FDA
:10518800284603F0D6FD201AD6F868A0B46F7067D9
:10519800284603F0CEFD0021F1740AEB040108440F
:1051A8000190706F0CE0B06E10B1306F0028D5D14F
:1051B80006F14C0001A902F02AFF01217067F17481
:1051C80058B30021B0F5806FB17384BF4FF480608D
:1051D8007067012301990144013979601049B96068
:1051E80043F6F07101EB00100840B9680843B86055
:1051F800D9F83C10D9F8000091FAA1F2B2FA82F27B
:1052080003FA02F2D8F800309A61D6F858215268A9
:1052180012689162012103F081FABDE8FC8700BFA2
:105228000180000C70B5D0E90052044601211068D5
:10523800C0F81C18D0F80418C90718BF70BDD0F8FA
:105248000438A9684E690A3614D0D5F8D46013F02A
:10525800120F17D01EB903F01F060A2E21D05A07C5
:105268006FF0040258BF6FF00502DB0648BF6FF00D
:1052780006024A61042103F098FC2046BDE870400C
:1052880003F0F5B96EB1721EC5F8D4202CD0D5F84C
:10529800D0104A1CC5F8D0200978C0F80818012198
:1052A80017E0D5F8DC10C1B10139C5F8DC10D5F824
:1052B800D8104B1CC5F8D830D0F808080870012160
:1052C800D5F8DC00002808BF0421012888BF09217F
:1052D8001068BDE8704003F068BC042103F065FC69
:1052E800A86800214161C8E7D5F8DC2052B1098BD4
:1052F800012361F348030B21012AC0F8003808BFD5
:105308000321E6E70421E4E72DE9F84315460C46B6
:10531800804601F08DFA2C4800212D4F01602B4862
:10532800814600683868816927208847294E2A49BC
:10533800306B08403063B06F20F48070B067386815
:10534800016B4FF4806088473868016B4FF48160C7
:1053580088473868016B4FF4C06088471F480121AF
:1053680001601F48C6F8804131600168890704D48C
:10537800691C08BF4FF04045C560D9F80000F069C6
:105388008007FCD5072002F0B9F90228FAD1B8F154
:10539800000F13D1134C386A8168204688470428C7
:1053A800F9D0012804D1386A032142682046904781
:1053B800D6F8180220F00300C6F818023868806B87
:1053C800BDE8F843004700BF0C4009402C200940C5
:1053D800B80100100C200840FFFFFEFE28200860DE
:1053E800100009400040034070B52039062918D83C
:1053F800DFE801F01A23042D384048001478002211
:105408002321FF2CF1D0D0E9015695F8FB0002F0DA
:10541800BFFA726B2B49204685F8FB4000F082FBEF
:1054280049E06FF001044AE0406890F8F91001295A
:1054380043D1012180F8FC103DE04568002100249B
:1054480095F8FB0002F03CFD85F8FC4037E0446825
:1054580094F8FB00FF282ED002F09AFAFF2084F877
:10546800FB0028E04068D0F8C01031BB012180F86B
:10547800FE1020E04068D0F8C010F1B9002480F890
:10548800FE401CE04168D1F8C020B2B191F8FE207E
:105498009AB180680268D0E90430546A184344F02D
:1054A80003045462D1F8CC104968096888625068CE
:1054B80040F002005060002401E04FF0FF34204625
:1054C80070BD00BF026000202DE9F84303F06EFABA
:1054D8002F4F044697F84101002854D003F024FBCD
:1054E80003F02EFB054600F00C000C2803D100BF8A
:1054F80000BF30BF45E0680728D402F0C9FCDFF8D8
:10550800948081460121D8F8000000FB09F60120AB
:1055180003F076F8864219D9D8F80000F02107F18F
:105528000C05B1FBF0F0A9EB0001284603F0EFFBF6
:10553800284601F0A5FA00BF00BF0120FEF720FEB3
:1055480000BF00BF284603F0ADFB1CE000BF00BF52
:10555800280715D4104F114E38688168304688479F
:105568000428F9D0B0FA80F005F01001400940EAAB
:10557800111003F0D6FB0A4801210160006800E021
:1055880030BF00BF00BF2046BDE8F84303F026BB8C
:10559800D0050020340A0020D80100100040034044
:1055A8002C20094010B52DED028B044610EE100A90
:1055B800B0EE408AC0F3C751FF2911D0D1B9B5EE7A
:1055C800408AF1EE10FA49D09FED270A274828EEC5
:1055D800008A844207DC9FED260A28EE008A3DE017
:1055E80038EE088A3AE018EE100A6FF01802C10D7A
:1055F80052FA81F12144FF290CDB03F04BFB2221F5
:10560800016018EE100A4FF0FF4161F31E0000EE32
:10561800100A25E0012906DB20F0FF4040EAC150CE
:1056280008EE100A1AE011F1190F0CDC03F032FB36
:10563800222101604CF251308442E2DA18EE100A5D
:1056480000F00040E3E7193120F0FF409FED091A10
:1056580040EAC15000EE100A20EE018AB0EE480A76
:10566800BDEC028B10BD00BF0000004CAF3CFFFF3B
:105678006042A20D0000003370B52548066802F0AC
:10568800B3FD24480025244C0560206C806C8047BD
:105698002248006838B122480068B6F1FF3018BFC8
:1056A800304600F0EFFA1F4840F2391205601E48F4
:1056B800016862F31B4101601C48016801F4405114
:1056C800B1F5805F06D10168194A114001F5003231
:1056D80002600160174D0126EE612068016A1420FE
:1056E80088471548016841F4E021016013482E609D
:1056F800006800F44000B0F5000F03D1206C416C45
:105708000F4888470F4801680029FCD170BD00BFC9
:105718001C13005084046042B0010010800128432B
:10572800800520438C210840482003402800094078
:10573800EFFFFCFC0000244300200940B44F005058
:10574800BD3786000C0068422DE9F0418AB0314C23
:105758000746A078AD2857D1002090460D46002670
:1057680000F02CFD206F00284FD040F60B60039608
:10577800CDE907660996002102906846069002A8BE
:10578800CDE900660590082004900F2003F096F8F4
:105798000A2003F0DAFA206F04A903F0B0FA0646EB
:1057A8000A2003F0D2FA0F20012103F087F866B32C
:1057B8009DF802009DF803109DF804209DF805301F
:1057C80040EA0120090704466FF3DF2448BF40F48C
:1057D800704442EA03203C801A0701466FF3DF2138
:1057E80048BF40F4704129809DF807009DF80610D5
:1057F80041EA002100070A466FF3DF2248BF41F45F
:105808007042A8F8002000E0002630460AB0BDE843
:10581800F08100BF9C08002070B5F8B1012858D16C
:10582800012003F06FF9012853D02D4C94F838016A
:1058380000284ED12848294E0569306810F4402FB9
:1058480030D17DB302F024FE502003F037FA012056
:10585800A84704F1940001F013F925E003F05FFA7A
:105868001E48006810F4402F0AD11B4804693CB157
:105878001B48943003F016FA02F0FAFD0020A04706
:10588800174C94F8380120B31648016821F08001BC
:10589800016080218160032002F07AFA002084F8F8
:1058A800380116E003F03FFA012084F83801306827
:1058B80010F4402F00D14DB9207A800606D409484B
:1058C80080218160016841F080010160032002F0BD
:1058D8000FFB002070BD00BFAC9B0000B44F005010
:1058E800D0050020902208402DE9FE4F98B11646B9
:1058F8008A46804603F05AF8DFF89C90834699F868
:10590800000000BB254D2C274C2F06D0E81903F0CA
:10591800F0F90837F8E700263AE0002001276C463E
:105928006860A860EF602870204602F091FFE020D0
:105938001C4A234601901A48016805F1100000F03E
:10594800FBFE89F80070584603F048F9164D002E02
:1059580018BF3546AF68781C08BF03270026032FF9
:1059680016D8404603F0C5F995E81E0008F10C006A
:105978001EC0C8F824604646C8F81470074800EBF3
:10598800C7002C30C8F80800D8F81800C8E907A0E4
:105998003046BDE8FE8F00BF440A0020940900206D
:1059A8001C080020538700002C9C0000F8B50568EF
:1059B8000446D5F8F80000B1F8BD68796668022891
:1059C80007D105F1D000694602F010FDC5F8F800CE
:1059D80009E0D5F8EC10D5F8FC20D5F8F40011440E
:1059E800C5F8F80000910028E6D031688A6B22F4E7
:1059F80000628A6395F84410C9060AD52F6C47B12E
:105A0800297A31B9AB6C204610210022B847D5F865
:105A1800F800B0F5806F84BF4FF48060C5F8F800D7
:105A28000099336B01444A1E3168B66B1A600E4AFE
:105A38009A6043F6F07202EB001010409A68104327
:105A48009860D5F8580140680068866208460221C7
:105A580002F064FE287A0028AED1204601210126F2
:105A680002F0EAFB2E72F8BD018000C0F8B5B5EE71
:105A7800400AB1EE401AB6EE002A40F2E734F1EEE1
:105A880010FAEFF3008148BFB0EE410A9FED221AE9
:105A9800B4EE410AF1EE10FAC8BFB0EE410AB2EE18
:105AA800041A00EE012ABDEEC20A10EE100AA04246
:105AB80038BF044681F3008802D50A2040210CE053
:105AC800642808D30A201549B4FBF0F56420B4FB18
:105AD800F0F0095C03E00A200021B4FBF0F5104F58
:105AE8003420B847E8B20A250C4EB0FBF5F101EBBB
:105AF8008101A0EB4100305C40F080013520B847BF
:105B0800B4FBF5F03A4600EB8000A4EB4000315CB2
:105B18003620BDE8F8401047CDCCC742759D00003F
:105B2800897A00002DE9F84FFF2831D0264B0C4622
:105B380005464FF4BE21AF0004F0020843EA800096
:105B48004158C9B2914227D121489A464FEA1429AF
:105B580047EA0006834602F029FF0BF10101220CF7
:105B680086F8009039430A7046F00201220E0A7046
:105B780003F034F8B8F1000F02BF45EA0A0004F058
:105B8800010101701148012181EA5801384316E0EA
:105B98004FF0FF30BDE8F88F00F5BE2024F0FF017C
:105BA80062B9B8F1000F02BF2B4304F001041C7066
:105BB800064B012484EA58043B431C6011430160EE
:105BC8000020BDE8F88F00BF00200240001A4442C0
:105BD800011008402DE9F041254E0546371802F01E
:105BE800E5FE044697F84A01411C87F84A1128B196
:105BF800204602F0F3FF0020BDE8F081DFF8748052
:105C080018F8257007F03F00142898BFFFF7E2FF47
:105C180008EB8500458878B2B0F1FF3F0CDD7806C7
:105C28001FD415480068416928468847284601F06E
:105C380087FD0128FAD1DBE70F4E3068C169284695
:105C480088473068416A284688473068C16A2846CC
:105C580088470A4801210160094801688907FCD57D
:105C6800C6E706EB8500D0F8601101208847BFE73A
:105C7800D0050020D48F0000B8010010282008604B
:105C880028200840F8B505462248234E4168890770
:105C980005D40168F02242EA114186F84D101F49E7
:105CA8004FF001221F4F0A601D49098839680968A9
:105CB800846820468847A00105D4E00103D53078E0
:105CC80040F0020030703868214642682846904704
:105CD80002F076FA1448154A0068C0F305311170CD
:105CE800C1054FF0130158BF2321402373543821B5
:105CF80001EA901000F56050A2F85C0038688168ED
:105D080020468847022001F0F5FE0948012101607C
:105D1800F8BD00BFAC4F00500962084004A40C4015
:105D280000A00C40F00100100C1400500EB00C4004
:105D3800940460428B4208BF824207D9009A002A25
:105D480001D010605160002100207047002B08BF6F
:105D5800002A10D1009A002A01D010605160020078
:105D68000B0000210020002B08BF002A1CBFC943DC
:105D7800C04301F052BBF0B51C4615460B4602461F
:105D880000200021B4FA84F6202E04BFB5FA85F667
:105D98002036B3FA83F7202F04BFB2FA82F72037F0
:105DA800F61BB6F1200727BF05FA07F400257F4246
:105DB800B4403EBF25FA07F73C43B540A34208BFAD
:105DC800AA4201D3521BA341404149416D0845EA0B
:105DD800C4756408761EF1D5059F002F01D03A607E
:105DE8007B60F0BDF8B5254F05463E1802F0DEFD94
:105DF800044696F84A01013886F84A01000637D168
:105E08001F4810F9251000EB85004588CEB2B1F186
:105E1800FF3F0CDD70061FD41A48006881692846C8
:105E28008847284601F06AFC0228FAD11AE0154F83
:105E38003868016A284688473868816A284688474A
:105E48003868016B284688470F48012101600F48D0
:105E580001688907FCD505E007EB8500D0F86011DB
:105E68000020884706F03F00142898BFFFF7BAFFC4
:105E7800204602F0B3FE0020F8BD00BFD005002088
:105E8800D48F0000B801001028200860282008409E
:105E98002DE9FE4F274A9178AD2942D100274FF0CE
:105EA80020080DF10A0A0DF1080B0DF10606002471
:105EB80000254FF000090091B8F1000F16D05046A8
:105EC80059463246FFF740FC48B1BDF90600013596
:105ED8000444BDF908000744BDF90A00814442F2B0
:105EE800107002F032FFA8F10108E5E7002D1EDD71
:105EF80097FBF5F00F4A508599FBF5F0108594FB58
:105F0800F5F001B2B1F5FA7F03DD0099A0F57A70DA
:105F180006E011F5FA7F0099B4BF00F57A70002009
:105F28009085A1F1AD00B0FA80F040091072BDE88B
:105F3800FE8F00BF9C0800202DE9F04102F036FDDD
:105F4800254F804601210124D7F8900001F03AFF3F
:105F5800A7F8A0400646B868D7F89840B968711AFB
:105F6800201A884203D9002087F8A0002EE0404676
:105F780002F034FE351B0026B54207D33444012015
:105F8800AD1B214600F0C8FE0646F5E702F00EFDFF
:105F9800804697F8A10020B10020214600F0BCFE01
:105FA8000646701C06D0D7F89C00711B814238BF8A
:105FB800084601E0D7F89C00011902F049FA0020D0
:105FC80087F8A000012087F8A200BC604046BDE821
:105FD800F04102F003BE00BFB003002070B50568B1
:105FE8000446A96848690A301BD16B68204600221C
:105FF8009847A8686FF009064661022001F0C8FEBC
:10600800E8682969884213D06B68E8680022C0698B
:10601800E860E86846612046E9689847E8684661AC
:10602800EEE74869033008D100202861E86020E0E5
:106038000020E860A860286170BDE8682A6990427D
:1060480011D06B68E868C069E86002F01FFDE96874
:10605800204600F04DFD0028EED005F1E400BDE833
:10606800704000F0B9BF0020E86028616B6802F05A
:106078000DFD0220BDE8704001F08ABE2DE9FF4702
:106088000446E0B315460E4602F090FCDFF878901F
:10609800074699F80000A0B90DF10408404602F03F
:1060A800D7FBDFF868A08020194A142143460290E4
:1060B8000AF1040000F040FB0120CAF8004089F80A
:1060C8000000384602F08AFD0020E660124AE062CD
:1060D8006062C4E90500E0610E48002D18BF28463B
:1060E8000023017821704168A1608168002002F0D6
:1060F800A5FBA06220622061606002F077FB204669
:1061080004B0BDE8F08700BF450A0020E009002080
:10611800F5860000F89C000040420F00F8B5D0E971
:1061280001650446287902F099FCD6F8CC20696903
:10613800286852681268D16296F8F93013B9C368B2
:10614800DB06FCD4436823F0020343602B69D36267
:106158001943476A27F003074762C2F804154169E3
:1061680021F00101416101210162D6E93512D6F819
:10617800C00001604AB1EB699B68C3F309139A42F6
:1061880003D91144DA4311440160D6F8DC204AB13E
:106198006B6A9B68C3F309139A4203D9DB431A4419
:1061A80011440160204601F05FF9287902F050FCA3
:1061B8002879BDE8F84002F057BCFEE7F0B589B091
:1061C800214E0546306F10B1716FA9421BD018B12E
:1061D80002F092FD0020306701AC204602F0BCFCC2
:1061E8001A488DF81C50012D214604BF4DF290002D
:1061F800C0F20300059000208DF8100001F068FB44
:106208003067F8B17567124F124C15B138680368DA
:106218000DE038680368707C012808D108200A213D
:106228004FF4C042984738680368092007E00920FE
:106238000A214FF4C04298473868036808200921AA
:106248002246984709B0F0BD9C08002040420F0044
:10625800B40100100060002010EE100AC14311F0D4
:10626800FF4F02D100EE000A7047B0B500282ADDC2
:10627800C10D2ED001227F39002462F3DF5001F0D6
:10628800010200FA02F34FF08072002062B1151982
:10629800B5EB430FDCBF1044AC18C5EB4305C8BFD2
:1062A8005D0052082B46F1E700F00102002B18BFF1
:1062B80010440E4A02EA815101EB600000F17C5063
:1062C80000EE100AB0BDB5EE400AF1EE10FA06D1A4
:1062D800B0BD01210202CDD401394000FAE702F035
:1062E800D9FC9FED030A21210160B0BD000080FFA9
:1062F8000000C07F2DE9F04391B00E4621490446C5
:10630800684600234FF00008324602F091F8701EEC
:1063180010F1030F02D8684600F0B2FB02F046FB0A
:10632800194F054601200136E9467870E068A0B9A2
:106338001EB1484602F0E9FC78B1606800B18047B8
:10634800284602F04BFCB87818B102F0F7FA87F843
:10635800028002F02BFB0546E8E700207870E06831
:1063680020B1E0680138E060002400E0FF242846FE
:1063780002F034FC684602F06DF960B211B0BDE875
:10638800F08300BF9F750000100A0020F8B5D0E91F
:106398000167054602F00AFB0446D6F8C00098B328
:1063A80096F8F81019B9007C0338012831D8284626
:1063B800FFF7B4FED6F8C0000022022301680546A4
:1063C8003DB12F7C033F022F28BF2B742A606D69D3
:1063D800F6E73246016052F8C81F21B10A464969FA
:1063E8000029FBD1143210600020C6E93000C6E94C
:1063F8003400C6E93600204602F0F0FB06F1300012
:10640800BDE8F84000F0E8BD3868416821F00201B5
:1064180041602046BDE8F84002F0E0BB2DE9F84FA6
:10642800214F83464FF001084FF002094FF0000A50
:106438007868A0B3F868012831D178680324082166
:1064480021B1014203D14908013CF9E7002407EBD7
:10645800C40000F12C06304602F016F90546304615
:1064680002F074FB28B1796808FA04F021EA000008
:106478007860A869296AC5F8249028625846B960E6
:1064880002F0ACFBD5E90301EA69904702F08EFA05
:106498008346686A022808BFC5F824A0C8E7002018
:1064A8003870BDE8F88F00BF9409002010B52DEDB5
:1064B800028BB5EE400AB0EE408AF1EE10FA04D530
:1064C800184801F081FFB1EE488ABCEEC80A9FED7A
:1064D800161AB6EE002A10EE100AB8EE400A38EE88
:1064E800400A00EE012ABCEEC20A10EE104AE1088A
:1064F8007C2984BF0024013000F040FF0B4801F0E4
:1065080063FF0A2C01D20A4802E0632C02D809482A
:1065180001F05AFF2046BDEC028BBDE8104000F0A8
:106528002DBF00BF269F000000007A44229F000074
:106538001B9F00001E9F000010B541EC100B43ECA0
:10654800112B00F019FD002801D0002010BD0120FA
:1065580010BD10B541EC100B43EC112B00F00CFDF5
:10656800002801DB002010BD012010BD10B541EC52
:10657800100B43EC112B00F0FFFC002801DD00207C
:1065880010BD012010BD10B541EC100B43EC112BD0
:1065980000F050FD002801DA002010BD012010BDD8
:1065A80010B541EC100B43EC112B00F043FD002813
:1065B80001DC002010BD012010BD704770B50568D2
:1065C800D5F8F81031B3D5F8582144685668A16B4E
:1065D80020683268D162022102F094F8D5F8580197
:1065E800A16B154A40680068C0F8041591FAA1F13A
:1065F80012683068B1FA81F1926990470446D5F87B
:10660800F800011B6879022806D105F1D00001F0D5
:10661800E7FC0BE000240CE0D5F8F400D5F8FC20EA
:106628000A44401AC5F8FC20C5F8F4000020C5F853
:10663800F800204670BD00BFD401001070B588B0C6
:10664800044600200026FFF7B9FD1B4D286F78B3DC
:106658000B2000218DF807608DF80640CDE905660E
:1066680007968DF80460ADF802608DF805000DF10D
:10667800020004900DF105000390032002900F2002
:1066880002F01CF90A2002F060FB286F02A902F050
:1066980036FB04460A2002F058FB0F20012102F0C5
:1066A8000DF99DF80400002C08BF4FF0FF3000E002
:1066B800FF20C0B208B070BD9C080020F0B587B0BC
:1066C800194E307868BB194C204602F012FB0020A6
:1066D8000127A060C4E92670C4F89F00C4F894702C
:1066E80003AD284602F042F94FF0FF3010492A4620
:1066F800059004F10C00FFF7F7F86D46A0642846F2
:1067080002F03CF970680B492A46029004F15000E7
:10671800FFF7B4FCC4F8900001F079FEC4F89C00BF
:10672800377007B0F0BD00BF300A0020B00300206A
:10673800415F0000418A0000FEB568B11E460D4663
:1067480004465BB17068C1B2FF2910D015490968C9
:10675800A9420ED0E0280CD1002421E001206E4689
:106768008DF808004FF0FF30019000200090C02005
:1067780070600D480D4940F825403068C4E9005262
:10678800A060284601F072FC094F317938688268A8
:1067980028469047307A18B13868016928468847F2
:1067A8002046FEBD1C08002044070020ED8500009F
:1067B800B001001010B52DED028BB5EE400AB0EE19
:1067C800408AF1EE10FA04D5154801F0FDFDB1EE4E
:1067D800488ABCEEC80A9FED131AB6EE002A10EEDE
:1067E800100AB8EE400A38EE400A00EE012ABCEE64
:1067F800C20A10EE104A632C84BF0024013000F056
:10680800BDFD094801F0E0FD092C02D8074801F058
:10681800DBFD2046BDEC028BBDE8104000F0AEBDAC
:10682800269F00000000C842229F00001E9F000013
:1068380010B517480168890726D417480468A002CC
:1068480021D41648006800688047C0F13E0007223E
:10685800C1100729B8BFC210012000EB24718A4279
:10686800D8BF0A460E490968C1F30321891A0F29BE
:10687800A8BF0F210129D8BF014641F0F0000949FE
:1068880081F84D00087810BD0249C16010BD00BFF5
:1068980010000940FD000040B44F0050EC0100100A
:1068A8000C1300500D6208402DE9F041D0E9014871
:1068B8000546D8F80000416821F0020141602046F1
:1068C80001F082FED4F8CC0001F0F4F904F13000B4
:1068D80001F0B8F994F8F80018B904F16C00FFF762
:1068E8006CFED5E901750D4E95F83800B04795F85E
:1068F8003900B04795F83A00B04797F8FB00B04721
:1069080098F80C00FFF76EFA04F11C0001F0D0FDB6
:10691800002084F8FD00BDE8F08100BF99790000EF
:1069280070B588B0044601200D46FFF747FC184EA5
:10693800306F50B344F0400100208DF807508DF8B7
:1069480005100DF102018DF80600CDE9050007904C
:106958008DF80400ADF80200B07C04910DF105013A
:10696800039103210291002101F0A8FF094C0A209C
:10697800A047306F02A902F0C2F90A20A047B07CF4
:10698800012101F09BFF1920A04708B070BD00BF8E
:106998009C080020538D0000F8B5054616484BF2B8
:1069A800F521174E006800FB01F714483C0A0068FF
:1069B80000F44020B0F5802F10D112480068800301
:1069C8000CD4F0680068804701F000F83168C968A5
:1069D8008847C010390B484304EBE0342DB90A4806
:1069E800006820F07F40204444083069416C20460C
:1069F800BDE8F840084700BF08400C40B44F0050BD
:106A0800E00100108C13005010200940F0B540F64A
:106A1800FF7C10F8013B0024082CFAD00646DF075B
:106A280016F8015B0DD1477807F00F060336122ED2
:106A38000DD190F90220D6B2B2F1FF3F09DD033043
:106A48000DE001F8015B304601345B08E4E70230F1
:106A580006E0C27806F07F06043046EAC21612360F
:106A68003F0947EA0512624508BFF0BD2A013A44CA
:106A7800D543002EE8D04A5D013E0A700131F8E79F
:106A8800F8B5054601F092FF184E044696F8A200A4
:106A980080B196F8A00068B9D6F8900001210127C6
:106AA80001F090F9B168D6F89830B268411A9A1A8C
:106AB80091420CD901F0E6FB01212975AA6810441E
:106AC800E86096F8A00060B186F8A11009E02F757B
:106AD800AA681118181A8242E96002D2104601F019
:106AE800B7FC2046BDE8F84002F078B8B0030020B3
:106AF80070B56FF007024A61D0E90020CC6891E8D0
:106B0800680002F1D00C00689160C2F8DC40ACE883
:106B18006800D0F80468760642BF6FF00800486144
:106B280070BD0126C0F810684FF4FF76098B06EA9D
:106B3800410145B1C0F80018591CC2F8D0101978A5
:106B4800C0F8081805E041F00101012CC0F8001850
:106B580001D1032100E00B2102F027F8002070BDCD
:106B6800F0B589B0044600200D460027FFF726FB44
:106B7800164E306F38B30A2000218DF80B508DF86F
:106B88000A40CDE9067708978DF80870ADF80670C9
:106B98008DF809000DF1060005900DF1090004902B
:106BA800032003900F2001F089FE0A2002F0CDF89F
:106BB800306F03A902F0A3F80A2002F0C6F80F20EC
:106BC800012101F07BFE09B0F0BD00BF9C08002048
:106BD8000CB44FF07F4343F460034FEA4102D21AEA
:106BE8001BD24FEA105040EA013010F5807024BFE4
:106BF800400801F580114FEA5020002948BF40F0B5
:106C080000404FEA4101490DB1F560710CD4FF29EC
:106C18000DD240EAC1500CBC7047DB431A40024316
:106C280005D0D8430CBC704700200CBC704701F05D
:106C38000041FF204FEAC05008430CBC7047704722
:106C4800B0B5174C6068216801EA000521EA000226
:106C5800680622601DD51348006800F44000B0F5AE
:106C6800000F03D11048006801F078F8042001F003
:106C780049FF811E022905D200F0ACFF022001F075
:106C880087F803E0012808BF00F0A4FF202001F0E6
:106C98005FF9280648BF00F00DFCA560B0BD00BF35
:106CA80090220840B44F00503C0A002010B52DED4A
:106CB800028BB5EE400AB0EE408AF1EE10FA04D528
:106CC800134801F081FBB1EE488ABCEEC80AB2EE67
:106CD800041AB6EE002A10EE100AB8EE400A38EE92
:106CE800400A00EE012ABCEEC20A10EE104A092C36
:106CF80084BF0024013000F041FB064801F064FB2A
:106D08002046BDEC028BBDE8104000F037BB00BF49
:106D1800269F0000229F00002DE9F047174E0546E8
:106D28008946304602F001F804464FF0FF384FF02C
:106D3800000AB4421FD02046274601F0F8FF044657
:106D4800387D0028F5D065B1F868484509D138691B
:106D580010B14844F86001E087F814A0D7E906109C
:106D68008847387D0028E4D0F868A0EB0900404542
:106D780038BF8046DDE74046BDE8F087B003002015
:106D880070B50468616F59B3D4F8582145685668DE
:106D9800E96B28683268D162012101F0B3FCD4F8AC
:106DA8005801E96B0F4A40680068C0F8041591FA69
:106DB800A1F112683068B1FA81F192699047616F68
:106DC800091AE07C20B104F14C0000F01FFF05E037
:106DD800206FA26F401A20675018A06700206067D4
:106DE80070BD00BFD4010010B0B5134D0124E86B8D
:106DF80001680120884701281BD028683C2101220E
:106E080000230024C5680D48A84790B100F0C6FECD
:106E18000B480C490068D1E900238860C01A0A4B66
:106E2800A2EB92025843B2EB104F98BF020C012418
:106E38000A602046B0BD00BFA401001000A00C40AD
:106E480030200940000A002040420F00B0B5144825
:106E5800144D807B95F83911084306D001F0A6FD42
:106E680095F83B1121B101F0B9FE00242046B0BDD0
:106E7800012485F83B4101F0B1FE022001F038F809
:106E88000D20FEF7A7FE084801680029EED1074942
:106E980040220A604A60002185F83A11C461E4E79B
:106EA800AC9B0000D005002004800C4038500C40FA
:106EB8002DE9FF41144DD5E900673879FEF78AFEC0
:106EC80001F074FD04463078B0B90DF1040840466D
:106ED80001F0BEFCB87979790C4A434601950290D5
:106EE800301DFFF729FC38684FF0FF31C1620849AF
:106EF8008160012131704160204601F06FFE024837
:106F080004B0BDE8F08100BF349E0000D18B0000C2
:106F18000018002070B588B0044601200126FFF74C
:106F28004DF9134D286F08B300200DF106018DF8B7
:106F3800074004910DF10701CDE9050007908DF890
:106F48000600A87CCDE90261002101F0B7FC094CDC
:106F58000A20A047286F02A901F0D1FE0A20A04705
:106F6800A87C012101F0AAFC1920A04708B070BD37
:106F78009C080020538D0000F0B550EC101B154DF7
:106F880020F000444A4275EB040206D352EC113B50
:106F980022F000465F42B54101D20120F0BD43EA2C
:106FA800010534432C4304BF0020F0BD12EA00045D
:106FB80006D4CC1A70EB020406DA4FF0FF30F0BDAD
:106FC8005C1A72EB0004F8DB59405040084318BFC4
:106FD8000120F0BD0000F07FF8B5054601F0E6FCA1
:106FE8000446686A01280FD06869104F01262946AF
:106FF8006E6207EBC0002C3001F0B9FA6869796855
:1070080006FA00F008437860084D287840B9E86827
:10701800012805D10648006801F02CFD01202870E0
:107028002046BDE8F84001F0D9BD00BF9409002012
:107038001C080020F0B550EC101B144D20F0004443
:107048004A4275EB040214D352EC113B22F000467D
:107058005F42B5410DD343EA010534432C4304BFD5
:107068000020F0BD12EA000406D4CC1A70EB02042A
:1070780006DA4FF0FF30F0BD5C1A72EB0004F8DB63
:1070880059405040084318BF0120F0BD0000F07F70
:107098002DE9F0410646FFF711FB114FD7F8900094
:1070A80001F060FD04460F480D4641F2C6084068ED
:1070B800C0EB0011B14207D8A0EBC00106EB4101BB
:1070C800B1FBF0F001F0A4F8E6FB0845D7F8900012
:1070D80001F048FD001B71EB0500F7D3BDE8F08116
:1070E800B0030020300A002002461448836D0020B7
:1070F8001BB310B58AB00C4651BACDE90800CDE9EA
:107108000600ADF806100221059101AAADF80400A9
:107118001846CDE903120DF1060102913A21ADF8A6
:10712800201002A901F09DFB20B1BDF8041009BA96
:10713800090C21800AB0BDE8104070479C08002067
:107148007CB5D0E90056002101243068C0F8101839
:10715800C0F81C48684601F0A1FB0C49D5F820216D
:1071680030680968002A0B68019918BF01229847FE
:107178003068074A00F5026102EA411301F07041E4
:10718800194411440C63C0F804487CBDAC010010DC
:10719800E0FFFF01F8B540F2E734114D114FA0426E
:1071A80038BF04466420B4FBF0F0295C3420B847AB
:1071B8000A20B4FBF0F6B6FBF0F000EB8000A6EB7B
:1071C8004000295C3520B84706EB86003A46A4EB18
:1071D800400080B2295C3620BDE8F840104700BF67
:1071E800759D0000897A000010B58AB08DF82700D7
:1071F80011484FF6FF74806DD8B102220021049225
:107208000DF10202CDE90711CDE90511ADF8021023
:107218000392012202920DF1270201926022ADF839
:107228001C2001A901F01DFBBDF80210002818BFA1
:107238000C46A0B20AB010BD9C080020B0B500F002
:107248000FFE0E4C0E4D1420611CA8470A20214643
:10725800A84709202146A8470A490820A847B92075
:1072680000F0B4F8084C1420A0470A20A0470920D1
:10727800A04708202146BDE8B04008470064002028
:10728800B38C00000220002099790000F8B5124F55
:10729800044616460D46387818B9FFF70FFA01204C
:1072A8003870B4B12EB13078207070686060307872
:1072B80004E0D7E90201C4E90001C0B228B1012005
:1072C800A06005B90020E06003E04FF6FF70A06001
:1072D800E5602046F8BD00BF100A0020A0F130018B
:1072E800092904D81049084410F8301C18E0A0F106
:1072F8004101192904D80B49084410F8411C0FE032
:10730800A0F16101192904D80649084410F8611C44
:1073180006E000215F2808BF08212D2808BF40216A
:10732800084670475D990000759D000002461248A6
:10733800806DF8B180B58AB00023CDE90833CDE976
:107348000633CDE904330423039301AB8DF807100A
:10735800090A8DF8052002933A238DF80610110AC0
:10736800ADF820308DF8041002A901F07AFA0AB0BD
:10737800BDE88040704700BF9C08002008B3B0B546
:1073880086B000210A236A4658B1B0FBF3F404EB37
:107398008405A0EB450040F03000505401312046F0
:1073A800F2E7013A002303A8994204D0545C013A59
:1073B800C4540133F8E70022425401F005F806B03E
:1073C800B0BD014801F000B81E9F0000B0B50446EA
:1073D8001420002101F072FA07250A20002101F08B
:1073E8006DFA681C0FD024FA05F000F0010109209D
:1073F80001F064FA0A20012101F060FA082001F086
:107408005DFC013DE9E71420012101F057FA4FF432
:107418002F70BDE8B04001F051BC70470E480F4ACC
:107428000F4B0168825800680340D0B20D4A7F288C
:1074380088BF0020934207D1090F022906D307D03D
:10744800032901D1153004E0FF2002E00A2000E002
:107458000B3040B2704700BF1813005088FDFFFF83
:1074680000F0FF0F0010B40B7FB5D0E9015420469F
:1074780000F0F5FE2068416821F002014160416991
:1074880021F00F0141610321016202A801F006FA0F
:10749800074995F8F93095F8FA202068D5E9396553
:1074A80009680C680399CDE90065A0477FBD00BF56
:1074B800C4010010B0B501F079FA044601F0E6FB0A
:1074C8000028FBD0032000F063FC0B48002180F863
:1074D8003811204601F082FB0848816802200D46D9
:1074E80088470446102000F033FD24B103202946C4
:1074F800BDE8B0400847B0BDD0050020AC9B0000F7
:1075080002461148806DE8B180B58AB000238DF835
:107518000610090A8DF80520CDE90833CDE90633B0
:10752800CDE9043303238DF8071003930DF1050308
:1075380002936023ADF8203002A901F092F90AB055
:10754800BDE88040704700BF9C0800202DE9F0414D
:107558004768044601F02AFA05464FF00008D7F8B4
:10756800C8609EB171697068C6F81480C7F8C81001
:1075780000F018FF284601F031FBD7F8BC20204660
:107588003146904701F012FA0546E8E72846BDE87B
:10759800F04101F023BB7047F8B50446C8B11D4659
:1075A80016460F46FFF78AF80020A6600A4EA76124
:1075B800002D207518BF2E46D6E901012061074825
:1075C800E161214600F0D3FF307810B12046FFF783
:1075D80057FA2046F8BD00BFE09C0000B003002029
:1075E80070B5044601F0E2F905460C480126C16A67
:1075F80006606268130CB2F5802F38BF0423194463
:107608004161074823210068026800209047054827
:1076180006602846BDE8704001F0E0BA0420094041
:1076280084010010800224430CB54FEA41034FEA5D
:107638005353B3F54073FF3B44BF00200CBDD3F157
:107648001F030FD94FEAC12242F0004222FA03F287
:107658000B2B3EBF1533D840024300294CBF504284
:1076680010460CBD00294FF0004058BF401E0CBD0D
:1076780070B50D46044601F099F9D4E901128A4221
:1076880004D101F0ABFA4FF0FF3070BDE368226817
:107698000133B3FBF1F606FB11315554E160A168E3
:1076A800626901319142A16088BF0A46626101F0B6
:1076B80095FAA06870BD7047F8B50D480D4D0E4F8E
:1076C8000126046804608CB1B4FA84F0696880F01B
:1076D8001F0006FA00F251F8201094430029F2D056
:1076E80057F820205203EED58847ECE7F8BD00BFD5
:1076F800E02002400C9C0000001008400F49C3071E
:107708000A68496D01D1002106E001F0040102F088
:107718000103C91818BF0121830744BF02F00203FF
:1077280041EA5301400744BF02F0040041EA9001D6
:107738000220002918BF0120704700BF40210840DF
:107748000F49C3070A68496D01D1012106E001F01C
:10775800040102F00103C91818BF0121830744BFBF
:1077680002F0020301EA5301400744BF02F004009B
:1077780001EA90010220002918BF0120704700BFCC
:107788004021084070B501F011F904460B48017812
:1077980021B12046BDE8704001F020BA01210170F6
:1077A800074805780748002DF3D0064656F80C1B05
:1077B80089688847013D3046F5E700BF470A002041
:1077C8002D9F0000EC9C000002460F48806DD0B150
:1077D80080B58AB000238DF807108DF80620CDE912
:1077E8000833CDE90633CDE90433022303930DF1C1
:1077F800060302937623ADF8203002A901F031F890
:107808000AB0BDE8804070479C08002002460F4837
:10781800806DD0B180B58AB000238DF807108DF83F
:107828000620CDE90833CDE90633CDE90433022338
:1078380003930DF1060302932023ADF8203002A92B
:1078480001F00FF80AB0BDE8804070479C0800209E
:107858000B4801688907FCD50A4801210A4AD0F873
:107868003C0101284FF0010008BF20200823906147
:10787800002010600548036043601160704700BF36
:1078880058600C40D005002000400C4038500C4097
:1078980040F00201022918BF70477CB50A4D0B4C15
:1078A80080B27022042329684E6800902046002187
:1078B800B0472868002170227023D0F80CC02046F9
:1078C80002B0BDE870406047A401001000A00C4061
:1078D8000C4A1278012A11D1094A127882420DD92C
:1078E800094A0029094B18BF0A4600EB400103EB7F
:1078F800810053F82110CB681146184700207047C3
:107908002D9F0000470A002020960000EC9C0000F4
:10791800B0B5054601F04AF80446A868E96881420E
:1079280002D2E8680130E86000F02EFF40B1074D50
:107938006878012804D1A87810B900F04DFFA87024
:107948002046BDE8B04001F049B900BF100A002048
:1079580080B58AB08DF827000C480022806D88B168
:10796800CDE90722CDE905220122CDE902210DF159
:107978002701049201912021ADF81C1001A900F003
:1079880070FF024610460AB080BD00BF9C08002068
:10799800FF2817D0B0B5044600F084FE0A4D2868C9
:1079A80050F82410204601F080F9686850F8241037
:1079B80011B1002140F82410A868002140F82410D3
:1079C800BDE8B040704700BF0C9C000070B50D4B7F
:1079D8001B3800FB00F193E87000DB6801FB00F244
:1079E80083FB0223C6FB0123C5FB002310091909E9
:1079F80040EA0370001941EBE471000C40EA0140D1
:107A080070BD00BF200A00207CB50C4D0C4C002135
:107A18004FF4C07207232868466802200090204669
:107A2800B047286800214FF4C0720723D0F80CC073
:107A3800204602B0BDE87040604700BFA4010010B6
:107A480000A00C4080B58AB08DF827000B480023B1
:107A5800806D80B10893CDE9063303AF0EC70121CD
:107A680002910DF1270101917621ADF81C1001A9B1
:107A780000F0F7FE034618460AB080BD9C080020B7
:107A880080B58AB002460C488DF82710806D80B109
:107A98000021CDE90711CDE90511CDE90311012137
:107AA800ADF81C2002910DF12701019101A900F008
:107AB800D8FE0AB080BD00BF9C08002010F1240F3A
:107AC800D8BF6FF023001B28A8BF1B2003210F225B
:107AD8002430A1EB101122EA000022FA01F14FF63E
:107AE800FF7222FA00F040EA01400149086070473D
:107AF80018A00C40B0B50A490A4A0B4B0C684D68EF
:107B0800AC42FCD1844208BFB0BD155C145DAC42E8
:107B18004FF0FF3538BF01252C441C5D0C60EDE7A4
:107B280000600C403C9E0000409E000010B50A4CCE
:107B380000212068426801209047206801680120E0
:107B4800884708B100F02AF804480068E06800682F
:107B580080470349C86010BDE0010010302009408B
:107B6800000A002010B50A490A4C0860D1F89800AC
:107B780040F00300C1F898002068816920208847F8
:107B8800054800682068806BBDE81040004700BFCA
:107B98008C210840B80100102C20094010B50A4873
:107BA8000B4C0188C907094907D14FF0012222600F
:107BB80000880868BDE810400047086880474FF013
:107BC8008070206010BD00BF00A00C408000001035
:107BD80004A40C407CB50B4D0B4C00214FF04052D7
:107BE8001C2328684668032000902046B047286870
:107BF80000214FF4007209234568012000902046B7
:107C0800A8477CBDA401001000A00C40F8B50C46A4
:107C1800054600F0CBFE2B1D6E690ECB8F1AA742CE
:107C280038BF3C4622442344B24288BF16466E61A0
:107C3800B3FBF1F606FB1131C5E9022100F0CEFFD6
:107C48002046F8BDB0B5054600F0B0FE044628460B
:107C580000F0C8FEA86800F079FF40B1686901210A
:107C680001FA00F004494A6822EA00004860204608
:107C7800BDE8B04000F0B2BF9409002070B50B4ECB
:107C8800054600F093FEF5600446012D706808D1A2
:107C980038B1307828B90648006800F0EBFE0120BA
:107CA80030702046BDE8704000F098BF940900206D
:107CB8001C080020F8B5D0E9006500F077FE0446FE
:107CC800307870B1287900F041FE012806D1286883
:107CD80000274760301D00F077FC37702879FEF7E1
:107CE80081F82046BDE8F84000F078BFBCB50546ED
:107CF80000200C460DF10601ADF80600ADF80400B1
:107D08002846FFF7F1F960B1681C01A980B2FFF7B6
:107D1800EBF930B1BDF80400BDF8061041EA0040A7
:107D28002060BCBD70B50948094C84420BD0094D90
:107D3800094EB54207D0F5E8020110F8012B54F8B6
:107D480022209047F5E700BF00BF70BDB89F000034
:107D5800AC9F0000F09F000030A0000008490A4BCB
:107D6800421808499A42096808D801F44001B1F557
:107D7800000F03D105490968496C0847704700BFDF
:107D88005C8F82FFB44F0050B71E0500F001001051
:107D980070B50B4D04462E1800F008FE96F84311F6
:107DA800013986F84311090605D10121AA68A140C5
:107DB80022EA0101A96000F011FF002070BD00BF98
:107DC800D0050020F8B504460A480F460068006B45
:107DD8008047D4E904562A46334600F02FFD3FB1C8
:107DE800A0FB052300FB063301FB0531C4E906218E
:107DF800F8BD00BF8C0100102DE9F04106460A4885
:107E080015460C4600278046BC4209D0D8F8002009
:107E1800E95D30689269904708B10137F4E73C465C
:107E28002046BDE8F08100BFD0010010F8B50A4E29
:107E380014460D46B047094F01463420B847284636
:107E4800B04701463520B8472046B047014636209E
:107E58003A46BDE8F8401047E5720000897A00000C
:107E680080B50A49142000F020FF1420002100F0FA
:107E780025FD012000F022FF1420012100F01EFD45
:107E88004FF40C70BDE8804000F018BF016400207A
:107E9800F8B500F08BFD094E04460021D6F8900095
:107EA800FFF790FF0546D6E92667204600F096FEC4
:107EB800701BB84288BF0020F8BD00BFB003002087
:107EC800FF2808BF7047B0B50D46044600F06EFDA8
:107ED8000649C5F3024311F8242002F0F8021A44B7
:107EE80001F82420BDE8B04000F078BE0210084038
:107EF800B0B50446012000FA04F500F057FD074923
:107F08008A682A438A60214491F84321013281F822
:107F1800432100F063FE0020B0BD00BFD005002063
:107F280007480068C00608D40648074900680840A2
:107F38000649884204BF012070470020704700BFEF
:107F4800B04F00505013005000C4FF3F00C0071C42
:107F5800B0B504460948056855B1A868204205D05F
:107F6800D5E9033220460021984718B92D68F3E770
:107F78000020B0BD4FF0FF30B0BD00BFD0050020DD
:107F88001CB5FF2000248DF807000848407A012816
:107F98000AD10DF107010020FFF7DAFC20B19DF8A6
:107FA80007003F2121EA000420461CBD9C08002050
:107FB800094880F308880948016841F470010160A4
:107FC80000BF00BF00F0BBFE08B1FFF7ABFE00F03A
:107FD80021FC012000F096FE0040012088ED00E021
:107FE800B0B50C46054600F0E1FCD5E901122B6955
:107FF800A24238BF1446121BAA601A19B2FBF1F349
:1080080003FB1121296100F0E9FD2046B0BDF8B558
:108018000C46054600F0CAFCEA6895E8C200013241
:10802800B2FBF6F303FB16252944216000F0D6FDC8
:10803800701BF11B814238BF0846F8BD002804BFF9
:10804800002170474CBF404200464FF01F014CBF13
:1080580041F4406141F48061491E4000FCD34FEA7D
:10806800015141EA103100057047FEE770B5084A32
:10807800084B14689C4208D014680025D82D03D0FA
:1080880066595E510435F9E7136043F8201070BD56
:1080980008ED00E0000B0020094882698B1A0432C1
:1080A800B3F1004F09D8531AB3F1FF3F0B46C8BFCD
:1080B80013468A4298BF0B461A460260704700BFB3
:1080C80018200940F8B50C46D0E90016002701F140
:1080D8004C053068013C47F100018269D20606D49C
:1080E80029B10068C1B22846FFF7C2FAF1E7F8BD26
:1080F800E0B50021084A8DF8071000F00F010009CB
:10810800105C515C8DF805000DF105008DF8061026
:1081180000F05AF98CBD00BFFB9B000070B5044607
:10812800006904F114052CCDA0FB010602FB0161D6
:10813800C6184D41300C002240EA0541FFF7ACFF5C
:10814800C4E9086570BDB0B5056802200C46FFF7A4
:108158001FFE64B1D5F8EC000021B1EB107F06D109
:108168000420FFF715FE4FF0FF30C5F8EC00B0BD56
:1081780070B5D0E9006500F019FC0446F06830B12C
:10818800284600F033FDB0686FF0090141612046D0
:10819800BDE8704000F022BDB0B50D46044600F0C1
:1081A80005FCD5E9001211B14A606A6800E0626016
:1081B800002A18BF14462160BDE8B04000F00EBD8B
:1081C80080B5FFF7ADFE60B10648006881034FEA4D
:1081D80000414FF0000058BF0816BDE88040FFF787
:1081E8006DBC80BDB44F005080B506480649006894
:1081F80008400649884204D1FFF710F91328C8BF80
:1082080080BDFEE71813005000F0FF0F0010B40BFC
:1082180088B1B0B594B06D460446002100222846C6
:10822800FFF734F82146FEF765F82846FEF7C5F94A
:1082380014B0BDE8B0407047B0B5056802200C46E0
:10824800FFF756FE54B1D5F8EC000021B1EB107FD2
:1082580004D10420BDE8B040FFF74ABEB0BD0068B5
:10826800C168490701D58168FAE70221C0F8801082
:10827800C168C90702D1D0F88C10F9E70021C0F80D
:1082880080107047B0B500F091FB04460548002106
:10829800D0F89000FFF796FD0546204600F09EFCBA
:1082A8002846B0BDB0030020B0B50C46054600F026
:1082B8007DFB0021216069680029616008BF2946AB
:1082C8000C606C60BDE8B04000F088BC80B5054823
:1082D800012100684268012090470348034900686B
:1082E800486080BDE001001030200940000A0020ED
:1082F8001CB5064980B24FF47F42082309684C68D0
:10830800009003483021A0471CBD00BFA401001005
:1083180000A00C401CB5064980B24FF4F8021223A5
:1083280009684C68009003480421A0471CBD00BFA1
:10833800A401001000A00C401CB5064980B24FF4FF
:108348000032112309684C68009003480421A047B3
:108358001CBD00BFA401001000A00C401CB50649BC
:1083680080B24FF440620A2309684C6800900348C1
:108378002021A0471CBD00BFA401001000A00C4094
:1083880050B14AB110B5044608300EC02146044821
:10839800FFF78AFF002010BD6FF00200704700BF92
:1083A800D005002080B507490138884205D8062045
:1083B800FFF7EEFC0420FFF7EBFC0220BDE880404D
:1083C800FFF7E6BCFEFFFF0FBCB504460648456D47
:1083D80045B1204600F014FB024601AB2846214671
:1083E80000F007FBBCBD00BF9C080020F8B50C4698
:1083F800054600F0DBFA95E8C2002D6929442160A2
:1084080000F0ECFB701B874238BF3846F8BD80B5DA
:10841800D0E9042347F69160101A73F1000031BFC8
:108428004FF0FF30002047F6906100F007FA80BD5A
:1084380010B50446C0E9061382600020206120754B
:1084480002482146BDE8104000F091B8B003002072
:1084580070B5064E05460C462946D6F89000FFF73B
:108468005DFEC6F89840C6F8945070BDB003002071
:1084780005484FF4825100680028044848BF4FF46B
:1084880041510160704700BFAC4F005028A10C401B
:1084980005484FF4805100680028044848BF4FF44D
:1084A80040510160704700BFAC4F0050A8A00C407D
:1084B800B0B5044600F07AFA054604482146FFF7AD
:1084C8006BFE2846BDE8B04000F088BBD005002010
:1084D800E0B5064AD2E90223CDE9002301228DF84E
:1084E80000206A46FEF7D2FE8CBD00BF100A0020AD
:1084F80010B5064C34204021A04735204021A04724
:10850800362040212246BDE810401047897A0000F5
:1085180010B50446B0F1FF3F03DC0448FFF754FFF1
:1085280064422046BDE81040FEF728BF269F0000A1
:10853800002804BF0021704701001F2111F5806148
:10854800491E4000FCD3090541EA10310005704777
:10855800F0EE6CBAB0EE6CAAB0EE6CBAF0EE6C8AC3
:10856800B0EE6CFAB0EE6CEAB0EE6CDA7047B0B50B
:108578000C46054600F01AFA25606968616069686A
:108588000C606C60BDE8B04000F028BB1CB5046806
:108598006479022C02D1FCF73DFA1CBD049C0494BA
:1085A80002B0BDE81040FBF7CBBBFEE7FF2807D0C1
:1085B800044A526852F820308B4218BF42F8201003
:1085C800704700BF0C9C000010B5054904460068C0
:1085D8000968496988472068BDE8104000F0E8B894
:1085E800B001001004480549007851F8200010B186
:1085F800D0E901100847704704ED00E04407002067
:10860800002201284FF0000004BF40F2EE204FF492
:108618007A72022908BF02461046704710B500F06A
:10862800C5F904490022CC68CA6000F0D7FA204690
:1086380010BD00BF9409002000F0DCFAFDF71CF81B
:108648000348016841F470010160FFF7B1BCFEE71F
:1086580088ED00E0B0B5044600F0A8F905462046CC
:1086680000F0C0F92846BDE8B04000F0B7BAD0E93C
:10867800001000220068C0F810280122C0F81C2849
:1086880001F1E400FEF7A8BCB0B5044600F08EF98D
:1086980025682968216029684C6000F09FFA2846FF
:1086A800B0BDFEE7FF2806D0034911F8202002F0EC
:1086B800FB0201F82020704702100840022807D06A
:1086C800032804D180B5FCF731FA002080BDFEE70D
:1086D800FEF7BCBB044890F8411119B1D0F86C0101
:1086E80000B10047704700BFD005002003480121B2
:1086F800016003480068D0E90201084704200940E6
:10870800E0090020B0B50C46054600F04FF9A96C09
:10871800A143A964BDE8B04000F060BAB0B50C460A
:10872800054600F043F9A96C2143A964BDE8B040AF
:1087380000F054BA80B5FCF7E1F8FCF7FFFAFEF751
:108748007DFDBDE88040FBF7A2B810B500F02EF91A
:108758000446FDF763FE2046BDE8104000F03EBA2F
:108768000349096821FA00F000F00100704700BFD2
:10877800C0200240FF2803D0024A926842F8201025
:10878800704700BF0C9C0000034800886FF35F200F
:10879800002818BF0120704704ED00E0042805D127
:1087A80080B51046FEF7CCFCBDE88040002070473D
:1087B8000249034A41F82020704700BF000B0020FF
:1087C800C3610000D9F8CC10D8F8140049680968CA
:1087D800D1F80425024270470349002291F841016B
:1087E80081F84121704700BFD00500200348006888
:1087F80008B1017801B17047FEF7F2BEE009002028
:10880800042805D180B51046FCF716FABDE880406B
:10881800002070470349002912BF01C90020002128
:10882800F7F756BC309F000010B50446000AFFF762
:108838005FFCE0B2BDE81040FFF75ABC40B584B019
:1088480002AE0096FDF776FA029A039B04B040BD8B
:1088580030B10121002201724FF0FF31C0E900213F
:10886800704780B54FF0FF32FBF726FFB0FA80F073
:10887800400980BD10B500239A4208BF10BDCC5CEA
:10888800C4540133F8E700000B4611461A4600F0BD
:10889800C5B80A46002100F0C1B80000024A00210C
:1088A800C0E90012704700BF006CDC020249896809
:1088B80051F82000704700BF0C9C0000FF281CBF27
:1088C800014A8154704700BF0020024002484FF01F
:1088D80000410160704700BF00A10C4002480168D8
:1088E80041F00301016070472422084002480068F3
:1088F800C0F30720704700BF30A00C400248006852
:10890800C0F38440704700BF04A00C4002480068D0
:10891800C0F38120704700BF20A00C4002484021CE
:108928000160FFF7D3BC00BFA8A00C4080B5FFF7DB
:1089380075FE0149086080BDCC0500200248012170
:1089480080F84111704700BFD00500200249084453
:1089580090F84A01704700BFD005002010B50023E9
:10896800541E80E81E00C0E9043310BDB0B50249AA
:1089780091E83C003CC0B0BD2C9C000010B50249F9
:1089880091E81C001CC010BDF89C00000068012183
:10899800806900F0080081EAD000704780B50A4677
:1089A800D0F803101046FFF774FF80BD80B500F0C3
:1089B80021F9002818BF012080BD80B500F081F999
:1089C800B0FA80F0400980BD234603958DF8045025
:1089D8000295FEF7E1BD2046314657EC105B2A466A
:1089E8003B46704701684268116041680068416011
:1089F80070471CB54FF0FF340094FFF7C7FD1CBD4E
:108A08000021425C0131002AFBD1481E704780B525
:108A1800FFF784FFBDE88040FEF74CBD00239A4273
:108A280008BF7047C1540133F9E70B46D0F803205B
:108A3800C11D184600F08CB90148806CFEF7CCBA0D
:108A4800B003002001484068704700BF300A00208A
:108A580001490968096A0847B00100100149096815
:108A680049690847B00100100149096809690847C0
:108A7800B00100100149096889690847B001001070
:108A88000021C0E90011C0E9021170474869B0FA35
:108A980080F042092046184702460B465846514680
:108AA80000F04BB902460B465046394600F045B92E
:108AB80002460B4630463946FAF713BE02460B46C5
:108AC8005846414600F039B902460B462046294629
:108AD800FAF707BE02460B4604460E4600F02DB9CB
:108AE80002460B462046314600F027B902460B469F
:108AF8002846514600F021B902460B462046294631
:108B080000F01BB90149096809680847E00100102D
:108B180001490968C96A0847B80100100148006896
:108B280000680047E80100100148006840680047F5
:108B3800E801001001480068FFF7A0B8CC05002044
:108B480001488068704700BFD00500200168081AF6
:108B5800B0FA80F0400970470149202200F0F8B8C7
:108B68002096000001480068006B00478C01001047
:108B78000068016B21F48071016370470068016B24
:108B880041F48071016370470149242200F0E0B884
:108B9800C894000080B51046FEF766FC002080BD32
:108BA8000021C0E9001181607047C0F80418022054
:108BB80000F084B800214FF0FF32FCF7A5BB4068F5
:108BC800002180F8FD107047406801210068C164E9
:108BD800704700F00F013720FEF752BF00B1704711
:108BE80000F00CB800688030FEF792BE00680421DF
:108BF800FFF7DBBFEFF3108072B67047EFF310801A
:108C080062B6704722462B4600F097B8B0EE4E0A7F
:108C1800FDF74CBCBDF90001FFF710BA32462346F8
:108C280000F08BB832463B46FAF75BBD2246334626
:108C380000F083B840465146FBF738B953EC102B87
:108C480000F07BB85A46434600F077B8B0EE4F0ABA
:108C5800FDF72CBCDDE91C32FAF743BD42F2107077
:108C680000F073B8DDE9272300F067B822462B46E9
:108C7800FAF737BD51EC100B00F05FB853EC102B2E
:108C8800FAF72FBD32462B4600F057B880B5FEF7ED
:108C9800ABF880BD00487047400A002040686C303F
:108CA800FEF736BE0021017570470022FCF73ABF77
:108CB8000220FFF76DB80220FFF71AB90138FDD17D
:108CC8007047EFF3108070472046FFF787BF44983E
:108CD800FFF7B4B90D46FFF7B1B90E46FFF7AEB9C5
:108CE8000F46FFF7ABB92046FFF76EBB3346FAF7DE
:108CF800F8BC40600060704701680968084702686E
:108D08001269104700F005F8FEE7007D70478160A2
:108D1800704700BF7047FFF771BFFFF7FCBFFEF752
:108D280005BFFEF71FBFFFF7D1BA0068704700689C
:108D3800704780687047FBF77BBBFCF77DB9012063
:108D480070470020704700207047FEF7A1B9000067
:048D5800FFF790BDD4
:108D6000000000000000F03F000000000000F03FA5
:108D7000000000000000F03F000000000000F03F95
:108D8000000000000000F03FAE47E17A14AEEF3F74
:108D9000000000000000F03F5839B4C876BEEF3F35
:108DA000000000000000F03F000000000000F03F65
:108DB000560E2DB29DEFEF3FD7A3703D0AD7EF3F80
:108DC000000000000000F03FAE47E17A14AEEF3F34
:108DD000000000000000F03F000000000000F03F35
:108DE0000000000080845E410000000080844E414D
:108DF0000000000080843E410000000080842E417D
:108E000000000000B27C1E419A999999314E0E41A2
:108E1000000000008084FE400000000080C3EE409F
:108E200033333333538CDE40000000008084CE4067
:108E3000000000008084BE409A9999999984AE40C0
:108E40006666666666849E40CDCCCCCCCC848E4073
:108E5000CDCCCCCCCC847E403333333333836E40A3
:108E6000202053656E736F72733A20414453313240
:108E70003932522845434729202B204D415833325F
:108E8000363634432F4D41584D383631363128501F
:108E9000504729202B20424D45363830202B204F7B
:108EA000505434303431202B2056434E4C3430341F
:108EB00030202B204D4C583930363332202B204176
:108EC00044584C3336320D0A0020202A205B4D4195
:108ED000583332363634205050475D202020202031
:108EE0003A205B4259504153534544202D2048615C
:108EF00072647761726520332E33562F312E3856C7
:108F000020446F6D61696E20436F6E666C69637497
:108F1000206F6E204D46494F2F5253544E5D0D0A1F
:108F20000020202A204D4158333236363443205019
:108F300050472048756220203A205B4259504153E7
:108F4000534544202D204861726477617265203357
:108F50002E33562F312E385620446F6D61696E20A6
:108F6000436F6E666C696374206F6E204D46494F87
:108F70002F5253544E5D0D0A00205B0000B000409C
:108F800034000000FF000000500500202000000019
:108F9000700500202000000000000000020000001A
:108FA00003000000FF000000FF0000006018002028
:108FB00050180020400000002000000013000000B6
:108FC000140000001300000015000000160000004F
:108FD000000200008E0000008E0001008E000200E2
:108FE0008E0003008F0000018F0000028F0000033D
:108FF0008E0001048E0000058E0008048E0000041F
:1090000089000006500000007F0001003F000400BE
:109010003F0002003F0001007F0002008E000204BA
:109020008E0001028E0001010D0A2D2D2D2D2D2DFA
:109030002D2D2D2D2D2D2D2D2D2D2D2D2D2D2D2D60
:109040002D2D2D2D2D2D2D2D2D2D2D2D2D2D2D2D50
:109050002D2D2D2D2D2D2D2D2D2D2D2D2D2D2D2D40
:109060002D2D2D2D2D2D2D2D2D0D0A000D0A3D3DC3
:109070003D3D3D3D3D3D3D3D3D3D3D3D3D3D3D3D20
:109080003D3D3D3D3D3D3D3D3D3D3D3D3D3D3D3D10
:109090003D3D3D3D3D3D3D3D3D3D3D3D3D3D3D3D00
:1090A0003D3D3D3D3D3D3D3D3D3D3D3D3D0D0A0090
:1090B00020205B414453313239325D2050726F625F
:1090C000696E672063616E646964617465204353EF
:1090D0002070696E7320666F7220414453313239BB
:1090E000325220617420323530206B487A3A0D0AB2
:1090F0002020200020202D2D2D2D2D2D2D2D2D2D0E
:109100002D2D2D2D2D2D2D2D2D2D2D2D2D2D2D2D8F
:109110002D2D2D2D2D2D2D2D2D2D2D2D2D2D2D2D7F
:109120002D2D2D2D2D2D2D2D2D2D2D2D2D2D2D2D6F
:109130002D2D2D0D0A003D3D3D3D3D3D3D3D3D3D2F
:109140003D3D3D3D3D3D3D3D3D3D3D3D3D3D3D3D4F
:109150003D3D3D3D3D3D3D3D3D3D3D3D3D3D3D3D3F
:109160003D3D3D3D3D3D3D3D3D3D3D3D3D3D3D3D2F
:109170003D3D3D3D3D0D0A000000004017FF000051
:10918000000000000400FFFF0800000010000000C5
:109190004018002030180020401A0020301A00200B
:1091A0000A000000090000000C0000000B00000095
:1091B00009080AFF0A00000020205B4144533132B5
:1091C00039325D204353207363616E20636F6D708D
:1091D0006C6574656420286E6F20726573706F6EA5
:1091E0007365292E2044656661756C74696E67200D
:1091F000746F2044494F20000D0A3E3E3E205B50D4
:1092000043414C3634303841205357345D20526549
:109210002D63616C6962726174696E6720414458A4
:109220004C333632205A65726F2D47205461726577
:109230002E2E2E0D0A00202055493A204348343561
:10924000354820372D536567202B204C454473202B
:109250007C205043414C363430384120362D427505
:1092600074746F6E20457870616E6465720D0A00CB
:109270002020536D61727442414E204D756C7469AB
:109280002D4D6F64616C2053656E736F7220417257
:10929000726179202D204272696E672D55702046CB
:1092A00069726D776172650D0A00202020202020F0
:1092B0002D2D3E2043616C6962726174696F6E206E
:1092C0003A205A65726F2D472054617265204163C0
:1092D0007469766520284F6666736574733A205802
:1092E000303D00205B5741524E494E47202D204EC5
:1092F0006F7420526573706F6E64696E67202F20E3
:10930000436865636B20535049204D6F646520317D
:109310005D0D0A00205B4F4E4C494E45202D2032FA
:109320002E34325620496E7465726E616C2052651F
:1093300066204163746976652C20353030205350A7
:10934000535D0D0A0020202A205B4D4158333236F0
:10935000363443205050475D2020203A2048756223
:1093600020426F6F746C6F6164657220284D6F646A
:10937000653D3078005B4D554C54492D4D4F44416F
:109380004C2053454E534F522041525241595D207B
:1093900054656C656D657472792053616D706C6590
:1093A00020230020202A205B4144584C33363220B1
:1093B000494D555D20202020203A204F46464C49FB
:1093C0004E452028446576696365204944203078FD
:1093D000005B5741524E494E47202D204578706121
:1093E0006E646572204E6F742044657465637465A5
:1093F00064206F6E20307832305D0D0A005B41438F
:109400004B204F4B202D20362D427574746F6E20EB
:10941000457870616E64657220496E697469616C2B
:10942000697A65645D0D0A00205B424D453639302E
:109430002056616C6964617465642043616C696283
:10944000726174696F6E204C6F616465645D0D0AB2
:1094500000205B424D453638302056616C696461AE
:109460007465642043616C6962726174696F6E2017
:109470004C6F616465645D0D0A0020202A205B4DFD
:109480004C5839303633322049522054656D705D66
:109490003A205461726765742F536B696E203D20CA
:1094A00000205B4F4E4C494E45202D205665726979
:1094B00066696564204144584C333632207C204D27
:1094C000454D533D307800000000000000000000D2
:1094D000000000000000000000000000010000008B
:1094E00000C20100030000000000000020202A202C
:1094F0004D4C583930363332204649522054656D30
:109500007020203A2056657273696F6E20307800A3
:10951000205B41434B204F4B202D205665726966DE
:109520006965642056697368617920436869705D74
:109530000D0A002020202020202D2D3E20436F6E7C
:109540006669672052656773203A2046696C7465C6
:10955000723D3078002020202020202D2D3E2044F8
:1095600075616C2050686F746F64696F64653A2030
:10957000414C53203D20003E3E3E20546172652008
:1095800043616C6962726174656421204F66667321
:109590006574733A2058303D002020202020202D73
:1095A0002D3E20546865726D616C20526164203AD2
:1095B0002044656C7461203D2000205B5741524E71
:1095C000494E47202D204465766963652049442033
:1095D000213D20307841445D0D0A00205B41434B22
:1095E000204F4B202D2043616C6962726174696F5A
:1095F0006E204C6F616465645D0D0A0020202020A0
:1096000020202D2D3E204F7269656E746174696F44
:109610006E203A205069746368203D20006D670019
:1096200000000000FFFFFFFF00000000000000003E
:1096300040420F0008000000000000000000000091
:10964000DB0F493FDB0F49BFE4CB1640E4CB16C02C
:109650000000000000000080DB0F4940DB0F49C024
:109660003863ED3EDA0F493F5E987B3FDA0FC93F22
:109670006937AC3168212233B40F14336821A23327
:1096800028464152202F20454E544552494E4720EE
:1096900052414E4745207E31352D3230636D2900D1
:1096A00020205B414453313239325D204C4F434BD3
:1096B00045442043532050494E3A2044494F20000E
:1096C0002020202020202D2D3E20526573706972AD
:1096D0006174696F6E203A20434F322D65713D00F1
:1096E00020202A205B554920446973706C617920E1
:1096F00026204E61765D3A204D6F64652023002060
:10970000202A2041445331323932522045434720E8
:109710004146452020203A2049443D307800202011
:109720002A205B424D4536383020476173204D4F2B
:10973000585D20203A20525F6761733D0020202051
:109740002020202020202020202020202020202019
:1097500020202020207C617C203D200020202A2009
:109760005B4144533132393252204543475D20201A
:1097700020203A2049443D307800205B5741524E2A
:10978000494E47202D20436865636B2049324320B2
:109790002F2049445D0D0A0020202A20424D4536E5
:1097A00039302043616C6962726174696F6E203A6E
:1097B0002074313D0020202A205B4144584C333630
:1097C0003220494D555D20202020203A2058203D50
:1097D0002000205B524441544143204445544543BA
:1097E00054454421205374617475733D30780020D2
:1097F0002020202020202020202020202020202069
:10980000202020202020205A203D20002020202021
:109810002020202020202020202020202020202048
:109820002020202059203D200020202A20424D4584
:109830003638302043616C6962726174696F6E20E2
:109840003A2074313D00207C20556C7472612D4C9F
:109850006F77204E6F697365204163746976655D2B
:109860000D0A002020202020202D2D3E205265674B
:109870002044756D70205B302E2E355D3A2000201F
:10988000202A204144584C33363220416363656CB2
:109890002049442020203A2030780020202A2056D9
:1098A000434E4C3430343020485720494420202047
:1098B00020203A2030780053544154494F4E4152B1
:1098C00059202841742052657374202F20312E3086
:1098D000472900205B5741524E494E47202D204ECC
:1098E0006F742044657465637465645D0D0A0020BF
:1098F000213D2030784144207C20436F6D6D20490C
:109900006E616374697665290D0A0020636F756E58
:109910007473207C20576869746520537065637484
:1099200072756D203D200020202A205B424D453677
:10993000383020436C696D6174655D20203A205495
:109940003D002020202020202D2D3E2044796E61D6
:109950006D6963204A69747465723A2000777C39B6
:109960005E79713D76061E003800545C7300506DC0
:10997000783E0000006E00285645525920434C4F57
:109980005345202F20544F554348203C33636D29C5
:1099900000534944455741595320284C616E647324
:1099A000636170652054696C74290020202A20505E
:1099B00043414C363430384120427574746F6E73B5
:1099C00020203A2000464C415420285461626C65A6
:1099D000746F70202F20466163652D557029002813
:1099E000434C4F53452050524F58494D49545920EC
:1099F0007E332D38636D290047454E544C45204D2C
:109A00004F54494F4E202F204D4F56454D454E54F3
:109A1000002020202020202D2D3E20416C74204548
:109A2000737420202020203A200020202020202095
:109A30002D2D3E2049415120496E6465782020201B
:109A40003A200020202A205B4F50543430343120FB
:109A50004C696768745D2020203A200056455254B6
:109A60004943414C2028506F7274726169742054CC
:109A7000696C74290020202A205B56434E4C3430F8
:109A800034302050726F785D2020203A2000206B07
:109A90004F686D2028333230204320486F74706C3B
:109AA000617465290D0A001EB1680000F1530000C1
:109AB000C78B00002D3A0000653000009563000060
:109AC000038000C0038000D5038000CC038000DD4C
:109AD0000380000C0380005D0000803F0000C03F59
:109AE00000000000DCCFD1350000000000C0153FB1
:109AF0000000000002000000010000000300000060
:109B000010000000200000000020004011000000B4
:109B1000FFFFFFFF0000000006050D040E0000001F
:109B20007445505072534875644C7578507278493A
:109B300072744543475050475649474F524F55530B
:109B4000204D4F54494F4E202F205348414B450044
:109B5000206D672F732064656C7461207C205374C2
:109B6000617465203D205B00206465672043207C94
:109B70002053656E736F7220446965203D20002874
:109B8000434C454152202F2049444C45203E323021
:109B9000636D2900494E564552544544202846617C
:109BA00063652D446F776E29005D20000000000082
:109BB000D1540000C5860000010101000000000032
:109BC000205B464F554E44204144533132393221B7
:109BD0005D0D0A00284D49442052414E4745207EE4
:109BE000382D3135636D290020646567207C205055
:109BF0006F7374757265203D205B003031323334F1
:109C0000353637383941424344454600180900206B
:109C100058040020D4040020FFFFFFFF00000000D4
:109C20000000000000000000000000000000000034
:109C300000000000FFFFFFFF000000000D0A2020D1
:109C400020202D2D3E2044494F20002064656720B0
:109C50007C20526F6C6C203D2000207C204275746B
:109C6000746F6E733D307800206D67207C205261E8
:109C7000773A20583D00207C20526567302E2E33E5
:109C80003A2000535049204D6F646520310D0A0081
:109C9000207C205374617475733D3078002070709F
:109CA0006D207C2062564F433D00535049204D6F3C
:109CB000646520300D0A00207C20546172653A20D2
:109CC00058303D0029207C2053616D706C65733DD8
:109CD00000205B5357352D52455345545D000B14FE
:109CE000000000000000000000000000A89A000032
:109CF000B002002078910000000000000000000089
:109D00000A000000205B5357362D4D4F44455D003F
:109D10005D207C204C4544733D307800206D2061EF
:109D20002E732E6C2E0D0A00205B5357312D4543A8
:109D3000475D00204C757820284578703D0020252F
:109D4000207248207C20503D00207C205374617498
:109D50003D307800205B5357332D5050475D002035
:109D60007C20506172743D30780020755620285256
:109D700061773A20003F065B4F666D7D077F6F205D
:109D8000636F756E74730D0A00205B5357342D4258
:109D9000545D0020284D6F646520312900564552DE
:109DA0005920504F4F52003A207278203D20307891
:109DB0000048415A4152444F55530020284D6F648A
:109DC0006520302900455843454C4C454E540020F1
:109DD0007C205077723D307800205B5357322D49FC
:109DE000525D00206D2F7332207C20004D4F444582
:109DF0005241544500206D672C205A303D002920E7
:109E00007C204348323D002064656720430D0A00F2
:109E1000206D672C2059303D00207C20445244594D
:109E20003D00000870010020089B00000000002099
:109E30007C8F0000900500208C9E00000102000332
:109E40000200010301020408030C050A207C2043E0
:109E500048313D00205B49646C655D0020636F758F
:109E60006E7473002043207C20483D002C204D61FF
:109E70006E743D00207573696E672000206D670D5C
:109E80000A0D0A000100000000000000000002406E
:109E90000929FF006D672059303D00206D67290DAD
:109EA0000A002070706D0D0A0054494C544544005E
:109EB000206850610D0A006D67205A303D002C204B
:109EC00070313D002C2074323D002C2070353D0057
:109ED0002C2070323D0000060286820008101820F7
:109EE000504F4F5200474F4F44002067202800003A
:109EF00001020304002040602C633D005D0D0A0058
:109F00003A723D00290D0A0020307800205B4400A1
:109F1000205A3D0020593D000D0A0030300030002D
:0F9F20002B002E005D002D002300200001010109
:089F3000000000000000000029
:109F380000E500000FA1020100BF0514BF024B8D10
:109F4800003F00215800004F007016BFCE01AD0E33
:109F580024C2C8411A8F780B2DEF4FFFBC00000FA9
:109F68003102600000003220FF00200104002002BE
:109F7800403C00340175600020000170003104018C
:109F8800F201770000F901F9047104B5033F06AC4A
:109F980006B13C3F76DD8644DF040A46468000462B
:109FA800E6FFF000156A0000338A0000A58900006A
:109FB8000200000010000000020000001000000075
:109FC8000200000010000000020000001000000065
:109FD8000200000010000000020000001000000055
:109FE80002000000D0050000389F0000D0050020C6
:109FF800B89F0000301A0020C09F000030180020D1
:10A00800C89F0000401A0020D09F00004018002080
:10A01800D89F000050180020E09F00006018002022
:08A02800E89F00000000002089
:020000025000AC
:107FA80000008001100080FFFDFF5800FFFFBBF3B9
:107FB800FFFFFFFFFFFFFFFFFFFFFFFFFFFFFFFFC9
:107FC800FFFFFFFFFFFFFFFFFFFFFFFFFFFFFFFFB9
:107FD800FFFFFF00FFFFFFFF00FFFFFF00C5C5FF1A
:107FE800000000FF00000000FFFFFFFFFFFFFFFF92
:087FF800FFFFFFFFFFFFFFFF89
:00000001FF
