:10000000003801201DF70000B1FF0000B1FF000023
:10001000B1FF0000B1FF0000B1FF0000B1FF000020
:10002000B1FF0000B1FF0000B1FF0000B1FF000010
:0C003000B1FF0000B1FF0000F1890000EA
:10004000F0B00FF041FE239068A8DFF8CCBEDFF8D7
:10005000CCAEDFEDB78ADFF8C86E811D0A30139091
:10006000DFF8C00E1491483015904AAC0020229061
:10007000249000200DF29F1101228DF89F016690BF
:10008000DBF8180066AB10F0F7F9083003D1DBF8A5
:1000900018000FF0A5F86698002800F0EC819DF894
:1000A0009F01229A0D2802D00A2840F08E80002A53
:1000B00000F0DF81002068AC012AA05400F08F809E
:1000C000DFF8641E11F040F9002800F0CF80DFF85F
:1000D0005C1E11F039F9002800F0D280DFF8501EC4
:1000E00011F032F9002800F0DE80DFF8481E11F030
:1000F0002BF9002800F01E81DFF83C1E11F024F9D6
:10010000002800F00881DFF8D41E11F01DF9002846
:1001100000F00181DFF8D01E11F016F9002800F080
:10012000B086DFF8CC1E11F00FF9002800F0A98688
:10013000DFF8C01E11F008F9002800F02B87DFF867
:10014000B81E11F001F9DFF8D86D002800F02887FB
:10015000DFF8A81E11F0F8F8002800F02787DFF874
:10016000A01E11F0F1F8002800F03487DFF8941E8B
:10017000204605220FF0F4FE002800F01C87DFF86F
:10018000881E204605220FF0EBFE002800F01387A2
:10019000DFF8781E204609220FF0E2FE40B1DFF8BA
:1001A000701E204609220FF0DBFE002840F09E80E2
:1001B00022980B2832BF002013980EF019FB012162
:1001C0004AAC8BF80C1000F001BF41B21AB31E2AE2
:1001D00000F2518168A88154013222924BE19DF8CE
:1001E000A001A0F13101032952D944284AAC00F002
:1001F0002081572800F01A815A2808D0642800F07E
:100200001881772800F012817A2840F0328101208D
:100210008BF80B0010E100290FD4A0F13102032A62
:1002200066D9632800F00D81432800F00A81522826
:1002300000F08486229A4228CCD12320ABF8140007
:100240009BF80500002840F014819BF80000002175
:100250002291062840F00F81734610F0C9FC9E469B
:1002600028BF084601210BF077FA04E100200021A5
:100270002290DFF8440E8BF80D100FF025FF55E0AB
:1002800001208BF80D00DFF82C0E0FF01DFF2DE084
:100290004AACDFE801F002E7DBE1012008F07CFE78
:1002A000DFF8280EE3E0DFF8F80DDFF8804DA04717
:1002B00010F014FF0DF062FCDFF8E80DA0479BF88A
:1002C0000D00DFF8E41D0128DFF8E00D08BF084647
:1002D000A0472AA810F0BEFCDFF8D40DA0479DF877
:1002E000A8000DF04BFCDFF8980DA04700201CE0A3
:1002F000DFE812F00400420606063706012008F087
:100300004BFE11F012F810F057FF10F067FCDFF809
:10031000BC0D00F03BBE402007F0EEFADFF8380DD0
:100320000FF0D2FE0020DFF8A86D22904AACA2E0C8
:1003300000007A44DFF8240DDFF8F04CA047DFF826
:10034000200DA04710F0D0FEDFF81C9D0028DFF83C
:10035000148D484618BF4046A047DFF8100DA0474F
:1003600010F0B6FE0021DFF8088D8DF82A1110F08C
:100370001FFD8DF829118DF828014AAE3046A0479F
:10038000DFF8F00CA04710F091FEDFF8EC5CA84716
:10039000DFF8E80CA047172010F0EEFBA847DFF8C5
:1003A000E07C3846A047DFF8DC0C2AA910F0B4F94D
:1003B000DFF8D40CA0472A98A847DFF8D00CA04754
:1003C0002B98A847DFF8C80CA0472C98A8473846B8
:1003D000A047DFF8C00CA04710F092FE0028484666
:1003E000DFF8805C18BF2846A047DFF8AC0CA047B8
:1003F0009BF803000028484618BF2846A047DFF8AE
:100400009C0CA04710F076FE002122918DF88211FD
:1004100010F0CEFC8DF881118DF8800160A8A04706
:100420003846A0473446DFF8A86C24E0DFF88C0C8F
:100430001DE001208BF80C0000202290CBF8240056
:1004400019E00CF063F9DFF8900C10E0032008F0DD
:10045000A3FDDFF8700C0AE0042008F09DFDDFF832
:10046000600C04E0022008F097FDDFF85C0C0FF050
:100470002BFE0020229024984FF47A78002700F178
:100480001009102F00F08E80DFF8F80B60A90DF036
:1004900017FC002800F089809BF80200C00749D0B3
:1004A000002240F2EE218BF80220D6F8B0019AF833
:1004B0004350884228BF1546BBF8140068B9232072
:1004C000ABF814009BF8050038B99BF8000006282B
:1004D00003D1284601210BF03FF9DBF8180048B39F
:1004E0009BF80D00012825D125B39AF84860BAF889
:1004F0004000BAF844C0BAF846300622BBF8621091
:10050000B40602EAE4748DE81300DFF8D02B402132
:100510004AACCDE903C305962AAE2B4630460DF012
:1005200013FF012804DB02460020314610F064FD71
:10053000DFF89C6BBBF81400A0B1BBF814000138C5
:10054000ABF81400BBF8140060B99BF8050048B97B
:100550009BF80000062805D110F04AFB28BF08468A
:100560000BF0FAF8DBF818009BF80D10012915D1F3
:10057000A0B1DDE962019DF88421609B8DE8070050
:100580002AADDFF85C2B382128460DF0DDFE01286E
:1005900004DB02460020294610F02EFD01374FF003
:1005A000C8086EE7CDF8909002E024983844249073
:1005B0009BF80400C0077AD09BF80D00012876D183
:1005C000DDF854A0504610F08DFE00208BF804009A
:1005D000DFF8000B90F8705090ED198A90ED1A9AA0
:1005E000B0F95C70B0F95A40B0F958605046DFF885
:1005F000E4AA0FF011F8DFF8F00ADFF8309AC847E4
:1006000000EE106ADFF8E46A10F0EAFDDFF8E00AB5
:10061000C84700EE104A10F0E3FDDFF8D80AC847DB
:1006200000EE107A10F0DCFDDFF8CC0AC847DFF8E6
:10063000004AB0EE480AA047DFF8C00AC847B0EE4B
:10064000490AA047DFF8B80AC847DFF82C6AC5F3A3
:100650008010B047DFF8AC0AC847DFF8AC7A386ED4
:10066000B047DFF8A80AC84797ED190AA047DFF896
:10067000A00AC84797ED1C0ADFF8984AA047DFF8A0
:10068000980AC84797ED1E0AA047DFF8900AC847A6
:1006900097ED1F0AA047DFF8880A4AACC84797F8C9
:1006A0005000B047DFF8AC09DFF8246AC8470FF004
:1006B0000BFB0746239841F28831381A8842C0F074
:1006C000E28000208DF828018DF868018DF89800EF
:1006D0005AA9204626AA0BF0B9FB00286AD09DF83B
:1006E0006801810727D59BF80000DFF8382A013020
:1006F00000F0070000EB40018BF80000505C0A445A
:10070000517892780EF0B8F89BF80000DFF8181ACC
:10071000085C10F081F910F0E0FBDFF8100A0FF030
:10072000D3FC9BF800000DF029FADFF8040A0FF063
:10073000CBFC9DF86801C1071ED010F0CFFC461C11
:10074000032888BF0126F0B208F026FC452043218B
:1007500047220EF091F810F0C0FBDFF8D8090FF037
:10076000B3FC3046DFF868690DF008FADFF8C0091D
:100770000FF0AAFC9DF8680141070BD501208BF80A
:100780000B000020CBF82400DFF8AC090FF09CFC34
:100790009DF8680180060DD5402007F0ADF8432094
:1007A00041214C220EF068F810F097FBDFF88C091D
:1007B0000FF08AFC9BF8050001280CD19BF80E0075
:1007C00020B101388BF80E00000604D100208BF810
:1007D000050007F083FC9BF80F00411CC0078BF855
:1007E0000F104FD010F06EFC00284BD0BAF840200C
:1007F0009BF82830D6F8B0119BF862409AF8430075
:10080000ADF8AA20DAF844208DF8B03040F2EE239B
:100810008DF8B14099424FF000012B929BF80620D1
:100820004AAC28BF0846DFF8E0188DF8A80091F818
:100830004C00002A8DF8B30091F85000DFF8A4189E
:100840008DF8B400084608BF0BF1200090ED000AB7
:100850009AF84800BDEEC00AC0F3C0008DF8B5009C
:1008600010EE100A8DF8B20091F825008DF8B60050
:1008700091F82600002818BF01208DF8B7002AA89B
:1008800009F090F923979BF80A00C00700F0308226
:10089000DFF8AC58284610F025FD00208BF80A0040
:1008A000DFF840089BED07AA9BED089A9BF80670BD
:1008B0009BF807609BF8089090ED008A90ED01EAA4
:1008C00090ED02FA90ED03DA90ED04CA90ED05BACE
:1008D000BBF8120020909BF80900219028460EF0EA
:1008E0009BFE9BF80D00012840F09881DFF88C08F2
:1008F0000FF0EAFBCDE91E973FB3DFF88408DFF87D
:100900002C47A047DFF80C98B0EE480AC847DFF83C
:100910007408A047B0EE4F0AC847DFF86C08A0473C
:10092000B0EE4E0AC847DFF86408A047B0EE4D0AA3
:10093000C847DFF85C08A047B0EE4C0AC847DFF8AC
:100940005408A047B0EE4B0AC8473EB1DFF828086C
:100950000FF0BAFBB0EE4A0A0BF082FCDFF8380861
:100960000FF0B2FB20980DF009F9219838B1DFF8AB
:100970002C080FF0A9FBB0EE490A0BF071FCDFF870
:100980002008DFF8A866B04710F0A8FBDFF8E8966B
:10099000C847DFF83C079AF84350D0F8B041DFF879
:1009A0000408B04740F2EE2084424FF0000028BF18
:1009B00005462846C847DFF8F007B047BBF8620095
:1009C000C8475AA810F046F9DFF8E007B04730AC46
:1009D00094ED2B0A0BF044FCDFF8D407B04794EDFC
:1009E0002C0A0BF03DFCDFF8CC07B04794ED2D0A44
:1009F000DFF83C76B847DFF8C007B04794ED2E0A21
:100A0000B847DFF8B807B04794ED2F0AB847DFF8CA
:100A1000B007B0479DF86801C847DFF83806B0470F
:100A2000DBF81800002800F0F6809AF84840BAF881
:100A30004000BAF84420BAF846702B460625BBF8A9
:100A40006210A606CDE903270594DFF8902605EA93
:100A5000E6768DE843004AAC4021219320460DF014
:100A600073FC012808DB0246002021462A90DBF8AF
:100A700018002AAB10F046FADFF868661E9D306A4F
:100A800006F1200710B938460EF01AFC05F00100F7
:100A9000DFF8742696F826400AF138010BF1280396
:100AA0000090384608F08CFC6CB196F8260050B9DE
:100AB0009AF84800000706D462208BF82A004FF409
:100AC0009C40ABF8280096F8250096F824509BF837
:100AD000297020909BF82A001E90DBF830001D90B2
:100AE000B06A1C90F06A1B90306B1A90706B199072
:100AF000B06B0EF055FCCDE91710F06B0EF050FC0A
:100B00001690306C8A460EF04BFC0446706C894699
:100B10000EF046FC41EC100B169849EC114B336A71
:100B2000002FDFF8A0264AEC120BDDE917108DED3F
:100B30000E1B8DED100B41EC130B19988DED0C2B4A
:100B40008DED0A3B089008BF4E2720980095802124
:100B5000CDE901071E9803901D9804901C980590FC
:100B60001B9806901A9807902AAC20460DF0ECFBD3
:100B7000219D012808DB0246002021462690DBF853
:100B8000180026AB10F0BEF910F09CFADFF844A56F
:100B90001F9A00283FD0BAF840009BF862108DF8E9
:100BA0009850002AADF89A00BAF844008DF8A110C8
:100BB000DFF85415ADF89C00BAF84600ADF89E0079
:100BC0009BF828008DF8A00091F84C0091F8501087
:100BD0008DF8A3009AF848008DF8A410DFF80415EA
:100BE000C0F3C0008DF8A50018BFB0EE489ABDEE66
:100BF000C90A10EE100A8DF8A20091F8250091F8AC
:100C000026108DF8A600002918BF01218DF8A71025
:100C100026A808F0C7FFDFF8B86468E09BF80D006D
:100C2000DFF8AC64002863D12AAC204610F03AF813
:100C3000DFF80C55DFF8E4233146234605F12C009C
:100C40000090DFF8000504F03BFCDFF8FC04DFF85F
:100C5000DC43A04795F83200DFF81C64B047DFF8AA
:100C6000EC04A047A88EB047DFF8E404A047E88E64
:100C7000B047DFF8E004A047288FB047DFF8D8047A
:100C8000A04795F83A00B047DFF8D004A04795F8A0
:100C90003B10DFF8D004DFF8C824012908BF104654
:100CA0000029DFF8C41408BF0846A047DFF8BC04D9
:100CB000A04795F84400B047DFF8B404A047484681
:100CC000B047DFF8B004DFF80864A047002F18BF72
:100CD000B0EE489AB0EE490A0CF094F8DFF89804A8
:100CE000A047B0EE4A0A0CF08DF8DA48A0474AACAB
:100CF0009BF80B0020B99BF80C00C00700F0B680F1
:100D00009BF80C000021DBF824908BF80B108BF87B
:100D10000C100121C0078BF801101AD0DFF8B404C1
:100D2000C24CA04748460CF029FFDFF8A004A047BA
:100D3000DFF8A404A0476420452150220DF09CFD5B
:100D4000AA480EF0EDFF0EF0B5F848460EF076F822
:100D500019E0DFF87404B54CA04748460CF00EFFCC
:100D6000DFF86804A047DFF86804A04753204C214F
:100D700050220DF081FD9D480EF0D2FF0EF09AF842
:100D800048460FF04BFC964826AE2AAD0EF0C8FF41
:100D90000024202000218DF868415AAA0DF04AFD58
:100DA0008DF8984027462A944AACDBF81800314663
:100DB00001222B460FF060FB10B92A980028F4D1CD
:100DC000884809FB00F60EF07FFF8246B9F1000F5C
:100DD00005D00EF079FFA0EB0A00B04226D21D200C
:100DE0000FF0CAFE68B9FF20002122468DF82801C5
:100DF00020200DF01FFD20B19DF82801C043800682
:100E000014D100200DF19701012223468DF897009F
:100E100007464A90DBF818000FF02EFB08B94A98F5
:100E200020B94CF250300EF07BFFCFE70EF024F8E3
:100E300009F04CFC0CF0BAF809F038FE752050218E
:100E400020220DF019FD9BF80000B749085C0FF057
:100E5000E3FD10F042F8E1488BF801700FF034F92F
:100E6000DF480FF031F9DFF86CA2994E85480FF09A
:100E7000EBFD00283FF4FDA840460EF051FFFFF7C0
:100E8000F8B82AA803F0ACFD00283FF44BAA664846
:100E9000664DA84730AC664E94ED000A10F057FA44
:100EA0006448A84794ED010A10F051FA6248A84737
:100EB00094ED020A10F04BFA9DF8CF005F4900282C
:100EC0005F4818BF0846A8475E48A84794ED000A47
:100ED00010F03DFA5C48A84794ED010A10F037FA8B
:100EE0005A48A84794ED020A10F031FA5848A8472A
:100EF0009DF8CF000CF042FE5648A847FFF712BA03
:100F0000032008F049F810F010FA10F055F90FF02E
:100F100065FE6C483AE000BF9004002068020020A3
:100F200018B70020DC0200207730010011320100E8
:100F300020330100AB330100B03301000020002159
:100F40002290ABF810109BF8050000287FF493AABC
:100F50009BF8000006287FF48CAA00202290FFF75F
:100F600082B9042008F018F810F0DFF910F024F925
:100F70000FF034FE524809E0022008F00DF810F09E
:100F8000D4F910F019F90FF029FE4F480FF09CF832
:100F9000FFF771BA21480EF03AFA2248FFF7C0B9BC
:100FA0001E480FF0AAFB1E48FFF76FB90DF0B2FD07
:100FB0001948FFF76AB92298072832BF0020149811
:100FC0000DF016FC4AAC01218BF80B10CBF8240075
:100FD000FFF74FBA0F48FFF758B900BFFF310100C4
:100FE00090D00300A0860100853001003057050035
:100FF000A53101008731010072310100EB310100A0
:10100000A13301008C33010074330100AF310100C2
:10101000CD310100292D0100B5280100509A002092
:10102000FE2D0100372B01000D2B0100C90001002E
:1010300005CE0000433301003C330100D72B0100F3
:10104000172E0100C02E0100663301002E3301006F
:101050001A320100D0330100A9240100932F0100AE
:101060002F300100C8330100452D0100F832010086
:10107000ED2F0100473201007DDB0000DC30010074
:10108000E033010034A80020D72E0100D731010041
:101090003B3101003E3001006B320100F4300100B1
:1010A000E22A01005B300100C43301000832010074
:1010B00000310100312A01008A2A0100CC2D0100F3
:1010C0007E2D0100642D0100982D0100B22D01003C
:1010D00018B7002068020020892B0100E52D0100CF
:1010E000A62F0100DC020020582F0100D5BE000011
:1010F0006D3301004A330100B93101006232010051
:10110000D83201009B310100F0C00020F032010014
:101110002332010061C20000513301005833010045
:1011200059320100902E0100B0320100E827010081
:10113000D8330100EE2E010048290100042F0100E0
:1011400024060020A0C30020442F01005F330100CB
:10115000F531010050320100C3310100923001002D
:10116000353301000833010091310100E131010004
:10117000E830010035320100003301006930010020
:10118000863301007A33010080330100C832010048
:10119000C0320100B83201002C320100D03201000F
:1011A00074320100E8320100E03201005C310100DC
:1011B0005131010030310100D030010067310100B0
:1011C0004631010063260100B12B0100CC33010040
:1011D0005A2301001C2801002324010016230100CA
:1011E000B92F01000A2070472DE9F84F2DED048B2F
:1011F00096B00025002800F0C4840646DFF8000AF7
:101200000078002800F0BD84DFF8F84976207121CD
:101210000022A047762072210122A0477620742167
:101220005522A04746F2A8100EF07AFD11AC11210C
:1012300020460FF080FD76201D21224611230EF05E
:1012400007F8002800F09C849DF84A109DF849009A
:10125000090141EA00309DF84B1040EA11104103AA
:1012600002D1002500F08CBC9DF847209DF8461067
:101270009DF84830120142EA013141EA1311099107
:101280009DF852100D919DF851100691BDF84C102B
:1012900009BA090C0C910FF011FA9FEDB30B0F96E0
:1012A00081468B4653EC102B0E92109310F08DF864
:1012B0000446DFF84C090F46808A0FF0FFF99FEDD6
:1012C000AC0B05460E460FF0D9FF02460B462046F2
:1012D000394605F09AFA0446DFF824090F46B0F9BA
:1012E00016000EF029FC02460B462046394610F047
:1012F0006CF89FEDA10B80468A464846594653EC50
:10130000102BCDE9072310F060F89FED9D0B0446EC
:101310000F46284631460FF0B1FF02460B463946CC
:101320002046DFF8DC7805F070FA02460B4610F034
:101330004CF8044697F9020010F00CF89FED920B60
:1013400053EC102BCDE90A2310F03FF80FF05CFFAF
:1013500010F03BF802460B464046514605F055FA60
:101360009FED8B0B04460D4653EC102B10F02BF821
:10137000824688460BF0CAFB0F9905900860787882
:10138000012840F06181B7F91A000490B7F92000F4
:101390000EF0D2FB9FED800B55EC107B3A460FF020
:1013A000BBFF0446DFF858080E4690F907000EF020
:1013B000C3FB3A460FF0B0FF0FF07CFF22460FF060
:1013C000B1FF834609980D4600010FF077F90246F8
:1013D0000B460446099089460FF0F7FF5A462B4604
:1013E00006460F460FF0F1FF05468B46304639465C
:1013F00022464B460FF0E9FF0646DFF804080F4689
:1014000090F908000EF098FB9FED650B0FF036FF8A
:1014100002460B46304639460FF0D7FF2A465B4658
:1014200005F0F3F9CDE9071004980EF085FB9FED68
:101430005E0B0FF023FF0FF0BBFD0446DFF8C00783
:101440000D46008B0FF03AF99FED590B0FF016FF88
:101450000FF028FF0446DFF8A8070D4690F90300B7
:101460000EF06AFB9FED540B0FF008FF0FF0A0FD8C
:101470000FF09EFD0FF0C8FE05F0C7F90546DFF836
:1014800080070F4690F904000EF056FB9FED4C0BC1
:101490000FF0F4FE0FF08CFD0FF08AFD0FF088FDC9
:1014A00002460B462846394605F0AFF9CDE9031050
:1014B000DFF84C07C08B0FF001F99FED430B0FF0E5
:1014C00062FE05F0A2F99FED420B0FF0D7FE0FF080
:1014D0006FFD0646DFF828070F46808B0FF0EEF809
:1014E0002A46234605F091F99FED3B0B0FF0C6FE0F
:1014F00002460B4639463046DFF8047705F085F999
:10150000054697F905000E460EF016FB9FED340BCD
:101510000FF0B4FE0FF04CFD0FF04AFD2A460FF01D
:1015200001FF834697F906000FF014FF9FED2E0B85
:101530000FF0A4FE0FF03CFD0FF03AFD0FF038FD68
:101540005A462B4605F061F9099A4B460FF03DFFCC
:1015500002460B46DDE9031005F057F902460B463B
:10156000DDE9071074E100BF000000000000103F3B
:1015700000000000000050BF000000000000E03E3E
:1015800000000000000020BF00000000000030400C
:10159000000000000000B440000000000000F03C2B
:1015A000000000000000E03B000000000000903F51
:1015B0000000000000002040000000000000703F1C
:1015C000000000000000003F000000000000D0C04C
:1015D000000000000000203E000000000000B03EBF
:1015E000000000000000F03D000000000000A03DF1
:1015F000000000000000E03F000000000040EFC0DD
:10160000000000000000C03E000000000000F03FAD
:101610000000000000000000000000000000D03FBB
:10162000000000000000F04000000000000030BF9B
:10163000000000000000304100000000006AB840D7
:10164000000000000000003E1FED170B2046294659
:101650000FF014FE1FED180B0FF01CFE054697F956
:1016600009008B460EF068FA0FF0BAFC0FF0B8FCD8
:101670000E9A109B0FF0A9FE0446B7F924000E46FF
:101680000EF05AFA2A465B460FF09FFE22460FF0F4
:1016900049FE1FED250B0FF0F1FD1FED370B53EC4D
:1016A000102BCDE903230FF090FE1FED290B0FF057
:1016B000F1FD0446788C0E460FF000F802460B460A
:1016C000204631460FF081FE1FED2F8B81460C46E0
:1016D00053EC182B0AF084FC002840F0BD80B7F9C9
:1016E00028000EF029FA0FF07BFC01940446DFF885
:1016F00010050F4690F90B000EF01EFADDE90723E6
:101700000FF063FE0646CDF808A0C246884628467C
:1017100059462A465B460FF058FE324643460FF0C4
:1017200054FE05460E462046394622463B4605F005
:101730006CF82A460FF0F6FD1FED490B0FF09EFDE9
:101740000446DFF8BC040D46B0F926000EF0F4F9AB
:101750001FED4D0B0FF092FD0FF0A4FD1FED4E0B92
:101760000FF08CFD044609980FF0D9FD1FED500BCA
:1017700002460B4651EC100B05F042F80FF092FDBB
:101780001FED530B0FF07AFD019B4A460FF01BFE35
:101790000646DFF86C048846B0F92C000EF0CCF950
:1017A0000FF024FC0FF022FC1FED5B0B0FF066FD29
:1017B0001FED7F0B83468946304641460FF05EFDA4
:1017C00002460B4604460D460FF0FFFD0FF01CFDD0
:1017D0000FF0FBFD0446DFF828040D46007B0EF0F9
:1017E0006DFFDDE907230FF0F0FD22460FF094FDB9
:1017F0000546DFF80C040F46B0F92A000EF09CF9FC
:10180000DDE903230FF0E1FD324643460FF0DDFD35
:101810005A464B4604F0F9FF3B462A46DFF8E07390
:1018200004F0F3FF044697F90A000FF093FD9FEDD3
:10183000DE0B0FF023FD0FF035FD9FEDDD0B0FF0FC
:101840001DFD0B464146D046DDF808A00246304655
:1018500004F0DBFF41EC180B9FEDD90B51EC180B9A
:1018600053EC102BCDE908320FF0ADFD0BF04EF923
:101870000F9E706097F90D000EF05EF99FEDC40B9E
:101880000FF0FCFC0FF094FB0446388E0FF047FD80
:10189000DDE90A230FF099FD0FF004FD04460C98D2
:1018A0000FF03DFD22462B4604F0AAFFB9460C90EE
:1018B0000F4699F90E000EF03FF9DDF838B0109B95
:1018C0005A460FF082FD0FF0F5FC9FEDB30B0FF0C1
:1018D000E1FC044699F90F000FF03CFD9FEDB60BBB
:1018E0000FF0CCFC0FF064FB0FF0E4FC0FF0DAFC1F
:1018F0000446B9F82E000FF012FD9FEDB30B0FF068
:10190000BDFC22460FF008FD02460C980B463946F6
:101910000FF05BFD044699F810000F460EF0CEFE66
:10192000109B5A460FF051FD834699F911000FF0B4
:1019300011FD9FEDA70B0FF0A1FC0FF0BBFC5A4669
:101940002B4604F062FF22463B460FF03EFD224646
:101950003B460FF03AFD22463B4604F056FF9FED12
:10196000900B83460F4655EC104B22462B460AF04F
:1019700044FB00281CBF2F46A346099C089D5846DF
:10198000394622462B460AF05FFB00281CBF2F4633
:10199000A346584639460BF0B9F8B0600D9908EEE9
:1019A000100A99ED0D9A880620D4BBEE0E1A059800
:1019B0009FED972AB7EE003A38EE011A01EE023A8F
:1019C00000EE100ABBEE051A30EE010A9FED911AE7
:1019D00000EE013A9FED900A29EE039AB4EE409A88
:1019E000F1EE10FA48BFB0EE409A4AE0069801F0D6
:1019F0000F084FEA911A8600814890F912000EF004
:101A00009BF89FED750B0FF039FC9FED750B0FF0F8
:101A100041FC02467C480B4600EBC8000FF0CEFAB2
:101A200004467A480D4622462B4600EBC8000FF0CC
:101A3000C5FA804606EB0A008946A0F500700EF054
:101A40007BF80FF0E1FB04F0E0FE02460B46404657
:101A500049460F9E0FF0B7FC9FED630B80468A4608
:101A60000FF091FB0AF0F0FA58B1404651462A4671
:101A700023460FF0A8FC0BF049F8614909EE100A63
:101A800048639FED5B0B5846394686ED039A0FF08D
:101A90007AFB0AF0CCFA58B19FED570B58463946FD
:101AA00053EC102B0AF0B6FA10B1B3EE090A17E0A6
:101AB000584639462A4623460AF09FFA40B19FED20
:101AC000580AB3EE091A38EE000A30EE010A07E0B0
:101AD0009FED520AB3EE091A38EE000A31EE400AC1
:101AE0009FED501A9FED502AB6EE083A89EE011A82
:101AF00021EE021A21EE031A9FED4C3AB4EE431A7E
:101B0000F1EE10FAC8BFB0EE431AB5EE401A9FEDE1
:101B1000483AF1EE10FAB5EE400A48BFB0EE431A6B
:101B2000F1EE10FA48BFB0EE430A31EE000AB1EE12
:101B3000041A32EE400A9FED412A20EE010A9FED81
:101B40003D1AB5EE400AF1EE10FA48BFB0EE430A76
:101B5000B4EE410A9FED3B3AF1EE10FAC8BFB0EE89
:101B6000410A9FED351A86ED040A012500EE012A8F
:101B70009FED331A00EE013A86ED062A86ED053A0E
:101B80003577284616B0BDEC048B01B0BDE8F08F68
:101B9000000000000000E03F000000000000F03FF7
:101BA0000000000000000000000000000000604095
:101BB000000000000000B03F000000000000B03E48
:101BC0000000000000005940000000000000D03E6E
:101BD000000000000000A03E0000000000001440D3
:101BE0000000000000F094400000000000408F4022
:101BF00000000000000043400000000000004540DD
:101C00006407002051F70000D8200100582101008E
:101C1000A69BC4BB6F1203BC0000FA44000028C29C
:101C2000000018C2000048420000C842000096426E
:101C3000000000000000FA430AD7233CCDCC4C3D05
:101C4000CDCC4C400000C8432DE9F04FADF5077DE9
:101C5000D0F8009006469B461546869148460FF000
:101C60005FF94FF0000A09EB00044FF0FF30002746
:101C7000CDF814A2A14580F0C580A04609F1010469
:101C80008DF810A28390CDE981AA14F8010C0028E8
:101C900000F0B880252805D029463460D8470134A3
:101CA0000137F2E73460859781AC3146204600F079
:101CB000AEF82046314686AA00F0CAF830680278AD
:101CC000411C7A2A2AD0682A44461CD06A2A09D0A4
:101CD0006C2A0FD0742A09D04C2A2CD1819840F05C
:101CE000800025E0819840F4006021E0819840F474
:101CF00000501DE00146819A11F8013F6C2B12D172
:101D000042F4807107E00146819A11F8013F682B87
:101D10000CD142F40071819102300BE0819844466D
:101D200040F4805004E042F0400001E042F0200026
:101D300081900846027800F10109732A8DF810227B
:101D4000C6F800901FD06E2A2AD1819843F66071A0
:101D50000840411E80EA01028A420ED990FAA0F0A2
:101D6000B0FA80F0411F082907D8F817DFE801F022
:101D700044050539400539050500869850F8041BCF
:101D80000F60869026E09DF8040240061AD4CDF834
:101D900000B081A886AA294685AB00F01CF919E09D
:101DA0000DF1060881A986AA404600F069F9909BCA
:101DB0000246404629469847411C18BF3844859042
:101DC000074608E0CDF800B081A886AA294685AB71
:101DD00000F09CF8859F781C4FF0FF307FF44AAFED
:101DE0000EE0869951F8042BC2E900708691F1E764
:101DF000869802C80F70C4E7869802C80F80C0E7B3
:101E00004FF0FF3738460DF5077DBDE8F08F10B570
:101E10000A680124E30708BF10BD1378302B0CD0EB
:101E2000232B0CD02B2B0CD02D2B04D00024202BBB
:101E3000F0D1042306E0012304E0102302E008238C
:101E400000E00223046801320A6023430360E0E7F4
:101E5000FEB50446086816460D4603782A2B11D1B4
:101E60003068011D31600068B0F1FF3F606005DC43
:101E700040426060206840F0010020602868471CF4
:101E80002F6017E000210DF10202303B4718092BAB
:101E900006D87B1C2B60435C53547B780131F4E7FC
:101EA000002050549DF8020020B10DF102000CF00A
:101EB0009FFC606038782E2827D1781C28607A78BB
:101EC0002A2A08D13068011D31600068A0602868A6
:101ED00001302860FEBD00200DF10201303A092AD0
:101EE00007D83A18931C2B60537892780B54013022
:101EF000F4E700220A549DF8020028B10DF1020017
:101F00000CF076FCA060FEBDA260FEBD2DE9FE4F88
:101F1000054610680C46011D116007680C9AD7B37E
:101F2000AE6898469146002E04D438460EF0B0FFB5
:101F3000864203D338460EF0ABFF0646D5F804A020
:101F4000B3460195B245C8BFD346D8F80000CDF8D6
:101F500008805844C8F800000FDD01980078C007D9
:101F60000BD1ABEB06054FF00008A84505DA2020A1
:101F70002146C84708F10108F7E7DDF80880002589
:101F8000B5420EDA57F82500B0F5807F19D2214608
:101F9000C8470135F4E70020214603B0BDE8F04F03
:101FA0001047B24515DD01980078C00711D0ABEBA2
:101FB00006050026AE420CDA20202146C84701362D
:101FC000F8E74FF0FF30C8F800000FF083F9582110
:101FD0000160BDE8FE8F2DE9F84F054610680C46FC
:101FE000011D116006680A9AC6B3AF689B46904609
:101FF000002F04D430460EF093FF874203D33046BF
:102000000EF08EFF0746D5F804A0B9460095BA45F4
:10201000C8BFD146DBF800004844CBF800000DDD16
:1020200000980078C00709D1A9EB070B00255D4592
:1020300004DA20202146C0470135F8E70025BD42DB
:1020400004DA705D2146C0470135F8E7BA4503DD83
:1020500000980078C00706D1BDE8F88F002021461F
:10206000BDE8F84F1047A9EB07050026AE42F3DAAA
:1020700020202146C0470136F8E700BF00BF00BF5F
:102080002DE9FE4F164600278B46D1F8048040F21A
:10209000FD112022044601970EF048FE04F5FE7063
:1020A00084F8FD7102909BF80C00A0F161011729E2
:1020B00029D80122BA4B8A401A4209D001A902AAA2
:1020C0005846334600F070F900274FF0000991E0C0
:1020D00012F0710F25D1022915D130680027011D9A
:1020E0003160006884F8FC01C0B2DBF80010B0FA7F
:1020F00080F04FEA501921F00201CBF8001004F2F1
:10210000FB11029176E0A0F14501032909D32528AE
:1021100000F08A80412804D05828CFD04FF0000921
:102120006AE03068073020F0070000F108013160F4
:1021300090ED000B9BF80C5056EC107BA5F17B0941
:10214000384631463A4633460DF0C4FB002840F08D
:102150000C8194499FED900B26F00040414053ECD8
:10216000102B394315D003F000414FF0000908440B
:1021700040EC107BF70FA5F14100062829D9A5F105
:102180006100062836D8DFE800F02A353535DCD77F
:10219000D2006E20314619F11A0F38BF4E2084F854
:1021A000FB014FF0660038BF462084F8FC014FF079
:1021B000690038BF492084F8FA0104F5FC700290E8
:1021C000384609F01AFF78B12D204FF00009042796
:1021D0000EE0DFE800F0040F0F0FB6B1AC0002A96B
:1021E000584603F021F870E72B204FF00009032731
:1021F00084F8F9019BF80C00A0F16F014FF0010A7F
:10220000092905D80AFA01F140F24322114221D1ED
:1022100058281FD06FB1012F1CD101200190DBF88D
:10222000000000F002000CE0252020800120BDE825
:10223000FE8FDBF80010019A01F00200002A00F086
:10224000858002992D22B0FA80F04FEA501A01F8E9
:10225000012902919BF8000004EB08072646C007FD
:10226000029809D104F2FD11DBF804202646091A70
:102270009142DCBF791A4E1C411C304600224FF4BB
:10228000FF7300250EF009F9B9F1000F02901CBF91
:1022900000F8015B0290B84207D8391A01382022B1
:1022A00001310EF043FD002038709BF80000C0069D
:1022B00005D4311B204620220EF038FD31E0A64225
:1022C0002FD0311B2046302230250EF02FFD0198F3
:1022D000B0FA80F0400900EA0A00012805D19BF815
:1022E0000000400701D4204605E03178204600F880
:1022F000011B06F8015B9BF80C1041290DD05829F1
:1023000005D0612909D0782901D0702909D19BF81D
:102310000020120701D4612903D171784170302067
:10232000707020460EF0FCFD4844BDE8FE8F02A907
:10233000584603F089FCC8E602A958460BF0A0FBFA
:10234000C3E602A9584605F027FABEE628B94807B1
:102350007FF580AF0298202103E002982B214FF0F7
:10236000000A00F80119029074E7612019F11A0FB0
:1023700038BF412084F8FB014FF000094FF06E0098
:1023800038BF4E2084F8FC0184F8FA01022704F2D9
:10239000F91002902EE700BF0000000000000000CE
:1023A00008C190000000F07FF8B50546806814462B
:1023B0000F46B0F1FF3F04DD286820F010002860D0
:1023C00001E00120A860287B1026582807D0782833
:1023D00005D0702803D06F2814BF0A260826284687
:1023E000194600F053F8AA684AB950EA010206D12A
:1023F0002878000749D52B7B0020002112E02B7B99
:10240000642B04D16423B1F1FF3F05DD0AE0692BA1
:1024100008D1002906D5692301223A6000224042F2
:1024200062EB01013246009400F0ACF83021AA685A
:10243000904205DA22680130531E23601170F6E7DE
:10244000287B582818BF782810D1297809070FD57C
:1024500021684A1E2260702808BF78200870206812
:10246000411E216030210170287B01E07028ECD0F2
:102470006F280AD12878000707D5206841783029CD
:1024800003D0411E216030210170F8BD10B5027BE0
:10249000702A2BD0006843F660731840431E80EA10
:1024A00003049C420DD990FAA0F0B0FA80F00538F0
:1024B000082806D8DFE800F04D050520390520057D
:1024C0000500A2F1640014280ED8012303FA00F0DD
:1024D0002B4B18420AD110F0210F05D00868021DBD
:1024E0000A600068C11710BD582A46D10868021D4D
:1024F0000A600068002110BDA2F16400142808D809
:10250000012303FA00F01E4B184204D110F0210FF2
:1025100001D1582A31D10868073020F0070000F1B6
:1025200008020A60D0E9000110BDA2F1640014287D
:1025300008D8012303FA00F0114B184204D110F01F
:10254000210FCBD1582A18D10868021D0A600078E3
:10255000D0E7A2F16400142808D8012303FA00F0A0
:10256000074B184204D110F0210FB7D1582A04D1DB
:102570000868021D0A600088BCE70020BAE700BFB7
:1025800000081200F8B505461148124E582B069F58
:10259000144608BF064655EA010011D13868421EAC
:1025A0003A60302202700BE02846224600F014F810
:1025B0003A68531E3B6000FB14530546F35C1370EE
:1025C00055EA0100F0D138680EF0AAFC0138F8BDD8
:1025D000CB2F0100DC2F0100102A06D0082A09D1D8
:1025E000C00840EA4170C9087047000940EA01701C
:1025F0000909704719B9B0FBF2F00021704780B5A6
:1026000000230EF077FB80BD2DE9F84F2DED068BF2
:10261000ADF5496D0026002800F0AC830F46002977
:1026200000F0A8839346002A00F0A48397ED038A64
:102630008146B5EE408AF1EE10FA1DD8B7F90610C2
:10264000B7F90400B7F9082001EE101A00EE100ADD
:10265000B8EEC11AB8EEC00A21EE011A00EE001A57
:1026600000EE102AB8EEC00A00EE001AB1EEC10A60
:102670009FEDB01A80EE018A386839462022039017
:10268000B9F8A40C09EB401024300EF0B1FEB9F8F3
:10269000A43C642009F61C585E1CB6FBF0F101FB5B
:1026A0001064B9F8A61CA9F8A44C63299CBF013199
:1026B000A9F8A61CB9F8A80C00F1010A09F61850EF
:1026C0000290D9F8180DA9F8A8AC48B999F83D2D91
:1026D00032B9D9F8542D1AB9DFF81428002515702D
:1026E00089B29FED950AB0EE481AB0EE482A0C293F
:1026F00028BF0C216422B6FBF2F54FF448667543FF
:1027000004F16306C5EB43138C4D4B4403F54B6357
:1027100021B3B6FBF2F4B0EE414AB0EE425A04FBEC
:10272000053494ED003AB4EE413AF1EE10FAB4EE0D
:10273000423AC8BFB0EE434AF1EE10FAB4EE403A66
:1027400048BFB0EE435AF1EE10FAC4BFB0EE452ACE
:10275000B0EE441A0139013E203BD9E731EE420A7E
:1027600098ED092A9FED763AB7EE001A0EF01FFD9C
:1027700001D5039C1DE09FED733A039C0EF017FDFD
:1027800017DCB6EE081AB4EE418AF1EE10FAC0F288
:10279000CD80B7EE041AB4EE418AF1EE10FA00F2E1
:1027A000C5809FED691A9FED693A28EE011A02EE85
:1027B000031A88ED091A9FED662AB4EE420AF1EE7B
:1027C00010FA02D59FED639A18E09FED633A38EE58
:1027D000411A9FED624A21EE039AB0EEC11A9FEDB5
:1027E0005D3AB4EE441AF1EE10FA48BFB0EE439AE7
:1027F00098ED0A1A9FED5A3A01EE039A0021B4EEC1
:10280000420A88ED0A9AF1EE10FA89F83C1D27DA9F
:10281000C8E90B11012089F8500DD9F8540D002892
:102820006CD0201AB0F5C86F09D9DFF8C4160020A3
:1028300089F83D0DC8F81000C8E90000087099F843
:10284000F20CE0B1D9F8FC0C40F6B831201A8842FD
:10285000C0F0B78148460DF050FFB9F8A8ACB0E120
:1028600099F8501D01294DD198ED0B0AB4EE409A0C
:10287000F1EE10FA40F3908088ED0B9ACDE799F8CD
:10288000F00C052800F21481DFE810F006001B01AF
:10289000140112013E015D019FED2F0A0EF0AAFC0A
:1028A00040F15D8199F8F30C013089F8F30C000ACE
:1028B00040F08781012009F54E63B7F90610B7F99A
:1028C0000820C9F8F44C89F8F00C0020986189F8C8
:1028D000F30CB7F9040001EE101A02EE102AB8EE5C
:1028E000C11AB8EEC22A00EE100A83ED011A83ED78
:1028F000022AB8EEC00A83ED000A62E1B4F5C86F9F
:1029000093D89CE798ED0C0AB4EE409A9FED150A17
:10291000F1EE10FA48BF88ED0C9AB4EE409AF1EE51
:1029200010FAFFF67AAF88ED0B9A73E7B0EE421A11
:1029300041E700BF00007A44CDCCCC3D80F3FFFFDF
:102940003333333F6666A63F8FC2753DD7A3703FD2
:10295000295C0F3E000000006666263FEC51383DC2
:102960003333B33E8FC2753C0AD7A33D8FC2F5BC4B
:1029700000606A47000070428FC2F53DC3F51C41FC
:102980006666E63ECDCCCC3ECDCC8C3F3333D33FD8
:10299000295C8F3E333303401FED0D1A0EF002FC0D
:1029A000FFF63BAF1FED0F1AB4EE419AF1EE10FAAD
:1029B0003FF633AFD9F8542D40F20463A11A002A30
:1029C00008BF40F6C411A1F582729A4200F2E1807C
:1029D000DFF81C6501223378002B00F00A8201EE3B
:1029E000101A012B04BF022232701FED232A1FEDA3
:1029F000264A40F201131044C9F8544DC9F8584D05
:102A000030EE490AB8EE41AA1FED271A98ED003AB8
:102A1000A9F83C3DC9F8180D81EE0A1A21EE022AE8
:102A200003EE042AB2EE044A0EF0CBFBC8BFB0EEB0
:102A3000421A1FED302A88ED001A81EE022A1FED9E
:102A4000321A0EF0AFFB88ED012A48BFB0EE410A02
:102A50001FED361A20EE010AB1EEC01AB1EEC10A1E
:102A6000B4EE400AF1EE10FA80F13B821FED3C1A01
:102A700020EE010A1FED3D1A0EF094FB48BFB0EEA8
:102A8000410A1FED3F1A0EF08DFBC8BFB0EE410AA0
:102A9000307888ED020A022840F0B181029800687F
:102AA000022818BF012001EE100AB8EE411AA8E171
:102AB000002003E00020A9F8040D042089F8F00CA0
:102AC0007FE009F54E61D9F8F40C91ED060AB4EEF9
:102AD000408A1FED520AF1EE10FAC4BF09F54E61AB
:102AE00081ED068A201A0EF085FB30DBB0F5617FA0
:102AF0002DD80120C9F8FC4CA9F8140D0020A9F824
:102B0000040D4FF482701BE0BFEE000A1FED601A47
:102B1000B9F8040D38EE000AB0EEC00A0EF042FB20
:102B200026D50130B9F81810A9F8040D80B28842F2
:102B300047D30120C9F8FC4C89F8F20C40F205207B
:102B4000A9F8F00C3DE0012089F8F20C39E040F2E0
:102B5000B731884224BF0020A9F8F00C31E01FED06
:102B6000730A0EF047FB1EDA002089F8F30C28E008
:102B700010B10138A9F8040DB9F8140D0130A9F805
:102B8000140D80B21E2824BF4FF44070A9F8F00C39
:102B900017E0B1F5E16F40F24981D5480121C9F84C
:102BA000544D017042E109F54E6080ED068A4FF404
:102BB0008270A9F8F00C0120A9F8140D0020A9F8E2
:102BC000040D1FFA8AF0322824D3B9F8A60C002687
:102BD00009F54E6A6428C0F09280B9F8A47CCDF85B
:102BE00004A0AA46A9F8A86C4FF0640804AD09EB4C
:102BF000471000F12404B6F5486F0FD0B7FBF8F08A
:102C0000202200FB0A41A8190EF0F2FB2036013702
:102C10002034F0E7002609F54E6A70E0DDF804A0E4
:102C200004A864210AF1840202F094FD99F8DC1CE6
:102C300099F8DD0C9AED212A9AED221A9AED230AD1
:102C4000B6EE083A4A1C01EB410109EB810102F0A2
:102C50000302042801F6AC4189F8DC2C81ED002A3E
:102C600081ED011A81ED020A3CBF013089F8DD0CCB
:102C70009AED2E4A039CB4EE434AF1EE10FA35DA8F
:102C800099F8EC0C9AED2D3A02287BD0012818D047
:102C9000002840F091809FED9D5A0EF09CFAC0F202
:102CA000A2809FED9B4A0EF08CFAC0F29C8099F8AE
:102CB000EF0C012840F0C3800EF001F9022877D212
:102CC000C1E09FED8C5A0EF086FA79DB9FED8B5AAE
:102CD000B4EE453AF1EE10FA72DB99F8EF0C0228E7
:102CE00040F0A8800EF0EBF8022804D30EF0E6FACC
:102CF000022089F8EC0C0020012689F8ED0C0BF17C
:102D0000080009F6645144228BF80460CBF80040B7
:102D10000EF06EFBB9F8EC0C9FED811AABF84C008D
:102D200099F8F00C99F8F11C99F8F22C8BF84E10E8
:102D30008BF850208BF84F0002992822DAF81800FF
:102D4000CBF85400B9F8040D00EE100AB8EE400AB2
:102D500020EE010A8BED170ADAF82000CBF85800B4
:102D60000BF160000EF044FB09F65C5059468822D6
:102D70000EF03EFB30460DF5496DBDEC068B01B003
:102D8000BDE8F08F9FED5E0AB4EE404AF1EE10FA16
:102D900006D49FED5C0AB4EE403AF1EE10FA1FD56E
:102DA00099F8EF0C012821D10EF089F80328A2D35D
:102DB0000EF084FA01209CE7002089F8EC0C42E038
:102DC0009FED4D5A0EF007FA0AD59FED4F4A0EF0CF
:102DD000F8F905D599F8EF0C00287AD001202BE0FE
:102DE0000EF06CFA87E70EF069FA2CE040F2011061
:102DF00022E0C9F8544DC9F8584D327016E0B7EECC
:102E0000001A98ED032A0020C8F81C00C8F8140026
:102E100000EE012A9FED351A8AEE011A88ED062A86
:102E200088ED032A80EE010A88ED040A88ED0C9AE9
:102E30000020F0E440F20120A9F8EE0C5BE740F23C
:102E40000110A9F8EE0C9FED333AB0EEC22AB4EEB1
:102E5000431AF1EE10FA0EDD9FED2F4AB4EE442A2C
:102E6000F1EE10FA07D5B0EEC05AB4EE445AF1EEC6
:102E700010FA3FF540AFB4EE430AB0EEC11AF1EEDE
:102E800010FA08DD9FED244AB4EE441AF1EE10FA70
:102E900001D5012030E79FED214AB4EE440AF1EE5E
:102EA00010FA08D59FED1C0AB4EE401AF1EE10FAA4
:102EB00001D5022020E70EF07AF908DD9FED160A11
:102EC000B4EE401AF1EE10FA01D5032014E7042005
:102ED00012E70DF0F4FF0428FFF40DAF0EF0EEF949
:102EE0006BE7B0EE410A08F0D3FCBFE500007A447E
:102EF000DC0800206666263F8FC2F53D295C8F3EC8
:102F0000CDCC0C3FAE47613E295C0F3DEC51383EC5
:102F1000CDCC4C3D000016440000FA43000016C41E
:102F20000AD7233C2DE9FC470027002800F06A82DD
:102F3000DDF828A0BAF1000F00F064829146054642
:102F4000D0E96C20571C461C95F82022C5E96C7608
:102F5000CBB1002742F0200051461C2285F81B729D
:102F6000C5F8B071C5F8A471AAF80A7085F82002F6
:102F70008AF8100005F50970CAE905778AF800702B
:102F80000EF036FA3EE240F2EE2302F0DF029F42FC
:102F900085F820220AD3002342F0100285F81B3264
:102FA000A5F82E32C5F8A43185F8202210B3DFF839
:102FB0006C24137802EB83067160591C0526CBB292
:102FC000B3FBF6F303EB8303C91A0123117000214D
:102FD000062B04D052F8236001333144F8E7052270
:102FE00091FBF2F1E8B900200D280CD045F8201033
:102FF0000130F9E7DFF824340122062AD7D043F85C
:1030000022100132F9E701EBC100102382006A634C
:10301000312B03D045F823200133F9E7C001C5F86F
:10302000C40095F83C2095F8C80045F82210561CBD
:103030006B6BD5F8C4C0AB630D23B6FBF3F707FB8E
:10304000136685F83C6002F10C06B6FBF3F707FB4C
:103050001366171DB7FBF3F455F8266004FB1374D1
:1030600055F82440344402F10D06B6FBF3F707FB94
:103070001366D71CB7FBF3F155F8266001FB1371FB
:1030800055F82110314401EB440102F10B04B4FB6B
:10309000F3F606FB1344561DB6FBF3F755F8244030
:1030A00007FB136655F82660344404EB44042144BE
:1030B00002F10A04B4FBF3F606FB1344961DB6FBBB
:1030C000F3F755F8244007FB136655F8266034449F
:1030D00001EB840102F10904B4FBF3F606FB13448F
:1030E000D61D0832B6FBF3F755F8244007FB1366EC
:1030F00000F1110755F82660344404EB84042144A0
:10310000B2FBF3F404FB1322212355F8222002EB37
:10311000420201EB4201421CB2FBF3F4B7FBF3F3B2
:10312000696344EA441403EB4313121B05F14004A2
:10313000FB1A54F8226054F8233085F8C8208E1BFF
:103140006644C5F8C46044F82010D5F8C400D5F82A
:10315000B411A3EB6013052908D805F1CC000021B8
:10316000052903D040F821300131F9E705F1CC04FD
:1031700005F1D406002717CC16C68AF80070191B73
:10318000C5E93330801A00EB4100C01080FB00011C
:10319000000B40EA015095F8881105EB81020131DE
:1031A000D2F8E440C2F8E400B5F84222CAF804902C
:1031B000B1FBF2F6001BD5F8804106FB121185F831
:1031C000881167F100010019D5F88441C5F8800124
:1031D0006141B5F8FE41CAF814300023C5F88411E6
:1031E000AAF8084095F82E428AF80A4095F82F422E
:1031F0008AF80B40B5F83042AAF80C40B5F83242D4
:10320000AAF80E400DF076FDD5E9631395F820225B
:10321000CAF8180005F50978C5E9630181424FF045
:1032200000008AF8102028BF0120994288BF01279A
:1032300095F8B831012B36D1D5F8B431292B2ED3DE
:10324000D5F8AC01814284BFC5F8AC110846B3F58E
:10325000967F24D3002185F8B811C5F8B01102F08B
:103260007F01B0F5487F6E4A85F82012014698BF6D
:103270004FF448714908904288BF42F21071A1EBA7
:10328000D1029208C80802EBD102B2F5AF7F98BF15
:103290004FF4AF72C5E965105308C5E967230DF017
:1032A0007CFF0027AEE0D5F8B0213840B2F5967F1C
:1032B00021D91923B2FBF3F404FB1323DBB9D5F8AE
:1032C0009431B3F5167F16D9D5F89841A3EBD30303
:1032D000C5F89431A4EBD4041B1BC5F8984104EB4A
:1032E0009303B3F5AF7F98BF4FF4AF73C5F89C312C
:1032F0005B08C5F8A031002853D0B5F8FC315F2039
:103300008D2B0AD303EB83136424B3FBF4F34FF642
:10331000E0741C405F2C88BF1846824216D2D5E963
:10332000650202EBD101A1EBD201401A0A4688BF27
:1033300002EB9002B2F5AF7F98BF4FF4AF72C5E9D0
:10334000661250084FF4D07168502AE0B1F5AF7F93
:103350000BD3D5F89C01814207D300204B460DF0DA
:1033600003FF9AF80000E0B148E0D5E96523D5F8FD
:10337000A40103EBD104A4EBD303D21A1C4688BFEB
:1033800004EB9204B4F5AF7F98BF4FF4AF746208BA
:10339000C5E96634B1F5967FC5F8A02128BF814202
:1033A00034D895F81B02022828D3B5F8FC0128B3BD
:1033B000A62148436421B0FBF1F1D5F8B001884261
:1033C0001CD9D5F8A411B1F5967F17D3D5F8A02153
:1033D000914213D3D5F8A821D5F8B4319F1AC21B56
:1033E000B5F84402824206D30120A9EB87030DF011
:1033F000BBFEC5F8B0710020C5F8A4010DF0CDFEEC
:103400009AF8007007F00100BDE8FC87D5F8B40118
:10341000C5F8A4114FF4D47196E700BFD807002077
:10342000A18601002DE9F84305460C46480413D453
:10343000A00024D4A0075CD460057ED4200500F150
:103440000681200700F13B81600040F1F68009F021
:1034500015FF24F08044F0E00DF098FDDFF81C1417
:103460000F6D3FB1D7E90A1202F0E04201F00A0104
:10347000891849D00DF041FF24F48044DDE0BB48B9
:10348000DFF8FC73016841F080010160B878012821
:1034900004D104200BF0F0FF0020B8700DF076FD91
:1034A000064604200DF0AEFDDFF8D8130A689042FE
:1034B00019D12A7EBAB1FA68AAB1DFF8C003806CCC
:1034C000002800F09780C16840F603020988914205
:1034D00006D0C06840F604010088884240F08A8027
:1034E00005F1140088E040F6C4120860C5E9042222
:1034F00084E004F009FCDFF88403006C002840F04D
:103500009D8024F0020498E0D7E90A65D7E90A1201
:10351000AA43B143C7E90A120DF0EFFEB8680028CC
:10352000AAD056EA0500A7D0D7F808C03869B7F97D
:10353000301032462B46E0479EE70DF027FD05464A
:103540000CF0FAFE002800F0B780CC48876B002F03
:1035500000F0B280DFF828830420CB49002288F8ED
:103560001800C6480DF0E6FA0DF0EBFEC74803F070
:10357000CCFBC7480068006B8047C8F810000125E5
:10358000042088F802500CF05DF9386990F8281092
:10359000C8F80400490703D5436A0421002298476C
:1035A00001200AF069F9D8F80400457607F0A0FE7A
:1035B000D8F8040081680B461A465B684BB11E8838
:1035C000A6F60306072EF7D805FA06F616F0830FBF
:1035D000F2D0537B03F0F003013353730023FD68F3
:1035E00053602D88A5F60305012D00F28A80C8F8E6
:1035F00010309FE005F110000BF094F830460DF00C
:103600007CFE0CF037F978B12E6A28466FF4807191
:1036100000224FF00073B0479848806B10B109F05A
:103620002DFE01E044F00204EE692846002100224C
:103630004FF08063B04724F0005434B197482146DE
:103640002830BDE8F8430DF0B8BEBDE8F8838C4ED5
:10365000B078012804D104200BF00EFF0020B070D8
:103660000CF008F938B170686FF4807100224FF0E7
:103670000073056AA847306950B185480068006B3F
:10368000804732697168801A000BC8600020306181
:103690007A4D8149002228460DF04CFA02203076FE
:1036A000286C20B17D48022128300DF086FE09F0FB
:1036B000E5FD24F40064C0E70DF043FE41E00DF0A9
:1036C00065FC05460CF038FEA0B1DFF8B48198F82F
:1036D000000000070ED498F9000000280AD46846BC
:1036E00007F04CFF08B1009820B1DFF8B49199F8C9
:1036F000610048B30DF025FE09F0C0FD24F0080478
:103700009BE7034633F8385FA5B190F8445090F832
:10371000456005F0F00580F8445006F0F0050135ED
:1037200080F8455000255360C5634587507B00F005
:10373000F000507357480022C261016001200CF074
:103740003DFF24F4806478E700260127602E0FD027
:1037500009EB0600817A31B18772407A07FA00F0EE
:10376000C0B20BF0A3FE2036F0E700BFCC2108402A
:10377000032088F81800454803F0C7FA0DF0E1FD72
:10378000444F3E4D0022786900207861F968F86066
:10379000284644490DF0CEF93D480068006B80474B
:1037A000D8F80C10D8F82020411A02EB1130B0EBF9
:1037B000113F38BF4FF0FF3098F82410C8F82000B0
:1037C00021B1D8F80810B0EBC12F20D90CF006FFBA
:1037D000B8B140F60900414621F83C0F002048806E
:1037E0004A7B02F0F00201324A730A7B02F0F002D7
:1037F0000A734860F8613960B8F83E0010F4406F11
:10380000FAD00020C8F82000012088F824000AF02F
:10381000E5FC254800210160022000210CF0CEFECD
:1038200002200BF029FE102007F00EFC98F8010092
:1038300020B9D8F8040050300DF0BBFD1B4880784B
:1038400010B90D2007F000FC98F8250028B10020E1
:1038500088F8250005200BF00FFE002088F81800DE
:103860001348C8F81C000220B5F85610B5F85420CB
:10387000914208BF072009F081F93DE77C0600204E
:10388000C0030020CC0800201503010054C4002010
:103890008C01001000100440C59600006005002057
:1038A00070C20020E1D2000000000460AC300100D2
:1038B000B59100000CF029B92DE9F04792B00CAD9C
:1038C000182128460DF037FA002476208A212A464E
:1038D0001723CDE90A44CDE90844ADF81C4006940D
:1038E0000BF0B6FC002851D008AA7620E1210E2367
:1038F0000BF0AEFC00284BD006AA76200021052351
:1039000000240BF0A5FC002840D00DF11702762012
:10391000F02101238DF8174001240BF099FC9DF84C
:103920001700022807D0BDF8341046F2A8108142D3
:103930002CBF00240124DFF89893BDF82800A9F8D3
:103940001400BDF8300089F80140A9F816009DF870
:10395000320089F8020014B30D99DDF83A20BDF861
:103960003E3005F11500C9E90621BDF83810A9F867
:103970000330A9F80510BDF84210A9F820109DF8F1
:10398000441089F8071009F108011FE0D04801E050
:10399000CF4800240470204612B0BDE8F0870D998E
:1039A00005F11600C9F822109DF8381089F80910A1
:1039B000DDF83A10C9F82610BDF83E10A9F80A1033
:1039C000DDF84210C9F82A1009F10C0100789DF8C1
:1039D00020209DF821309DF822409DF8235008704A
:1039E0009DF91C10102089F80D50099D91FBF0F0F5
:1039F000C9F80E5089F81200100140EA1310A9F816
:103A00002E0003F00F0040EA0410A9F830009DF9E1
:103A10002C000CF091F89FED8A0B0DF02FFC9FED20
:103A20008A0B0DF037FC0446BDF92A000F460CF056
:103A300083F89FED870B0DF021FC9FED870B0DF0B8
:103A40001DFC9FED870B0DF025FC9FED870B0DF006
:103A500015FC9FED870B58EC106B3246434602F085
:103A6000D4FE02460B46204639460DF0AEFC044615
:103A70009DF92D000D460CF05FF89FED7F0B0DF0CA
:103A8000FDFB9FED7F0B0DF0F9FB22462B4602F06C
:103A9000BCFE05469DF81A0001240F46000964F398
:103AA0009F000CF00BFE9FED780B02460B4651EC8D
:103AB000100B0DF088FC02460B46284639460DF0E7
:103AC00084FC07469DF918000D460CF035F89FED73
:103AD000700B0DF0D3FB3246434602F096FE0246D1
:103AE0000B46304641460DF06EFC02460B4638460A
:103AF00029460DF06AFC9FED680B0DF0CBFB9FEDA6
:103B0000680B0DF0BBFB9FED680B06460D4657ECAE
:103B1000108B42463B4608F070FA9FED650B00287B
:103B20001CBF3D4646463046294657EC108B424660
:103B30003B4608F089FA00281CBF3D464646304601
:103B400029460AF0FDFC634D024676205A21A8471B
:103B5000762064215922A847762071211022A84797
:103B6000762072210122A847762074215522A84789
:103B700059480CF0D5F801AD112128460DF0DBF8BD
:103B800076201D212A4611230BF062FB00284CD021
:103B90009DF811009DF81250800050EA951A44D00B
:103BA00099F912000BF0C8FF9FED430B0DF066FB77
:103BB0009FED430B0DF06EFB0246484805F00F07E2
:103BC0000B4600EBC7000DF0F9F9054644480E46D8
:103BD0002A46334600EBC7000DF0F0F90746AAF578
:103BE000007088460BF0A8FF02460B462846314677
:103BF00002F00BFE02460B46384641460DF0E3FB51
:103C00009FED310B80460E4657EC105B2A463B4633
:103C100008F01AFA48B1404631462A463B460DF0B4
:103C2000D2FB08F073FFC9F834007620712100221E
:103C30000BF08EFD89F80040ADE600BF00BF00BF6D
:103C4000000000000000B03F00000000008048407D
:103C5000000000000000003FFCA9F1D24D62403F8F
:103C600055C1A8A44E40633F00000000000074400E
:103C7000000000000000F03F000000000000503F86
:103C8000000000000000384000000000000010406C
:103C9000FCA9F1D24D62603F00000000000039C075
:103CA0003333333333330B40000000000000000097
:103CB0000000000000E06F40000000000000144021
:103CC0000000000000F094400000000000408F4021
:103CD0006407002051F7000020BF0200D820010037
:103CE00058210100F0B597B00EAC20460DF0CCF98C
:103CF0004FF4E130214614900220ADF83800002046
:103D000003F064FAAA4FAC4EB861AA48B047AB4C76
:103D10002046B047AA48B047AA48B0472046B04717
:103D20000BAC20460CF0D2FF204601210DF0F4F937
:103D3000204601210DF057FBA348214648300BF0E7
:103D400051FCA24821460BF04DFC20460DF049FBEA
:103D50009F48B0470BF012FC132001210DF000F832
:103D60001C2001210CF0FCFF9A4C2046B0479A48D9
:103D7000B04706F0ABFC2046B0479848B04709F082
:103D800015F92046B0479648B04796480CF056FCC7
:103D9000954D0021002228460CF0BAF805F11C00D0
:103DA000002100220CF0B4F82046B0478F48B047FD
:103DB00006F07CFE7220642159220AF05DFD3878FD
:103DC0008B49085C0CF028FE2046B0478948B04774
:103DD000022006F001FA38B1FA200421962232239B
:103DE00007F032FA854800E08348B0478448B0477E
:103DF000FFF762FD844C0028824D204618BF2846FC
:103E0000B0478248B04707F059FC7248B047804835
:103E1000B04701F0E1FD002818BF2C462046B0470E
:103E20007C48B04702F0C8FDA8B17B48B0470DF010
:103E30004FF90021794A8DF8061000F00F010009B2
:103E4000515C105C8DF805108DF8040001A8B04796
:103E50007348B04702E06C480CF036F97148B0473F
:103E600071480CF08DFA5B48B0477048002100247F
:103E700009F0FEFE6E4800210BF030FE6D48002177
:103E800008F09CFD6C48B04707F084FA5A490028B6
:103E900018BF29460846B0470DF12A050DF129063D
:103EA0008DF82B408DF82A408DF829400DF12B0418
:103EB0000DF06EF90DF06CF94B4C20460CF0ACFC9B
:103EC0000028FAD05D480CF0FFF801AC0DF030FA94
:103ED0000DF0CCF90DF07AF9042069460DF0F2F9F5
:103EE000574A09A80DF0E2F918B156480CF0ECF861
:103EF000FEE701AC20460DF072FA53480CF0E4F8EE
:103F00000DF016FA0DF0B2F90DF060F903206946D4
:103F10000DF0D8F94D4A08A80DF0C8F918B14C4871
:103F20000CF0D2F8FEE701AC20460DF058FA4948F3
:103F30000CF0CAF80DF0FCF92046012101250DF026
:103F4000E5F80DF043F9022069460DF0BBF9424A4D
:103F500007A80DF0ABF918B140480CF0B5F8FEE732
:103F600001AC20460DF03BFA3D480CF0ADF80DF0E9
:103F7000DFF90DF07BF90DF029F96946204600952F
:103F80000CF09AFE374A06A80DF090F918B13648A1
:103F90000CF09AF8FEE701A80DF021FA33480CF076
:103FA00093F833480CF090F8002017B0F0BD00BF34
:103FB00090040020A6330100C9000100662401001E
:103FC0009D230100E0230100DC02002024060020E4
:103FD0004727010027330100D12201005E2A01009A
:103FE0005028010034A80020680200209F2601000C
:103FF000B0320100612B01003E320100802F010030
:10400000782901007D32010020300100B62A01002C
:10401000A8290100842801004D300100ED2F010086
:10402000D4330100DA260100B910010018B70020CE
:10403000509A0020A0C30020EA250100B327010008
:10404000815E0000442C01001127010019A000002E
:10405000202C01007D270100F9A00000D7290100D4
:10406000AC25010041000000042A01006C2501007C
:10407000E6280100002800F08781002900F08481F3
:10408000002A00F081812DE9F04FAAB0BF4B0192C8
:10409000BF4A6FF03F074FF040094FF02A0C1C68F1
:1040A00044F080741C60136843F00103136052688D
:1040B000B0F8FE510092002D08BF4FF44875B1F8DA
:1040C00008B0BBF1000F08BF4FF4487BABEB050312
:1040D0009B0193FBF5F313F1400FD8BF3B46402BF8
:1040E000A8BF4B46B0F800821E93B8F1000F08BF7E
:1040F000A846ABEB0804A40194FBF5F414F1400FBF
:10410000D8BF3C46402CA8BF4C461F94D0E9654A16
:10411000002C08BF4FF47A7491F810E05FEA0E7239
:1041200012D48B695B01B3FBF4F3A3F1200C0223DF
:104130009CFBF3F313F13B0FD8BF6FF03A03452B11
:10414000A8BF4523A3F1050C8B89924ECDF880C002
:10415000DFF850C206EB8313322693FBF6F38E4E44
:10416000402BA8BF4B462393CB8906EB83132A260B
:1041700093FBF6F34FEA8A16402BA8BF4B462493D5
:10418000631C96FBF3F616F1400FD8BF3E46402E57
:10419000A8BF4E462696D0E93306801B202690FB0A
:1041A000F6F010F1400FD8BF38464028A8BF484667
:1041B0002590A4EB0A00800190FBF3F0784B10F1FE
:1041C000200FD8BF6FF01F006028A8BF60202038E4
:1041D00022904869400190FBF4F010F14C0FD8BFD9
:1041E0006FF04B003428A8BF34200C302190C87ADF
:1041F0006A4901EB8010232190FBF1F000B210F12D
:10420000400FD8BF38464028A8BF48462890A8008D
:104210000521B0FBF1F0A0EB0B00800190FBF5F065
:1042200010F1400FC8BF074608EB0B00402FA8BF96
:104230004F46002A48BF6FF0200727978001A0EB68
:10424000C51090FBF5F010F1360FD8BF6FF03500B8
:104250004A28A8BF4A205FEA8E614FF0000E4FF057
:10426000300158BFA0F10A0129910EA91EADBEF17F
:10427000100F14D05CF82E6000270C2F06D0DC57EE
:1042800055F82700013700FB0466F6E7B7110C3339
:1042900027EAE67641F82E600EF1010EE7E7424C80
:1042A000DFF808C14FF0000E02A8BEF10C0F14D0C9
:1042B0005CF82E600027102F06D0E55751F8273004
:1042C000013703FB0566F6E7B711103427EAE676F7
:1042D00040F82E600EF1010EE7E7364B344DDFF863
:1042E000D8E04FF0000800279C46052F19D05EF853
:1042F000276000240C2C06D0295750F824200134C4
:1043000002FB0166F6E7B3EBA61FB8BFB311BCEB27
:10431000A61FBEBF6346B8464FEAA61C0C35013740
:10432000E3E71B4840680099401A03D04CF2513132
:10433000884201D340F28C50019C204A5FFA88F1F8
:10434000606084F800801830525C80B26270E2686D
:104350000132E2603022B0FBF2F01022A060ACEB40
:10436000030090FBF2F010F1110FD8BF6FF01000B6
:104370001128A8BF11205230A07011B1206901305E
:1043800020612AB0BDE8F04F704700BFFCED00E0AF
:10439000001000E080F3FFFF80F5FFFF00EEFFFF5D
:1043A000311D0100EC240100F11D0100182901005C
:1043B0002726010001000080302F01009C330100FE
:1043C0002DE9F0412DED0C7B4FF00008002800F0A6
:1043D0006181B34E04463078002800F05B810020F4
:1043E0000821CDE90000684608F034FC804600282A
:1043F00000F050819DF805009DF80410B1EE002AF0
:1044000041EA00220007A74913466FF3DF2348BFA4
:1044100042EA01039DF800009DF8012000EE103AE9
:104420009DF8037096ED019A96ED028AB8EEC01AD7
:1044300096ED030A9DF8023040EA0225120728464D
:1044400011EE020A6FF3DF2048BF45EA010001EEDA
:10445000100A43EA0720B8EEC11A3B07024611EEE4
:10446000029A6FF3DF2248BF40EA010201EE102AF0
:104470009DF80600B8EEC11A9DF8072011EE028AD9
:1044800040EA02231207184628EE081A6FF3DF20CD
:1044900009EE091A48BF43EA0100B17800EE001A9C
:1044A000B1EEC12A9FED801A82EE012A81B396ED0A
:1044B000054A96ED065A96ED073A39EE446A38EE0B
:1044C000457AB0EEC66A0CF00FFDC8BFB0EE476A81
:1044D00030EE437A0CF008FDC8BFB0EE476AB3EE89
:1044E000007AB4EE476AF1EE10FA1AD5BFEE006A10
:1044F0009FED6E7A32EE066AB0EEC66AB4EE476A97
:10450000F1EE10FA0DD59FED6C6A9FED6C7A0CE020
:10451000012186ED059A86ED068A86ED070AB170BF
:1045200015E09FED636A9FED637A28EE068A29EE17
:10453000069A20EE060A05EE078A04EE079A03EEB5
:10454000070A86ED068A86ED059A86ED070A4F383A
:104550009FED5B4A9FED5B5A00B203EE100AB8EE86
:10456000C33A03EE045AB0EEC83A9FED574A84EDC1
:10457000065AB2EE085AB4EE453AF1EE10FA48BFC8
:10458000B0EE448ABDEEC83A13EE100AB0EEC93A56
:10459000B4EE453AE080B3EE005AF1EE10FA48BFAF
:1045A000B0EE449ABDEEC93AB5EE408AB0EE404A4C
:1045B00013EE100AB0EE403AF1EE10FAB5EE409A62
:1045C000A08008BFB0EE413AF1EE10FA08BFB0EE9D
:1045D000434A9FED3E3A30EE033AB0EEC33AB4EEB2
:1045E000453AF1EE10FA48BFB0EE440ABDEEC03ACB
:1045F0009FED2E4A13EE100ABFEE003A32EE033A58
:104600002081B0EEC33AB4EE443AF1EE10FA09DA82
:1046100028EE082A09EE092A00EE002AB1EEC22A85
:1046200082EE012A20EE00AA84ED032AB0EE4A0AA7
:1046300008EE080AF1EEC00AB0EE490A04F0C2FF23
:1046400009EE09AA9FED22BA20EE0BCAB0EE480A85
:10465000F1EECA0A84ED04CA04F0B4FF9FED1D1AFE
:1046600020EE0B0AB0EECC2A84ED050AB0EEC00AAB
:10467000B4EE412AF1EE10FAB4EE410A44BF002034
:104680002061F1EE10FA44BF002060610B2008F0B9
:10469000EDFE20774046BDEC0C7BBDE8F08100BF0D
:1046A0009C07002000F0FFFF00007A448FC2753D98
:1046B0006666E63ECDCC0C3F295C8F3D7B146E3F99
:1046C000B81E853D0000C4410000000000007AC40F
:1046D000E02E6542CDCC8C3F2DE9F84F2DED181B17
:1046E000229D0C4601460020002D00F04081239EB3
:1046F000002E00F03C810846079209930BF01CFA4B
:104700009FEDA10B53EC102B069208930CF05BFE6F
:1047100095ED120B02460B46CDE90A3251EC100B17
:104720000CF053FE054620460E460BF005FA0446F3
:104730000F462846314622463B4602F066F89FED7A
:10474000940B82468B4655EC100B9FED930BEE0FAE
:104750000D90504658EC109B66F3DF714A46434675
:1047600007F04BFC002840F0018122984A4643465E
:1047700090ED080B51EC100B059166F3DF7104907E
:1047800007F03BFC002840F0F1802298DDE90A3276
:1047900090ED140B51EC100B0CF017FE22463B462B
:1047A00002F033F80F4666F3DF714A46434604468B
:1047B00007F023FC002840F0D980DDE90A105246BA
:1047C0005B460C960CF0FFFD9FED750B5AEC10BB91
:1047D0005A4653460CF0F9FDDDF88880039798EDB2
:1047E0000A0B98ED0CBB98ED0E9B98ED108B53ECDB
:1047F000102B02F005F8DDE904230CF0E4FD9FED39
:104800006AAB53EC1A2B02F000F89FED690B05918F
:10481000814653EC102B01F0F8FF02460B46274669
:1048200004460E460CF0D1FD0CF0D4FB0CF0D2FB8C
:10483000CDE90A100998079908440BF07DF99FED1E
:104840005E0B0CF01FFD069A089B0CF0BCFD039B51
:104850003A460CF0B8FD5A4653460CF0B6FD98EDBA
:10486000160BCDE9081051EC1B0B0CF00BFD9FED66
:10487000540BCDE906100599484653EC102BCDE9B1
:10488000043201F0C2FF9FED500B9FED51BB9FED35
:1048900052CBCDE9021051EC180B4FF0030BCDE9D0
:1048A000001059EC108BBBF1000F65D0DDE904322C
:1048B00051EC1A0B01F0A9FF02460B46DDE900108E
:1048C0000CF083FD42464B4601F09FFFDDE90232CA
:1048D00004468A4651EC190B0CF077FD22465346EC
:1048E00001F093FF02460B46DDE906100CF06DFD6A
:1048F00004460C980E4653EC1B2B60F3DF712046E8
:1049000007F0A2FB0746DDE90810224633460CF00B
:104910005AFD02460B46002F08BF2B460D9C08BFD0
:104920002246DDE90A1001F070FF22462B4641ECD9
:10493000180B07F089FBB0B1B0EE480AF0EE680A38
:1049400002F076FE02F074FE53EC1C2B51EC100BBF
:1049500001F05BFF229A92ED180B53EC102B01F043
:104960004FFF41EC1A0BABF1010B9CE70020BDECB3
:10497000181B01B0BDE8F08F51EC1A0B08F0C6F817
:10498000239908600120F2E70000000000002840A1
:1049900000000000000000008DEDB5A0F7C6B03E9D
:1049A000000000000000204100000000000039402D
:1049B0006666666666127140000000000000E03F17
:1049C00000000000000039C0000000000000F03FBF
:1049D00011EA2D819997713D66666666661271C00F
:1049E000AC490246002818BF012009780840012878
:1049F00040F04F812DE9F84F2DED0C3BCDE902023F
:104A00002C2008F033FD01902D2008F02FFDA24C42
:104A100000902D200021A0472C208321A0472D208D
:104A20002221A0474CF250300BF07AF910200026DA
:104A30004FF00008002500283FD0CDE904060020F3
:104A40000621ADF82400089008A808F003F92E46C6
:104A50009DF820A09DF821B09DF822409DF823707C
:104A60009DF825909DF8245042F210700BF058F9F3
:104A700045EA09205FEA0972884B01466FF3DF219E
:104A800048BF40EA030144EA0720751801463A0787
:104A90006FF3DF2148BF40EA03014AEA0B20884454
:104AA0005FEA0B7201466FF3DF2148BF40EA030162
:104AB000DDE904060E440138BDE700EE105A01EEB0
:104AC000108A02EE106A9FED768A039801210BF09E
:104AD00004FF80ED002A80ED011A80ED020A2E20ED
:104AE00009F0B3F94CF250300BF01AF910204FF0E6
:104AF000000B00240026002842D0CDE9040B002042
:104B00000621ADF81C00069006A808F0A3F8B346ED
:104B100026469DF818709DF819509DF81A809DF84A
:104B20001B909DF81DA09DF81C4042F210700BF0E8
:104B3000F7F844EA0A205FEA0A72584B3446014605
:104B40006FF3DF2148BF40EA030148EA09200BEB7D
:104B500001065FEA097201466FF3DF2148BF40EAB0
:104B6000030147EA05200C442A0701466FF3DF21C1
:104B700048BF40EA0301DDE9040B8B440138BAE782
:104B800001EE104A00EE106A02EE10BA039D2E20CC
:104B9000002100240BF0A1FE85ED032A85ED041A07
:104BA00085ED050A09F051F995ED000A95ED033AF6
:104BB00095ED022A95ED055A95ED011A95ED044AF9
:104BC000002000210022002333EE400A9FED353AF9
:104BD00035EE422A34EE411A9FED344A82EE032A22
:104BE00080EE030A81EE031A9FED2F3AB4EE432ABA
:104BF00085ED082A85ED060A85ED071AF1EE10FA13
:104C0000B4EE442A9FED2A2A98BF0120F1EE10FA53
:104C1000A8BF0121B4EE421A9FED262A08400021C8
:104C2000F1EE10FA85F82600A8BF0121B4EE421A71
:104C3000F1EE10FA98BF0122B4EE430A11400022AF
:104C4000F1EE10FAB4EE440A85F8251098BF01225F
:104C5000F1EE10FAA8BF01231A4085F8242018BFEE
:104C6000002900D0044685F827400B4C2D20002158
:104C7000A04701992C20A04700992D20A04744F679
:104C800020600BF04DF80298BDEC0C3B01B0BDE884
:104C9000F04F70479C0700204BDE000000F0FFFF44
:104CA0000000803D00007A4333333340CDCC4C3E8E
:104CB000333333C0CDCC4CBE2DE9FE4F07460868D8
:104CC0000024B0B1D7E9018A0E460CF05FF98146A5
:104CD000D8F8E800082888BF0124B068204202D133
:104CE0007068204208D00320307448460CF005FB61
:104CF00000242046BDE8FE8FD8F8C01069B198F8AE
:104D0000F8100029EFD006213174D8F8C410C8F883
:104D1000C4604E6198F8FC100DE000210522C8E93E
:104D20003066C8E93411C8E9361198F8FC1000293A
:104D300008BF0122327400220129726109D10220C8
:104D40004FF4E02188F8FC0098F8FB000AF062FDBF
:104D5000706889490138884205D804200AF072FD3C
:104D600006200AF06FFD02200AF06CFD98F8F800AA
:104D700040B9DAF83C003168814203D298F8FC006F
:104D800000286CD0D8E9361009B118B900E028B372
:104D90000CF070FADAF80000416941F0010141615C
:104DA00048460CF0AAFA98F8F80008B10124A0E7E8
:104DB00008F16C05D8F8EC1028460CF034FA0028FD
:104DC000F4D0D8F8C00003210174384606F06EFF15
:104DD0002846002100240CF026FA8AE79AF80400FD
:104DE0000CF0D3FA654CDAF810100222206991FA1F
:104DF000A1F1B1FA81F14368D8F8CC0040680068AD
:104E000098472069DAF8141002224368D8F8CC00D9
:104E100091FAA1F1B1FA81F14068006898479AF8D7
:104E200004000BF04BFB9AF804000CF0B0FA0CF005
:104E300021FA0020C8F8E000D8F8C0000068B0F5FA
:104E4000806F01D90CF016FA98F8FE000028A1D165
:104E5000DAF80000416841F0020141609AE798F8F1
:104E6000F90020B1D8F8EC0001307FF48BAF484650
:104E70000CF043FAB2683AB1D8F8E80002210928E8
:104E800038BF0121009103E008F1F40200200090F6
:104E9000746834B1D8F8E8000227092838BF012720
:104EA00002E008F1F6040027DAF80000334D41680B
:104EB00041F002014160D6F800B0D946BBF1000FC5
:104EC00040D0D8F8E800019209284FF0010011D233
:104ED0002A68B9F1000F1FD0C0071DD02178DAF879
:104EE00000009268904700281EBF3C44A9F10109C8
:104EF0000120EDE72A68B9F1000F16D0C00714D0E1
:104F00002188DAF800009268904700281EBF3C44D0
:104F1000A9F101090120EDE7DAF80000D26802A941
:104F20009047DDE90120107007E0DAF80000D26850
:104F300002A99047DDE9012010800098ABF1010B38
:104F40000244BBE7D8F8F000DAF80010CA68024063
:104F5000102802D1002AF9D101E0002AF6D07068A9
:104F60000BF020FAD8F8C0100020C8F8C400C8F828
:104F7000C00008741AE700BFFEFFFF0FC401001055
:104F80002DE9F04F8DB0044600209A4616460F4694
:104F9000CDE90B00CDE909008A488568804607F015
:104FA0009DF91C2803D007F099F91B281BD13088E4
:104FB00040F60201884218BFB0F5C15F03D1F07B13
:104FC000022810D93EE043F6070188420BD196F83B
:104FD0002400032807D330697B4940F0806020F02B
:104FE000604088422ED100206FB366B3387825FA2E
:104FF00000F0C00726D0304600210CF0CAF97348F3
:10500000C4E90176006880B109A800900CA90BAA38
:105010000AAB304603F098FD0B980B214FF6FF7258
:1050200050230BF06BFAFF280CD00BF0AFFF684F4A
:1050300006467878012802D840B1012070E0304659
:105040000CF05BF900200DB0BDE8F08F03F0F0FC30
:1050500060480DF10409016841F0020101605E48F9
:10506000C8F8000048460BF0EBFEDFF870B15D4970
:105070004A469BF801009BF800500390584828309E
:105080000AF0AAF9584859494A460AF0A5F948468B
:105090000BF06EFEDFF85881564A19214B460295F7
:1050A000404609F035FE544A08F11C001A214B46CF
:1050B00009F02EFE514852490CF0F0F8514852497F
:1050C0000CF0ECF85148006810F4402F06D0504A1C
:1050D00007F12800042100230BF0F8F89BF80200E8
:1050E00010B10D2005F0A8FE08F140000BF02DFDD9
:1050F00008F138000BF029FD4649002007223876D8
:10510000B8843862386181F860200521C7E902104F
:105110004149F9613870042000210BF04FFA78788A
:105120002F4941F820400130787030460CF0E5F806
:10513000BAF1000F02D0DAF8000008E00DF1040A1D
:105140003649202250460CF053F94FF0FF30DAF880
:105150000420BAF81010DAE90635002AB2FA82F60D
:1051600008BF40F6C41220600120760961832563E0
:1051700060762B4826764FF4FA766261C4E90362C2
:10518000C4E90700C4E90903DAF80C0000B12062A1
:10519000DAF8140000B16062DAF8080000B1E061EA
:1051A00004F13800C8210BF0C6FD04F150000021C5
:1051B0000BF024FA1B4904F1B8000CF06FF82046FC
:1051C00041E700BFCC2108400F00000590080020F7
:1051D000C003002000200940110000E0AC300100B5
:1051E00060050020FD070100DCC40020F1A90000DB
:1051F0007C060020E1D2000099C6000098C400207F
:10520000F102010054C40020A9070100B44F00506E
:1052100021DC000070C20020B5910000EC2C0100E0
:105220005BBA00005B1301002DE9F84F2DED028BF6
:10523000A6B058EC104B9FED9A0B074600208A460B
:105240000B902046414656EC105B2A46334606F04A
:10525000E1FE9FED950B00281CBFB0462C46204672
:10526000414648EC184B53EC102BCDE9053206F0C3
:10527000B7FE48B9B0EE480A0BA8F0EE680A07F08E
:10528000CBFE0B9801380B908DED088B8B4A8A4929
:105290009DF8270080F080008DF8270030208DF8E1
:1052A0003000387B412808BF0A46059E069D0792BC
:1052B000204641462A46334606F09FFE08990028BC
:1052C0002A46334608BF2146099808BF404640ECAD
:1052D000181B4146204606F083FE0DF1300BBD68D9
:1052E00004970BF1010698B9B0EE480A25A8F0EE34
:1052F000680A07F091FE2598B0EE480AF0EE680AB9
:10530000C0F1010003F0D0FEB0EE408AF0EE608AFA
:1053100058EC189B4846414609F012F931460446BC
:1053200008F02EFB074620460AF006FC02460B4614
:105330004846414601F064FA41EC100B0135CDE9D5
:1053400002762DD39FED5A1B06EB070BCDF804A078
:1053500058EC114B59EC10ABDDE90532504649468B
:1053600006F03EFEC8B950464946224643460CF078
:105370002CF805460E4609F0E3F807460AF0DCFB78
:1053800002460B462846314601F03AFA41EC100B32
:105390000798C05D0BF8010BDCE7DDF804A039E0ED
:1053A0009FED431BBB4459EC118BD5B151EC100B55
:1053B00042464B460CF009F806460F4609F0C0F885
:1053C00004460AF0B9FB02460B463046394601F066
:1053D00017FA41EC100B0798013D005D0BF8010F27
:1053E000E3E75C46079D14F8011928460BF038FDE9
:1053F000401B08280EDB049EDDF80880079F00256F
:10540000217838460BF02CFDC01B0E2806DD04F871
:105410000159F5E7049EDDF8088003E00799084488
:10542000407820700020702152468BF80000307BBD
:10543000412808BF50210B9808F0B9FCB268039CC2
:10544000501C04D120460BF06BFD421EB26020467A
:10545000414653460AF05EF8B06808B1012202E006
:105460003068C0F3C00220464146534607F06EFA4A
:10547000DAF800007822411ECAF80010317B412979
:1054800008BF58220270DAF80000411ECAF8001066
:105490003021017026B0BDEC028B01B0BDE8F08F69
:1054A000000000000000F0FF00000000000000000D
:1054B0000000000000003040CB2F0100DC2F010075
:1054C0002DE9F04F85B004468A46002B1846214648
:1054D00018BF0120002C18BF012108400E99002997
:1054E0000D4618BF01252840012840F02D81049069
:1054F00098892588277FA84205D26588A8423D461D
:1055000098BF002500E00125BD4203D10025A77703
:10551000657711E0A67FB5420BD1667F94F804C091
:1055200001366677F6B2664506D3002625772F4604
:1055300001E00126A5776677012F12D16425B0FB23
:10554000F5F5EEB242F20F75A84288BF642693EDDE
:10555000020A94ED021A03960BF00BFE16D50120F9
:105560001AE001254FF0000EA4F81F50BAF1000F09
:1055700084F821E093ED020A2FD09AF834024FF01C
:105580004009002660F07F0E00202AE094ED031A07
:105590000BF0EFFD02DB002084F8200094ED041AEC
:1055A0000BF0E7FD01DD012005E094ED051A0BF09D
:1055B000E0FD02D8002084F8210094F82050012D4D
:1055C00003D102204FF0020C18E094F821000128CA
:1055D00009D105204FF0050C10E0002001264FF006
:1055E000000903902BE094ED061A0BF0C2FDD9BF21
:1055F00003204FF0030C04204FF0040CE077BAFABC
:105600008AF04609BAF1000F0BD09AF834E25FEA4B
:105610008E600AD40EF003001EF00C0F18BF043089
:1056200006E04FF0000E002002E06EF07F0E4020FA
:1056300040EA051094F8215040EA45196546A7F163
:10564000010CDAB102F6985090ED033A90ED022A7F
:1056500090ED001ABDEEC33ABDEEC22A13EE100A59
:10566000019012EE100A029092F8AC0D01280ED1B2
:10567000032049F008094FF001080CE000209FEDDD
:10568000341A4FF000080290CDE9000004E092F8CF
:10569000A80D4FF0000800905A7DBCFA8CF0012A4A
:1056A00001D19A7D0AB909F180094FEA501C1868A6
:1056B0000860608C013019F03F026084888018BF58
:1056C000012236B100274FF448764B204FF0000BF3
:1056D00007E0BAF830B2BAF83272BAF82C629AF827
:1056E0002E02CD76039D81F82A2081ED070A81F8EC
:1056F00019C081F8188081ED041A81F80EE0A1F834
:105700000CB04F810E818871A1F828902C228D76E3
:10571000019DCD82029D8D82009DCD7358680862E7
:1057200004F1280093ED040ABCEEC00A81ED090AD9
:105730000BF05EFE606D013060655FEA8960049881
:1057400002D0A16D0131A16505B0BDE8F08F00BFA9
:1057500000000000002800F0208170B52DED108BB6
:105760000D46002900F015811446002A00F0118131
:105770000646204644210BF0DEFA9FED921AB01D3A
:105780009FED910A29460246B0EE412AB0EE413A19
:10579000B0EE414A71B3B2F9023005EE103AB2F9F7
:1057A0000030B8EEC55A06EE103A32F9023CB8EEB7
:1057B000C66A07EE103A931DD3ED000AB8EEC77A19
:1057C000F5EE400AF1EE10FA09D866EE060A47EE49
:1057D000070A45EE050AF1EEE00AC0EE800A31EE56
:1057E000201A32EE052A33EE063A34EE074A013922
:1057F0002032CFE705EE105AB8EE45EA82EE0E8A67
:1058000081EE0E1A83EE0E9A84EE0EDA9FED6D2A6B
:10581000B0EE423AB0EE424AB0EE42FAF0EE428AC0
:10582000B0EE425A84ED00DA84ED019A84ED028AEA
:1058300084ED031A002D52D0B0F9021006EE101AB2
:10584000B0F90010B8EEC66A07EE101A30F9021C63
:10585000B8EEC77A00EE901A811DD1ED001AF8EE6D
:10586000E00AF5EE401AF1EE10FA09D867EE071AD1
:1058700040EEA01A46EE061AF1EEE11AC1EE801AC9
:1058800077EE492A70EECD4AB0EEC77AF0EEE00A24
:1058900071EEC11A013D2030F0EEE23AF0EEE45A2A
:1058A00030EE877A01EEA14A02EEA22A04EEA45A53
:1058B00075EEA33A76EE485AB0EEC66AF0EEE56AA7
:1058C00037EE066A05EEA53A86EE006A73EEA63A52
:1058D000C3EE803A78EE868A3FEE23FAAAE784EE9A
:1058E0000E1A82EE0ECA85EE0E0A83EE0EBA9FEDF8
:1058F000373A3CEE002A84ED071AB1EEC01A84ED67
:10590000040A84ED05CA84ED06BA3BEE022A82EE53
:1059100003AAB4EE411AF1EE10FA84ED08AA3DD6BE
:10592000B1EECC0A84ED091A0BF05FFC3BD684ED96
:105930000A0AB1EECB0A0BF058FC39D684ED0B0AFB
:10594000B1EECA0A0BF051FC37D684ED0C0A28EEF2
:10595000080A88EE8E1A8FEE0E2A09EE090AF1EE79
:10596000C00AB1EE4D0A84ED0D2A84ED0E1A03F043
:1059700029FE9FED17AAF0EE480A20EE0A0A84EDF0
:105980000F0AB0EE490A03F01DFE20EE0A0A84ED6C
:10599000100ABDEC108BBDE87040704705F078FF31
:1059A000B0EE401ABCE7B0EE4C0A05F071FFBEE75E
:1059B000B0EE4B0A05F06CFFC0E7B0EE4A0A05F006
:1059C00067FFC2E70000000000007A440024744929
:1059D000E02E6542007D70472DE9FF4701200BF066
:1059E00003F807F0E3FADFF850823A2042F20B4165
:1059F00008F1020208F05EFC8146002800F0F38006
:105A000000240DF10E023A2043F20101ADF80E40E0
:105A100008F050FC78B1BDF80E10012060F342018F
:105A20004FF6FB7001EA0002ADF80E103A2043F287
:105A3000010109F0E5F944F620600AF071F90294D9
:105A4000ADF8064002AD7D4C42F20C402946A0471D
:105A50000BF074FC9FED680B56EC107B0BF002FC16
:105A600041EC100BDFF8D8A142F20E4029468AED36
:105A7000000BA0470BF062FC9FED610B0BF002FCEA
:105A800041EC100B42F2104029468AED020BA04770
:105A90000BF054FC9FED5C0B0BF0F4FB41EC100B96
:105AA00042F2124029468AED040BA0470BF046FC57
:105AB0000BF0D8FB41EC100B42F2244029468AED52
:105AC000060BA0470BF03AFC9FED510B0BF0DAFBF5
:105AD00041EC100B42F2264029468AED080BA04704
:105AE0000BF02CFC0BF0BEFB41EC100B42F22840FB
:105AF00029468AED0A0BA0470BF020FC9FED460BD0
:105B00000BF0C0FB41EC100B42F22A4029468AED13
:105B10000C0BA0470BF012FC9FED410B56EC107BD9
:105B20000BF0A0FB41EC100B42F22C4029468AED11
:105B30000E0BA0470BF002FC0BF094FB41EC100B9A
:105B40000DF106053F4C3A2042F22E412A468AEDDD
:105B5000100BA0470BF09AFB9FED330B56EC107B1C
:105B60000BF080FB41EC100B3A2042F22F412A4609
:105B70008AED120BA0470BF089FB0BF073FB41EC95
:105B8000100B3A2042F281412A468AED140BA047BD
:105B90000BF07CFB9FED260B0BF074FB41EC100B24
:105BA0003A2042F282412A468AED160BA0470BF0BA
:105BB0006DFB0BF057FB41EC100B0DF10E023A2080
:105BC00043F201018AED180BA04750B1BDF80E0059
:105BD00043F2010140F006023A20ADF80E2009F030
:105BE0000FF9012000E0002088F80000484604B0CA
:105BF000BDE8F08700BF00BF000000000000703F5C
:105C0000000000000000B03E000000000000303D39
:105C1000000000000000F03E000000000000103D09
:105C2000000000000000B03D000000000000503FF8
:105C3000000000000000103F70080020F1EE00009E
:105C4000D8C20020B5E200002DE9F84F2DED028BFF
:105C5000A2B08046806820B1B0F1FF3F04DC06208E
:105C600000E00120C8F80800029004918DED060BB9
:105C70009FED7B1B55EC104B9DF81F00294653EC04
:105C8000112B80F080008DF81F00302001920593C9
:105C90008DF82400204606F0B0F99FED730B0699AD
:105CA00000284FF0000A08BF2146079856EC109BC9
:105CB0009FED710B08BF284640EC181B54EC10BB3D
:105CC00055EC187B4A4633463846294606F0BCF95F
:105CD00050B1384629465A4623460BF074FB41EC36
:105CE000180B0AF1010AEBE79FED610B019F2546B6
:105CF000CDF80C8056EC104B58EC189B059B3A469F
:105D00004846414606F06CF988B948464146224665
:105D1000334606F072F950B1484641465A462B4682
:105D20000BF053FB41EC180BAAF1010AE4E74846DB
:105D3000414608F005FC0DF1240808F10106314642
:105D400007F01EFE0299884205DD013118F8012096
:105D500008EB010426E0C94308EB0004A9460590BE
:105D600001EB000857EC185B2846394608F0E8FBC1
:105D700009F0E2FE02460B462846394600F040FD97
:105D80005A464B460BF021FB41EC180B08F0D8FBB0
:105D900000F1300218F1010804F8012FE2D3059850
:105DA0000DF1240800EB0A05D0B2039F35280CD36F
:105DB000601E3021027801320270D2B23A2A02D338
:105DC00000F80119F6E7404544D000202070049CFB
:105DD00015F1030F02DBB868854207DD397B681EC9
:105DE00022460239C9B207F0E2FF012530460BF026
:105DF00097F8013800220121A8421ADB002801D4BB
:105E0000325C00E03022B2F1300318BF012363EAB4
:105E10000101C90705D13978090702D400220121FF
:105E200005E021684B1E23600A7001220021013821
:105E3000E2E738682946234600F00800024330466E
:105E400018BF012206F082FD22B0BDEC028B01B02A
:105E5000BDE8F08F0020013504F8010C09AEB6E76B
:105E600000000000000000000000C0FFFFFFDF4155
:105E7000000000000000F03F00000000000024408F
:105E80008AB0804CDFF800824FF0000B04AD4FF079
:105E90000009002604F1380720460BF03AF898F87C
:105EA00001000028F8D1284602F066FF0028F3D050
:105EB00004362820B6FBF0F0049600EB8000A6EB39
:105EC000C00018B904F11C000BF0B7F96F4829465F
:105ED00006F056FC0BF002F9042814D19DF81400CA
:105EE000C04310F0060F06D007986949884202DCCB
:105EF0006849884207DC1FFA89F0F62828BFF62097
:105F000000F1040902E00120D9FA50F91FFA89FAD8
:105F1000614800233246BAF1640F22BFA8F862B08C
:105F2000A8F810B0A4F842B000970799BAF1630F2F
:105F300088BF0123FCF7F6FFBAF1630F09D840B11F
:105F4000012008F12802394688F802005248FEF77D
:105F500091F80BF0C3F8BAF1630F9DD804289BD1D8
:105F6000DDE90601CA1710EB610142EBE0700B029C
:105F7000000240EA116298F85000C0B3D8F854000B
:105F8000D8E912EA039001300290C8F85400D8E929
:105F90001070B3EB070B62EB000C4FEADB1141EA28
:105FA0004C61C9194FEAEC177841B3EB0E03C8E90D
:105FB000101062EB0A025B0A43EAC253521213EB5F
:105FC0000E0342EB0A02C91AC8E912329041090ACB
:105FD00041EA006298F8510088B112F1B50F4FF014
:105FE000000B04F13807D8BF88F851B054E70120FE
:105FF000C8E91032C8E9123288F850004CE7B52AD7
:106000004FF0000B04F13807FFF646AF012088F887
:1060100051000398A0F2F310B0F5FA6F2FD898F85A
:10602000600098F86110029B08EB4002013000F01C
:1060300003000329A2F8583008F1580288F86000DC
:106040009CBF013188F8611000200B4623B132F863
:10605000027B013B3844F9E7884204F138070ED34C
:10606000B0FBF1F040F2FD72A0F2C711914206D8E8
:1060700080B243F69821B1FBF0F0A8F86200C8F8AE
:1060800054B009E7680200209004002034A80020E2
:1060900000093D00FFF6C2FF18B700202DE9FC47BC
:1060A000D0E900588246D8F80000D0F8409019F4A2
:1060B000F06FC0F8449035D05FEA495117D5D5E963
:1060C0001401411A504609F07BFDD8F8000081699F
:1060D000C90605D401688DF807109DF80710F6E78A
:1060E000296801312960A97B09B90121A973696C6B
:1060F00040684FF0004600F00F0404EA0100B0FAD7
:1061000080F126FA01F1014005D02F6C1FB12A68F9
:10611000AB6C5046B847B4FA84F026FA00F0204041
:106120004042A863D5F85801D8F83C1009F0400760
:1061300040680068D0F804251140394347D0DAE9B7
:106140000064504606F0FEFED7B1F07C90B90BE03B
:10615000316F69B10068B16EB26F8854306FB16F42
:1061600001310138B167306720688169C906EFD510
:10617000F07C28B1D6E91401411A504609F020FDFF
:1061800096F86400E0B13079022819D017B1B179DE
:10619000012901D0316F99B90024B16E012834670B
:1061A00086F86440B46607D1B36CB26FD6F8CC60A1
:1061B00050460094B04703E006F17C000BF0F9F87C
:1061C000504603F077FCD5F858014068006800F2AB
:1061D00004500068D8F83810084228D0D5F8F800E4
:1061E00028B3DAE90076504605F03CFF504604F04B
:1061F0009FFB7879012812D1D7F8F40078B997F885
:10620000E80060B1002087F8E800BB6CD7F8EC101C
:10621000D7F8FC20D7F8504100905046A047D7F857
:10622000F80020B93068816B41F4006181635FEA56
:10623000095023D5D8F8000081690907FCD4016B07
:1062400021F480710163297A91B10020287295F8B8
:106250004400800606D52C6C24B1AB6C504620213E
:106260000022A0475046012109F086FDD8F8000021
:10627000816B21F400618163687908B1BDE8FC8716
:1062800005F58070BDE8FC470BF093B82DE9FF41A0
:10629000DFF8BC81002003900290D8F83840B4B3F6
:1062A000D8F84C0010B9D8F8480070B3D8F84800B6
:1062B00060B12069D8F848100969814206D194F884
:1062C0003300C00602D5D8F84C0090B1002702A8D0
:1062D00087F0010103AA05F031FD0546FFB9F5B1CC
:1062E0000299002900F09D805A480AF059FB0027C6
:1062F00014E0D8F84800C06840880028F9D0D8F8E1
:106300004800C06840880128F3D00127DFE75248E1
:10631000022128300BF051F80027002500242CB36F
:106320004E48466816B30298B0FA80F040092840FB
:1063300001281BD1D8F84800D8F84C10039A87F0F0
:106340000103CDE9003208F1380208F14003B047FB
:10635000012868D0022809D1D8F848000122012379
:106360000069D8F84810B1F9301065E0002C2046DB
:1063700018BF01203840012851D1394821694068AF
:10638000814203D034484FF4806145E002980028F0
:1063900018BF01202840012806D1D8F8480018B9B4
:1063A000D8F84C0000284DD008200AF019FA94F8CB
:1063B00033004C25C00608F1380058BF48250AF0C4
:1063C00039F848F80500274BD4E90601C2439A6022
:1063D000DA681043D860C8431860586808432146FB
:1063E00058600820E5680AF0E9F828460AF076F8CF
:1063F000288843F60601411A022906D3B0F5C15F89
:1064000003D040F60201884203D1012029460AF058
:10641000D5F811484FF0804128300AF0CEFFBDE892
:10642000FF8100277BE70398002818BF044601225C
:106430000023B4F9301020690092002201F0ECFE34
:10644000BDE8FF81082009F031F8BDE8FF8100BFF9
:106450007C06002098C400206005002098080020D9
:10646000C0030020081004402DE9FE4FD0F8008042
:10647000994614460E46824613B10020C9F8000022
:106480000AF084FD834698F8070038B198F8640054
:1064900048B10AF050FF6FF00805B4E00AF04BFF76
:1064A0006FF00E05AFE0002C4AD0504606F04AFDD2
:1064B00000200121C8E91A64C8F87040C8F87800C3
:1064C000C8F8380088F80C0088F80A00504688F8A8
:1064D000641008F085FE504603F0ECFA08F14C0415
:1064E00002AD2046294609F0B6FFD8F87810D8F852
:1064F00070707218B84238BF0746029910463A4683
:106500000AF076FF2046394609F0A3FAD8F8700061
:10651000D8F87810C21B3944012FC8F87020C8F889
:10652000781001DBB842DCD198F8041002290CD1B4
:106530000020C8F8680088F86400C8F870001CE003
:106540000AF0F9FE6FF009055DE0B84215D10020B0
:10655000D8F86860012988F86400C8F868000CD190
:106560000124584688F810400AF0C7FE98F80F003A
:1065700000284BD00AF00AFD83460AF0DCFE98F8AA
:10658000040008B100252FE0D8F8701008F17C0055
:1065900031B30C990AF047FE10B1012088F80C00C5
:1065A0000AF0F4FC0446504606F0CCFC0020C8F883
:1065B0006800C8F8700088F86400504603F07AFA62
:1065C00098F80A6098F80C5020460AF096FE002DC4
:1065D00018BF6FF00C05002E18BF6FF00D0503E01B
:1065E000002100250AF01FFE0AF0D0FCB9F1000FCF
:1065F00007D098F8041001291CBFD8F87810C9F802
:1066000000100AF07AFE2846BDE8FE8F002598F8B3
:1066100010000028AED00AF0B9FCA8F80F400AF02C
:106620006CFED8F84830D8F87820D8F8CC705046AE
:1066300031460095B84788F80F50E8E72DE9FE4F3E
:10664000D0E90198D8F80010CA690A62D20740F070
:10665000AF80D8E904014FF0000A4FF0000B084367
:10666000D9F8CC1049680968C1F8040509F130006F
:10667000029009F1C8000190BBF1010F00F2A18066
:10668000D9F8C000002800F09C80D9F8E010DC2286
:10669000D9F8CC702023002908BFD82208BF1823BE
:1066A00058F803404FF0240308BF1C237F68D8F834
:1066B000146058F803303F68D7F80455354211D0BC
:1066C000A46864070ED10468D9F8D050A54209D156
:1066D00044693CB9D8F80040656A25F00205656256
:1066E000C7F804659B685B0702D00BF1010BC3E799
:1066F00059F80230002BF8D049F802A0B1FA81F124
:10670000D9E934424909006849011A448442C9F868
:10671000D420C9F8E01028BF82420CD24846414636
:1067200000F0D0FE99F8FE000028DED00AF042FA10
:1067300018BF8862D9E70AF029FCD9F8C820D9F82F
:10674000C010019B81F810A022B113465269002AA3
:10675000FBD114331960C9F8D4A04A69C1F814A058
:10676000D9F8E01000294FF0DC01C9F8C02008BFBB
:10677000D82159F80110C9F8D0100AF0BEFDD9F897
:10678000C00058B14846414600F09CFE99F8FE0012
:1067900050B10AF00FFA18BF886205E0D8F800007F
:1067A000416A21F00301416202980AF008FE9CE769
:1067B000D9F8C0203AB103211174BDE8FE4F05F0AD
:1067C00075BABDE8FE8F486820F002004860486A4C
:1067D00020F003004862D8E904021043D9F8CC2025
:1067E00052681268D062C2F80405486920F00100BE
:1067F0004861012008624046BDE8FE4F09F0B1BC87
:106800002DE9FC4F83F0004301E02DE9FC4F1F030D
:10681000FF0847EAD2574FEA42284FEA43095FEAA6
:10682000595906D147EA080A1CBF00210020BDE8DB
:10683000FC8F57F000575FF4E06E1EF1FF0EF1453C
:1068400005D14FF00000190D0905BDE8FC8F002BA4
:1068500005D55FF0000AD8F100086AEB07070C03C2
:10686000E40844EAD0544FEA40254FEA4106760D49
:1068700008D144EA050A19BF002100201946104634
:10688000BDE8FC8F44F00054764504D10020090D8A
:106890000905BDE8FC8F002904D55FF0000A6D42B0
:1068A0006AEB0404B6EB090E08D5A2463C465746EF
:1068B000AA464546D046CEF1000E4E46BEF1360FF2
:1068C0005CBF4FF0000B23E0BEF1000F04BF4FF0A0
:1068D000000B1AE0CEF1390ABAF120092EBF08FAEE
:1068E00009FB07FA0AFB4BEA080BDEF1200A07FA5C
:1068F0000AFA38BFBA4647FA0EF72DBF28FA0EF843
:10690000AEF1200E4AFA0EF8D04415EB08057C4192
:1069100054EA050A02BF00210020BDE8FC8F002CCC
:1069200058BF4FF0000A06D55FF0010A5FF0000E75
:106930006D426EEB0404A6F101066D006441FAD5C8
:1069400015F4806E11D005F480794BEA090B15F52A
:10695000806554F1000428BF761C0BD205F4007941
:106960005BEA090B08BF25F4006525F4E0656D00BE
:1069700044EB0404B61CDEBF00210020BDE8FC8F00
:106980005FF4E06E1EF1FF0E76450AD34FF0000073
:1069900013F00043FF21C900C91D09051943BDE8D3
:1069A000FC8F270547EA1530210B41EA065141EAE1
:1069B000CA71BDE8FC8F70472DE9F04F8FB0634975
:1069C000012008700AF004F803F080FE604C0B20F0
:1069D0000121A047182000210027A0475D485E4DF7
:1069E000A8470B200AF040F901200AF047F91620C9
:1069F0000021A04742F21070A84716200121A047AD
:106A00005648A847112007F0D1FE4FF47A70A847E6
:106A1000112007F0CBFE4FF47A70A84701A84FF081
:106A200005094FF0030A4FF0000800F10C040BA811
:106A3000851CB9F1000F35D0012006F041F938B3BB
:106A40002020AF81AF606F602F60CDE90977CDE97D
:106A50000777C4E90077A760ADF82C0007A803907A
:106A60000BA8CDE901A001A809F0CAFF06469DF8D0
:106A70001EB0012007F02EF8322009F051F9002E47
:106A800018BFD84604D0A8F10100C0B2FE280ED32A
:106A9000112007F08BFE4FF4FA6009F041F9A9F1DB
:106AA0000109C6E7A8F10100C0B2FE2846D2DFF80E
:106AB0009C902B4E01250220E02189F8015089F895
:106AC0000280B0472348244CA04701200121B04751
:106AD00003201021B04704204021B04705200021A9
:106AE0004FF00008B04706202C21B04707200C21AA
:106AF000B04709200021B0470A208721B04718205D
:106B000001210AF02DF944F62060A047154F11200D
:106B1000B8474FF47A70A0471A20B8471248A047E8
:106B20001120B8474FF47A70A0470A200721B047D8
:106B3000042089F8008002F02FFA03E003480025C2
:106B40000570457028460FB0BDE8F08FBE080020E4
:106B5000610D0100A086010021FD000040420F00F0
:106B6000FDDD0000ADE7000020A107002DE9F84F92
:106B700083464FEA8209DDF828C05FEA094008BF72
:106B80004FF448799BF81A520BF20222032622F89E
:106B90001590BCF1000F18BF0226DBE96570F140CB
:106BA00027FA06F43944091B6C1C0C25B4FBF5F5D7
:106BB000CBF89411091A05EB4505A4EB85048BF875
:106BC0001A4288BF00EB910041080B9CCBE967019A
:106BD0009BF81B120B299CBF01318BF81B120E4630
:106BE000002526B132F8020B013E0544F9E7B5FB5A
:106BF000F1F09BF8FBA10BF5DD7881B2ABF8FE015B
:106C00008808ABF8FC019BF8FA0128F810900130D5
:106C100000F01F07BAF1200F8BF8FA713CBF0AF1A0
:106C2000010A8BF8FBA10120A4F8089063605FFAC9
:106C30008AF520704EF66020B0FBF1F1E1729BF80E
:106C4000201221F050016CF3861121748BF8201270
:106C50001FFA89F100EB5100B0FBF1F0C0B21E2821
:106C6000014698BF1E21DC2888BF6FF02301002059
:106C7000A172022D01D2A0813DE02946424621B1F8
:106C800032F8023B01391844F9E7B0FBF5F2002075
:106C90002B464646002133B136F8024B013BA41A7D
:106CA000C4FB0401F7E72A46002300260AF022F875
:106CB00009F077F80B996A1E0025D3B28881A7EBFB
:106CC0000A000021ECB29C420ED22C18013504F0CF
:106CD0001F07013404F01F0438F8177038F8144007
:106CE000E41BC4FB0461EDE7304600230AF002F820
:106CF00009F057F80B9CE0810020ABF80092CBF82C
:106D0000B001CBF8A401BDE8F88F002101757047F0
:106D10002DE9F84F2DED085B90463022009101904F
:106D20009FED591B55EC104B02708DED040B29465D
:106D30009DF8170053EC112B80F080008DF81700A0
:106D40002046CDE9023205F058F904999FED500B29
:106D500000284FF0000908BF2146059808BF2846C3
:106D600055EC10AB9FED4E0B40EC181B5BEC104B41
:106D700056EC187B52462B463846314605F064F9EE
:106D800050B13846314622465B460AF01CFB41ECC6
:106D9000180B09F10109EBE79FED3F0B264647462B
:106DA00058EC104B55EC18ABDDE902325046294641
:106DB00005F016F988B9504629462246434605F0A3
:106DC0001CF950B15046294632465B460AF0FDFA9E
:106DD00041EC180BA9F10109E4E75046294607F0F8
:106DE000AFFB019901F10108414606F0C9FD00EB36
:106DF0000901BA46396008EB000700984844451C71
:106E0000012D1BDBB14656EC184B2046314607F0EE
:106E100097FB08F091FE02460B4620463146FFF7ED
:106E2000EFFC4A465B460AF0D0FA41EC180B07F03B
:106E300087FB303007F8010B013DE4D117F8010C56
:106E400035280DD3B81E3021027801320270D2B23B
:106E50003A2A02D300F80119F6E70199884208D0CE
:106E6000002007F8010C4046BDEC085B01B0BDE80E
:106E7000F08F0020DDF8048007F8010CDAF800003C
:106E80000130CAF80000EEE700000000000000003A
:106E90000000C0FFFFFFDF41000000000000F03FE6
:106EA0000000000000002440B0B560480021604CA4
:106EB000016094F83A01032812D002282ED001284C
:106EC00040F0AF8094F8400105F0ACFB002084F85E
:106ED00040015948817B0220002908BF06209EE01E
:106EE00054480168B1F5C060C4F82C01B8BFC1F5C1
:106EF000C060D4F81011002900D5494288422ADD2B
:106F0000D4F8140109F09AF9D4F8180109F0A8F995
:106F1000D4F8280109F0C8F901201DE045480568AA
:106F200009F05EFFC4F8140109F062FFC4F818010B
:106F300009F066FFB5F5C061C4F82801C4F8101166
:106F400009D094F830215AB1D4F81401D4F8202192
:106F5000D4F82C110AE0002084F8300106205EE00D
:106F6000C4F82401D4E94502C4F82C110223C4F862
:106F70001C01002901EB410148BF6FF001031944D6
:106F8000042391FBF3F111440029C4F820110FDD13
:106F90001F2931D3D4F824212AB33E28A8BF3E208C
:106FA00001302929A8BF2921C4F81C010B3909E0A7
:106FB000D4F82421032A09D111F1140FD8BF6FF09E
:106FC00013011531C4F82011002113E00128D8BFA6
:106FD0000120013811F10A0FD8BF6FF00901C4F880
:106FE0001C010B3103E03329A8BF33211539C4F844
:106FF00020110321C4F8241109F020F9012009F01F
:1070000041F9D4F8200109F02BF9D4F8240109F052
:107010004BF9A5F2FF510420032938BF0620C4F81C
:107020003C01BDE8B04001F031BF00BF3C500C4016
:107030000000002008400C401C2F01002DE9FF47F4
:10704000D0E901590E46044609F0A0FF95F8FD105D
:1070500021B97169102901D8032906D80AF04DF920
:107060000024204604B0BDE8F087012785F8FD70B4
:107070000AF043F900204E4A85F8FC00C5E93000CB
:10708000C5F8C80085F8FE003069C5F8E4007069ED
:10709000C5F8E800307B85F8F9000028317885F8DC
:1070A000F8107168C5F8EC10B9F80E10A5F8F610D4
:1070B000317E52F8211085F8FA1008BF1027C5F864
:1070C000F07099F80C0003F0B7FE204606F0CAFFF6
:1070D00099F83B00374985F8FB008A46D4E90187D7
:1070E0003A6B97F83A0003F04FFE7A6B98F8FB0082
:1070F000514603F049FE98F8F91097F83800012935
:1071000015D1FA6A514603F03FFEBA6A97F8390082
:1071100046F2020103F038FE98F8FB00264909F018
:1071200027FB98F8FB00214609F030FD0AE0BA6A17
:1071300046F2020103F028FEFA6A97F83900514638
:1071400003F022FEE846404609F012FE99F80500D9
:107150001A4A4346CDE90040284699F8041007F042
:10716000D7FD404609F06CFED9F8080014494246A4
:107170000094029005F1300008F02EF906F0E2F8D4
:10718000104AC5F8CC0005F11C000421234609F083
:107190009DF895F8F80008B1B06805E005F16C00BD
:1071A000002109F02BFA0848C5F8BC0059E700BFD8
:1071B000602E010002600020BD9800003D660000C6
:1071C00049E1000025110100DD120100FEB5044671
:1071D0005A480078A04213D908780D46012801D1F9
:1071E000686868B16878012801D1A86840B1544F37
:1071F00057F8346009F0CAFEF17921B10AF07DF840
:1072000000242046FEBD07EBC40401216768F1712C
:107210000AF073F8002005F1040C7074F081B0607E
:1072200030602988B180A98BC6E93D00C6E90E000F
:1072300086F86400B186297D2B69B1719CE806103F
:10724000C6F85021BCF1000FC6E910C34FF0FF3261
:10725000C6F8CC10A969C6E93B203163A97F86F83E
:107260003610296AC6E91A00C6E91C00B16486F81E
:10727000E800C6F8580102D13249C6E9101097F863
:10728000400003F0D9FDD7E9031206F14C0009F0E4
:10729000CFFDD7E9051206F1D00009F0C9FD2A4952
:1072A00038680968C96888477A6C97F8240046F2FC
:1072B000020103F069FD254DBA6C97F820002946BC
:1072C00003F062FDF86901280CD1FA6C97F82800E8
:1072D000294603F059FD3A6D97F82C0046F2020159
:1072E00003F052FD06F02EF8C6F85801204601F0D2
:1072F000E5FF174A06F5AE700421234608F0E6FFC5
:107300006D46284609F034FD387A7968114A2B46D3
:107310000094019006F1140007F0FAFC06F17C00DD
:10732000002109F06BF906F58070002109F066F97B
:107330003868D7E90C121060486062E7BB3301007F
:107340009832010063C00000D001001002600020EC
:107350002D0C01009D6000002DE9F84FD0E900B729
:10736000984616468946054613B10020C8F8000025
:107370008EB109F0D4FB824609F008FE04469BF862
:10738000070060B19BF8E80078B109F0C2FF6FF028
:107390000800BDE8F88F6FF00900BDE8F88F09F02C
:1073A000B8FF6FF00E00BDE8F88F00200121CBE997
:1073B0003B96CBF8F460CBF8FC008BF8E810CBF8E8
:1073C0003C008BF80D008BF80B000BF58070002152
:1073D000009009F028FF384609F050FEBAF1000F7E
:1073E00002D19BF8050070B3284603F0A1FA09F01A
:1073F00090FF9BF8050068B90A99009809F013FFFF
:1074000010B101208BF80D00284604F02BFE00205F
:107410008BF8E800B8F1000F1CBFDBF8FC00C8F8DF
:1074200000009BF80B0030B100208BF80B006FF0D0
:107430000D00BDE8F88F9BF80D00002818BF6FF015
:107440000C00BDE8F88F09F064FFD5E9007497F8E7
:107450004400C00615D5D7F840C0BB6C28461021A3
:107460000022E0470DE0D7F8FC00314609EB0002AE
:10747000204608F035F8D7F8FC10361A0144C7F852
:10748000FC10002EEFD1204609F0E2FC0028FAD0D3
:10749000204609F0E7FD97F84400800605D53C6CCE
:1074A000BB6C284620210022A0470020B8F1000F25
:1074B00087F8E800C5D0D7F8FC00C8F80000002025
:1074C000BDE8F88F2DE9FC4FD0F8C080D0F8D0C0CF
:1074D000D0F8E820D8F80030C346E6469C4511D3E2
:1074E000D8F814B0BBF1000F00F0898090F8FC30A0
:1074F00005244FF0000E002B08BF0124DBF80030FC
:107500008BF81040A3EB0E05A2F1080AB5F5806FC9
:1075100028BF4FF48065D0F8D82032B101F12003A4
:1075200001F12402C0F8DC5005E0C0F8D85001F1A8
:10753000180301F11C020026BAF1000FC8BF012692
:10754000DBF8044012681F68CDF800E07CB1354BD1
:1075500053F82630BB6005FA06F30126BAF1000F96
:10756000C8BF02260EFB06332344013B05E02E4B29
:1075700053F82630BB6000F1F6033B6043F6F0742D
:107580000191D1F8009004EB0516264009F1080E90
:10759000C7F804E0BC683443BC600024BAF1000FB3
:1075A000C8BF0124DBF808709FB16146DFF87CC0DA
:1075B0005CF824308C46936005FA04F30124BAF198
:1075C000000FC8BF0224009901FB043139444C1E4E
:1075D00005E0154951F8241000F1F404916054605D
:1075E000C2F800E0916831439160C34504BF05EBE8
:1075F0000C01C0F8D01090F8FE10019A09B1BDE856
:10760000FC8FD9F8241041F00301C9F82410D0F8F8
:10761000CC00D2E904124068114300688162BDE8E1
:10762000FC8F00BF482E0100502E0100582E010093
:107630002DE9F84354EC105B554AE04310420DD15C
:10764000284621462A46234609F0BFFE2A462346FD
:10765000FFF7DBF841EC100BBDE8F883002C04DDEC
:10766000201590B191462A4626E024F00040284398
:1076700000F08680B4F1FF3FF2DC09F02BFE9FEDB5
:10768000420B21210160BDE8F883002024B969057F
:10769000EC0A15380D46F9E791460021E20202D4C2
:1076A00001316400FAE7C1F12003401A05FA01F242
:1076B00025FA03F301301C430121A0F2FF3C4FF0F7
:1076C000000861F31F545FEACC701EBF600040EAFF
:1076D000D27452000025600040EAD2744FF40010CA
:1076E000520060B14119A142DCBF80440D18611AFB
:1076F000B8BF21464008490041EAD274F0E74FF094
:10770000000E4FF000470020FFB1C119AC4212DD5E
:10771000641B00260023BE448A4238BF013C002976
:1077200048BF0126C819B0F1FF3FC8BF012333404D
:10773000521A1D4403E002D18A42E9D22546610073
:107740007F0841EAD2745200DEE752EA040009D011
:107750001EF1010019BF0EF00100864408F1010876
:107760004FF0000E09F100410A4A4FEAC87001EAE1
:10777000CC4140EA5E0001EB6801114441EC100B82
:10778000BDE8F88300BF00BF000000000000F87FE4
:107790000000F07F0000E03F2DE9F84F2DED028B57
:1077A0009CB054EC105B9FED4C0BD0F808B08846B1
:1077B00081462846214657EC106BBBF1FF3FDCBFEA
:1077C0004FF0060BC9F808B032463B4604F022FCE5
:1077D0009FED430B00281CBF3C46354628462146FA
:1077E00044EC185B53EC102B04F0FAFBB8BB9FED94
:1077F0003E0BCDE900B947464FF0000A5BEC106B39
:107800009FED3B0B55EC104B58EC189B32465B46FA
:107810004846414604F0F1FB50B1484641462246F5
:107820002B4609F0D2FD41EC180BAAF1010AEBE757
:10783000DDE900B9B84656EC187B22462B4638469F
:10784000314604F0F4FB60B13846314622462B46FF
:1078500009F0B9FD41EC180B0AF1010AEBE74FF012
:10786000000AB0EE480A03A802AA5946F0EE680AD8
:10787000FFF74EFA029D0446022D09D1204609F079
:107880004FFB204400210AF1010A012500F8011CE8
:1078900099F80C105046424606F089FAD9F80820AB
:1078A00020462946434607F035FE204609F038FBBE
:1078B000854206BFD9F80000C0F3C0020122294664
:1078C0004346204605F042F81CB0BDEC028B01B0E7
:1078D000BDE8F08F00BF00BF000000000000F0FF17
:1078E0000000000000000000000000000000F03F69
:1078F00000000000000024402DE9B04F2DED0A7B70
:10790000DFF834810546002498F80000012840F093
:107910008D809FED4A8A4A48E946B1EE00BA4FF0A1
:10792000000B082D38BF40258246B0EE48AAB0EEC5
:10793000489A002D48D048460621ADF804400094EE
:1079400005F088F9D0B39DF805009DF804100BF1FF
:10795000010B41EA002100070A466FF3DF2248BF0E
:1079600041EA0A0200EE102A9DF803309DF800005B
:107970009DF801109DF80220B8EEC00A40EA0120EF
:1079800000EE0B9A42EA03271B073A466FF3DF2209
:1079900048BF47EA0A0200EE102A09070246B8EE7D
:1079A000C00A6FF3DF2200EE0BAA48BF40EA0A02CA
:1079B00000EE102AB8EEC00A00EE0B8A41F28830C1
:1079C00008F0AEF9013DB4E7BBF1000F2DDD00EE8C
:1079D00010BA9FED203A4FF07E509FED1D2AB8EE71
:1079E000400AC8F8100017A08AEE001A88ED021AA3
:1079F00088EE001A89EE000A88ED011A9FED131A2D
:107A0000B4EE410AF1EE10FAB4EE430A48BF043076
:107A100090ED001AF1EE10FAC8BFB0EE421A30EE47
:107A2000010A012488ED030A00E000242046BDEC91
:107A30000A7BBDE8B08F00BF9C070020000000005B
:107A400000F0FFFF00007AC400007A440000FAC38F
:107A500000007AC40000FA432DE9F047012816D14E
:107A6000DFF830A1DAF83401012813D10220CAF876
:107A7000340108F079F80120012407F05BFF60B1C0
:107A8000CAF8344108F06AFD4FF0FF347FE06FF030
:107A900001047CE06FF0040479E09AF85A419AF806
:107AA00059119AF85801002C18BF0124002918BF59
:107AB0000234002818BF0434012009F0A3FA013869
:107AC00018BF01209AF83811B1FA81F1490910EA7A
:107AD000010902D1002002F02BFDDAF808002E4D3A
:107AE00010F0010807D12D4F286A81683846884771
:107AF0000428F9D00646404609F08BFBB8F1000F88
:107B000008D1012E04D1286A0121426823489047F8
:107B100009F05EF928684169204688479AF85401BF
:107B200018B14FF4806009F073FA9AF8530118B154
:107B30004FF4816009F06CFA1948012101600320BB
:107B40000021CAF8340117480160204606F0A6FD5E
:107B50000128FAD1144E3068042007F0EBFE0446E9
:107B600012480125B9F1000F0560306802D10120EB
:107B700002F0DEFC09F072FB082007F0DBFE044394
:107B8000CAF8345118BF4FF0FF3408F0E7FC204624
:107B9000BDE8F08700000020B8010010004003405D
:107BA000282008600C2008402C2009400C40094087
:107BB000B0EEC01A10EE100A11EE101AB1F1994F82
:107BC0000CD3B1F1FF4F84BF30EE000A70474CA1D7
:107BD0000028C8BF043191ED000A70473F4A914226
:107BE00010D29FED3F1AB7EE002A4FF0FF3330EE70
:107BF000011AB4EE421AF1EE10FA38DDB1F1665F07
:107C000035D2704702F5380399420DD202F5A00330
:107C100099421BD2B0EE000ABFEE002A002331EEDB
:107C2000000A31EE011A18E002F19E73994219D24E
:107C3000B7EE080AB7EE002A022301EE002ABFEED3
:107C4000080A31EE000A80EE020A10E0B7EE000AE0
:107C5000BFEE002A012331EE000A31EE021A81EE56
:107C6000000A04E0BFEE000A032380EE010A20EEC2
:107C7000002A9FED1C1A9FED1C4A9FED1D5A914250
:107C800022EE023A03EE014A23EE041A9FED174A50
:107C900003EE045A9FED174A03EE054A22EE042A2A
:107CA00031EE021A02D200EE410A70471249002852
:107CB00001EB830191ED002A104910EE012A01EB3E
:107CC000830191ED001A32EE400A31EE400AB1EE26
:107CD000401A48BFB0EE410A704700BF0000E03EC6
:107CE000CAF249714712DABD98CA4CBE25AC7C3D38
:107CF0000DF5113EA9AAAA3EDC2C0100CC2C0100F6
:107D0000DB0FC9BFDB0FC93F2DE9F047DFF8349126
:107D1000D9F840A0BAF1000F00F088800AF10C02F7
:107D20000820FF2151FA80F0C3B21B1A18BF0123AB
:107D300012686AB163B11388A3F60303012B01D95A
:107D40000432EFE7DAF8100092E8FA003830FAC0AF
:107D5000DAF808200025DAE90A10CAE90A55B2B1B2
:107D600010F0E2440CD021F00F0220F0E2434FF07B
:107D7000000852EA030005D009F0BDF8B04701E061
:107D80008846044609F0B7F842462346B04709F052
:107D9000FDF80446B9F8560001306FF31F30A9F81A
:107DA00056004FF6FD70AAF8300009F140008AF83D
:107DB000335008F03FFB204609F09FFAB9F856000F
:107DC000B9F85410884231D11F48204940680D68E5
:107DD00030B190F8FC200720002A08BF052000E001
:107DE00005204C6804F0CAFE55B195F8FC0000214E
:107DF00000284FF0000008BF286885F8FC1000E05C
:107E0000002044B194F8FC200021002502B9256827
:107E100084F8FC1000E00025A84288BF0546681CD5
:107E200004D02DB9BDE8F04708F0BEBCBDE8F0872E
:107E3000F9F7D8F9B5FBF0F10548BDE8F04708F0CF
:107E4000AFBD00BF7C060020C003002060050020FD
:107E500054C400202DE9FC4191EA03084CBF4FF0C7
:107E600000484FF000084FEA03354FEA1535560039
:107E70006D4176006D414FEA43075FEA575711BFE6
:107E800045F4800500210020BDE8FC8140F2007E21
:107E90001EF1FF0E774578D04FEA01334FEA1333D6
:107EA00042005B4152005B414FEA4104640D11BF47
:107EB00043F4800300210020BDE8FC81744564D0B8
:107EC000E41B002100205FF0370EAB4200D1B2422C
:107ED00005D340414941921B63EB050301E040415A
:107EE0004941BEF1010E05D053EA020702D052000B
:107EF0005B41EAE7BEF1200F09D2BEF1170F0CD3A8
:107F0000CEF1200720FA07F100FA0EF00FE0AEF1F3
:107F1000200E00FA0EF1002009E001FA0EF1CEF178
:107F2000200720FA07F741EA070100FA0EF011F4E2
:107F3000800F06D1401C51F1000140004941641EF0
:107F400002E0801C51F1000111F4000F1ABF641C03
:107F500021F4000121F4800140F20037FF37E419D9
:107F6000DEBF00210020BDE8FC8107F58067BC4230
:107F70000BD249084FEA300049084FEA300041EA85
:107F8000045141EA0801BDE8FC810020FF214FEACD
:107F9000C101C91D4FEA015141EA0801BDE8FC8158
:107FA0002DE9FF47044645480078A0420AD9444FCE
:107FB0000D4657F8346008F0E9FF96F8E01031B14B
:107FC00009F09BF90024204604B0BDE8F08707EBD8
:107FD000C4044FF00109D4F804A086F8E09009F039
:107FE0008CF99AF8100002F027FF364F002D18BFC9
:107FF0002F46354DF868411C002808BF0AF11301CF
:10800000097808BF0AF11100007886F82511294681
:1080100086F824019AF8122002F0B6FE9AF814208D
:1080200096F82501294602F0AFFEDAF800004FF07D
:1080300000086D46C0F81088397831707968716031
:10804000397AC6F82011C0F81C98284608F090FE2E
:10805000DAF808001D4A2B46CDE9004006F114006D
:10806000DAF8041006F054FE284608F0E9FEDAF8C3
:108070000C0017492A460094029006F1E40007F02C
:10808000ABF906F13000012108F0B8FA307830B9C8
:1080900006F18000002108F0B1FA0E487060204619
:1080A000C6F81080C6F80C8005F096FC0A4A06F562
:1080B00096700421234608F009F984E79F300100F7
:1080C000903201001030010000400024919C00001B
:1080D000DDB4000045120100A10B010049494879B7
:1080E00000B170470878DFE800F0044E141C0C6201
:1080F0006E2B8879012861D1464890ED000A03F083
:1081000079BB498A40F2E730814238BF084604F023
:1081100011BA8879012851D13E4890ED020A03F046
:1081200069BBC879012849D191ED070A9FED381A3A
:10813000B4EE410AF1EE10FAA8BFB0EE410A30E009
:10814000C87801283AD13048BEEE002AB6EE001AAF
:1081500040F2E73190ED190AB5EE400AF1EE10FA5F
:10816000A8BFB0EE412A30EE020ABDEEC00A10EE02
:10817000100A002848BF404200B28842B8BF0146FA
:1081800088B204F0D7B98879012817D12148B2EE16
:10819000041A90ED010A80EE010AB6EE001A30EEE4
:1081A000010ABDEEC00A10EE100A04F0C3B9487A05
:1081B000012803D191ED080A03F01CBB2D202D21CD
:1081C0002D2206F059BB10B50F48002340F2EE24D3
:1081D00090F843206FF0250050FA82F0B7284FF056
:1081E000000038BFD0B2094AD2F8B021A24228BF5D
:1081F0001846898A002918BF0121BDE8104003F004
:10820000ABBA00BF900400206802002018B700201D
:1082100000C07944DC0200202DE9F84F4FF00054F3
:10822000002A994616460F46804618BF4FF08044F4
:108230004D1C08F0ABFE824635B14046394600225F
:1082400006F04EFA07460FE03C48816C11B109690F
:10825000414506D0C16C11B10969414503D0876B16
:1082600002E0876C00E0C76C37B197F93300B0F1DA
:10827000FF3F03DD04245BE0032459E0DFF8BCB0DA
:108280000A9DDBF84800874218D0DBF84C00874293
:1082900029D0404639464A462B4603F093FD002834
:1082A000E8D02748017E012941D0007E04283ED035
:1082B00024482549283009F080F838E0DBF84800E8
:1082C0000022234607F010FE08F07EFE1F48002E15
:1082D00018BF00F5803008F001F9F5B1DBF848006F
:1082E00008F08DFF0CE008F06FFE1848002E00F13A
:1082F00000501CBF0120C2F2024008F0EFF865B147
:10830000DBF84C0008F07BFF38690E49086291F8F1
:10831000240040F0010081F82400B9F1000F06D0DC
:10832000DBF83810404601222B4603F04BFD832436
:10833000504608F0E2FF2046BDE8F88F7C0600209A
:10834000C00300206005002002000040010001047D
:108350002DE9F84F2DED086B0C4601460020002A50
:108360007DD0002B7BD008461546039307F0E4FB35
:108370009FED3D0B53EC102B09F025F895ED120BFA
:1083800083468A465A46534651EC100B09F01DF8B5
:10839000064620460F4607F0CFFB02460B46304606
:1083A0003946FEF732FA9FED320B04460E4651EC89
:1083B000100B9FED310BCF0F3146204658EC109B30
:1083C00067F3DF714A46434603F017FE60B995ED47
:1083D000020B4A46434651EC100B029167F3DF71E2
:1083E000019003F00AFE08B1002038E058465146DB
:1083F0002246334608F0E7FF9FED210B53EC102B8C
:1084000008F0E3FF95ED000B95ED048B95ED069BD1
:1084100053EC102BFEF7F4F9DDE9012306460F4675
:1084200008F0D1FF02460B4651EC190BFEF7EDF9AF
:1084300004460D463046394632463B4608F0C5FFF5
:1084400002460B4651EC180B08F0BFFF22462B46A4
:10845000FEF7DBF904F05AFB039908600120BDEC3C
:10846000086B01B0BDE8F08F00000000000028405C
:1084700000000000000000008DEDB5A0F7C6B03E82
:1084800000000000000020412DE9F04790460C4616
:1084900006464FF001096068D6E9007A10B9E06835
:1084A000002848D008F072FD3978012901D1F96817
:1084B000B9BBFC603C61C4F8149008F01EFF07F1E2
:1084C00030050021284608F0AEFE013008D138788A
:1084D0000128E0D02846414608F0A5FE013030D002
:1084E000387820B907F18000002108F09CFE08F0E0
:1084F0000AFFDAF8040008F048FF3046214604F08D
:10850000EDF98146DAF8040008F041FFB9F1000FF7
:1085100002D008F0F5FE44E0387808B34FF00009C7
:108520003FE0F96849690A3110D16FF00A016161D1
:10853000D4F8149011E06FF00A006061D4F8149040
:1085400032E06FF00209C4F814902DE001214FF0E1
:108550000009616139693C61CC6108F0CEFE23E01D
:1085600007F180094146484608F05DFE013016D10A
:1085700008F00CFD8046F86870B1304607F050FCFA
:10858000404608F0BAFE48464FF0FF3108F04BFE77
:108590006FF00200606102E0404608F0AEFED4F8E1
:1085A0001490284608F005FF4846BDE8F08770475C
:1085B0002DE9F0410546880058BFBDE8F081002054
:1085C000002405F059F93D493D483E4FCC61086013
:1085D00040F60A008846B887FC8797F8480000F004
:1085E000F00087F848003C6497F8490000F0F0007C
:1085F000013087F84900284602F07AFEAC68012075
:1086000021460E46496849B10A88A2F60302072AA4
:10861000F7D800FA02F212F0830FF2D0707B00F06C
:10862000F000707307F13C0070602748806B28B140
:10863000C0680088A0F6030002281AD3284630F844
:10864000381FB1B10021E9636987386495F84400A7
:1086500095F8451000F0F00085F8440001F0F000B6
:10866000013085F8450097F8490000F0F00087F8E0
:10867000490008F0C7FA1548F86197F8250030B1AD
:1086800007F01EFC0028FBD005F0CCFD0BE001201C
:1086900008F0B8FC012806D0707B00F0F000013033
:1086A00070730B48F86100202146C8F81C00C8F818
:1086B00000400120BDE8F04107F080BF00100440F9
:1086C00001010E04C00300207C06002025340000B8
:1086D000CDDF00002DE9F04F89B0DFF80CA1054691
:1086E0000C469AF80000002870D000200DF12202FC
:1086F00043F6FF71ADF822003A2005F0DBFD064697
:1087000000286CD0BDF82270F80756D027F001027F
:108710003A2043F6FF7106F073FB4FF00008DFF8D4
:10872000CCB03A2044F20501ADF82080ADF81E80AF
:1087300008AAD8470DF11E023A2044F20801D84792
:10874000BDF91E00ADF81C80ADF81A8044F2060198
:10875000BDF92090804607F07C0044F2070704280A
:1087600008BF44F2040708BF44F2030107AA3A20F5
:10877000D8470DF11A023A203946D847BDF91A00F8
:10878000DFF870B0BDF91C704146039018485A4696
:10879000CDE9040005AB4846FFF7DAFD68B104A84F
:1087A000039B41463A46CDE900B04846FBF794FFAB
:1087B00018B1DDE90410CAE9010115B1DAF80400C5
:1087C000286064B1DAF80800206008E015B1DAF832
:1087D0000400286014B1DAF8080020600026304652
:1087E00009B0BDE8F08F00BF70080020B5E20000BE
:1087F0000000C841D8C200202DE9F04387B0DFF85F
:10880000F88081462025EFF3118085F31188D8F890
:1088100038501DB180F31188002569E0C8F8389000
:10882000364F80F311880020C9F80C104FF48031C6
:10883000C9F81C20C9E91200C9E90801002B18BFBA
:108840001F46D7E90116C9F81810397B012905D14F
:10885000C9E91060C9F8146030460CE0284A314676
:108860000023002508F046FAC9E910012549C9F896
:1088700014008E423CD897F800C0DFF88CE000214D
:10888000C9F85C10C9E91510BCF1020F08BF014618
:10889000C9F8501001AB9EE8F5001946BCF1000F75
:1088A000F5C108F124001A4ACDF808900090174845
:1088B00008BF0246142109F1280007F085FD05468E
:1088C0002020EFF3118180F3118881F3118899F84A
:1088D000100010B9484605F05BFD35B108F13000D5
:1088E000494607F0B5FF4D4602E00025C8F838506C
:1088F000284607B0BDE8F08350030020482D010052
:1089000040420F003F420F00A82E0100F9F2000084
:10891000710E01001EF0040F14BFEFF309816946C8
:108920008869A1F1480214BF82F30988954621EDB8
:10893000100BF1EE102A41F8082DEFF3118102B46B
:1089400000B5DFF8D8E0F047374A1268116801EA4D
:10895000000010605DF804EB1EF0080F09D101BCA7
:1089600080F311885DF8080BE1EE100ABDEC100BE6
:10897000704704BC1EF0040F14BFEFF30981694671
:10898000A1F1200114BF81F309888D464A604FF0A0
:108990008070C86125488861234B1B68186808608F
:1089A00040F201101860704702B401B4EFF3148173
:1089B00000291CBF002282F3148802B402B4DFF83D
:1089C00060E0F04701BC01BC00281CBF022181F31C
:1089D000148801BCDFF84CE0F0470F484FF080519D
:1089E000016001BC80F3118800BF00BFFFF7FEBF2C
:1089F0001EF0040F14BFEFF30981694601F1200155
:108A000051F8080BE1EE100AB1EC100B14BF81F322
:108A100009888D46704700BF04ED00E099CD000045
:108A20007313010079130100DC330100A8890000F1
:108A30002DE9FF413B4E96F8420100286AD1012002
:108A400086F8420108F0EAFA374F86F87001374D90
:108A50007868C6F86C01387B86F84101A86810F484
:108A6000402F13D1386988B128686421C0F30660AB
:108A700000FB01F4F8F7B6FBB4FBF0F22C4906F169
:108A80009400002306F0AEFE08F09AF901AC2046EF
:108A900008F060FB2749A846002506F10C000022DB
:108AA00008F006FA204608F055FB234906F150006D
:108AB000082208F0FDF9214A06F1D80032210023EE
:108AC00006F026F91E4C1F4A06F1F4002C21002363
:108AD0002560454606F01CF9D8F80800797BC0F3FC
:108AE000815021B1032804BF012186F839110328E0
:108AF00003D040F00200022810D1206840F040006E
:108B00002060022006F09EFE6868400702D4002024
:108B100006F098FE002004B0BDE8F08106F028FBC6
:108B2000F2E700BF000000201C2F0100AC4F0050F6
:108B30003D0F01000BD4000055EA00002DCD0000D0
:108B400090220840A96E00002DE9F8431D46434BD2
:108B5000DDF8208043F606061C68038814F00074D4
:108B600011D0B34227D0B3F5C15F33D040F602062F
:108B7000B3423ED100F112030B604169116081697B
:108B80002960C1692EE0B3420AD0B3F5C15F03D0BA
:108B900040F60206B34203D100F11203143002E0A2
:108BA00000F11A031C300B60006810600020286080
:108BB000C8F800004BE000F11A034FF000090B6009
:108BC000C1691160016A2960416AC8F8001000F1AA
:108BD00018011CE000F112030B6041691160416A49
:108BE0002960816AC8F8001000F1100190F80F9018
:108BF0000DE000F11A030B60C1691160816A296000
:108C0000C16AC8F8001000F1180190F82490286893
:108C100068B10E8808F05AF9042808D8074606F00B
:108C20000701484604F012FD296841F82700D8F8EA
:108C3000000060B108F04AF9042808D80546484603
:108C4000FF2104F003FDD8F8001041F82500002CA6
:108C500018BF01242046BDE8F88300BF94120050DD
:108C60002DE9FE4FD0E90085994614460F4683460C
:108C700013B10020C9F8000074B108F087F9064666
:108C800098F8070058B198F8E80070B1304608F03D
:108C900034FB6FF008046CE06FF0090469E03046C3
:108CA00008F02BFB6FF00E0463E000200121C8E9FF
:108CB0003B74C8F8F440C8F8FC0088F8E810C8F81D
:108CC0003C0088F80D0088F80B002846019508F054
:108CD000D5F9304608F011FB08F1D0060DF1080A6D
:108CE00008F054F904463046514606F0C9FED8F85B
:108CF000F450D8F8FC10A842394438BF0546029811
:108D00002A4608F075FB3046294606F04DFAD8F899
:108D1000F400D8F8FC10401BC8F8F4004819C8F853
:108D2000FC00204608F0E9FA012D03DBD8F8F40036
:108D30000028D5D108F02AF90746D8F8FC0050B130
:108D4000019808F09BF9584601F0F2FDD8F8FC00B4
:108D500010B1002402E000206FF00F04B9F1000F01
:108D600018BFC9F80000002088F8E800384608F06D
:108D7000C4FA2046BDE8FE8FF0B58DB0002500286E
:108D80007DD0404F04467878002878D03878002885
:108D900075D1012003F094FF002500286FD08DF8D5
:108DA0003050CDE90A558DF824500895CDE9065587
:108DB000CDE9045507A803900AA802900920019064
:108DC00001A807F01DFE0646012004F083FE002ED8
:108DD00055D09DF81C2002F0F000C02825D19DF947
:108DE00022109DF824309DF823609DF820C09DF846
:108DF0002150C8B2002943EA004040EA062048BF9B
:108E000000F17F409DF91F30D9B2002B45EA0141A6
:108E100041EA0C2148BF01F17F413D7912F0060281
:108E200005D00123282D04D30CE0002527E045B10F
:108E3000FE232B443B71DDB20023222D88BF01238A
:108E400000E0002300EE101A02EE100A6FF03F055A
:108E50009FED0D1A6371C4E90210002B18BF02F1D7
:108E6000C005B8EEC00AB8EEC22A257120EE010A8C
:108E700022EE011A012584ED040A84ED051A284624
:108E80000DB0F0BDBE08002063EC443D2DE9F84F65
:108E90003C4C3D4E3D4D42F62A294FF0010A4FF021
:108EA000030B00274FF00508D4F83C01062833D8FF
:108EB000DFE800F00433183B203D4B000F20F0604A
:108EC000C6F8109005F060FF45F804AC55F8040CA6
:108ED0008007FBD5C6F81CA094F8390190B1012099
:108EE000EF6210E02F60C4F83CB128688007FCD422
:108EF0000320DBE72F60C4F83C8128688007FCD49E
:108F00000520D3E70320C6F800B0C4F83C012F6069
:108F100029688907FCD4C9E7FEE70126022084F806
:108F20003A6105F0B7FD2E6009E0022000E0032061
:108F300084F83A01002005F0ADFD0120286004F11D
:108F40005000BDE8F84F04F065B8002045F8040C67
:108F5000286055F8040C8007FBD428688007FCD4EF
:108F60000B480025012105600A4801600D2002F030
:108F70006BF8022006F080FAC4F83C5184F83B51AB
:108F8000BDE8F88F0000002000400C4058600C4005
:108F90003C500C4004800C402DE9F041DFF8F48097
:108FA000044698F8010018B998F8020000286ED01D
:108FB000012088F80000112005F0F8FB4FF47A70CA
:108FC00006F0AEFE0120012104F018FF032C1BD097
:108FD000022C0DD0012C24D12F4C0220A321A0471C
:108FE00004200521A04705200521A047012616E001
:108FF000294C0220A0210226A04704200121A047DD
:1090000005200121A0470AE0234C0220A021A0470F
:1090100004200421A04705200421A047032683241F
:1090200014E01D4F0220E021B84703201021B8476B
:10903000042010210426B84705200021B847062047
:109040002C21B84707200C210724B847092000210C
:10905000002704F0D3FE0A20214604F0CFFE0F487B
:109060000F4DA84718200121012407F079FE42F294
:109070001070A847102005F099FB4FF47A70A847AC
:1090800088F8036088F800702046BDE8F08100246D
:10909000FAE700BFBE080020FDDD0000A086010049
:1090A00021FD00008160704710B52DED028B044654
:1090B00051EC100B40F2FF73C1F30A529A4216D0E2
:1090C000B0EE408AF0EE608AD2B921F0004202434D
:1090D00053D09FED2D0B53EC102B08F076F9344A4A
:1090E00041EC180B944207DC9FED290B3FE0024650
:1090F0000B46FDF78AFB3EE0C1F30A50A0F13602B1
:10910000101940F2FF7290420FDB08F0E3F82221C1
:1091100001609FED250B53EC182B51EC100BDA0F6F
:1091200062F3DF7141EC100B2BE0012808DB6FF3D9
:109130001E5141EA005052EC181B40EC181B1CE079
:1091400010F1360F0ADC08F0C5F8222101604CF25C
:1091500051308442DDDA9FED120BDCE736306FF3DD
:109160001E519FED0D0B41EA005152EC180B53ECD0
:10917000102B08F02AF941EC180BB0EE480AF0EE7B
:10918000680ABDEC028B10BD0000000000005043D7
:1091900059F3F8C21F6EA501000000000000903CCA
:1091A0000000000000000000000000000000F07F50
:1091B000AF3CFFFFB0B50C46880722D4600758BF0C
:1091C000B0BD354D0120A870042006F03BFB3348AC
:1091D0000068006B8047E8602D48806BF0B16968DB
:1091E000046961B1A1420AD094F82800400704D56F
:1091F000636A2046042100229847012060766C6053
:109200000DE0FEF781FD2248006CE0B3214844F0F8
:1092100002012830BDE8B04008F0CFB86C68606843
:109220001F4900780860022006F00CFB102001F0B6
:1092300003FE012028761B48807810B90D2001F02C
:10924000FBFD6868416818488A680AB9C96821B195
:1092500000218160154940F8141C154907220A6055
:10926000016800210160426841601249124AE961C7
:109270000168114301601A2008F089F81920BDE83F
:10928000B04008F084B8BDE8B04003F0F7BF00BFBD
:109290007C06002060050020C00300208C01001027
:1092A000D0210840AC3001001410044051000706E2
:1092B00000000460B185000002400040FEB5D0E926
:1092C000005401A807F03CFD95F834003649374AB0
:1092D000384E085C95F83510515C354A084395F8CE
:1092E0003610515C2A6B40EA0103316820684F68F0
:1092F0000299B847206840F2F272E1692E4B2F4F75
:10930000426494F854209A5C94F85530FB5C1A43FC
:109310000129426311D10146D4E90A2351F8307F73
:10932000FF2A27F4004718BF07F50047FF2B0F60FF
:1093300009D00A6842F4804208E0014651F8302F13
:1093400022F400420A600A6822F480420A60C16A7C
:1093500041F01001C162016B41F001010163E16B59
:1093600009B3A16BF9B1012107F0B6FBD5F858019B
:10937000E16B40680068C162C0F8041591FAA1F180
:109380007268B1FA81F15368022298477068A16B44
:1093900002224368D5F8580191FAA1F1B1FA81F19E
:1093A000406800689847FEBDC0330100D620010028
:1093B00092330100D0010010B53301009733010052
:1093C000002873D0002971D0002A6FD0002B6DD0F7
:1093D00070B50568049C013505600D7C2D070BD127
:1093E0001D78013D032D07D344B192F85020D207D8
:1093F00004D00522827107E0002CFAD1827932B1C3
:10940000013A8271120602D00124002501E00024F5
:109410000125274E02469FED261A9FED260A42F8A7
:10942000186F02F8134C5C2442F8084C42F2425484
:10943000002D42F80C4C18BFB0EE401A82ED021A13
:1094400018BF5C249B6842F8044C9FED1B1A03F57F
:10945000A164002B174B08BF40F22654C97A42F88A
:10946000104C00EE101A27291146B8EE400A80EE83
:10947000011A9FED120A88BFB0EE410A41F8043F7D
:1094800012F8143C022B04D0012B18BF02F1080182
:1094900000E0114691ED001A9FED092A21EE021A13
:1094A00081EE000A80ED090ABDE87040704700BFF8
:1094B000A470B141CDCCCC3F000070429A99993F45
:1094C00000007A442DE9F047A4B007F05FFD33496E
:1094D0000A78012A04D124B0BDE8F04707F00DBF97
:1094E0004FF0010981F8009007F007FFFFF7A0FA9D
:1094F000082001F0A1FC21AC204607F039FCDFF880
:10950000A0A0294A10212346DAF80C002290254811
:1095100005F0FEFB2548002501AE0478244890F8AC
:1095200000804746A74213D8DAF8000050F8271009
:1095300021F0FF0046F82700880707D4F8B201F0B1
:10954000010107F00DFC09FA07F005430137E9E7CF
:10955000184805601848C16801F44001B1F5800F52
:1095600007D10068000E56F8201041F0070146F8B8
:1095700020101248A4EB0802042306EB880103EB39
:10958000820240EA880007F033FF0D48202201687C
:1095900062F30D21016024B0BDE8F087DD080020F2
:1095A00000300100CCC6002015E60000172901009C
:1095B000EB240100D0200240A84F005000100840CA
:1095C0000030094010B510EE901A21F00042B2F1BF
:1095D000FF4F06D810EE100A20F00043B3F1FF4F02
:1095E00002D930EE200A10BDB1F17E5F03D1BDE893
:1095F0001040FEF7DDBA022404EA917444EAD07404
:1096000063B1B2F1FF4F12D012B1B3F1FF4F18D1D5
:10961000274961F31E0000EE100A10BD022C0FD383
:10962000032C14BF9FED250A9FED250A10BDB3F151
:10963000FF4F14BF1C481D4800EB840090ED000A4A
:1096400010BD9A1AD2151A2A03DD9FED190AC40F0C
:109650000EE0B1F1FF3FD8BF12F11A0F06DB80EE2A
:10966000200AB0EEC00AFEF7A3FA01E09FED110A4E
:10967000002CE5D0022C0DD0012C04BFB1EE400A25
:1096800010BD9FED0D1A30EE010A9FED0D1A30EE60
:10969000010A10BD9FED081A30EE010A9FED071A6E
:1096A00031EE400A10BD00BFBC2C0100AC2C010003
:1096B000DB0FC93F000000002EBDBB33DB0F49406C
:1096C000DB0F49C02DE9FE4F4FF4804007F060FBEF
:1096D000A0B1354C35496068D1F8132009786FF393
:1096E0009F5201F00401806842EA417101AA01F031
:1096F000B9F860688168012006F060FF2E482C4FA1
:109700002C4D44F2020B00244FF0000A00F14009F6
:10971000BAF1020F3CD055F82A80D8F80000A0B367
:10972000D8F80000806907F033FB0646D8F800003F
:109730000023324606F0D8FB16F00A0F1ED0D8F8E8
:1097400000008069B9686BEA00000840B860D8F88A
:109750000000C069396821EA000038601020D8F89C
:10976000001006F02BFFD8F80010484606F01EFD4A
:10977000002044F00204C8F8000006E02EB1D8F83A
:1097800000000D4944F4804408650AF1010ABFE76E
:1097900024B10A482146283007F00FFE02F05EF996
:1097A000BDE8FE4FFCF772BDC00300208503002119
:1097B0000C100440883201007C0600206005002067
:1097C0002DE9FF41354D04466868D8B16878A0425C
:1097D0005ED03348334EB168C90601D50130FAD3A3
:1097E000306820F00200306002A807F0A9FA012CCE
:1097F0000AD1A9682D4803293ABF2D4A52F82120E1
:10980000032205E0002244E00022022C41D1264838
:10981000696808234968C1F8E40081F8FA202549FD
:10982000884609690F680399CDE900034FF080402D
:109830000023B8474746012C03D1D8F8000003683D
:109840000CE0D8F800000368E878012806D1082069
:109850000A214FF4C0429847092005E009200A2157
:109860004FF4C042984708203968134A0B68092111
:109870009847B068400701D57068FAE70320F061A7
:10988000306840F002003060B42007F03FFD6C709B
:109890000122104604B0BDE8F08100BF640800203A
:1098A00030F8FFFF0400004040420F0090D003005A
:1098B000A0300100B401001000600020F8B504469B
:1098C00007F046FA07464568204607F055F9B8B153
:1098D000D7E9014607F05AFB0546D4F8C000B8B1F5
:1098E00004210174384601F099FED4F8C800B0B1E3
:1098F000014640690028FBD1D4F8C000486112E05D
:1099000007F044FB0446D5F8C00078B3103034E0CB
:109910003068416821F002014160284630E0D4F807
:10992000C000C4F8C800416900274761C4E9347722
:10993000C4E93677C4F8C01031B320463146FDF78C
:10994000C1FDD4F8C000C4F8E0700068B0F5806FC5
:1099500003D920463146FDF7B5FD94F8FE0010BB53
:109960003068416841F0020141601CE095F8FB005D
:10997000002105F04FFF05F1FC0001210170204698
:10998000BDE8F84007F0B9BC94F8FB000021C4F82A
:10999000C47005F03FFF012084F8FC003068416A84
:1099A00021F003014162284607F0A7FC04F13000D2
:1099B000BDE8F84007F003BD2DE9FC4191EA03083A
:1099C0004CBF4FF000484FF000084FEAC32545EA6E
:1099D00052554FEAC2264FEA43077F0D11BF45F0AB
:1099E000004500210020BDE8FC815FF4E06E1EF11F
:1099F000FF0E774555D04FEAC12343EA50534FEA53
:109A0000C0224FEA4104640D11BF43F0004300211E
:109A10000020BDE8FC81744543D0E419A3FB050197
:109A2000A3FB06E7A2FB06631EEB030E57F100073C
:109A300051F10001A2FB05631EEB060E57F1000772
:109A400051F10001FF1851F10001C01951F100015D
:109A50004CBF40F2004E40F2002E10EB0E0051F1D0
:109A6000000148BF641C01D4400049415FF44077C5
:109A7000FF37E41BDEBF00210020BDE8FC8117F5A5
:109A80008067BC420DD24FEAD02040EA41504FEAF5
:109A900041014FEA113141EA045141EA0801BDE8B0
:109AA000FC810020FF21C900C91D090551EA0801F8
:109AB000BDE8FC812DE9FC4706680446707A002861
:109AC0006BD0D4F80490D6F85801D0F80480D9F8B7
:109AD0003470204603F036FA706F20B306F14C055F
:109AE000284607F062FC316F884221D23079022883
:109AF0001ED0B06E002850D0204603F023FA346FF9
:109B0000284607F052FC201AD6F868A0B46F706798
:109B1000284607F04AFC0021F1740AEB04010844CE
:109B20000190706F0CE0B06E10B1306F0028D5D18D
:109B300006F14C0001A905F0A3FF01217067F17443
:109B400058B30021B0F5806FB17384BF4FF48060CB
:109B50007067012301990144013979601049B960A6
:109B600043F6F07101EB00100840B9680843B86093
:109B7000D9F83C10D9F8000091FAA1F2B2FA82F2B9
:109B800003FA02F2D8F800309A61D6F858215268E8
:109B900012689162012106F0ABFFBDE8FC8700BFAF
:109BA0000180000C2DE9FC41002400285ED0DFF884
:109BB000C480014698F80000002857D0D8F8040067
:109BC000002853D02C4A44F253232F4F2B4D2C4CBA
:109BD0002C4E93842D4BC2E906641562C2E904370A
:109BE00098F8013082F82630013388F801300B787C
:109BF00082F82730CB7882F828308B7882F82930A9
:109C00000B7A82F82A304B7A82F82B308B7A82F8E2
:109C10002C300E7B4F7BCB7BCC7A8D7B46EA470684
:109C200046EA830364F3C40343EA451382F82D3004
:109C30008988FF2928BFFF2182F82E1032210023B6
:109C40007A2902D053521831FAE7002402F1300188
:109C500000220023CDE9004406F05DFA800705D517
:109C6000D8F8080001240330C8F808002046BDE8F1
:109C7000FC8100BFC4050020F001002064650CFFDA
:109C80004E2D4E6F7274424109536D610201060EF2
:109C900070B5D0E90052044601211068C0F81C18C4
:109CA000D0F80418C90718BF70BDD0F80438A968E7
:109CB0004E690A3614D0D5F8D46013F0120F17D0BD
:109CC0001EB903F01F060A2E21D05A076FF00402B6
:109CD00058BF6FF00502DB0648BF6FF006024A610D
:109CE000042107F03CFA2046BDE8704006F0E8BDCC
:109CF0006EB1721EC5F8D4202CD0D5F8D0104A1CF5
:109D0000C5F8D0200978C0F80818012117E0D5F867
:109D1000DC10C1B10139C5F8DC10D5F8D8104B1CE6
:109D2000C5F8D830D0F8080808700121D5F8DC0053
:109D3000002808BF0421012888BF09211068BDE858
:109D4000704007F00CBA042107F009FAA868002156
:109D50004161C8E7D5F8DC2052B1098B012361F3DA
:109D600048030B21012AC0F8003808BF0321E6E7A9
:109D70000421E4E72DE9F0418EB004464A1E00209C
:109D800009AE12F1030F09D8304A079604900291E8
:109D900006928DF814000222684600E003220C901F
:109DA0008DF834202020EFF3118780F31188608A2A
:109DB00030B1608A01386082012087F3118841E068
:109DC00000293CD02248012104F11408057A0172CF
:109DD000806946620B9005F0E5F8A069CDF8248013
:109DE0000A900660A6619DF83400022808D119493E
:109DF0004A680C98016042601060486001F0C2FE41
:109E000087F31188284604F045FF2021EFF31180E5
:109E100081F311880C9939B10A684B681A604A6855
:109E200009684A6000210C910B9900224A6280F374
:109E300011889DF83400002818BF012002E087F344
:109E4000118800200EB0BDE8F08100BF83F700004C
:109E500028070020F80400202DE9F84315460C4699
:109E6000804602F077FA2C4800212D4F01602B48E4
:109E7000814600683868816927208847294E2A4929
:109E8000306B08403063B06F20F48070B067386882
:109E9000016B4FF4806088473868016B4FF4816034
:109EA00088473868016B4FF4C06088471F4801211C
:109EB00001601F48C6F8804131600168890704D4F9
:109EC000691C08BF4FF04045C560D9F80000F06933
:109ED0008007FCD5072004F0BFFB0228FAD1B8F1B7
:109EE000000F13D1134C386A816820468847042834
:109EF000F9D0012804D1386A0321426820469047EE
:109F0000D6F8180220F00300C6F818023868806BF3
:109F1000BDE8F843004700BF0C4009402C20094031
:109F2000B80100100C200840FFFFFEFE282008604A
:109F3000100009400040034070B52039062918D8A8
:109F4000DFE801F01A23042D38404800147800227D
:109F50002321FF2CF1D0D0E9015695F8FB0004F045
:109F6000B9FE726B2B49204685F8FB4000F00CFFD0
:109F700049E06FF001044AE0406890F8F9100129C7
:109F800043D1012180F8FC103DE045680021002408
:109F900095F8FB0005F03EFC85F8FC4037E044688E
:109FA00094F8FB00FF282ED004F094FEFF2084F8E4
:109FB000FB0028E04068D0F8C01031BB012180F8D8
:109FC000FE1020E04068D0F8C010F1B9002480F8FD
:109FD000FE401CE04168D1F8C020B2B191F8FE20EB
:109FE0009AB180680268D0E90430546A184344F09A
:109FF00003045462D1F8CC1049680968886250683B
:10A0000040F002005060002401E04FF0FF34204691
:10A0100070BD00BF0260002088B033483349314E24
:10A02000DFF8D09000276D464FF00108B6EE008AA9
:10A03000BEEE009A00F11C0401F1480B00F1540A35
:10A040007078012804D14CF2503005F069FEF7E732
:10A0500007F04AF818B1204606F05BFF03E049F626
:10A06000404005F05DFE2846FAF7AAF90028E7D03F
:10A0700028375846009707F035F9504629462022E0
:10A0800007F0B6F9584686F8048086F8038005F094
:10A09000C3FA174829464A46F8F7B6FA70790028F5
:10A0A000CED130780728CBD19DED040AB0EE491A05
:10A0B00040F2E731B5EE400AF1EE10FAA8BFB0EE7B
:10A0C000481A30EE010ABDEEC00A10EE100A002850
:10A0D00048BF404200B28842A8BF084680B202F0A2
:10A0E00029FAADE79004002068020020DC0200207D
:10A0F000509A0020F0C000208EB0344E344D01271D
:10A100000024B7EE008A707801285BD006A8F7F724
:10A110006BF88346059405A803F0F6FA8046ADF87F
:10A120001240ADF810408DF80F400DF1120004A957
:10A130000DF10F0201F0DCFC8246CDE9014402A8DA
:10A1400001A9FEF7C7FA8146284607F0CBF8BBF114
:10A15000000F05D01F4806A9202207F049F9B77162
:10A16000B8F1000F02D00598F771F061BAF1000F55
:10A1700005D0BDF8120070829DF80F003072B9F161
:10A18000000F02D00198777230622846B77205F04E
:10A1900043FA9DED020ADDED010A9DED051ABDF8B9
:10A1A0001010BDF812004A46434605F04BFD707989
:10A1B00020B93078072818BFFDF790FFB0EE480AA5
:10A1C00000F0EEFF012005F0B7FE9CE790040020B0
:10A1D00024060020DC020020F8B500F077FA324CAB
:10A1E0000F20611C07F086F80F20012106F0B8FD52
:10A1F0001220214607F07EF812200021002406F0EC
:10A20000AFFD43F6982005F08BFD00260027012FB7
:10A2100028D8F00726D1B7FA87F0400906F038FDB4
:10A220000025AE1E18BF0126022D19D01220294686
:10A2300006F096FD43F6982005F072FD1F2052218E
:10A2400003F003FE47F2305005F06AFD002003F0F2
:10A250000DF90135AD28E4D1022003F007F90446D9
:10A260000137D4E7F00718D0104801214470104C92
:10A2700001702C209321A0472A200121A0472B20E8
:10A280004021A0472D202221A04746F2A81005F02A
:10A2900047FD4020FDF730FB02E00448002101703B
:10A2A00006F00100F8BD00BF000400209C0700205C
:10A2B0004BDE0000F0B5314A046A516B137D0C612E
:10A2C000446A01F1200C032B0B704C61846A8C6191
:10A2D000C46ACC6190E8F000ACE8F00000F1400402
:10A2E00000F110074C64F0CF01F1300CACE8F00045
:10A2F000046B0C64446B8C64846BC06BCC64086529
:10A3000019D8DFE803F002120A10156DC4B2106C00
:10A31000936C55F824404C600FE01A4880694860FF
:10A32000D0E90A3009E0002001E01548C06D48601E
:10A33000106C936C01E000200023926BC1E90203D2
:10A3400032B12BB110F8014B013B02F8014BF8E799
:10A350000D4802684A6590F824208A6590F8252007
:10A36000CA65C28C0A66826A4A66C26A8A66026BDB
:10A37000CA66426B0A67806B4867F0BD28040020FC
:10A38000500300202807002004ED00E02DE9F043F1
:10A390008FB00C4600272F49154681462422984647
:10A3A000009703A807F024F86B46002050210022F4
:10A3B000C9F8007004F032FE002847D0074626484E
:10A3C0004FF40071002C07F14806816008BF044675
:10A3D000D4E900320021A0680792002A4FF0000261
:10A3E00008BFE268FE64F963C7E90D51F962796458
:10A3F000BB60BE6410442369002B18BF01233B637C
:10A4000008900C91CDF82880CDE90457CDE90D11C5
:10A410004FF0FF3301208DF83000069307F1100054
:10A420000CAA05F0EDFD0D4803A96A4604F0CEFA2A
:10A43000F86040B14563C9F800702168F86800F021
:10A4400049FC002003E0384605F0E6FB0C200FB085
:10A45000BDE8F083682C010020080020090D0100F0
:10A4600070B52548066805F017FD24480025244CE2
:10A470000560206C806C80472248006838B1224813
:10A480000068B6F1FF3018BF304600F02DFD1F48C0
:10A4900040F2391205601E48016862F31B410160F9
:10A4A0001C48016801F44051B1F5805F06D1016894
:10A4B000194A114001F5003202600160174D012672
:10A4C000EE612068016A142088471548016841F44C
:10A4D000E021016013482E60006800F44000B0F5F0
:10A4E000000F03D1206C416C0F4888470F4801686A
:10A4F0000029FCD170BD00BF1C13005084046042D1
:10A50000B001001080012843800520438C210840C1
:10A510004820034028000940EFFFFCFC00002443D2
:10A5200000200940B44F0050BD3786000C0068423F
:10A5300070B5F8B1012858D1012006F063FD01285B
:10A5400053D02D4C94F8380100284ED12848294E7C
:10A550000569306810F4402F30D17DB305F0EEFF6F
:10A56000502006F0D3FE0120A84704F1940002F029
:10A5700051FD25E006F00FFF1E48006810F4402F43
:10A580000AD11B4804693CB11B489430FCF7BDFB61
:10A5900005F0C4FF0020A047174C94F8380120B301
:10A5A0001648016821F0800101608021816003204C
:10A5B00004F062FF002084F8380116E006F0EFFE98
:10A5C000012084F83801306810F4402F00D14DB9D3
:10A5D000207A800606D4094880218160016841F014
:10A5E00080010160032005F02DF9002070BD00BF3F
:10A5F0001C2F0100B44F00500000002090220840A2
:10A600002DE9F84F1E4614460F46814606F0BEFC63
:10A61000804605F0C3FF00284AD005462848DDF8EB
:10A620002CB0FCF772FBDFF89CA0274A0A9B4FF086
:10A63000FF31BAF854001A40023201306FF31F3074
:10A64000AAF854000020AE6085F83240C5E90379CD
:10A65000C5E90F100BF0200185F8440085F838009B
:10A660006863C5E90800C5E906218022BAF85410DC
:10A67000A5F85000C5E9120085F833202986397BFA
:10A6800001F00F01022904D1012185F83810B968C1
:10A69000696389F8FC000AF13800294605F086FD57
:10A6A000DAF83800A84208BF02F0E8FD2C8E01E07D
:10A6B0004FF6FE74404606F020FE20B2BDE8F88F4B
:10A6C00054C400207C060020FDEFFF9F2DE9F041DF
:10A6D0008CB0DFF8AC8098F80000012804D1D8F8DD
:10A6E000040008B1012444E004F03EF809AD284616
:10A6F00006F0ECFA28460121012406F00DFD28465B
:10A70000012106F070FE1F48294604F06BFF284621
:10A7100006F067FE1C4D1D4F0B202946B8471C4E06
:10A720000B200121B04714202946B84714200121ED
:10A73000B0470F202946B8470F200121B047D8F86D
:10A740000400A0B901AD284606F080FC11490020A4
:10A750008DF81C008DF810008DF80400059108217B
:10A760000691294604F0B6F9C8F8040028B1A8F803
:10A77000004020460CB0BDE8F0810024F9E700BF9E
:10A7800064080020D0C5002001040020F51201005B
:10A79000610D010040420F002DE9F8432020EFF346
:10A7A000118980F311882C480068006B80472B4E7C
:10A7B0004FF000082A4F012286F85D8086F85C2061
:10A7C000D7E9104522462B4606F094FAA0FB042355
:10A7D00000FB053301FB0431746DC7E91221B16838
:10A7E000B268611A821A914205D986F85C8089F3B1
:10A7F0001188BDE8F883051B89F311880020854284
:10A8000006D304442D1A0120214602F08FFEF6E7FC
:10A810002021EFF3118781F3118896F85D1001294B
:10A8200003D10020214602F081FE411C05D0411BCE
:10A83000B06D814238BF084600E0B06D011906F0E6
:10A840000FF9002086F85C00012086F85E00B460F5
:10A8500087F31188BDE8F8838C010010F80400200C
:10A8600040C30020F0B585B00D4600211446CDE967
:10A870000311CDE9011101A9009104A903AA02ABBA
:10A88000FEF762F9029F002F394618BF0121019E91
:10A890000140002E324618BF01221140002D10D475
:10A8A00011B3049840F22B2105806FF39F55384671
:10A8B0002A4605F053FD0398314602F00EFB67600F
:10A8C00010E0C9B104984FF0FF316FF39F552A464D
:10A8D000018030462B2105F041FD0398314602F0FE
:10A8E0009BFC666015201EE0C8B104984FF6FF720D
:10A8F0000188914214D110E078B16FF39F5503980D
:10A900002B212A4605F02AFDFF2806D004984FF097
:10A91000FF3101801420656005E0032005E0049804
:10A920000580658010202080832005B0F0BD704731
:10A93000F8B505680446D5F8F80000B1F8BD6879A7
:10A940006668022807D105F1D000694605F083FD4D
:10A95000C5F8F80009E0D5F8EC10D5F8FC20D5F8DA
:10A96000F4001144C5F8F80000910028E6D03168E1
:10A970008A6B22F400628A6395F84410C9060AD5EE
:10A980002F6C47B1297A31B9AB6C204610210022D7
:10A99000B847D5F8F800B0F5806F84BF4FF48060F9
:10A9A000C5F8F8000099336B01444A1E3168B66B54
:10A9B0001A600E4A9A6043F6F07202EB00101040E3
:10A9C0009A6810439860D5F858014068006886621C
:10A9D0000846022106F08CF8287A0028AED12046DD
:10A9E0000121012605F0AAFB2E72F8BD018000C0EE
:10A9F0002DE9FC412A4D95F86100002844D000243F
:10AA00000026602C40D095F86100F040C00702D1CC
:10AA100020340136F5E7112095F8618000FA06F739
:10AA200006F0B4FA95F86110B94385F8611006F0A4
:10AA300064FC281928D0817A31B31021194A2C5985
:10AA4000B14011EA080190F9091052F821804668D6
:10AA5000CFB209D001F0BAFC002079B200224FF049
:10AA60000073009020460EE0017A022902D1C17CD9
:10AA7000C90601D401F0AAFCCDF8008079B22046C5
:10AA800000224FF00063B04795F8610028B10648F6
:10AA90000021BDE8FC4106F090BCBDE8FC8100BF90
:10AAA00070C2002094300440DCC40020BCB50120FA
:10AAB00005F09AFF02F07AFA294D002003248DF860
:10AAC0000700287024B320200321FF2204F040FE59
:10AAD00028B942F2107005F023F9013CF2E7214C4D
:10AAE000202042210022A047202043213F22A047CE
:10AAF000202044213F22A04720204521FF22A047BB
:10AB00000DF1070406F03AFB06F038FB012028702F
:10AB10002420712104F0CBFF20B10120687004F0E3
:10AB200047FD01E000206870FF2000248DF806003A
:10AB3000287801280BD10DF106022020002103F016
:10AB400079FE20B19DF806003F2121EA0004287813
:10AB500069782C71EC70AC70084300F00100BCBD4A
:10AB6000C308002051F7000070B5012953D00446F6
:10AB7000002942D128480121057A01722021EFF3F2
:10AB8000118681F3118894F8201003292AD0022914
:10AB900014D0012922D12168E26C636819606168D0
:10ABA000236859601168914204D1A169C26822EA00
:10ABB0000101C160606A88B1C06808E0616A69B17A
:10ABC0000A68C8684B681A604A6809684A6028B110
:10ABD000016842681160416800684160204604F0E5
:10ABE000FFF905E0206861680860606821684860D6
:10ABF00086F31188284604F04DF8216B481C0AD0D2
:10AC000006480029806818BF08464368D4E90A212D
:10AC1000BDE87040184770BD280700205003002091
:10AC200070B506F017FB06F0FFF906F003FA0446CC
:10AC3000C04310F00C0F03D100BF00BF30BF3BE09A
:10AC400060071ED403F0E6FF054600EB80000121FB
:10AC50004600012005F09AFD864212D91C4CA5F150
:10AC60001800606104F10C0005F07AFF00BF00BF1E
:10AC70000120FCF7F1FE00BF00BF002084F8200097
:10AC80001CE000BF00BF200715D40E4E0E4D3068EB
:10AC90008168284688470428F9D0B0FA80F004F08B
:10ACA0001001400940EA111006F077FB0748012126
:10ACB0000160006800E030BF00BF00BFBDE8704029
:10ACC00006F0CCBAD8010010004003402C20094007
:10ACD000000000202DE9F0412A4B012702462024E4
:10ACE000187A1F72EFF3118C84F3118854698C4227
:10ACF00002D18CF3118840E01D6A8F40002905EBDA
:10AD0000C10648BF03F12C0648BF002792F8205027
:10AD1000012D26D1D2F800E0D2F84C805568C5F854
:10AD200000E0D2F804E01568C5F804E0D8F8005057
:10AD3000454505D1D2F818E0DD6825EA0E05DD604D
:10AD40009D699542354601D1DE613568D5F804E04C
:10AD50001560C2F804E0CEF800206A60DD683D436B
:10AD6000DD60D66497615161B1F1FF3FDCBF002126
:10AD7000D961012119748CF3118803F08BFF2046EF
:10AD8000BDE8F081280700202DE9F84FFF2831D0D9
:10AD9000264B0C4605464FF4BE21AF0004F00208D6
:10ADA00043EA80004158C9B2914227D121489A46CE
:10ADB0004FEA142947EA0006834606F0E7F80BF14C
:10ADC0000101220C86F8009039430A7046F0020116
:10ADD000220E0A7006F091FAB8F1000F02BF45EAA0
:10ADE0000A0004F0010101701148012181EA5801B3
:10ADF000384316E04FF0FF30BDE8F88F00F5BE2075
:10AE000024F0FF0162B9B8F1000F02BF2B4304F038
:10AE100001041C70064B012484EA58043B431C6067
:10AE2000114301600020BDE8F88F00BF0020024000
:10AE3000001A4442011008402DE9F041254E054614
:10AE4000371806F0A3F8044697F84A01411C87F822
:10AE50004A1128B1204606F050FA0020BDE8F081E2
:10AE6000DFF8748018F8257007F03F00142898BFA9
:10AE7000FFF7E2FF08EB8500458878B2B0F1FF3FAD
:10AE80000CDD78061FD415480068416928468847BC
:10AE9000284603F003FC0128FAD1DBE70F4E3068A7
:10AEA000C169284688473068416A28468847306823
:10AEB000C16A284688470A4801210160094801689B
:10AEC0008907FCD5C6E706EB8500D0F860110120A4
:10AED0008847BFE70000002030220100B8010010C1
:10AEE0002820086028200840F8B505462248234E4F
:10AEF0004168890705D40168F02242EA114186F8C9
:10AF00004D101F494FF001221F4F0A601D4909884B
:10AF100039680968846820468847A00105D4E001A3
:10AF200003D5307840F0020030703868214642681E
:10AF30002846904704F09CFF1448154A0068C0F367
:10AF400005311170C1054FF0130158BF2321402373
:10AF50007354382101EA901000F56050A2F85C00AB
:10AF60003868816820468847022004F091F8094833
:10AF700001210160F8BD00BFAC4F005009620840DC
:10AF800004A40C4000A00C40F00100100C14005070
:10AF90000EB00C40940460428B4208BF824207D935
:10AFA000009A002A01D010605160002100207047F3
:10AFB000002B08BF002A10D1009A002A01D010608F
:10AFC000516002000B0000210020002B08BF002A66
:10AFD0001CBFC943C04301F0D0BDF0B51C461546A7
:10AFE0000B46024600200021B4FA84F6202E04BF4E
:10AFF000B5FA85F62036B3FA83F7202F04BFB2FAEC
:10B0000082F72037F61BB6F1200727BF05FA07F4B1
:10B0100000257F42B4403EBF25FA07F73C43B540C8
:10B02000A34208BFAA4201D3521BA3414041494158
:10B030006D0845EAC4756408761EF1D5059F002F9A
:10B0400001D03A607B60F0BDF8B5254F05463E184B
:10B0500005F09CFF044696F84A01013886F84A013B
:10B06000000637D11F4810F9251000EB85004588F0
:10B07000CEB2B1F1FF3F0CDD70061FD41A48006854
:10B08000816928468847284603F0E6FA0228FAD163
:10B090001AE0154F3868016A284688473868816A7F
:10B0A000284688473868016B284688470F480121A1
:10B0B00001600F4801688907FCD505E007EB8500B2
:10B0C000D0F860110020884706F03F00142898BF90
:10B0D000FFF7BAFF204606F010F90020F8BD00BFC8
:10B0E0000000002030220100B80100102820086074
:10B0F000282008402DE9F041002918D41F461546A4
:10B100000E46044605F088FD8046204631468022E2
:10B1100003F0E6FA20B1064690F9330000280AD47D
:10B12000404606F04EF900210220BDE8F0810020E3
:10B130000021BDE8F081D6E9080145F00A0547F095
:10B14000E04728403940084310D0404606F039F91E
:10B15000D6E9082303EA070102EA050042404B4012
:10B16000C4E92C01C6E90823BDE8F081B1680B48A9
:10B17000814203D0B168C4F8A810B0604046C4E969
:10B18000285706F01EF904F150004FF0FF3106F089
:10B190004AF8D4E92C01BDE8F08100BFA9D3000032
:10B1A000B5EE400AF1EE10FA3BD91E481EA29FED03
:10B1B000202A9FED234A81780171012908BF0432BA
:10B1C00092ED001A002908BFB0EE421A9FED192A2D
:10B1D00090ED043A80ED021A21EE022A02EE003AC6
:10B1E0009FED150A80ED032A9FED142A83EE000AD5
:10B1F00080ED043A20EE020AB4EE420A32EE403A02
:10B20000F1EE10FA48BFB0EE434A84EE020A9FED19
:10B210000D2A80ED054A20EE020A80EE010A80ED3B
:10B22000060A7047BC0700206F12833B0AD7A33C75
:10B230006666FE4133335340403FCB4A0000C8426C
:10B24000000000000000FA432DE9F8432DED028BC9
:10B25000054625480478012C3FD1244E0F462D2069
:10B26000002198469146B04741F2883004F058FDDD
:10B2700000EE105AB5EE008A202005F0A5FCC5F3BB
:10B2800002212120B04722203946B04700EE109A13
:10B29000232005F099FCC5F302212420B0475FFA72
:10B2A00088F12520B0474FEA18212620B0472A20F0
:10B2B0001021B0472B204021B04727203F21B04725
:10B2C0002C209321B0472D202221B04746F2A81010
:10B2D00004F026FD1020FCF70FFB2046BDEC028B8E
:10B2E00001B0BDE8F08300BF9C0700204BDE0000EA
:10B2F00010B586B00146427E8068002343F60604FE
:10B300000593CDE903330293438003881C1B022C71
:10B3100010D3B3F5C15F03D040F60204A34212D1AB
:10B32000038A002A23F4FE6312BF038243F43472BB
:10B33000028208E0038B23F4FE630AB1038302E078
:10B3400043F43472028300224A7602A9009105A9CF
:10B3500004AA03ABFDF7F8FB28B105984FF6FF717F
:10B36000008888420ED0049C0299204601F0B5FD69
:10B370000748016821B1204606B0BDE810400847E3
:10B3800006B010BD049C0299204601F045FFEFE78E
:10B39000900800202DE9F04188B0DFF8908001206E
:10B3A00098F8001000293ED1214A002108F11C0C18
:10B3B00041F6060E802600270025482F17D0D31906
:10B3C00005F12504302FC3E90E11C3E910C2C3F8FB
:10B3D00030E083F83E4083F83C6006BF83F83D00D0
:10B3E000002403F148045C6318370135E5E76C4637
:10B3F000204605F025FEC82008F10C0108F13C02AA
:10B40000234600900B48F9F7BBFD01460028C8F819
:10B4100004001EBF01200022C8F80820002918BF20
:10B42000012188F8001008B0BDE8F081C4050020B3
:10B43000F001002018BE0020F8B50446106815463B
:10B44000D2E903720E466969206167612148AF69DC
:10B450000068002F18BF38462063002908BF4FF44A
:10B46000007162B1D31D11444FF0FF3023F0070388
:10B470002063C91A21F00701C4E90A1308E0073163
:10B48000082221F00701A16203F0C8FDE062F8B1D3
:10B49000D5E9010104F13803EA69666307C395F849
:10B4A0002000012884F8480003D10B48416901318C
:10B4B000416100206065204601F078F808B1032062
:10B4C000F8BD054804F1080105F0C2F90020F8BDF7
:10B4D0000120F8BD0CC700202807002070B50568C2
:10B4E0000446A96848690A301BD16B6820460022CF
:10B4F0009847A8686FF009064661022003F0BCFF78
:10B50000E8682969884213D06B68E8680022C0693E
:10B51000E860E86846612046E9689847E86846615F
:10B52000EEE74869033008D100202861E86020E098
:10B530000020E860A860286170BDE8682A69904230
:10B5400011D06B68E868C069E86005F02BFDE96818
:10B55000204601F0C3F90028EED005F1E400BDE873
:10B56000704005F02CBF0020E86028616B6805F092
:10B5700019FD0220BDE8704003F07EBF2DE9F84FB1
:10B5800000248046002100220460684600F0D6FBBB
:10B59000204DDFF884A081464FF0FF374FF0190BA4
:10B5A0000020602C1ED02A19917AB9B1107A022895
:10B5B00016D0DAF80400418B0069084495F862104F
:10B5C00011FB0B01506904F02DFA0646F5F70AFE4F
:10B5D000B6FBF0F0B84238BF074601202034E0E760
:10B5E0000120002709EA0001012904D10099B9428C
:10B5F00038BF0F4606E0B9F1000F01D0009F01E00F
:10B60000C10701D0C8F8007040EA090000F001004D
:10B61000BDE8F88F70C20020C0030020F8B5D0E963
:10B6200001650446287905F0B0FED6F8CC2069699A
:10B63000286852681268D16296F8F93013B9C36865
:10B64000DB06FCD4436823F0020343602B69D3621A
:10B650001943476A27F003074762C2F80415416996
:10B6600021F00101416101210162D6E93512D6F8CC
:10B67000C00001604AB1EB699B68C3F309139A42A9
:10B6800003D91144DA4311440160D6F8DC204AB1F1
:10B690006B6A9B68C3F309139A4203D9DB431A44CC
:10B6A00011440160204602F0DDFC287904F006FF19
:10B6B0002879BDE8F84005F06ABE70477CB50120E6
:10B6C00005F092F901F072FC00260DF1060244200B
:10B6D00011210123ADF8066002F0A0F8044630B154
:10B6E00044200A2143F23822012303F091F9174D37
:10B6F000ADF8046060200C2100232C7001AA02F038
:10B700008DF8BDF80410124A12FA81F1B1FA81F1F4
:10B71000490900EA0104012C11D10E4E60200021DC
:10B7200000220023B0476020032140F60E020023D0
:10B73000B047602004214FF4E0620023B04728782E
:10B740006C70204300F001007CBD00BF7C0800202D
:10B750007AFEFFFF11EA0000F8B50C46224949784D
:10B76000012918BFF8BD1E2801D3DD2807D34025C5
:10B77000002C18BF6FF03F052E46284620E0C2B2CD
:10B780000A2564262746B2FBF5F1B2FBF6F36428DE
:10B7900001EB8101A2EB410103FB160226BF134816
:10B7A000C05C0020114B002CD2B2595C18BF80271E
:10B7B0003843B2FBF5F241EA0705995C41EA070616
:10B7C0000B4FC1B23420B847F1B23520B847E9B2C7
:10B7D0003620B84701213A46002C18BF0F213720E8
:10B7E000BDE8F840104700BFC30800207D310100CC
:10B7F000AFFA000022484078012818BF7047B5EE24
:10B80000400AF1EE10FA26D49FED1E1AB4EE410A5A
:10B81000F1EE10FA1FDAF8B5B2EE041AB6EE002A0D
:10B820000A2200EE012ABDEEC20A10EE100A81B211
:10B83000B1FBF2F303EB8303A1EB43046423B1FBFD
:10B84000F3F101FB1300C0B2B0FBF2F5C8B238B19E
:10B850000D49095C05E02D202D212D2203F00CB8A7
:10B8600000210A4F3420B847074E705D40F0800138
:10B870003520B847315D36203A46BDE8F8401047DC
:10B88000C30800200000C8427D310100AFFA00006B
:10B8900010EE100AC14311F0FF4F02D100EE000A72
:10B8A0007047B0B500282ADDC10D2ED001227F39A6
:10B8B000002462F3DF5001F0010200FA02F34FF0BE
:10B8C0008072002062B11519B5EB430FDCBF104444
:10B8D000AC18C5EB4305C8BF5D0052082B46F1E725
:10B8E00000F00102002B18BF10440E4A02EA8151F9
:10B8F00001EB600000F17C5000EE100AB0BDB5EE27
:10B90000400AF1EE10FA06D1B0BD01210202CDD4F9
:10B9100001394000FAE705F0DDFC9FED030A212123
:10B920000160B0BD000080FF0000C07FF8B5044694
:10B93000FD201D468DF8030020461E68324600F0AB
:10B9400041F810B101208DF803009DF80300FD2897
:10B9500015D1A6B1E068007B00F00F0002280ED1DF
:10B960003768204631463A4600F02CF820B9002FBF
:10B970003E46F5D1002602E002208DF803009DF836
:10B980000300FD2804D1E06B10B104208DF8030002
:10B990009DF80370042F0FD0022F06D0012F0FD176
:10B9A0002846214604F014FC0AE0326822B12846F9
:10B9B000214604F09DFB03E02846214604F0F6FBF7
:10B9C00078B2F8BD70B5B2FA82F3B1FA81F45B09CE
:10B9D0006409B0B312B190F844506DB389B191F8D5
:10B9E00044406CB3446B0E69096C05698908A4086E
:10B9F000AE4214BFED6800252944611AB1F1704FC1
:10BA000022DAB2B1D168097B01F00F01022915D108
:10BA1000516B0569006C146980088908A54214BF40
:10BA2000E26800221044081AB0F1704F01DB0128CF
:10BA300004DB0124012304E0002302E0012400E0F0
:10BA4000002404EA030070BD00240029C8BF0124BB
:10BA5000002AF6D00129D5DAF3E770472DE9F84F2F
:10BA6000204E214FDFF8848000254FF0010B4FF06E
:10BA700002094FF0110A602D08BFBDE8F88F7C194C
:10BA80002ED0A07A01282BD1607A41B20BFA00F0B7
:10BA90001131C0B20BFA01F1CA433260726811432E
:10BAA000716004F09DFE04F11000002104F072F8B2
:10BAB000812809D1A06920B1002104F06BF8812808
:10BAC00002D184F80A900BE0607A97F861100AFAC4
:10BAD00000F00843002187F86100404605F06DFC46
:10BAE0002035C8E70810044070C20020DCC40020E4
:10BAF0002DE9FC41DFF888800646144698F80100DD
:10BB000040B300200F460DF1060208210023ADF8D6
:10BB10000600ADF80400602001F080FE054647B144
:10BB200001AA60200921002301F078FEBDF804007D
:10BB30003880CDB1BDF80610002041F26F729142FD
:10BB4000A8F8041088BF012088F8020006B13180EF
:10BB50008CB911E016B1B8F80400308014B198F82F
:10BB600002002070002507E016B1B8F8040030800C
:10BB700014B198F8020020702846BDE8FC8100BF8F
:10BB80007C0800202DE9F041044680681F4F2062A8
:10BB900097F85E0001281DD197F85C00D0B91C48C9
:10BBA0000068006B8047DFF86C80D8E910562A46A1
:10BBB000334605F09FF8A0FB052300FB063301FB8D
:10BBC0000531C8E91221B9687B6DBA689A1A411A21
:10BBD00091420ED904F078F801212175A268104431
:10BBE000E06097F85C00012808BF87F85D10BDE8A9
:10BBF000F08101212175A2681118181A8242E160B2
:10BC0000F5D21046BDE8F04104F02ABFF804002048
:10BC10008C01001040C30020002840D02DE9F041E5
:10BC20008EB01F490AAE002503904FF020080896F9
:10BC3000059507918DF8185001A801210D9019481C
:10BC4000EFF3118788F31188047A017280690C90F0
:10BC500003F0A8F914494A680D9801604260106029
:10BC60004860FFF78FFF0C9846620B960A962046B5
:10BC700087F3118803F00EF8EFF3118088F3118831
:10BC80000D990A684B681A604A6809684A600D9500
:10BC900080F311880C9845620EB0BDE8F041704702
:10BCA000F508010028070020F8040020F8B5D0E9C5
:10BCB0000167054605F06AF90446D6F8C00098B356
:10BCC00096F8F81019B9007C0338012831D82846B5
:10BCD000FFF7A4FCD6F8C000002202230168054645
:10BCE0003DB12F7C033F022F28BF2B742A606D6962
:10BCF000F6E73246016052F8C81F21B10A46496989
:10BD00000029FBD1143210600020C6E93000C6E9DA
:10BD10003400C6E93600204605F0EFFA06F130009F
:10BD2000BDE8F84005F04BBB3868416821F00201DE
:10BD300041602046BDE8F84005F0DFBA10B5044682
:10BD40001E4849B138300068B0B1C3681B7B03F0AE
:10BD50000F03022BF7D101E0806B68B102B11060D4
:10BD6000C268137B03F00F03022B08D151B10169A4
:10BD70008A8DC968114415E0002100201CE00120D3
:10BD8000002119E012880169A2F60302012A4A8BF8
:10BD90008CBF0969496919231144094A92F8622044
:10BDA00012FB0311406B03F03DFE2060F5F71AFA19
:10BDB0002168B1FBF0F10120216010BD7C0600205C
:10BDC00070C200202DE9F84F07461E4815460E4662
:10BDD000009300F138094C4624680CB1B442FBD101
:10BDE0004FF0000A00F1400B44B32069D4F8008002
:10BDF000B84220D1204600224FF0805304F074F85E
:10BE0000009870B1204600224FF0807304F06CF867
:10BE100030690D49086291F8240040F0010081F872
:10BE200024004846214604F00FF85846214604F005
:10BE3000BDF90AF1010A002D4446D5D15046BDE8AE
:10BE4000F88F00BF7C06002060050020F8B5204F69
:10BE5000064614460D46387858B900200DF1030205
:10BE600000218DF80300202002F0E4FC28B301201B
:10BE70003870FF200DF1020200218DF80200202011
:10BE800002F0D8FCC0B19DF802103F228A433979F4
:10BE90008A4206BFBA701146B9783A71FA78F970D9
:10BEA00006B131701DB182F0FF030B402B701CB145
:10BEB00081F0FF0111402170F8BD0EB100203070FB
:10BEC0000DB1002028700CB1002020700020F8BDBA
:10BED000C308002010B52DED028BB5EE400AB0EE80
:10BEE000408AF1EE10FA04D5184804F0EDF8B1EEEE
:10BEF000488ABCEEC80A9FED161AB6EE002A10EE6C
:10BF0000100AB8EE400A38EE400A00EE012ABCEEF4
:10BF1000C20A10EE104AE1087C2984BF00240130D7
:10BF200001F02CFE0B4804F0CFF8632C07D80A4828
:10BF300004F0CAF8092C02D8074804F0C5F82046D6
:10BF4000BDEC028BBDE8104001F018BEFE2F0100D1
:10BF500000007A44863201001A2F010070B50446B1
:10BF6000B0F90E00217A82B2890702D5217B1F2900
:10BF70000CD817496368C96C51F820509D4218BF0E
:10BF800041F820305142E181217B0BE0104BD3E995
:10BF9000133545F8204053F820600E4DAE4218BFCF
:10BFA00043F820500F2A03D90B4B6FF00F0204E027
:10BFB000042A04D3094B6FF0030203449954217AF5
:10BFC000C90718BF02F0BEFC0020A06070BD00BF12
:10BFD000280400201589000000E400E018ED00E0CE
:10BFE00010B541EC100B43EC112B01F00FFA0028B7
:10BFF00001D0002010BD012010BD10B541EC100B88
:10C0000043EC112B01F002FA002801DB002010BDE7
:10C01000012010BD10B541EC100B43EC112B01F0C9
:10C02000F5F9002801DD002010BD012010BD10B57C
:10C0300041EC100B43EC112B01F038FB002801DA26
:10C04000002010BD012010BD10B541EC100B43ECD9
:10C05000112B01F02BFB002801DC002010BD01207A
:10C0600010BD704770B50568D5F8F81031B3D5F834
:10C07000582144685668A16B20683268D162022159
:10C0800004F02AFDD5F85801A16B154A40680068F4
:10C09000C0F8041591FAA1F112683068B1FA81F183
:10C0A000926990470446D5F8F800011B6879022888
:10C0B00006D105F1D00003F0CCFC0BE000240CE02D
:10C0C000D5F8F400D5F8FC200A44401AC5F8FC2045
:10C0D000C5F8F4000020C5F8F800204670BD00BF88
:10C0E000D401001070B5184B2021EFF3118081F3BB
:10C0F0001188174C1548DA6C02609C64154C1A665E
:10C100001C64154B04689C4210D14268144B22F405
:10C110007F421A44426081764FF40071C160D0F8CA
:10C120002C1221F04041C0F82C1270BD0B4D0024A0
:10C13000362CEAD00E2C8EBF42F8245053F82460DF
:10C1400042F824600134F3E72804002008ED00E001
:10C15000000800000038012000000000B1FF0000CE
:10C160000000FA052DE9F04186B0DFF8688098F804
:10C17000650060BB012088F86500C8F80480C8F835
:10C18000008003F051FF144801AA114690E8F8001E
:10C190000520F8C108F1100404901049204601F070
:10C1A000ADFFC8F84C4002F0DFFE0D48D0E9102387
:10C1B00047F69160101A73F1000031BF4FF0FF3065
:10C1C000002047F6906104F095FDC8F8580006B0CD
:10C1D000BDE8F081F80400206C2F010099A7000051
:10C1E00040C30020C8B3B0B50446E430982104F041
:10C1F000A2FD00203D21C4E9600084F888012046AA
:10C2000004F099FD04F14000892104F094FD04F14B
:10C21000CC00152104F08FFD04F5C6702C2104F02C
:10C220008AFD0120422184F8B80104F5DD7004F094
:10C2300082FD0A482021C4F8FC0104F5007004F0D6
:10C240007AFD802504F509701C2184F8205204F041
:10C2500072FD84F83452BDE8B0407047C800200336
:10C2600010B52DED028BB5EE400AB0EE408AF1EE2E
:10C2700010FA04D5154803F027FFB1EE488ABCEE4A
:10C28000C80A9FED131AB6EE002A10EE100AB8EE97
:10C29000400A38EE400A00EE012ABCEEC20A10EE57
:10C2A000104A632C84BF0024013001F067FC094868
:10C2B00003F00AFF092C02D8074803F005FF2046C7
:10C2C000BDEC028BBDE8104001F058BCFE2F010010
:10C2D0000000C842863201001A2F01001A481B4A8A
:10C2E000D0F8841000681140194A914211D1C0F36E
:10C2F0000332C0F34061082A0ED0092A11D00F2A58
:10C3000007D1020213D400F08072A9B1A2B11120AA
:10C3100000E0FF2040B270470A20002908BF0C202F
:10C32000F8E74FF0FF30002908BF0920F2E70E20A0
:10C33000002908BF0D20EDE70B20002A18BF1020B0
:10C34000002918BF0F20E5E79412005000F0FF0FFE
:10C350000010B40B10B517480168890726D4174898
:10C360000468A00221D41648006800688047C0F124
:10C370003E000722C1100729B8BFC210012000EB00
:10C3800024718A42D8BF0A460E490968C1F30321C5
:10C39000891A0F29A8BF0F210129D8BF014641F0F2
:10C3A000F000094981F84D00087810BD0249C160CC
:10C3B00010BD00BF10000940FD000040B44F005008
:10C3C000EC0100100C1300500D620840F8B5054652
:10C3D00004F0DCFD0446A87A50B36F7A012604F01D
:10C3E000FDF8697A48B1154A48B21130536806FA27
:10C3F00000F08343C0435360106006FA01F3104914
:10C40000002206FA07F02A72AA72C5E90422AA617C
:10C41000C5E9002291F8605091F862202B4381F821
:10C42000603012B1013A81F86220C0B203F03EF8E8
:10C430002046BDE8F84004F060BF00BF081004408B
:10C4400070C200202DE9F041D0E901480546D8F836
:10C450000000416821F002014160204601F04EFFDA
:10C46000D4F8CC0002F0D8FE04F1300004F0A3FFB1
:10C4700094F8F80018B904F16C0004F098FFD5E9BD
:10C4800001750D4E95F83800B04795F83900B04762
:10C4900095F83A00B04797F8FB00B04798F80C00C1
:10C4A000FEF7D2FD04F11C0004F068F8002084F8C7
:10C4B000FD00BDE8F08100BFD5EC0000F8B51A49D9
:10C4C00001220446087A0A7254F8485F02F0E2FB3F
:10C4D000A54208BFF8BD15484FF0FF31FDF74AFCF3
:10C4E0002068134EA0421AD0076881680569026867
:10C4F00043681A60426803685A602A686B681A6069
:10C500006A682B685A60096811B1C06800B1884731
:10C51000B06829461C22436898473846E2E703483A
:10C52000BDE8F84001F032B828070020E8C6002036
:10C53000500300201A494978012918BF7047B0F507
:10C540007A7F04D32D202D212D2202F095B970B5CC
:10C550000A226423B0FBF2F1642801EB8101A0EB15
:10C560004105B0FBF3F101FB130305D298B20021A2
:10C5700000240A2802D206E00A48415CD8B2B0FB87
:10C58000F2F0084A145C084E3420B04735202146AA
:10C59000B04704483246415D3620BDE87040104740
:10C5A000C30800207D310100AFFA000070B51A49C0
:10C5B0001A4A044601F058FF0146E061012051B3D8
:10C5C000002184F8200061626069B0F1FF3F1ADD4C
:10C5D00060690121124A01FA00F0A0616069157AD0
:10C5E0001172116A01EBC000E0642020EFF31186A4
:10C5F00080F31188204604F063FA86F311882846F8
:10C6000002F048FB06E00648A16121462C30E064B8
:10C6100004F01EF9002070BD1104010055EC00006B
:10C6200028070020F8B5054616484BF2F521174EAD
:10C63000006800FB01F714483C0A006800F4402041
:10C64000B0F5802F10D11248006880030CD4F06838
:10C650000068804702F07AFB3168C9688847C010DB
:10C66000390B484304EBE0342DB90A48006820F048
:10C670007F40204444083069416C2046BDE8F840C2
:10C68000084700BF08400C40B44F0050E0010010C4
:10C690008C13005010200940F8B5164F1648BD6C99
:10C6A00004F07EFB0446154801680668214011F03D
:10C6B000200318BF002D0AD0284600223D6503F054
:10C6C00013FC0F484FF48041283004F076FE04EA52
:10C6D000060010F4602008BFF8BD0A4991F86120F7
:10C6E00042EA504081F8610007480021BDE8F84067
:10C6F00004F063BE7C06002020000E000C100440F5
:10C700006005002070C20020DCC40020F8B5184D80
:10C71000687808B9A87840B3164E012411202C700F
:10C72000B047154F4FF47A70B8470A20872101F0BF
:10C7300065FB42F21070B8471A20B0470F48B8475F
:10C740001120B0474FF47A70B8470A20072101F052
:10C7500055FB42F21070B8471020B0474FF47A7082
:10C76000B847002028702046F8BD0024FBE700BF32
:10C77000BE080020ADE7000021FD000020A1070059
:10C780000022A8B3A1B32DE9F041D0F800ECD0F815
:10C79000084CD0F804CCAEEB0C05A54220D2D0F862
:10C7A0000C4C91E8EC010EF1010104EA0E0404EBDB
:10C7B000440400EBC40484E8EC01BFF35F8FC0F8CD
:10C7C000001CA1EB0C01D0F8102CD0F81C3C01325D
:10C7D0009942C0F8102C88BFC0F81C1C012205E04B
:10C7E000D0F8181C00220131C0F8181CBDE8F04137
:10C7F0001046704700B17047B0B51A4C606D58B321
:10C8000040F2000CEFF311808CF311882020EFF33D
:10C81000118180F31188D4E91850616DB1FA81F16A
:10C82000C1F11F0100EBC101A94215D908680268D6
:10C830000A6051600A688A4204D1416A626D22EA44
:10C840000101616500F050FC616D29B1606EB1FAC3
:10C8500081F1C1F11F01E5E7002084F85000BDE837
:10C86000B040704750030020F0B540F6FF7C10F850
:10C87000013B0024082CFAD00646DF0716F8015BBE
:10C880000DD1477807F00F060336122E0DD190F91F
:10C890000220D6B2B2F1FF3F09DD03300DE001F80E
:10C8A000015B304601345B08E4E7023006E0C27801
:10C8B00006F07F06043046EAC21612363F0947EA00
:10C8C0000512624508BFF0BD2A013A44D543002E47
:10C8D000E8D04A5D013E0A700131F8E770B56FF0AB
:10C8E00007024A61D0E90020CC6891E8680002F1B3
:10C8F000D00C00689160C2F8DC40ACE86800D0F869
:10C900000468760642BF6FF00800486170BD0126DA
:10C91000C0F810684FF4FF76098B06EA410145B173
:10C92000C0F80018591CC2F8D0101978C0F80818BF
:10C9300005E041F00101012CC0F8001801D10321EC
:10C9400000E00B2104F00BFC002070BD2DE9F0414C
:10C950001C4617468846054604F0E2FAB8F1010F76
:10C9600001DB804501DD002102E005EB0801013912
:10C9700027B12268531E23602E23137030224346B2
:10C98000834205DD2768013B7E1E26603A70F7E78B
:10C990004045B8BF8046B8F1010F08DBA9420BD370
:10C9A000226811F80109531E23601070F6E7206811
:10C9B000411E216030210170BDE8F08130B3B0B577
:10C9C0000D465C21044604F0B6F92DB120462946F7
:10C9D0001C2204F00DFD0DE00D480E490E4A0F4BD0
:10C9E0000F4DA0610220C4E90253C4E90421207163
:10C9F0000C4820604FF080703C21E06104F1200081
:10CA000004F099F908486064BDE8B040704700BF81
:10CA100000001642333317420000184233330D42F0
:10CA200000000C4270177C150000C8417CB504461C
:10CA30000698362903DB00220092174A0CE01646BE
:10CA4000124A1D46124BE181126E52F821209A4281
:10CA500007D0002200920F4A0B4603F023FF01206B
:10CA60007CBD084601F04CFF287A29696A68A060FD
:10CA70002173C4E90026297D012904BF0230A0608A
:10CA80002046FFF76BFA00207CBD00BF2804002081
:10CA9000B1FF00003E1F01005020010010B596B00C
:10CAA000184C2020EFF3118180F31188E06810B951
:10CAB00003F08CF9FAE7E068216A134A0223B0FA1E
:10CAC00080F0C0F11F00137501EBC002E26151F864
:10CAD000300000212174A06140F2000CEFF31180BE
:10CAE0008CF311882020EFF3118180F3118804F07A
:10CAF000F7F8A16968461C301C3103F0A9FA16B09A
:10CB000010BD00BF28070020280400200CB44FF0FF
:10CB10007F4343F460034FEA4102D21A1BD24FEA2B
:10CB2000105040EA013010F5807024BF400801F534
:10CB300080114FEA5020002948BF40F000404FEAE2
:10CB40004101490DB1F560710CD4FF290DD240EAC5
:10CB5000C1500CBC7047DB431A40024305D0D84398
:10CB60000CBC704700200CBC704701F00041FF2056
:10CB70004FEAC05008430CBC7047704770B505467B
:10CB800004F004FA174E044696F82400A84386F8E9
:10CB90002400306820B1B830F8F71CFF054600E0EB
:10CBA0000025706818B1B830F8F714FF054396F8FF
:10CBB000240030B92DB9306A18B190F828108907CF
:10CBC00004D42046BDE8704004F097BB456A204677
:10CBD00004F093FB306A022100220024A84734624B
:10CBE00070BD00BF600500202DE9F041184F0446DC
:10CBF0000D46B869C66B2068B04214D004F10C0829
:10CC000000214046FDF7B6F828B9BDB14046294697
:10CC1000FDF7B0F8C0B10121C4E90061387A39727A
:10CC200002F038F807E0A06802280AD00128E5D110
:10CC30006068013060600020BDE8F0811020BDE830
:10CC4000F0812D20BDE8F0819120BDE8F08100BF8A
:10CC5000280700202DE9F04198B060B30546022076
:10CC60000C4600F02DF8002630B30DF13E072021D0
:10CC7000B81C04F060F80DF11C082221404604F0B5
:10CC80005AF840F60B600696CDE90466CDE90278C5
:10CC9000ADF83E00A01C019001A803F0B1FE0646CD
:10CCA000022000F017FF3EB108F10201284622469B
:10CCB00004F09EFB00E00026304618B0BDE8F0818D
:10CCC00070B5174D04462878012801D1686810B95D
:10CCD000FDF7FCFCC8B1134804F004FB124E0B2016
:10CCE0000121B04714200121B0470F200121B04796
:10CCF0002046FCF765FD28B1022C08D0012C0AD192
:10CD0000A87805E0074802F087FC002070BD0F20DE
:10CD1000002104F025F8782004F0F8FA012070BD15
:10CD200064080020D0C50020610D0100B0B5174C8B
:10CD30006068216801EA000521EA000268062260B5
:10CD40001DD51348006800F44000B0F5000F03D172
:10CD50001048006802F076FB042004F053F9811EAD
:10CD6000022905D202F004FA022002F085FB03E05A
:10CD7000012808BF02F0FCF9202002F0DBFD2806A4
:10CD800048BF01F095F9A560B0BD00BF90220840F2
:10CD9000B44F0050C80800202DE9F0414FF02008A2
:10CDA000EFF3118188F311880122144F11490D7A94
:10CDB0000A72114991F8506081F850200021104A00
:10CDC0003C7D3975396D1268D2B251F822108860F5
:10CDD00040F2000CEFF311808CF31188D1E90001CF
:10CDE0008847EFF3118088F311883C7546EA0520E7
:10CDF000BDE8F0812807002050030020280400200F
:10CE000004ED00E010B52DED028BB5EE400AB0EE5A
:10CE1000408AF1EE10FA04D5134803F055F9B1EE4B
:10CE2000488ABCEEC80AB2EE041AB6EE002A10EE2A
:10CE3000100AB8EE400A38EE400A00EE012ABCEEB5
:10CE4000C20A10EE104A092C84BF0024013000F001
:10CE500095FE064803F038F92046BDEC028BBDE88C
:10CE6000104000F08BBE00BFFE2F01008632010093
:10CE7000F0B5846A631E13EA010518BF651B1342EF
:10CE8000294408BF1446A94201D20020F0BDA4F1F4
:10CE9000010C00F1200213461268002AF5D01CEAAA
:10CEA000020618BFA61B57687518AF42F3D37C1B48
:10CEB000B01846B1AF4256600ED0136843500144DB
:10CEC0004C601160F0BDAF4201D1116803E01268FF
:10CED000425001444C601960F0BD89B36FF0C0024C
:10CEE0000B0E02EA8112202B05D0212B05D0A02B9E
:10CEF00005D1302118E0102116E0202114E0B1F115
:10CF0000807F01D240210FE0102B05D0112B05D0DE
:10CF1000402B05D1702107E0502105E0602103E09E
:10CF20009021502B08BF8021114341F00F0104C80C
:10CF3000531C18BF8A42FAD14FF0FF3140F8041C4D
:10CF40007047704770B50468616F59B3D4F85821C1
:10CF500045685668E96B28683268D162012103F0A0
:10CF6000BBFDD4F85801E96B0F4A40680068C0F86F
:10CF7000041591FAA1F112683068B1FA81F1926951
:10CF80009047616F091AE07C20B104F14C0002F077
:10CF90000BF905E0206FA26F401A20675018A067B8
:10CFA0000020606770BD00BFD401001070B588B06C
:10CFB000164E01243078012801D1706818BB05ADE8
:10CFC000284603F083FE2846012104F0A5F82846F0
:10CFD000012104F008FA0E48294602F003FB284616
:10CFE00004F0FFF901AD284603F0D6FF00202946E2
:10CFF0008DF80C40FAF7D4FF0446706000281EBF7D
:10D00000012401203070204608B070BD880800203F
:10D01000A4C5002003F0A4BDB0B504460020164D01
:10D02000206051EC100B21F00042AA421ED852EAB7
:10D0300000031BD00023B3EB125F0BD151EC100B9C
:10D040009FED0B0B53EC102B04F0BFF921F00042C5
:10D050006FF0350303EB1252A2F2FE32226005F5A7
:10D0600000121140054A114341EC100BB0BD00BF46
:10D070000000000000005043FFFFEF7F0000E03F92
:10D080001248417901BBB0B58AB00125104924226C
:10D09000457101AC204604F0ABF94FF400708DF8F7
:10D0A00024500E4D0E492246002306900948059053
:10D0B0000020049008480190284602F0DDFF09484E
:10D0C00045630AB0BDE8B040704700BF5003002080
:10D0D000682C010068B900200C2D0100FCC3002061
:10D0E0007F130100280700202DE9F047164C00218E
:10D0F00000F12C03154D4FF0010A80F8281084F838
:10D1000050100ECBD4E91689276E2E7DC4E9170383
:10D11000A26585F814A0016340F2000CEFF31181C1
:10D120008CF31188D0E90532C16910469847202058
:10D13000EFF3118180F311882E7584F850A0C4E9B3
:10D1400016892766BDE8F0875003002028040020D8
:10D15000B0B5134D0124E86B016801208847012810
:10D160001BD028683C21012200230024C5680D48FB
:10D17000A84790B101F0E0FF0B480C490068D1E9E5
:10D1800000238860C01A0A4BA2EB92025843B2EB0C
:10D19000104F98BF020C01240A602046B0BD00BFAA
:10D1A000A401001000A00C403020094034080020E9
:10D1B00040420F00B0B51448144D807B95F83911EA
:10D1C000084306D003F0E2FE95F83B1121B104F0CC
:10D1D00094F800242046B0BD012485F83B4104F0BA
:10D1E0008CF8022002F02EFB0D20FDF725FE0848EA
:10D1F00001680029EED1074940220A604A600021F7
:10D2000085F83A11C461E4E71C2F010000000020FA
:10D2100004800C4038500C4079B36FF0C0020B0E04
:10D2200002EA8112202B05D0212B05D0A02B05D19D
:10D23000302118E0102116E0202114E0B1F1807FA8
:10D2400001D240210FE0102B05D0112B05D0402B2F
:10D2500005D1702107E0502105E0602103E0902115
:10D26000502B08BF8021114341F00F0104C8531C0B
:10D2700018BF8A42FAD140F8041C70471CB5154803
:10D28000017E022904D11920BDE81C4003F078BDBD
:10D29000017E01291DD0007E04281AD003F076FEFD
:10D2A000044601A8FEF76AF928B101990A4831B18C
:10D2B00003F076FB0AE00848F9F727FD06E0F9F7E6
:10D2C00024FD06480421283004F077F8204604F0B5
:10D2D00014F81CBDC003002098C400206005002085
:10D2E000B0B54FF0FF3003F053FD104D0446104928
:10D2F000E86988420DD10F480F49002203F01AFC5B
:10D300000220287602F0B6FA18B9FEF7A7FBF8F764
:10D31000BDFF0A48044208BFB0BD09484FF00051A4
:10D320002830BDE8B04004F048B800BFC00300207A
:10D33000253400007C060020C59600000200004055
:10D34000600500202DE9FF41144DD5E900673879CB
:10D35000FDF772FD03F01AFE04463078B0B90DF106
:10D360000408404603F004FDB87979790C4A434635
:10D3700001950290301D01F0CBFC38684FF0FF3171
:10D38000C16208498160012131704160204603F08B
:10D39000B4FF024804B0BDE8F08100BFA032010034
:10D3A00031120100001800202DE9F041D0F8A850FA
:10D3B0001F4616468846044625B120464146324659
:10D3C0003B46A847D4E928010F40064056EA07002B
:10D3D00008BFBDE8F08120464146802201F080F977
:10D3E000C4E92C6740B1D4F8A8108160D0E90812D4
:10D3F000B143BA43C0E908120020C4F8A80004F100
:10D400005000BDE8F04103F0D4BF7047F0B550ECD8
:10D41000101B154D20F000444A4275EB040206D360
:10D4200052EC113B22F000465F42B54101D201208F
:10D43000F0BD43EA010534432C4304BF0020F0BD96
:10D4400012EA000406D4CC1A70EB020406DA4FF09C
:10D45000FF30F0BD5C1A72EB0004F8DB594050401D
:10D46000084318BF0120F0BD0000F07F10B588B060
:10D4700004460220FFF724FC20B300200B218DF886
:10D480001E408DF81F008DF81C00ADF81A000590A5
:10D49000CDE903000DF11A008DF81D1002900DF179
:10D4A0001D00019003200090684603F0A9FA04468D
:10D4B000022000F00FFB9DF81C00002C08BF4FF06D
:10D4C000FF3000E0FF20C0B208B010BDF0B5154934
:10D4D000154A00208C46141813586146271D2169EF
:10D4E000E0CF4CF800300CEB00032030B0F5387F73
:10D4F0005D609E60DF60196161695961A169996130
:10D50000E169D961E7D111584CF800100CEB00012A
:10D510001044041D00691CCC4A608B60CC6008611B
:10D52000F0BD00BF00800021381901002DE9F0474F
:10D53000054615488A464FF0FF394FF00008046849
:10D540006768BC421DD026462468307D0128F8D18A
:10D550006DB1F06850450AD1306918B1306250445D
:10D56000F06001E086F81480D6E906108847307D27
:10D570000128E6D1F068A0EB0A00484538BF814693
:10D58000DFE74846BDE8F087F8040020B0B5164A4A
:10D590000121147A11722022EFF3118582F3118890
:10D5A000024652F8143F93420FD01068036813608C
:10D5B00001745A60C16809B100220A758068294661
:10D5C00002F092F885F3118808E0017CC90706BFD4
:10D5D000418A01310121418285F311882046BDE84D
:10D5E000B04001F057BB00BF2807002070B5144EB3
:10D5F0002021306EEFF3118581F31188716D726E09
:10D60000B1FA81F1C1F11F0102EBC101814210D9D0
:10D610000C480121047A01720B4803F08CF80020B9
:10D6200086F85000204685F31188BDE8704001F06F
:10D6300031BB002086F8500085F3118870BD00BF13
:10D64000500300202807002011DD00000F280ED80D
:10D6500040F20252DFE800F014101210080D08101A
:10D6600010100D100810100D4FF2011208E01E28C6
:10D6700002D141F2011203E0002201E04FF4817275
:10D6800031B1FF2907D14FF203101040C03008E03C
:10D6900042F0300005E0C8070CBF42F0200042F025
:10D6A0001000000400F203707047FEE7F0B550EC84
:10D6B000101B144D20F000444A4275EB040214D3B1
:10D6C00052EC113B22F000465F42B5410DD343EAD4
:10D6D000010534432C4304BF0020F0BD12EA0004CE
:10D6E00006D4CC1A70EB020406DA4FF0FF30F0BD1E
:10D6F0005C1A72EB0004F8DB59405040084318BF35
:10D700000120F0BD0000F07F40B3BCB5144D0446CD
:10D710002878F8B100200DF1060200210123ADF8B0
:10D7200006008DF80500442000F078F890B10DF166
:10D7300005024420012101F07DF858B19DF8051043
:10D74000BDF8060000F0DCFD84ED000A85ED020A5C
:10D750000120BCBDA86820600020BCBD002070472F
:10D760007C08002010B588B003F0CEF9FBF7AAFEC4
:10D77000FDF7DDF800F0F8FF02AC204603F058F9A1
:10D780002046012103F0C2FC20464FF4805103F0F3
:10D79000EAFD0520019001A9204603F08DFA074A11
:10D7A00007A821460023FCF7F1FD204603F017FEF1
:10D7B00003F0E6FB002008B010BD00BFE53C000010
:10D7C000B0B5144DA969CC6B20640120A063616CD5
:10D7D00031B1D1E900238868096951649847F6E7B7
:10D7E0002046FEF76BFE206B48B10121287A297292
:10D7F0000949CA69CC61226001F04CFA03E004F1E6
:10D800001000FFF7C3FEE0684FF0FF31BDE8B04005
:10D81000FDF760BA2807002050030020B0B58AB099
:10D8200014460246002024B3ADF82400CDE90700D9
:10D83000CDE9050002208DF827101D46049009A8A7
:10D84000ADF81C200390012002900DF127000190FB
:10D8500001A801F0B7FA60B19DF825209DF82410C9
:10D86000002D13461CBF0B461146C9B241EA0321E5
:10D8700021800AB0B0BD0000B0B5124949684A68BD
:10D88000D2E90115D46860B155EA040005D00E480C
:10D890000022C2610D4A5032026021B1FDF70DFF36
:10D8A00001E001B1884755EA040008BFB0BD03F0AC
:10D8B000A9F905B1A84704B1A0470448BDE8B040A4
:10D8C00002F00CBEC0030020001004400100070657
:10D8D00038B370B5044600F54E650026243040F696
:10D8E00086412E6003F027FA04F6AC40322103F0A3
:10D8F00022FA0C481E21686004F6E84003F01BFA87
:10D900002046A4F8146DC4F8086DC4F80C6DC4F872
:10D91000106D01F07CFD04F65C50882103F00BFAD9
:10D9200070BD70470000754400B5EFF3038212F03C
:10D93000FF0F0DD06A46A2F1200282F309886FF032
:10D94000020E10604FF08071D1610B4991617047F8
:10D950005DF804EB694681F3098880F308884FF08D
:10D960000200EFF3148180F314880448016821F069
:10D9700040410160704700BF50D9000034EF00E023
:10D98000F0B585B00B4600216A460A2405468DF89D
:10D99000131002F1120195FBF4F606EB8607A5EBD6
:10D9A0004707002F48BF7F4230370935122D01F855
:10D9B00001793546EFD8B0F1FF3FDABF2D2008706E
:10D9C0000131541A184604F1140203F011FD04F158
:10D9D000130005B0F0BD00007CB5D0E90056002171
:10D9E00001243068C0F81018C0F81C48684603F0DD
:10D9F000A7F90C49D5F8202130680968002A0B687E
:10DA0000019918BF012298473068074A00F5026162
:10DA100002EA411301F07041194411440C63C0F84B
:10DA200004487CBDAC010010E0FFFF0110B503F01D
:10DA3000ADFA0F4C217E022902D0217E042904D1A7
:10DA40000E490C6803F059FC10E003F056FC09483D
:10DA50000068006B8047084AA0FB020301FB02310B
:10DA600010F1905041F17A00E16C0C18204610BD85
:10DA7000C00300208C01001000093D000430044068
:10DA80002DE9F041ADF5027D0C46816805460DF1AA
:10DA90000A00B1F1FF3FDCBF0621A960D4F8008085
:10DAA00001AAF9F735F9019FAA68234606463946C7
:10DAB00001F030FD206839462346804506BF2868BE
:10DAC000C0F3C00201223046FEF740FF0DF5027D93
:10DAD000BDE8F08110B504460F4810490A68D20627
:10DAE00001D50130FAD3022C04D0012C06D10C4808
:10DAF000807800E00F20012103F032F9782003F054
:10DB000005FC022C02D10120FBF75AFE0548BDE8B6
:10DB1000104001F081BD00BF30F8FFFF0C00004055
:10DB200064080020D0C500202022EFF3118182F389
:10DB3000118890F82820012A02D181F311887047BA
:10DB4000F0B50D4A012492F8503082F85040466BEF
:10DB5000456A776806604760386080F82840546DF1
:10DB60002C435465706081F31188BDE8F04003B127
:10DB70007047FFF73BBD00BF5003002010B3B0B5A6
:10DB800086B000210A2303AA58B1B0FBF3F404EBDA
:10DB90008405A0EB450040F0300050540131204690
:10DBA000F2E750180023421E6846994204D012F84A
:10DBB0000149C4540133F8E70022425402F084FAC8
:10DBC00006B0B0BD014802F07FBA00BF1A2F0100B5
:10DBD000B0B501F0EFFD0E4C0E4D1420611CA847AE
:10DBE0000A202146A84709202146A8470A490820BB
:10DBF000A847B92000F0B4F8084C1420A0470A2028
:10DC0000A0470920A04708202146BDE8B0400847AA
:10DC100000640020F512010002200020D5EC000075
:10DC200010B504281CD10F48F7F7D4FEC0B1F3F7A4
:10DC3000D9FA04460B48F5F73DFE604380084A28B0
:10DC40000ED80848F9F761F8052001F0FBFD0648F9
:10DC5000012180F8251005480421283003F0ADFB90
:10DC6000002010BD98C40020C003002060050020E3
:10DC7000B0B50446C8B10D4620464FF4147103F008
:10DC80005AF835B104F5107029460C2203F0B0FBA8
:10DC900008E00848C4F848020748C4F844020748A6
:10DCA000C4F840022046FEF79DFA002C18BF01245C
:10DCB0002046B0BD3200190532006400FA0026008B
:10DCC000002218B311B3D0F804CCD0F8003C63455F
:10DCD0001CD0F0B5BFF35F8FD0F80C3C03EA0C0307
:10DCE00003EB430300EBC30393E8F44081E8F44003
:10DCF0000CF101010122BFF35F8FC0F8041CD0F8C2
:10DD0000141C0131C0F8141CBDE8F04010467047E7
:10DD1000B0B5124CD4E91851606DB0FA80F0C0F182
:10DD20001F0001EBC001086802680A6051600A68C0
:10DD30008A4204D1416A626D22EA01016165FFF7FE
:10DD4000D3F9606D40B1616EB0FA80F0C0F11F0090
:10DD500001EBC001A942E6D8B0BD00BF50030020CE
:10DD6000B0B504461420002102F0FAFF07250A206E
:10DD7000002102F0F5FF681C0FD024FA05F000F036
:10DD80000101092002F0ECFF0A20012102F0E8FF66
:10DD9000082003F0BBFA013DE9E71420012102F05D
:10DDA000DFFF4FF42F70BDE8B04003F0AFBA7CB591
:10DDB000002815460C460646009248BF4042002106
:10DDC0000A226423F4F7DEFB06F10900122808D8C2
:10DDD00004F0DF00502804D02868411E296030215B
:10DDE00001702868411E29602B21002E48BF2D217B
:10DDF00001702868411E296004707CBDB0B588B0F0
:10DE0000044601200D46FEF75BFFE0B1002044F020
:10DE100040018DF81F508DF81E000590CDE90300DC
:10DE20000DF11A008DF81D1002900DF11D000190EA
:10DE300003200090684602F0E3FD0120FFF74AFE50
:10DE4000322001F06DFF08B0B0BDB0B588B0044617
:10DE500002200D46FEF734FFE0B10A208DF81F5076
:10DE60008DF81E408DF81D0000208DF81C00ADF8C7
:10DE70001A000590CDE903000DF11A0002900DF192
:10DE80001D00019003200090684602F0B9FD0220B9
:10DE9000FFF720FE08B0B0BD70B500F12003856A21
:10DEA0001C46204624680CB18C42FAD36E1E0C60CE
:10DEB00001601640A5EB060518BF2A444A603CB134
:10DEC0005518A54204D1D4E900452A44C1E90042CD
:10DED000984207D043681C188C4203D109681A4441
:10DEE0004260016070BD00000D4890F82810C9071D
:10DEF00014D1F8B5012180F8281003F019F9002099
:10DF00000949019007480290081A0390074801A99F
:10DF100001F00CF806498860BDE88F40704700BFEB
:10DF200028040020501A0020509A002078C50020B4
:10DF30005003002010B50E480078B0B10D4801F034
:10DF400041FD0D4C204602F047F80C48046101F0F9
:10DF500053FF40F2000CEFF311808CF3118803F0B3
:10DF600011FABDE81040FEF799BD03F003F800BFB9
:10DF700050030020D1E50000FCC50020280400204B
:10DF80000E480F4A0F4B0168825800680340D0B218
:10DF90000D4A7F2888BF0020934207D1090F02292C
:10DFA00006D307D0032901D1153004E0FF2002E099
:10DFB0000A2000E00B3040B2704700BF1813005039
:10DFC00088FDFFFF00F0FF0F0010B40B80B50D4877
:10DFD00001420CD0012003F015F8012808D10B48AC
:10DFE00000210C4AC1610A49CA613C31016080BD0F
:10DFF000F3F7F8F83221B1FBF0F10348BDE88040B7
:10E0000002F0CEBC0400002098C4002000100440A0
:10E01000C0030020253400001048032180F85A1066
:10E02000022180F84B1001210175002101700621A9
:10E0300080F89510052180F88B10042180F84E108F
:10E04000072180F86A100649C0F8AF100A2180F84D
:10E05000271009218177082101737047D50300211A
:10E060007D4100217FB5D0E90154204602F079F8C6
:10E070002068416821F002014160416921F00F01EF
:10E0800041610321016202A802F05AFE074995F896
:10E09000F93095F8FA202068D5E9396509680C68E7
:10E0A0000399CDE90065A0477FBD00BFC401001002
:10E0B000B0B502F06BFF044603F008F90028FBD06E
:10E0C000032001F0D9F90B48002180F838112046CF
:10E0D00003F013F90848816802200D46884704467A
:10E0E000102001F027FC24B103202946BDE8B040F0
:10E0F0000847B0BD000000201C2F0100B0B54161F1
:10E10000002180F8281092E83A00C0E90634016145
:10E110001169C0E90B11691C08BF052505620121C1
:10E12000A940416207494A6E02EBC502426301F110
:10E1300048024060006000F10801104602F088FBD0
:10E140000020B0BD500300202DE9F041476804468F
:10E1500002F01CFF05464FF00008D7F8C8609EB1DA
:10E1600071697068C6F81480C7F8C81002F01AF90F
:10E17000284603F0C2F8D7F8BC2020463146904725
:10E1800002F004FF0546E8E72846BDE8F04103F049
:10E19000B4B810B503780A788BB182B1A2F141040A
:10E1A000013101301A2CA3F1410438BF42F02002A2
:10E1B0001A2C38BF43F020039A1AEBD00CE0A2F1DE
:10E1C00041001A28A3F1410038BF42F020021A286A
:10E1D00038BF43F020039A1A104610BD0E48502253
:10E1E000016841F4087121F0020101600B4803212C
:10E1F00040F8041C41F2300181600121016082601D
:10E200004FF4CA62016082604FF4865201608260FE
:10E2100001600348016070470000046058600440DA
:10E2200000410440B0B502F0B1FE044603F04EF8E0
:10E230000C48002180F83811032001F01DF9204618
:10E2400003F05BF80848816802200D4688470446C1
:10E25000102001F06FFB24B103202946BDE8B04037
:10E260000847B0BD000000201C2F01002DE9FC472D
:10E270009846AAB115460E46074600244FF0FF3ACD
:10E280000DF1040931192A1B38464B46CDF800A080
:10E29000F8F7EAF801990C4428B96D1AF2D102E0B6
:10E2A00000246FF00900B8F1000F18BFC8F8004053
:10E2B000BDE8FC8710B58AB0144602460020DCB1E8
:10E2C00049BAADF82400CDE90700CDE905000220E8
:10E2D000ADF82610049009A9ADF81C20CDE9020183
:10E2E0000DF12600019001A800F06CFD20B1BDF8F1
:10E2F000241009BA090C21800AB010BD03F036B809
:10E3000070B560F313210446084602F0D7F90546BC
:10E310000E46200B012101FA00F0002101F016FD4C
:10E320002A46334603F051F89FED050B53EC102BB2
:10E3300003F04BF8FEF7EAFB00EE100A70BD00BFD9
:10E34000000000E0552B433F81B0B0B587B00025F9
:10E350000B930C4605920D4B0495002918BF012123
:10E36000611ACDE9020108480BA90691009005A8A1
:10E3700002AAF3F769FC0CB102990D7007B0BDE871
:10E38000B04001B0704700BF05F90000B9090100B5
:10E39000B0B52021EFF3118481F3118801250B49D9
:10E3A000CA6A0D604069B0F5802F98BF4FF4802095
:10E3B00002EB1040486106482321006802680020F3
:10E3C00090470448056084F31188B0BD04200940DB
:10E3D000840100108002244310B50446D1E90002F4
:10E3E00089680828E26198BF0820A062431E134094
:10E3F00003D0C31A1A44C91AE261B1FBF0F14843D1
:10E4000004F110016062054802F022FAE069616AD5
:10E41000002202602062416010BD00BFA8080020F9
:10E420002DE9F843DFF838900546984617460E4622
:10E43000484601F033FC0446284631463A46FEF78A
:10E4400017FD07464846214602F07FFD2FB9054AD1
:10E4500040462B46009602F025FA3846BDE8F88380
:10E4600024C60020B11E010070B5D0E90A43BE25C4
:10E470001CB103F8015B013CFAE7D0E90A34D0E9AA
:10E480000D56C06B043B23F003032344074C43E9C0
:10E49000022143E904056021FF2243E90646A3F176
:10E4A0007804204602F042FC204670BDA90A010013
:10E4B000B0B5104C00252574E06810B901F086FC59
:10E4C000FAE7E068216AB0FA80F0C0F11F0001EBC2
:10E4D000C000E169884209D9E061A169026801F1DF
:10E4E0001C0002F11C01A26101F0B2FD207C002899
:10E4F000E1D1B0BD2807002010B5FDF7F3FD02F013
:10E50000ADF8FFF7F1FC0B480B490C4C016094F897
:10E51000440010B9012084F84400FDF723FE01F007
:10E5200083FD01F0BDFDFEF7ABFD01F0A9F8012070
:10E53000207010BD08C7002040C3002050030020F9
:10E540000CB54FEA41034FEA5353B3F54073FF3B19
:10E5500044BF00200CBDD3F11F030FD94FEAC122E5
:10E5600042F0004222FA03F20B2B3EBF1533D84093
:10E57000024300294CBF504210460CBD00294FF009
:10E58000004058BF401E0CBD70B50D46044602F059
:10E59000FDFCD4E901128A4204D102F0AEFE4FF034
:10E5A000FF3070BDE36822680133B3FBF1F606FB70
:10E5B00011315554E160A168626901319142A16055
:10E5C00088BF0A46626102F098FEA06870BD000034
:10E5D0000C48032290F85010012180F850100A488E
:10E5E00002750A4A137A1172006948B110B5084CD5
:10E5F000204602F04FFD2046BDE8104002F050BD1D
:10E60000704700BF50030020280400202807002086
:10E6100043CF0000F8B50D480D4D0E4F012604689C
:10E6200004608CB1B4FA84F0696880F01F0006FAC7
:10E6300000F251F8201094430029F2D057F820201E
:10E640005203EED58847ECE7F8BD00BFE02002405A
:10E6500000300100001008400F49C3070A68496DE7
:10E6600001D1002106E001F0040102F00103C91804
:10E6700018BF0121830744BF02F0020341EA53019E
:10E68000400744BF02F0040041EA90010220002943
:10E6900018BF0120704700BF402108400F49C30741
:10E6A0000A68496D01D1012106E001F0040102F080
:10E6B0000103C91818BF0121830744BF02F00203F8
:10E6C00001EA5301400744BF02F0040001EA90014F
:10E6D0000220002918BF0120704700BF40210840D8
:10E6E000F0B50F4C00234FF0580C8EB20027B3F555
:10E6F000307F0FD0E1180D8EB54208D139B10D69C8
:10E70000854204D14AB191F83350154203D15833B0
:10E710000137ECE700210846F0BD07FB0C41FAE7A2
:10E7200058B4002070B5044605680D48C6680D4809
:10E730000068006B8047811B080B05EB1132B5EBBD
:10E74000113F40F6C41188BF50088842206004D8A9
:10E7500080084A2802D84FF49671216070BD00BF2E
:10E76000C00300208C01001070B502F00FFC0446BD
:10E770000B48017821B12046BDE8704002F0BDBDD4
:10E7800001210170074805780748002DF3D006469F
:10E7900056F80C1B89688847013D3046F5E700BFF5
:10E7A000DE080020BA330100B8300100B0B588B0EF
:10E7B000044601200125FEF783FAB8B100208DF848
:10E7C0001F408DF81E000690CDE904000DF11E00DB
:10E7D00003900DF11F00CDE9015001A802F010F9DE
:10E7E0000120FFF777F9322001F09AFA08B0B0BDA6
:10E7F0000F4A10F8011B53185B78DB06F9D42D295A
:10E8000018BF2B2901D1027801E001380A46431CC8
:10E810000020303A092A06D800EB800002EB4000C5
:10E8200013F8012BF5E72D2908BF4042704700BFC0
:10E83000301C010010B58AB0144602460020CCB14D
:10E840008DF82710CDE907008DF82600CDE90500E9
:10E8500001200DF12601ADF81C200490CDE9020144
:10E860000DF12700019001A800F0ACFA10B19DF85D
:10E87000261021700AB010BDF8B50D460C49497834
:10E88000012918BFF8BD0B4E1446B0470A4F014688
:10E890003420B8472846B04701463520B8472046BF
:10E8A000B047014636203A46BDE8F840104700BF61
:10E8B000C308002071FC0000AFFA0000F8B50D4E4F
:10E8C00004460D4F306E50F82100B84201D00020B0
:10E8D000F8BD0A480D4624300090204601F074FD32
:10E8E0000028F4D0306E50F82500C01B18BF204619
:10E8F000F8BD00BF28040020B1FF00005003002035
:10E9000010280FD310380E4A0123410900F01F00D0
:10E9100002EB810103FA00F0D1F8F020C1F8700198
:10E92000104070470F281CBF002070470448016842
:10E93000026822F00202026001F00200704700BF8C
:10E9400010E000E010280FD310380E4A01234109CF
:10E9500000F01F0002EB810103FA00F0D1F8F02073
:10E96000C1F8F000104070470F281CBF002070470E
:10E9700004480168026842F00202026001F00200ED
:10E98000704700BF10E000E000B170472021EFF3B6
:10E99000118081F311880B494A6D3AB180B580F33B
:10E9A0001188FEF723FEBDE8804004E0002281F8D4
:10E9B000502080F3118804490122087A0A7200F07D
:10E9C00069B900BF50030020280700202DE9F0415D
:10E9D00015468846074600205821002200262B466F
:10E9E00000F01CFB78B1394642462B46044601F044
:10E9F00043FB08B1264606E00448214658228068B9
:10EA00004368984700263046BDE8F0815003002057
:10EA100080B58AB08DF825101146002B08BF090A71
:10EA20008DF8271018BF120A8DF826200021CDE995
:10EA30000711CDE90511CDE903110321ADF81C0043
:10EA400002910DF12501019101A800F0BBF90AB076
:10EA500080BD00000B4801688907FCD50A480121E8
:10EA60000A4AD0F83C0101284FF0010008BF2020DD
:10EA70000823906100201060054803604360116026
:10EA8000704700BF58600C400000002000400C4060
:10EA900038500C4040F00201022918BF70477CB585
:10EAA0000A4D0B4C80B27022042329684E680090F6
:10EAB00020460021B0472868002170227023D0F83A
:10EAC0000CC0204602B0BDE870406047A4010010B1
:10EAD00000A00C400C4A1278012A11D1094A127880
:10EAE00082420DD9094A0029094B18BF0A4600EB9A
:10EAF000400103EB810053F82110CB681146184701
:10EB000000207047BA330100DE0800208C2C010081
:10EB1000B83001000B480C499FED0C1A00229FED04
:10EB20000C2A90ED020AC0E90421B5EE400A81EEFC
:10EB3000001AF1EE10FAC8BFB0EE412A80ED062AA5
:10EB4000704700BFBC0700200000C8420000FA4325
:10EB500084927B4198B10A490A4AC0E907210821F9
:10EB6000094A01834FF07A51C0E904214FF46171E1
:10EB70008181064981600121017105490160704769
:10EB80009A99193F9A99193E000020413333D33F97
:10EB90006666263F012917D010B5B0F90E40002C4B
:10EBA00048BF64422046FFF7ABFE0848084AC16CE4
:10EBB00051F82430934218BF41F82420006D002101
:10EBC00040F82410BDE81040704700BF2804002022
:10EBD000B1FF0000B0B50C46002100F12005C4E9EA
:10EBE0000111416A0A48216001F058F801462D6878
:10EBF00045B16868D4E9012302448342626038BFAA
:10EC0000A060F4E70248BDE8B04002F09EB900BF42
:10EC100024C6002070B52020EFF3118480F3118802
:10EC200009480068006B8047084AD2E91556084A2F
:10EC3000D2E9102384F3118802F05CF8281AB0425C
:10EC400088BF002070BD00BF8C010010F8040020B8
:10EC500040C3002070B50E480121047A0172856915
:10EC60002020EFF3118680F31188284600F09AF9EE
:10EC7000032085F82000284600F0B2F986F31188B9
:10EC80006D602D602046BDE8704000F003B800BF05
:10EC90002807002000B1704710B50C4C2020EFF37E
:10ECA000118180F31188207C012805D1084890F853
:10ECB000500008B9FFF7FCFB0020207240F2000C66
:10ECC000EFF311808CF3118810BD00BF28070020DE
:10ECD00050030020FF2817D0B0B5044601F030FEE5
:10ECE0000A4D286850F82410204602F003FB68689B
:10ECF00050F8241011B1002140F82410A868002118
:10ED000040F82410BDE8B040704700BF003001005B
:10ED1000BBB12DE9F04786B0DFF82CE0EC46664643
:10ED20009EE8B00786E8B007D3E900451B7A8DF866
:10ED30000830634601940495FFF7C0FD06B0BDE8B6
:10ED4000F0870023FFF7BABDA82E010070B50D4B68
:10ED50001B3800FB00F193E87000DB6801FB00F258
:10ED600083FB0223C6FB0123C5FB002310091909FD
:10ED700040EA0370001941EBE471000C40EA0140E5
:10ED800070BD00BF440800207CB50C4D0C4C002128
:10ED90004FF4C0720723286846680220009020467E
:10EDA000B047286800214FF4C0720723D0F80CC088
:10EDB000204602B0BDE87040604700BFA4010010CB
:10EDC00000A00C4070B5044600209CB10A4E71684A
:10EDD00081B10A4D284602F085FA7068214641F259
:10EDE0008832F9F751FB0446284600F015FCB4FAC6
:10EDF00084F0400970BD00BF88080020A4C5002031
:10EE000080B58AB08DF82510090A8DF82720120ADE
:10EE10008DF8241000218DF82620CDE90711CDE9C9
:10EE20000511CDE903110421029109A9ADF81C00D7
:10EE3000019101A8FFF7C6FF0AB080BD10B50A48CE
:10EE40000A490B4A0B4CC0E9022102210171817071
:10EE500016200021A04706200021A04707200021FE
:10EE60002246BDE810401047BC070020D044583C63
:10EE70006F12833B610D010080B5012001F0A8FDF8
:10EE8000012001F0B1FD1620012101F069FF47F2D8
:10EE9000305000F045FF04480449054AC0E902210A
:10EEA00000210171817080BDBC07002048E1D14282
:10EEB0006666FE410C484078012818BF704710B5BF
:10EEC0000A4C34200021A04735200021A0473620DD
:10EED0000021A04737200021A047242000212246FE
:10EEE000BDE81040104700BFC3080020AFFA000083
:10EEF000BCB5054600200C460DF10602ADF8060033
:10EF0000ADF804003A202946FFF7D4F968B1681C2F
:10EF100001AA81B23A20FFF7CDF930B1BDF8040063
:10EF2000BDF8061041EA00402060BCBD10B50446A3
:10EF30000848002908BF01462046FFF74DFA064859
:10EF40000649074A074BC4E902102046C4E90032CB
:10EF500010BD00BF0C310100D5EB0000EB13010028
:10EF600095F9000021E4000010B588B001AC0A4911
:10EF70001C22204602F03CFA0020094A00212346C8
:10EF80008DF810000A20039002208DF80400034839
:10EF9000F9F732FC08B010BD482D010040C3002035
:10EFA00049110100B0B50D49CA680368446823607F
:10EFB000436804686360C46C83692568A54204BF24
:10EFC0009A43CA608A69824204BF0022CA61012250
:10EFD0000A74022180F82010B0BD00BF280700206D
:10EFE00090F84800012818BF704710B52020EFF3B3
:10EFF000118480F31188074841690139416105D1C5
:10F00000054884F31188016A0020884784F3118839
:10F0100010BD00BF2807002028040020F8B50E46C8
:10F020000B4900281C468D68314618BF05462F68DD
:10F030002846002A08BF0822B847074628B9054ACB
:10F0400020462B46009601F02DFC3846F8BD00BF47
:10F0500050030020C71F010010F1240FD8BF6FF02C
:10F0600023001B28A8BF1B2003210F222430A1EB63
:10F07000101122EA000022FA01F14FF6FF7222FA83
:10F0800000F040EA014001490860704718A00C40B8
:10F09000B0B50A490A4A0B4B0C684D68AC42FCD12A
:10F0A000844208BFB0BD155C145DAC424FF0FF3523
:10F0B00038BF01252C441C5D0C60EDE700600C405E
:10F0C000A8320100AC32010010B50A4C00212068C2
:10F0D000426801209047206801680120884708B1F4
:10F0E00000F02AF804480068E06800688047034997
:10F0F000C86010BDE0010010302009403408002035
:10F1000010B50A490A4C0860D1F8980040F0030095
:10F11000C1F8980020688169202088470548006868
:10F120002068806BBDE81040004700BF8C2108407C
:10F13000B80100102C20094010B50A480B4C01887A
:10F14000C907094907D14FF00122226000880868E9
:10F15000BDE810400047086880474FF0807020608D
:10F1600010BD00BF00A00C408000001004A40C40A3
:10F170007CB50B4D0B4C00214FF040521C232868EE
:10F180004668032000902046B047286800214FF4CD
:10F19000007209234568012000902046A8477CBDE5
:10F1A000A401001000A00C40F8B50C46054601F083
:10F1B000EDFE2B1D6E690ECB8F1AA74238BF3C4661
:10F1C00022442344B24288BF16466E61B3FBF1F677
:10F1D00006FB1131C5E9022102F08FF82046F8BD87
:10F1E00070B50668054601F0D1FE0446707A70B924
:10F1F00001207072284600F0F9FC686801F038FFC1
:10F200002846FAF757FC2846002100F097FF2046D1
:10F21000BDE8704002F071B8F8B5D0E9006501F0C2
:10F22000B5FE0446307870B1287901F0F9FD012867
:10F2300006D1286800274760301DFFF75FF8377058
:10F240002879FBF701FF2046BDE8F84002F055B8E9
:10F25000C2B110B58AB0044600208BB1CDE90700D9
:10F26000CDE9050001208DF82710CDE90323ADF885
:10F270001C4002900DF12700019001A8FFF7A2FDAC
:10F280000AB010BD0020704710B5094C207838B97D
:10F29000084809494FF4A76202F0AAF8012020703B
:10F2A000064800210160BDE81040FEF7B5BE00BF72
:10F2B000630800204C40002100140100E0040021FC
:10F2C00098B1B0B5094A0A4B00215C2442F242557C
:10F2D000C0E90011C0E90215C0E90444C0E90832E0
:10F2E000044AC0E90623BDE8B04070476666B641EF
:10F2F000CDCCCC3FA470B14170B504460B48012180
:10F300000160D4E91001D4E91623851841EB030606
:10F31000280C40EA064100F00BF8D4E91623D4E9A2
:10F32000060150346CC4BDE8704008470420094011
:10F3300010B50C4601F08EFF0A498A69A31A0632FD
:10F34000B3F1004F07D89442134688BF2346121BDF
:10F3500048BF23461A460A6000B110BDBDE8104000
:10F3600001F07CBF1820094070B50948094C84425F
:10F370000BD0094D094EB54207D0F5E8020110F84F
:10F38000012B54F822209047F5E702F020F870BDD9
:10F39000DC350100D03501001C3601006436010067
:10F3A00004B54200120E0DD0FF2A0ED002F5607295
:10F3B000C10F42EAC122014648074902090B41EA4E
:10F3C000025104BD0021002004BD01464002C90DC8
:10F3D000C900C91D090504BDB2B110B586B0936856
:10F3E000062B03D35C1C01D000200BE00024049307
:10F3F0000194D2E90034D268CDE90234059201AA21
:10F4000001F03AFB06B010BD002201F035BBC0B1DF
:10F41000B0B5044600F5546500F61850282101F0F7
:10F420008AFC00204FF07E51C5E90010C5E90200BA
:10F43000C4F8540DC4F8580D012084F8500DBDE8EF
:10F44000B040704708490A4B421808499A42096877
:10F4500008D801F44001B1F5000F03D1054909684E
:10F46000496C0847704700BF5C8F82FFB44F005063
:10F47000B71E0500F001001070B50B4D04462E18A4
:10F4800001F084FD96F84311013986F8431109060D
:10F4900005D10121AA68A14022EA0101A96001F079
:10F4A0002CFF002070BD00BF00000020B0B5054655
:10F4B00001F06CFD044608480178A943017000780A
:10F4C000000704D405480821283001F076FF2046C3
:10F4D000BDE8B04001F011BFC0030020600500206E
:10F4E0002DE9F04106460A4815460C46002780469D
:10F4F000BC4209D0D8F80020E95D30689269904795
:10F5000008B10137F4E73C462046BDE8F08100BF72
:10F51000D0010010F8B51C4615460E46471801F0FC
:10F52000FFFC012DB8BFF8BD7119012901DB814233
:10F5300001DD302102E0791911F8011C2268013D3A
:10F54000531E23601170ECE710B50A490122087AB6
:10F550000A720949CC6944B12268CA61FFF79AFB73
:10F560002046BDE8104000F057BBBDE81040FFF753
:10F5700091BB00BF280700205003002070B50A4C43
:10F5800012200021A047152001210125A047074E88
:10F590001E2001213570A0474CF25030757000F0EC
:10F5A000BFFB012070BD00BF610D0100BC07002042
:10F5B0000A484078012818BF704710B5084C34201D
:10F5C0000021A04735200021A04736200021A04778
:10F5D000372000212246BDE810401047C308002014
:10F5E000AFFA0000F8B500220A4BC0E9002282629F
:10F5F000002918BF0B461968CDE9012203928160EA
:10F6000001210C308DF8041001AA00F0F9FC002053
:10F6100004B080BDC4300100B0B50B4901250C7A9F
:10F620000D7289690268C96B8A4208D14168002558
:10F630000139416003D140F80C5BFDF7A7FF20467C
:10F64000FFF728FB2846B0BD28070020B0B50B4ABD
:10F650000023156C946CC0E901452A7841B1BE2A9B
:10F6600006D1691C631C11F8014B013BBE2CFAD07A
:10F670000360B2F1BE0018BF0120B0BD2804002015
:10F680000B4890F8641089B9012180F8641020219A
:10F69000EFF3118281F311884FF0FF31C162016CE9
:10F6A000826C21F0070111440839C163704700BF23
:10F6B00028040020B0B504468260816100201D4608
:10F6C0002075D3E9010120610648E161214601F07E
:10F6D000BFF82878012818BFB0BD2046BDE8B0406B
:10F6E00001F03EBAF804002070B50B4AD368C56C2F
:10F6F00084696E6823430560466030606860D3604B
:10F70000012380F820301374202081F31188EFF357
:10F71000118180F3118870BD280700200A4808383D
:10F7200080F308880948016841F47001016000BF56
:10F7300000BF01F04EFE08B1FFF716FE01F080FA9F
:10F74000002001F0D3FD00BF0040012088ED00E063
:10F7500080B58AB08DF8261000218DF82720CDE9DC
:10F760000711CDE90511CDE903110221ADF81C0007
:10F7700002910DF12601019101A8FFF723FB0AB0C8
:10F7800080BD10B52021EFF3118481F31188017C35
:10F7900002290CD10268816843681A600022027451
:10F7A00042680068426008462146FFF79DFF84F3E7
:10F7B000118810BD80B50A49142001F09BFD14206A
:10F7C000002101F0CDFA012001F0A0FD142001215B
:10F7D00001F0C6FA4FF40C70BDE8804001F096BD10
:10F7E00001640020BFB5044653B100200190D3E965
:10F7F00001500390187802958DF8040001AB00E0E9
:10F80000034B2046FFF756FF204604B0B0BD00BFB3
:10F8100018310100FF2808BF7047B0B50D460446F7
:10F8200001F0B4FB0649C5F3024311F8242002F0AD
:10F83000F8021A4401F82420BDE8B04001F05DBD93
:10F8400002100840B0B50446012000FA04F501F0AA
:10F850009DFB07498A682A438A60214491F8432125
:10F86000013281F8432101F048FD0020B0BD00BF06
:10F87000000000200A484068826800F13801134601
:10F8800052680AB18A42FAD1597B090706D1408FE2
:10F8900040F60901884204BF0120704700207047EC
:10F8A000C003002007480068C00608D4064807497E
:10F8B000006808400649884204BF012070470020C4
:10F8C000704700BFB04F00505013005000C4FF3FBE
:10F8D00000C0071CB0B50024094D21F00041404292
:10F8E00075EB010023F000414FF0000038BF01200C
:10F8F000524275EB010138BF01242043B0BD00BF67
:10F900000000F07F70B50D4614460146D5E9012090
:10F9100082420BD9161AB44238BF264628683246AE
:10F9200001F066FD2968A868314429602044A86078
:10F93000204670BDB0B504460948056855B1A868B1
:10F94000204205D0D5E9033220460021984718B956
:10F950002D68F3E70020B0BD4FF0FF30B0BD00BF11
:10F96000000000209EB0094C012184F83010616B2A
:10F9700009B969466163FAF79DFC032020750448C4
:10F980000068C0B20F2800D2FEE7FEE7280400207E
:10F9900004ED00E02DE9F041DFF82480064614462E
:10F9A0000D46404600F07AF9074630462946224681
:10F9B000FEF772FA40463946BDE8F04101F0C5BA9B
:10F9C00024C6002010B50A4B2022EFF3118182F3E8
:10F9D00011881A6C072A04DCDC6B44F82200501CE6
:10F9E0001864002081F31188082AB8BF012010BDD7
:10F9F0005003002070B50A4D04462020EFF311811A
:10FA000080F31188286C461E701C0128B8BF70BD99
:10FA1000E86B50F8261020468847013EF4E700BF07
:10FA200050030020B0B50C460546FDF7FFFF291A2C
:10FA300004F57A72C4EB9100012898BF01200023DD
:10FA4000B2EB910F28BF1846B1F1404F28BF1846BE
:10FA5000B0BDB0B50C46054601F098FAD5E90112E3
:10FA60002B69A24238BF1446121BAA601A19B2FBB6
:10FA7000F1F303FB1121296101F03FFC2046B0BDE9
:10FA8000F8B50C46054601F081FAEA6895E8C2002F
:10FA90000132B2FBF6F303FB16252944216001F085
:10FAA0002CFC701BF11B814238BF0846F8BD80B5A5
:10FAB0008AB08DF827100021CDE90711CDE9051195
:10FAC000CDE903110121ADF81C0002910DF12701D0
:10FAD000019101A8FFF776F90AB080BD68B1B0B511
:10FAE0000D4640F6E451044601F025F920462DB1BB
:10FAF0002946242201F07CFC02E07047FFF72AF837
:10FB00002046BDE8B040FDF7E3BE70B504462020B6
:10FB1000EFF3118580F31188207D012808D1E66874
:10FB200000F0D2F8216A301A884288BF002000E035
:10FB3000002085F3118870BD002804BF00217047A4
:10FB40004CBF404200464FF01F014CBF41F44061A2
:10FB500041F48061491E4000FCD34FEA015141EA63
:10FB6000103100057047000006480122017A027238
:10FB700005480160054890F8501080F8502004486E
:10FB8000016070472807002004C7002050030020B0
:10FB900054B4002010B50C460849097E02290AD148
:10FBA00000F09CFC04B12060C1B20220012908BF12
:10FBB0006FF07E0000E00120C0B210BDC003002045
:10FBC000F8B50C46D0E90016002701F14C05306865
:10FBD000013C47F100018269D20606D429B10068D0
:10FBE000C1B22846FEF7D0FCF1E7F8BDD0E900101D
:10FBF0000A6C5AB191F84410090707D501684FF40F
:10FC000080624A648A6B42F480628A630068816B16
:10FC100041F040018163704710B50446103000F098
:10FC2000E5FB204650F80C1F09B100F027FD044801
:10FC30002146502280684368BDE81040184700BF45
:10FC40005003002010B5094C6275E181002141F29A
:10FC50006F72A37584ED041AA08184ED010AC4EDCE
:10FC6000020A904288BF0121217510BD08080020BA
:10FC7000A0F13001C9B2092904D80749084410F895
:10FC8000300C70472D38C0B24C288EBF002001497F
:10FC9000085C7047842201007D310100B0B5094D38
:10FCA0000446A168A869814204BF0120B0BD04F1E7
:10FCB0000C004FF0FF31FAF75DF8A869A060002052
:10FCC000B0BD00BF2807002010B52020EFF311843D
:10FCD00080F3118805480068006B8047044AD2E928
:10FCE000102384F3118801F005F810BD8C01001079
:10FCF00040C3002000B1704710B5074C207C01289C
:10FD000005D1064890F8500008B9FEF7D1FB002055
:10FD10002072BDE8104070472807002050030020E3
:10FD200080B50949884206D301F0D4FA1621016052
:10FD30004FF0FF3080BD09300A21B0FBF1F00130F7
:10FD4000FBF76AFF002080BD40420F00002804BF7F
:10FD50000029704704B53F2212F58062521E490007
:10FD600041EAD0714FEA4000F8D3000B40EA01505D
:10FD7000090B41EA025104BDB0B5056802200C46EA
:10FD8000FFF77AFB64B1D5F8EC000021B1EB107FEE
:10FD900006D10420FFF770FB4FF0FF30C5F8EC00F0
:10FDA000B0BD4FF080410A4689088242FBD810B5A9
:10FDB00000214AB1541802EB5103A04234BF4B0852
:10FDC000001B19469208F4E7084610BD81B040F2C6
:10FDD000000CEFF311808CF3118800200090009844
:10FDE00010B900980130F9E72020EFF3118180F37A
:10FDF000118801B0704700000648006940B180B525
:10FE0000054801F047F90548BDE8804001F048B9D0
:10FE1000704700BF28040020550701002909010090
:10FE200070B5D0E9006501F0B1F80446F06830B172
:10FE3000284601F00BFAB0686FF0090141612046D5
:10FE4000BDE8704001F059BAB0B50D46044601F066
:10FE50009DF8D5E9001211B14A606A6800E062605D
:10FE6000002A18BF14462160BDE8B04001F045BA31
:10FE700080B5FFF717FD60B10648006881034FEABF
:10FE800000414FF0000058BF0816BDE88040FFF762
:10FE9000E3B880BDB44F005080B5064806490068FD
:10FEA00008400649884204D1FEF76AF81328C8BF03
:10FEB00080BDFEE71813005000F0FF0F0010B40BD8
:10FEC000B0B501F063F80446064890F8380118B15F
:10FED00000F0A2F9054600E00125204601F00DFAE8
:10FEE0002846B0BD00000020F8B51D461646044661
:10FEF00001F04CF844B104F1200720348ECF334395
:10FF00002F432A4331438EC4BDE8F84001F0F5B9D0
:10FF100080B5B2F5803F06D301F0DCF9162101600F
:10FF20004FF0FF3080BD034B11461A4600F068F8D1
:10FF3000002080BD2431010010B54AF2C571441A79
:10FF4000054938BF002400FB01F1044838BF481CB4
:10FF5000FBF762FE204610BDA086010021F9FEFFDE
:10FF6000B0B50B78DDB20378DBB25B1BB3FA83F478
:10FF700064092DB124B101300131013AF1D100E021
:10FF800004B100231846B0BD70B50446006C04F1FE
:10FF900044052CCDA0FB010602FB0161C6184D41B2
:10FFA000300C40EA0541FFF7C3F9C4E9146570BDA0
:10FFB0001EF0040F14BFEFF30980684685462DE953
:10FFC000F00F684671467446024A904768462146DB
:10FFD000FEE700BF810E010010B5074A04460C3051
:10FFE000012100F00DF800202146A0600348BDE883
:10FFF000104000F02DBC00BF24310100A0080020FB
:020000021000EC
:1000000010B5418203461430012100249861C3E9F0
:10001000024111781974586102481946BDE8104030
:1000200000F016BCB0080020084890F86C1001B130
:100030007047012180F86C10406E00213029F7D004
:100040004218526042500831F8E700BF50030020C8
:100050002DE9F04F2DED108BC0F800D0D1F800D075
:10006000BDEC108BBDE8F08F00BF00BF00BF00BF2C
:1000700000BF00BF00BF00BF10B504460748002AFC
:1000800008BF02462046FBF7D7F920B101462046BB
:10009000FAF76AFD0024204610BD00BF682C01005D
:1000A000084890F8381001B17047012180F83810E5
:1000B000006A00213029F7D04218526042500831BE
:1000C000F8E700BF2807002078B1BCB50446074810
:1000D000856945B1204600F02AFF024601AB28465B
:1000E000214600F00FFFBDE8BC407047900400209F
:1000F00070B514460D46064600F048FF6168C5E934
:1001000000416168002918BF0E4635606560BDE892
:10011000704001F0F2B81CB50446059801900498AF
:1001200000902046FAF76CFA014620460A224FF06A
:10013000E04302B0BDE81040FAF7DCBFB0B5056897
:1001400002200C46FFF77EFB54B1D5F8EC000021ED
:10015000B1EB107F04D10420BDE8B040FFF772BBC3
:10016000B0BD0068C168490701D58168FAE702217E
:10017000C0F88010C168C90702D1D0F88C10F9E727
:100180000021C0F8801070470648006948B110B5DA
:10019000054C204600F07EFF2046BDE8104000F0F0
:1001A0007FBF704728040020B7690000B0B50C4637
:1001B000054600F0EBFE00212160696800296160BE
:1001C00008BF29460C606C60BDE8B04001F095B8EE
:1001D000B0B50C46054600F0D9FE002161602968E3
:1001E0000029216008BF29464C602C60BDE8B04062
:1001F00001F083B880B505480121006842680120FC
:100200009047034803490068486080BDE001001042
:10021000302009403408002010B506483C21012256
:1002200000230068C4680448A047002818BF0120C4
:1002300010BD00BFA401001000A00C401CB5064971
:1002400080B24FF47F42082309684C68009003484D
:100250003021A0471CBD00BFA401001000A00C402D
:100260001CB5064980B24FF4F802122309684C68A5
:10027000009003480421A0471CBD00BFA40100104A
:1002800000A00C401CB5064980B24FF40032112387
:1002900009684C68009003480421A0471CBD00BFBA
:1002A000A401001000A00C401CB5064980B24FF418
:1002B00040620A2309684C68009003482021A04747
:1002C0001CBD00BFA401001000A00C4050B14AB1F9
:1002D00010B5044608300EC021460448FFF766FFFB
:1002E000002010BD6FF00200704700BF000000202A
:1002F00005480649C069884208BFFCF7BFBF0448EB
:100300000421283001F059B8C00300202534000032
:100310006005002080B54FF0FF3000F039FD800708
:1003200058BF80BD03484FF400612830BDE88040CD
:1003300001F043B8600500200648007E022804D181
:100340000548816C09B9C06C08B1002070470120D4
:10035000704700BFC00300207C06002070B5144623
:1003600000220E46054600F02DFAFF2807D02B2E5E
:1003700018BF40F22B2646EA842145F8201070BDB4
:1003800010B507490446172000F0B4FF1720214696
:1003900000F0EEF9172000F0DFFA012010BD00BFD9
:1003A0000240012080B507490138884205D806205F
:1003B000FFF762F80420FFF75FF80220BDE88040F5
:1003C000FFF75AB8FEFFFF0F1CB504460498002B38
:1003D0000090054808BF03462046FCF727FB00288D
:1003E00018BF002420461CBDA82E010000F11401F6
:1003F000816141612021EFF3118281F3118801684D
:100400004368196041680068416082F31188704751
:1004100010B5074C207C012808BFFEF749F80020E2
:10042000207240F2000CEFF311808CF3118810BDA4
:1004300028070020B0B5054600F0A8FD2C6834B1AF
:1004400021680029296008BF294600224A6000F07F
:1004500054FF2046B0BDF8B50C46054600F096FDA9
:1004600095E8C2002D692944216000F046FF701B09
:10047000874238BF3846F8BDBCB5046825790DB948
:10048000A4792CB14FF0FF340094F5F7EDFFBCBD1B
:1004900002B0BDE8B040FDF7E9BE6BB110B5013068
:1004A000D2B20C78944200F8014C04D001300131F2
:1004B000013BF6D1002010BD00207047102809D361
:1004C0001038012200F01F01400902FA01F1024A2E
:1004D00042F82010704700BF80E200E006490A6839
:1004E000002AFCD10022CA610860C8690028FCD03B
:1004F0000020C861486870470010044070B50024AF
:10050000A34208D050F824506E1C04D015408D42F0
:1005100002D00134F4E7FF24E0B270BD05484FF487
:10052000825100680028044848BF4FF441510160DF
:10053000704700BFAC4F005028A10C4005484FF455
:10054000805100680028044848BF4FF440510160C2
:10055000704700BFAC4F0050A8A00C4080B50548C4
:100560000068FEF711FA04480068BDE88040FEF715
:1005700091BB00BF54B4002004C70020B0B50446AE
:1005800000F004FD054604482146FFF75DFC2846BF
:10059000BDE8B04000F0B1BE00000020064A0021D6
:1005A000B1F5307F06D0501890F93330002B02D5CA
:1005B0005831F5E70020704758B400200A4601463C
:1005C000044843682BB18068084202D00248406862
:1005D00018477047AC300100C00300200548006890
:1005E000C00704BF0020704703480068C0B2C009BC
:1005F000704700BF40210840000004401FB504467A
:1006000000200390CDE9010001208DF8040001AA2B
:100610002046FFF7F5FC204604B010BD044805490C
:10062000054AC0E90221012101718170704700BFB4
:10063000BC070020022B873D0AD7A33C68B110B548
:100640004FF44261044600F076FB7F208021C4F81D
:10065000081CC4F80C0CBDE810407047F8B501A8A0
:100660000021FEF7F3FF039A6846BE218242009202
:1006700028BF8FBD1170009A0132F7E710B504460C
:10068000006800F00BF8044821685822806843682D
:1006900098470020206010BD500300202021EFF378
:1006A000118281F311888168C3681960C168836809
:1006B0005960002182F31188FAF756BA002804BF66
:1006C0000021704701001F2111F58061491E400083
:1006D000FCD3090541EA1031000570471CB50468D8
:1006E0006479022C02D1F8F7BBFA1CBD049C049477
:1006F00002B0BDE81040F6F72FBE60B1002200F650
:10070000F8418A600A60A0F8042D80F8AC2DA0F8AA
:10071000AA2DC0F8F02C704760B159B1D0F8102C58
:100720000A60D0F8142C4A60D0F8182C8A60D0F8EF
:100730001C0CC860704710B5EFF31484002C1CBF6C
:10074000002181F314888047002C1CBF022181F313
:10075000148810BD10B5054C2069FFF79FFAA168F9
:1007600001B9E060481CA06010BD00BF2804002053
:10077000FF2807D0044A526852F820308B4218BF35
:1007800042F82010704700BF00300100002201280D
:100790004FF0000004BF40F2EE204FF47A720229BD
:1007A00008BF0246104670470548B0F85410B0F82C
:1007B0005600814218BF70470820FEF777BE00BF81
:1007C0007C060020B0B5144640F2FF3250230546A7
:1007D000FFF794FE1CB155F82010890A2160B0BDC6
:1007E00010B5044600F0D2FB03490A7822430A7090
:1007F000BDE8104000F081BDC0030020B0B5054841
:100800004468C56900F028FC014620462A46BDE838
:10081000B0401047C003002010B500210024F9F7B4
:10082000A9FA28B900F056FD0B214FF0FF34016002
:10083000204610BDB0B5054D0024022C08BFB0BD48
:1008400055F8240080470134F7E700BF103301005A
:100850002022EFF3118382F31188086042684A6016
:1008600042681160416083F31188704710B50446F7
:100870000448002A08BF02462046FDF73FFC2046F8
:1008800010BD00BF6C2F01002021EFF3118281F316
:1008900011888168C3681960C1688068416082F30B
:1008A0001188704705492431884208BF704718B144
:1008B0000099C0E900238160FEE700BF50030020DB
:1008C000D0E9001000220068C0F810280122C0F80A
:1008D0001C2801F1E40000F072BDB8EEC00AB8EEC9
:1008E000C11AB8EEC22A20EE080A21EE081A22EE3A
:1008F000082A704710B52021EFF3118481F3118885
:1009000080682146FEF7F0FE84F3118810BD0000D8
:100910000446FFF739FC034803210175204600F027
:10092000E5FC00BF2804002004488168013981608B
:1009300018BF7047D0E9031000F007BB280400205F
:10094000FF2806D0034911F8202002F0FB0201F82D
:100950002020704702100840FF2806D0034911F8F4
:10096000202042F0040201F82020704702100840C5
:10097000022807D0032804D180B5F8F787FA0020B1
:1009800080BDFEE7FCF716BC044890F8411119B190
:10099000D0F86C0100B10047704700BF0000002094
:1009A00010B50129044698BF0121F8F77BFB2046CA
:1009B000BDE81040FCF72EBBD1E901329A4204D2C7
:1009C0000A68531C0B6010708A6801328A60704795
:1009D00010B504461520214600F0C2F90148047004
:1009E00010BD00BFBC07002010B504461E202146E4
:1009F00000F0B6F90148447010BD00BFBC070020EC
:100A000028B101460348406808B100F0A9BC0020A5
:100A1000704700BF6408002004494978012918BFC5
:100A2000704700F00F013720FFF741B8C3080020DE
:100A300070B504494FF400728A6091E87C007CC074
:100A4000002070BD2008002040B1D0F8001CD0F874
:100A5000040C081AB0FA80F0400970470120704772
:100A6000B0B50C46054600F069FB024844650565D3
:100A7000B0BD00BFF804002080B5044B2433FFF75D
:100A8000F5FE4169002908BF084680BD50030020DB
:100A90002022EFF3118382F31188026B114301636B
:100AA00083F31188FDF740B800BF00BF00BF00BF4F
:100AB0000498804700980199029ADDF80CE01047ED
:100AC00010B52021EFF3118481F311882146FEF740
:100AD0000BFE84F3118810BDB0B50C46054600F03E
:100AE00055FAA96CA143A964BDE8B04000F005BC6B
:100AF000B0B50C46054600F049FAA96C2143A9643B
:100B0000BDE8B04000F0F9BB80B5F7F791FFF8F70A
:100B1000D9FCFDF75DF8BDE88040F7F748BD20201F
:100B2000EFF3118180F31188B1FA81F081F311881C
:100B30004009704710B52023EFF3118483F3118827
:100B4000C0E9002184F3118810BD10B5044600F0FF
:100B50001DFA0021C4E90011BDE8104000F0CDBB32
:100B600010B52021EFF3118481F31188FBF70AF807
:100B700084F3118810BD00000349096821FA00F0D0
:100B800000F00100704700BFC0200240FF2803D0E2
:100B9000024A926842F82010704700BF00300100FE
:100BA000042805D180B51046FCF716FFBDE880404B
:100BB00000207047D9F8CC10D8F8140049680968AB
:100BC000D1F8042502427047B8EE400A20EE080A28
:100BD000BDEEC00A10EE105AE9B2304700200021E5
:100BE0002290ABF810100BF14000282100F0A3B8C0
:100BF000D6F8B01140F2EE229AF8430091424FF03D
:100C000000017047034801680029FCD00021016001
:100C1000704700BF1C1004400349012291F85000A6
:100C200081F85020704700BF50030020042805D1F0
:100C300080B51046F8F742FBBDE8804000207047C1
:100C40000349002912BF01C900200021FCF78ABD19
:100C5000F4130100F0B50349043191E8FC00FCC035
:100C6000F0BD00BFBC07002003498A7882421EBF46
:100C700000224A70887070476408002003498A681F
:100C800082421EBF00224A708860704764080020BC
:100C90000349CA7882421EBF00224A70C87070475A
:100CA0006408002028B1F0B5024991E8FC00FCC0BE
:100CB000F0BD7047080800200968052904DC0129F7
:100CC000A2BF0160002070471620704710B503498D
:100CD00091E81C001CC0002010BD00BFC430010002
:100CE00010B5034CE06BFCF71FFE0020E06210BD66
:100CF0002804002040B584B002AE0096FAF74CF903
:100D0000029A039B04B040BD80B5C868496B006C73
:100D10008847BDE88040FCF753BD10B500239A42D8
:100D200008BF10BDCC5CC4540133F8E70B46114634
:100D30001A4600F011B90A46002100F00DB9000072
:100D40000249D1E90012C0E90012704728040020CE
:100D50000249896851F82000704700BF0030010047
:100D6000FF281CBF014A8154704700BF0020024089
:100D70000121002201724FF0FF31C0E900217047CC
:100D8000102802D3014910380860704700EF00E0D6
:100D900002490A681040C2430A60704710100440BC
:100DA00002490A681040C2430A60704708100440B4
:100DB00000F00F01000918F8011018F80000704742
:100DC00002484FF000410160704700BF00A10C4095
:100DD0000248016841F00301016070472422084085
:100DE00002480068C0F30720704700BF30A00C40E5
:100DF00002480068C0F38440704700BF04A00C4064
:100E000002480068C0F38120704700BF20A00C405A
:100E1000024840210160FFF7EDB900BFA8A00C40D7
:100E20000249084490F84A01704700BF00000020C2
:100E300010B50023541E80E81E00C0E9043310BD25
:100E400000214FF0FF32C0E90011C0E902217047D4
:100E500000680121806900F0080081EAD000704735
:100E60000278914203D00AB10130F9E700207047BF
:100E7000024901220A60D0E906010847042009401E
:100E80000249012281F83020FEF76CFD2804002081
:100E9000002142580431002AFBD1081F80107047FE
:100EA00080B50A46D0F803101046FFF744FF80BD16
:100EB000234603958DF804500295FEF793BC99F8EC
:100EC000EE0C013089F8EE0CC0B2704740F20371AD
:100ED0004FF6FF720523FFF711BB14208BF80E00AD
:100EE00001208BF805007047B0EEC77AB4EE467A61
:100EF000F1EE10FA7047DAF80860DAF81000BAF983
:100F0000301070471CB54FF0FF340094FFF7E6FB3C
:100F10001CBD80B54FF0FF31F8F72CFF002080BDDD
:100F20000021425C0131002AFBD1481E704700219C
:100F3000425C0131002AFBD1481E704780B5FFF7A3
:100F400067FFBDE88040FDF7B3B801B170470021ED
:100F500081600C30FCF71ABB00239A4208BF70472F
:100F6000C1540133F9E70B46D0F80320C11D1846E0
:100F700000F03EBA01480178FDE700BF50030020B1
:100F80000148C069004700BF280400202021EFF37A
:100F9000118081F3118870470021C0E90011C0E978
:100FA000021170474869B0FA80F04209204618479C
:100FB00002460B465046414600F007BA90ED000B42
:100FC00051EC100B00F001BADBF84C000022234674
:100FD000FEF78ABF02460B462046314600F0F5B9BF
:100FE00002460B462846594600F0EFB902460B462A
:100FF0003046414600F0E9B923464A90DBF8180034
:10100000FFF780BF0149096809680847E00100103F
:1010100001490968C96A0847B80100100148006819
:1010200000680047E8010010014800684068004778
:10103000E801001001488068704700BF00000020F0
:101040000149202200F0D4B9EC2C010001492022F2
:1010500000F0CEB98C2C01000148806D704700BFB4
:10106000500300200068016B21F480710163704718
:101070000068016B41F40071016370470068016B07
:1010800041F48071016370470149242200F0B0B936
:10109000FC2B010001490860704700BFD408002004
:1010A00001490860704700BFD808002001488078D7
:1010B000704700BF64080020014800F0BEB800BFC0
:1010C0006802002001480078704700BFC405002076
:1010D00001488078704700BFBE0800200148C078F2
:1010E000704700BFBE08002001484078704700BF2D
:1010F000BE08002001484078704700BF9C070020D0
:1011000001480078704700BF9C07002001298EBF6E
:10111000162001610020704702298EBF1620016051
:101120000020704780B51046FCF79CFF002080BD72
:101130000148FEF751BF00BF24C600200146014808
:10114000FEF722BF40C300200148C06CFCF7ECBC96
:10115000F804002000210170C0E901117047C0F8B7
:101160000418022000F0D2B8CDE9000A2846F5F7AD
:10117000FDBCB4EE410AF1EE10FA704720200021C8
:101180002246FDF757BB54EC105B2A4623467047B6
:10119000204629463246FAF759BE404651461C229F
:1011A00000F026B9B4EE410AF1EE10FA7047B4EE41
:1011B000432AF1EE10FA70470AF138001C21FFF7BC
:1011C000BABDB4EE443AF1EE10FA704720464FF43F
:1011D000805100F0C8B8B4EE454AF1EE10FA7047FD
:1011E000B8EEC00A80EE280A3047B4EE400AF1EEAD
:1011F00010FA7047B4EE408AF1EE10FA7047002200
:101200004FF08073FEF770BE02460B46204629461B
:10121000704700214FF0FF32F8F71EBE40680021F2
:1012200080F8FD10704780B5F8F7A4FD013880BD47
:10123000406801210068C164704780B5FCF7A6F9D9
:10124000002080BD0068803000F0B3B80068042141
:10125000FFF785BFEFF3108072B67047EFF3108091
:1012600062B670473A46334600F0AFB820460121D7
:10127000FFF74CBF40465146F6F724B953EC102B0C
:1012800000F0A3B853EC102B00F09FB8BDF9060096
:10129000FEF752BC53EC102BF5F7B7BA002200232F
:1012A000FEF7A0BA22462B46F5F7AFBA2146002337
:1012B000F9F76CB85246434600F087B8002089F829
:1012C000EE0C704700902046FFF7F6BC80B5FBF7A8
:1012D0003FFF80BD00487047D008002040686C3058
:1012E00000F067B84FF0FF31FBF77EBCFEF782FBE2
:1012F000FCF7DBF90022F9F747BD80F3118870474E
:101300000220FEF7B9B80220FEF79CBA0138FDD1E1
:1013100070472046FFF7F1BF2B4600F056B80D4648
:10132000FFF7CCB93346F5F770BA3046FAF75ABF33
:101330002046FFF77DBB5846FFF7DFBF0298FEF758
:10134000FBBB2846FFF7D9BF2046FCF722BF20EEA3
:10135000280A30470D46FEF7EFBB0720FBF70EBC0F
:101360000268126910478160002070470021FDF774
:1013700011BCC0B2FBF73EBA000AFEF7BBBCFFF7D8
:1013800059FAFCE70020FDF7FFBAFDF7B9BAFDF7FF
:10139000D9BA00207047FDF797BEFDF7B1BEFEF742
:1013A00029BF00207047FEF7B9B980687047FFF782
:1013B0001DB8FCF7EBB8FFF767BAFFF769BBFCF79E
:1013C000B3BBFDF7E1BAF6F745BDF8F7F5BAFDF79F
:1013D00093B8F9F745B80020704700207047002007
:1013E0007047002070475920704701207047000067
:0413F000FFF793BCB4
:0813F4000000000000000000F1
:10140000F5430021794000219540002169440021E5
:10141000A5440021C5400021D1400021DD4000212C
:10142000F94000214F45002141410021DB0705D053
:1014300000F003F80249087070BD70B5014D2847EF
:10144000E00400211D240200074C657900F009F832
:1014500061796940490703D50121044A8903116074
:1014600070BD70B50249084780030021081104408F
:101470002D59000070B5004700F016FA00480047EB
:10148000577F000000F016FA004800471B88000054
:101490000599880A802805D1134988788007800F2C
:1014A00000F020FA00480047D96E00000FB40F4842
:1014B000C188002902D0104600F014FA079B9B0A4D
:1014C000084D832B08D1084C23899B0604D500F0D6
:1014D00005F8002800D042350FBC284770B50448F5
:1014E000004700001F0B0200600100218003002163
:1014F000EB0902000848094A03689A420AD10848E1
:101500000289084BD21A01D0012A03D1406E064944
:1015100088470399054B1847A8020021BD03020024
:101520006001002121180000F1350000BD06000017
:1015300070B51F4D2878C4B21E488047287803280C
:1015400034D1032C32D01C488068400DC2071A48A1
:10155000014660318030002A03D01F240C57458893
:1015600002E01E240C570588002C1FD01348154A92
:1015700041690079414348101149496940181049AF
:101580004039497F904740054015694288420DDB4C
:10159000A8420BDC0C4B996988B20246090C6243E5
:1015A00009045212801880B20843986170BD00008F
:1015B000E40200217941000028000021800300217D
:1015C00000030021CB8100004040044010B5864C50
:1015D00021464031087D012834D18448C07D40082F
:1015E000C0072FD02046603042795208D20729D058
:1015F0004089800B012825D1087E4109C9070CD0FC
:10160000A16F00070988C00F400209040843606603
:10161000A06F801C00F080F913E0744820308069CE
:10162000406800280ED0724A00230178D356591A18
:1016300008D4C90008184178C90703D00168616659
:101640004068A0666B48804710BDF8B5664C6A4993
:1016500026462036707B2546403500902F79B8000D
:10166000401880688047002828D16049C97D090951
:10167000C90723D022466432152F20D0297E0023AB
:101680004F09FF0703D06D7D002D00D00123009F7F
:10169000A56FBB4312D0737B002B0FD0237D5B065D
:1016A0000CD5D288920B012A08D1C908C90705D0E8
:1016B000A988890B012901D100217173F8BDAB7E86
:1016C000E97D012BE3D00023E1E770B5464C2546C8
:1016D000606A803500281DD15420005D002200285A
:1016E00017D06420005D8008C00712D0A9688888E0
:1016F000800B01280DD13D48C07D4008C00708D0AF
:101700003A48203080690068002802D02962A86029
:1017100000E02A6239488047616A002903D1296ABA
:10172000002900D0A96070BDF8B52F4C344920467F
:101730004030027D002A2FD0807E25468035032848
:1017400002D0042803D027E00120E87524E06420BB
:10175000005D8008C0071FD0A8688088800B012822
:101760001AD12248EA7DC07D002A13D0C008C007E4
:1017700012D026462036777B88470146394308D168
:10178000217D090605D56988890B012901D1002130
:101790007173F8BD8008EAE78847F8BD12488030C9
:1017A0000021C175174800470F49403108712628AC
:1017B00014D006DC152813D01B280BD01F2804D109
:1017C0000AE03D280ED047280AD00B498000401877
:1017D000806870470C4870470C4870470C48704749
:1017E0000C4870470C48704760010021C800002178
:1017F000E004002159490200005502008F3D02001B
:1018000075300200152A0200E943002175430021CA
:1018100017430021974200211942002110B50C49BD
:1018200088470C4A0621515E002907D0022905D0BD
:10183000092903D0102901D0112907D17721C943E3
:10184000884201DD002801DD7F20C04310BD00007B
:10185000A96500008003002110B51048C188104818
:10186000052918D00F4C21684A0852002260A26B4B
:1018700052085200A2632160FFF7FCFDA06B000735
:1018800008D40120206060600020401C0C28FCDB94
:101890001420206210BDFFF7EDFD10BD8003002174
:1018A0003F5B000000600440806B0C490007000FA4
:1018B00048717047094A0A4918235079CB56497E26
:1018C000C018814201DD084602E00F2800DD0F202C
:1018D000D189090909010143D1817047E002002142
:1018E000880000210849C979CA08D20708D0C14038
:1018F0000648C90701D0064900E00649491CC160F5
:101900007047002070470000E800002128000021F7
:101910008801000050010000820881079200C90E72
:101920000CCAC078CA40494220318B401A43110288
:10193000090A0006084370473960EE2DCE2DC22DEE
:10194000540FEF2FEF0F975F9D170050400200409C
:101950000C00000088140900F905010000808B00CC
:101960008000500F00001D0A9005000005000004D3
:10197000207BC10000000F00277F7F0100800C004A
:10198000000098140900F905000000808B00800019
:10199000700F00001D129005000005000004207B60
:1019A000C10000000F00267F7F010D720E720F72C2
:1019B00010725DA3E5A44A65D0B00071D0A010B14B
:1019C0001B7262812010623930062000301601112E
:1019D0000114016C5C605C605C605C605C605C601D
:1019E0005C605C605C6065608360CD6020125D60FF
:1019F0001012117312731373B1811000B09170B093
:101A0000406021C2FBC502C360C42018136F236E5F
:101A1000111612166A68EB94A378839C7081001EDD
:101A20005C4430C0B092F0C1D09232C6C0C9201818
:101A300081400312236E12167E683CB65C6005B0CE
:101A4000917200C1F09128B120B113B111B1E8B089
:101A5000007128B1E8A030B210B9808C309911B172
:101A6000A284B484F3C0D1B0007112B002B011B13D
:101A7000D1A091722C7230B613B003B0E0B00071F7
:101A800020B17081C09290814096007120B1C392C4
:101A90004296007120B14496007120B1E0A030A6BA
:101AA00033B6D3B0007113B1D3A030C0109920C0A9
:101AB0003099D1B0007111B1D1A0917203A002A0F0
:101AC0006E65057306739173917230A2C0C7109052
:101AD0005C60F36460782465F0C5D1682A65D5B090
:101AE00015B131C0007190805022344574B010A9F6
:101AF000937310B90F72137331B2D5A05DB3408BDD
:101B0000203900973F6534B261C25865F322ED4435
:101B1000666578B0A3C2466530C074655C60B08409
:101B2000A095709980890E10A084909570998089F5
:101B30000E1480C00E1880C00E18518381392139CF
:101B40006106311600111014006C1E311E318E31E9
:101B50008E392E97408230221645D5B0007115B1CE
:101B6000D5A00E6100C1E09110781099E7139A7822
:101B7000E5B440C5109002B004B006B000705078D3
:101B800050903090707860904090007035B26CB09A
:101B900011B089B0E5B4D1A0D0A03DB1FDB00070C6
:101BA000319A438A548A3331533D3431543D9396AC
:101BB000A49653B0D460E5A444A064B08381031E0E
:101BC0003F4100703399179100715DA323729173A7
:101BD0009172037204726E6530D00090C0FF109055
:101BE00008A00573067300705B894089B018233123
:101BF000A88C831803181318339910A911B110B9C0
:101C0000D1B00070081E6C41007144B711B1389911
:101C100000710070308601C8513110043096007098
:101C2000009AF08900227545E0B900702200010099
:101C300000808080808080808080909090909080D4
:101C40008080808080808080808080808080808094
:101C500080180404040404040404040404040404B4
:101C60000402020202020202020202040404040448
:101C700004044343434343434141414141414141C2
:101C80004141414141414141414141410404040438
:101C90000404232323232323212121212121212162
:101CA0002121212121212121212121210404040498
:101CB00080000000000000000000000000000000A4
:101CC0000000000000000000000000000000000014
:101CD0000000000000000000000000000000000004
:101CE00000000000000000000000000000000000F4
:101CF00000000000000000000000000000000000E4
:101D000000000000000000000000000000000000D3
:101D100000000000000000000000000000000000C3
:101D200000000000000000000000000000000000B3
:101D300000F30FED21F910E7DCC8F139E52D10E1D2
:101D40002A06D1F808361C130E011F28213414DB93
:101D5000E0FE10190801C10F1F0D0C33EF1D072BFA
:101D60001405E02111CFEE32E9D3B81C2BE9F3F9C9
:101D7000C812F007F7F2F9E91F3230F80BFFD41759
:101D800005232AF6EE2503F01016E9FB1717F3F9E1
:101D9000E10E0AF90FF82CEC28FCD616CE15E00E51
:101DA00018EFEBE9F609FF1B7A0718FFFAE920089C
:101DB0000AF5EF03F1FBFA11E1F5F43B0CDA15E655
:101DC00003F42FEC2E1EEDE8EB0414F5F4CEAC0E6C
:101DD0001BF8F6DDCBF423FDD5CBD6E108DE23EEF0
:101DE0000FED07420DCEC8D1E1F312043ADB4707ED
:101DF000F8FAF510EA081DF221E1F107FDFFE6EB24
:101E00001FD700E325FAF80FFA1B00E83D07FE0292
:101E1000D810F1E9DB38220BFE2AD404EC0B351183
:101E2000080BF8F4EB0D09F5E0EDE6E01200E3DC59
:101E300018E3460EFAEAEA501C2128F2D429EF26CC
:101E40002010FED3FFFE1719E4041129FBF404DC73
:101E5000F11DE71C08DB12C9E8FA1E0FFBDED211E8
:101E6000EB0DE9E9DC25F12B1A1608EAEDFADBEFB8
:101E70000CF702F73E6D0605BBE64BFF05051E0598
:101E8000DFF03BD0F7F2E421E91FF31D0C0B0FEF5D
:101E90001913D3F11EF301DD07F300CA240E3B60D2
:101EA000391AFF25F8F60DD70C06CE120616261F96
:101EB0003C6F7574206F66206D656D6F72793A2086
:101EC00068616E646C65203D20307825782C207325
:101ED000697A653D25752028433A2F74692F736907
:101EE0006D706C656C696E6B5F6363313378785FBE
:101EF0006363323678785F73646B5F385F33335F68
:101F000030305F31362F6B65726E656C2F7469727D
:101F1000746F73372F7061636B616765735C74698D
:101F20002F73797362696F732F68656170732F48BF
:101F30006561704D656D2E633A31353429004877FF
:101F40006920616C726561647920646566696E659B
:101F5000643A20696E7472232025642028433A2F46
:101F600074692F73696D706C656C696E6B5F636308
:101F7000313378785F6363323678785F73646B5F90
:101F8000385F33335F30305F31362F6B65726E658B
:101F90006C2F746972746F73372F7061636B616734
:101FA00065735C74692F73797362696F732F6661EF
:101FB0006D696C792F61726D2F6D332F4877692EA3
:101FC000633A33393729006F7574206F66206D6569
:101FD0006D6F72793A20686561703D307825782C94
:101FE0002073697A653D25752028433A2F74692F3F
:101FF00073696D706C656C696E6B5F6363313378A8
:10200000785F6363323678785F73646B5F385F3311
:10201000335F30305F31362F6B65726E656C2F74B5
:102020006972746F73372F7061636B616765735C7E
:1020300074692F73797362696F732F72756E746927
:102040006D652F4D656D6F72792E633A37382900B3
:10205000696E746E756D3A202564206973206F7502
:1020600074206F662072616E67652028433A2F7472
:10207000692F73696D706C656C696E6B5F6363313A
:102080003378785F6363323678785F73646B5F3878
:102090005F33335F30305F31362F6B65726E656C46
:1020A0002F746972746F73372F7061636B6167652A
:1020B000735C74692F73797362696F732F66616DD6
:1020C000696C792F61726D2F6D332F4877692E639C
:1020D0003A33383929000008000000000000F03FC2
:1020E000000000000000F03F000000000000F03F92
:1020F000000000000000F03F000000000000F03F82
:10210000AE47E17A14AEEF3F000000000000F03F60
:102110005839B4C876BEEF3F000000000000F03F21
:10212000000000000000F03F560E2DB29DEFEF3F83
:10213000D7A3703D0AD7EF3F000000000000F03F3A
:10214000AE47E17A14AEEF3F000000000000F03F20
:10215000000000000000F03F0000000080845E41AD
:102160000000000080844E410000000080843E4159
:102170000000000080842E4100000000B27C1E415F
:102180009A999999314E0E41000000008084FE40DA
:102190000000000080C3EE4033333333538CDE4005
:1021A000000000008084CE40000000008084BE401B
:1021B0009A9999999984AE406666666666849E404F
:1021C000CDCCCCCCCC848E40CDCCCCCCCC847E4081
:1021D0003333333333836E4000100040150000006A
:1021E000FF0000004CC60020200000006CC600204C
:1021F00020000000000000000200000003000000BA
:10220000FF000000FF000000201800201018002030
:1022100004000000020000000500000010000000A3
:102220000F0000001100000012000000000200007A
:102230008E0000008E0001008E0002008E00030060
:102240008F0000018F0000028F0000038E00010448
:102250008E0000058E0008048E0000048900000630
:10226000500000007F0001003F0004003F0002001A
:102270003F0001007F0002008E0002048E00010278
:102280008E0001014000000000000000000000007E
:102290000000000000000000777C395E79713D7617
:1022A000061E003800545C7300506D783E0000003C
:1022B0006E00000000000800777C585E79713D7464
:1022C000061E003800545C7300506D781C0000003E
:1022D0006E5B494E49545D205368617265642053BA
:1022E000504920427573204D616E616765722028E8
:1022F0004144533132393252204D6F6465203120D0
:102300002F204144584C333632204D6F64652030C5
:10231000292E2E2E20007B2274797065223A2265A8
:102320006E76222C227077725F6D41223A33312E05
:1023300038302C227077725F6D57223A3130342E4C
:1023400039342C227077725F7374223A302C226DEC
:102350006F6465223A307D0D0A007B2274797065C6
:10236000223A22656E76222C227077725F6D4122AE
:102370003A302E3032302C227077725F6D57223A0D
:10238000302E3036362C227077725F7374223A31D9
:102390002C226D6F6465223A307D0D0A00202020CA
:1023A000536D61727442414E20416C6C2D696E2DEB
:1023B0004F6E65204D756C74692D5468726561644B
:1023C00065642054492D52544F5337204669726D2D
:1023D000776172652020202020202020200D0A0017
:1023E0002020205461726765743A204343323635A9
:1023F000325231204C61756E6368506164202B202D
:10240000536D61727442414E20536869656C64205B
:1024100052657620332E35202020202020202020B9
:102420000D0A007B2274797065223A22656E76224D
:102430002C227077725F6D41223A302E3030342C6E
:10244000227077725F6D57223A302E3031332C2252
:102450007077725F7374223A322C226D6F6465223A
:102460003A307D0D0A003D3D3D3D3D3D3D3D3D3D0C
:102470003D3D3D3D3D3D3D3D3D3D3D3D3D3D3D3D8C
:102480003D3D3D3D3D3D3D3D3D3D3D3D3D3D3D3D7C
:102490003D3D3D3D3D3D3D3D3D3D3D3D3D3D3D3D6C
:1024A0003D3D3D3D3D3D0D0A003E3E20494D552000
:1024B000537461746963204772617669747920434B
:1024C000616C6962726174696F6E20436F6D706CCC
:1024D0006574652028312E30303067204E6F726D64
:1024E000616C697A6564292E0D0A000022010000E2
:1024F0009F0C00008EFFFFFF18FDFFFF4707000045
:10250000FEFFFFFF201000003B040000300A000027
:10251000AF040000350200009EFCFFFF54020000E3
:102520004606000022040000550B00000000004099
:1025300017FF0000000000000400FFFF080000007B
:10254000100000004018002030180020401A002021
:10255000301A00200A000000090000000C000000F2
:102560000B00000009080AFF0A00000020202D3E91
:10257000205461736B5F54656C656D657472795F2F
:10258000554920285072696F7269747920312C2066
:1025900053747265616D696E67202620434C49292A
:1025A0003A2052554E4E494E470D0A0020202D3EEE
:1025B000205461736B5F53656E736F72735F536CFE
:1025C0006F7720285072696F7269747920322C20DD
:1025D0003120487A20506572696F646963293A2016
:1025E00052554E4E494E470D0A005B494E49545DC7
:1025F00020434332363532523120322E3420474880
:102600007A20424C4520524620436F726520283183
:10261000204D6270732042726F61646361737465F0
:1026200072292E2E2E20000DF80D0040E80C068990
:1026300025D8C2F7E8F2EC033B09D5D214733A105F
:102640001200E893FC32E04ABA28E914C4281AF0D0
:1026500032FD07130EDED4D80091392A0DE4E73796
:1026600011FDF1422C256C752C25752C25752C251A
:10267000632C25752C256C752C256C752C256C759B
:102680002C256C752C256C752C252E32662C252E50
:1026900032662C252E32662C252E31660D0A005B03
:1026A000494E49545D20554920447269766572202F
:1026B000285043414C363430384120362D42757411
:1026C000746F6E20262043483435354820446973A2
:1026D000706C6179292E2E2E20005B494E49545D85
:1026E000205265676973746572696E67204144534F
:1026F000313239325220445244592043616C6C6269
:1027000061636B202844494F203233292E2E2E201E
:102710000020202D3E205461736B5F4543472028E5
:102720005072696F7269747920342C204452445974
:1027300020556E626C6F636B6564293A2052554E6A
:102740004E494E470D0A005B494E49545D20506F7B
:10275000776572205261696C732028312E385620BB
:10276000454E2C2049324320536869667465722CAB
:1027700020494D55205357292E2E2E200020202D44
:102780003E205461736B5F494D5520285072696F2C
:102790007269747920332C20323520487A205065B4
:1027A00072696F646963293A2052554E4E494E470B
:1027B0000D0A005B424F4F545D20537061776E6984
:1027C0006E672054492D52544F5337204D756C7409
:1027D000692D546872656164656420576F726B651A
:1027E00072732E2E2E0D0A003E3E20427574746FB9
:1027F0006E205357362028446973706C6179204DE0
:102800006F64652920507265737365642120372DCC
:10281000536567204D6F64653A205B003E3E20455E
:102820004E544552494E47204445455020534C454F
:10283000455020285375622D3575412053687574B5
:10284000646F776E292E2E2E2054696D65723D00BF
:102850005B494E49545D20535053432052696E6783
:1028600020427566666572202620445244592042F3
:10287000696E6172792053656D6170686F72652E43
:102880002E2E20005B494E49545D20414453313285
:102890003932522032342D42697420454347202674
:1028A000205265737069726174696F6E204146458C
:1028B0002E2E2E20003E3E204261747465727920D7
:1028C0004D6F64656C20526573657420746F2031A0
:1028D0003030252028302E30206D4A20416363752A
:1028E0006D292E0D0A005B424F4F545D20416C6CE8
:1028F000205461736B73204F6E6C696E652E20538C
:10290000797374656D204F7065726174696F6E6163
:102910006C2E0D0A0D0A001E4E0000005DFDFFFF2B
:102920006D0D0000D5FFFFFF750800007CFFFFFF65
:10293000DAFFFFFFF703000034010000FD0500008F
:1029400006FFFFFF53FCFFFF3E3E20427574746F8D
:102950006E2053573320507265737365643A204577
:102960006E746572696E6720536C656570204D6F7B
:1029700064652E2E2E0D0A005B494E49545D20429F
:102980004D45363830202F20424D453639302045D0
:102990006E7669726F6E6D656E74616C2053656ED4
:1029A000736F722E2E2E20005B494E49545D204DD0
:1029B0004C583930363332204661722D4952204D01
:1029C00065646963616C20546865726D6F6D6574D0
:1029D00065722E2E2E20005B464154414C5D2054E2
:1029E00061736B5F53656E736F72735F536C6F7758
:1029F000206372656174696F6E206661696C6564DD
:102A0000210D0A005B464154414C5D205461736BBB
:102A10005F54656C656D657472795F5549206372AA
:102A2000656174696F6E206661696C6564210D0A69
:102A3000003E3E2053747265616D204D6F64653AAF
:102A4000205241572028436F6E74696E756F7573FD
:102A50002057617665666F726D73290D0A005B49B8
:102A60004E49545D205368617265642049324320A9
:102A7000427573204D616E61676572202834303075
:102A8000206B487A292E2E2E20003E3E2053747251
:102A900065616D204D6F64653A2053454D414E543C
:102AA000494320283E393525205265647563746991
:102AB0006F6E290D0A005B494E49545D204F5054FA
:102AC0003430343120414C5320262056434E4C3470
:102AD0003034302050726F78696D6974792E2E2EE3
:102AE00020003E3E205354415455533A2054492D22
:102AF00052544F53372052756E6E696E672C2041C9
:102B0000445331323932204D6F64653D003E3E20E2
:102B10004144584C333632204D454D532053656C5B
:102B2000662D5465737420285461626C65203232BE
:102B3000293A2064583D003E3E2050445220436FC5
:102B40006F7264696E617465732052657365742079
:102B5000746F2028302E302C20302E30292E0D0A74
:102B6000005B494E49545D204144584C3336322075
:102B7000332D4178697320416363656C65726F6DB5
:102B8000657465722E2E2E20003E3E205047412057
:102B90004F66667365742043616C69627261746527
:102BA0006420284F464653455443414C292E0D0A74
:102BB000003E3E20454E544552494E4720534C4519
:102BC000455020285374616E646279292E2E2E2080
:102BD00054696D65723D006D67205B504153532011
:102BE0002D20414C4C20332041584553204F504517
:102BF000524154494F4E414C5D0D0A000000000007
:102C000000000000000000000000000000000000C4
:102C10000100000000C201000300000000000000ED
:102C20005B464154414C5D205461736B5F494D5587
:102C3000206372656174696F6E206661696C65649A
:102C4000210D0A005B464154414C5D205461736B79
:102C50005F454347206372656174696F6E206661EA
:102C6000696C6564210D0A0000000000000000008E
:102C70000000000001000000000000000002000051
:102C80000000000000000000010000000000000043
:102C9000FFFFFFFF000000000000000040420F00A7
:102CA000080000000000000000000000DB0F493FAA
:102CB000DB0F49BFE4CB1640E4CB16C00000000098
:102CC00000000080DB0F4940DB0F49C03863ED3E58
:102CD000DA0F493F5E987B3FDA0FC93F6937AC3165
:102CE00068212233B40F14336821A233FFFFFFFFA2
:102CF0000000000000000000000000003A013A015E
:102D000000000000000000000000000074692E7345
:102D1000797362696F732E6B6E6C2E5461736B2EB8
:102D200049646C655461736B003E3E2057414B45CE
:102D300020436F6D6D616E642052656365697665D1
:102D4000642E0D0A004E4F0000000000000000003D
:102D5000E803000000000000000000000000000088
:102D6000000000003E3E205377697463686564206C
:102D7000746F204D6F6465205B335D0D0A003E3E2D
:102D800020537769746368656420746F204D6F64A5
:102D900065205B345D0D0A003E3E20537769746305
:102DA00068656420746F204D6F6465205B325D0D33
:102DB0000A003E3E20537769746368656420746F2F
:102DC000204D6F6465205B315D0D0A003E3E20574B
:102DD000414B452050554C5345205245434549569B
:102DE00045440D0A00532C25752C25752C25752C72
:102DF00025752C25752C25752C25750D0A003E3E54
:102E00002046616C6C20416C61726D20436C656181
:102E10007265642E0D0A006D67205B5741524E208B
:102E20002D20434845434B20415845535D0D0A0032
:102E300045C40000399F00001D1201003D700000D4
:102E4000B94C0000ADBC0000038000C0038000D579
:102E5000038000CC038000DD0380000C0380005D54
:102E6000000000000200000001000000030000005C
:102E700010000000200000000020004011000000B1
:102E8000FFFFFFFF0000000006050D040E0000001C
:102E90007445505072534875644C75785072784937
:102EA0007274454347417474000000000000000044
:102EB0000100000000000000E00000000100000030
:102EC0007B2274797065223A22696D755F73742272
:102ED0002C226478223A0020204543472052696E14
:102EE000674275663A205075736865643D003E3EE2
:102EF00020537769746368656420746F204D6F6434
:102F000065205B003E3E20546172652043616C6920
:102F10006272617465642E0D0A00300000000000CA
:102F200021AC000071090100010101000000000056
:102F300003070000CFFCFFFF54FCFFFFED0600007D
:102F4000ECF8FFFF7B2274797065223A2253454DDD
:102F5000222C226872223A007B2274797065223A10
:102F600022696D75222C226178223A00000000004F
:102F7000000000000000000005000000000000004C
:102F80004F4E4C494E45202849443D307841442914
:102F90000D0A003E3E205B444941474E4F53544981
:102FA00043535D0D0A00442C256C752C256C642C54
:102FB000256C642C25750D0A003E3E205359535450
:102FC000454D204157414B450D0A003031323334D5
:102FD0003536373839414243444546003031323383
:102FE00034353637383961626364656600303132B2
:102FF00033343536373839414243444546002D0095
:103000007401002078C10020F4C10020FFFFFFFF01
:1030100000000000000000000000000000000000B0
:103020004E4F542044455445435445440D0A002016
:10303000204543473A204F6E6C696E653D00202065
:10304000494D553A204F6E6C696E653D004F4E4CB0
:10305000494E45202849443D3078002C2053747255
:1030600065616D4D6F64653D007B227479706522EA
:103070003A22656E7622004D4F44452053454D411E
:103080004E5449430053454C46544553545F494DB3
:1030900055002C22706F7374757265223A220001FC
:1030A000000000000200000001000000FF0001001D
:1030B0000000000000000000302E010018BF0020BA
:1030C0002C250100000000000000000001000000AD
:1030D0002C226261745F706374223A002C20445287
:1030E00044595F50494E3D002C22636F6E746163FA
:1030F00074223A002C205061727449443D307800AB
:103100002C2050777253746174653D0000000000FC
:1031100000000000000000000000000000000000AF
:10312000000000000000000000000000000000009F
:103130002C227077725F6D4A223A002C2044726F05
:10314000707065643D002C227077725F7374223A50
:10315000002C227077725F6D57223A002C22707714
:10316000725F6D41223A002C226261745F687222A4
:103170003A00434C4541525F46414C4C003F065B90
:103180004F666D7D077F6F52455345545F504452E3
:1031900000534544454E54415259002C22737465E6
:1031A0007073223A0053454C465F544553540044D3
:1031B000454550534C454550002C22706974636856
:1031C000223A002C22666C616773223A00646565BE
:1031D00070736C656570002C20506F707065643D75
:1031E00000222C2266616C6C223A005245534554F1
:1031F0005F424154002C22726D737364223A005472
:103200004152455F494D550053454D414E54494348
:10321000004D4F444520524157002C22706173737A
:10322000223A002C2264697374223A002C227072B4
:103230006F78223A002C2274656D70223A00464164
:10324000494C45440D0A002C2043533D44494F004E
:103250002C2273646E6E223A002C2266616C6C2202
:103260003A002C22726F6C6C223A002C2056616C52
:1032700069643D002C226D6F6465223A004F4E4C0C
:10328000494E450D0A002E00C4060020C806002045
:10329000D8BC0020782E010068BB0020D821010096
:1032A000ACC6002018330100010200030200010334
:1032B00001020408030C050A2C22636F32223A0033
:1032C0002C22696171223A002C22676173223A0034
:1032D0002C226D6C78223A002C22616374223A0011
:1032E0002C2272706D223A002C2262706D223A00FC
:1032F0002C2273706D223A002C2049443D30780016
:103300002C226C7578223A0044594E414D494300B5
:1033100049F5000089090100000002400929FF0069
:1033200053544154555300444F4E450D0A002C222E
:10333000647A223A00414354495645006D6720643F
:103340005A3D006D672064593D002C22617A223A73
:10335000002C227078223A002C227079223A002C1C
:10336000227272223A002C226479223A002C2261C5
:1033700079223A00736C656570002C2248223A006D
:103380002C2250223A002C2254223A00534C45451C
:103390005000000602868200081018204E53564640
:1033A0005157414B45000D0A0D0A00444941470061
:1033B0005441524500000102030401014400010090
:1033C000002040605241570059455300730D0A00D8
:1033D0007D0D0A00290D0A005D0D0A006C04002015
:0333E0000D0A00D3
:1033E40000E500000FA1020100BF0514BF02D713BE
:1033F400013F0031A50000DB007016B5FB02600040
:103404003420002001042F0020024000330000B0CB
:1034140000310001F000B601F6033402F203F401B6
:10342400F60174C004B5053900F906B11EFFA20205
:10343400323F4A8003B30020003138718CC619F73B
:1034440098D80170003125FF0218C51C7F656CDC1B
:10345400F50242F90343C435DF0000971109010066
:10346400F027337F0C3385092F002018C028BF04B0
:1034740006368F064A86FBC8414B324E62008C05E5
:103484006700001E413F794178010A558F69BF8961
:10349400F20000CDD45D9804FF1F0F0002002054F9
:1034A40008A70020B800305F34815FB120F91828E4
:1034B400B84D821772D40600F720F00742BFA80166
:1034C400D388F300FF2460202E63022801FF2853D1
:1034D400000083860500FF05400140303C1838FF9A
:1034E40064403C00E387E700FF03089500F387F49A
:1034F40000DF23082A012101B0005FFF00414101E0
:1035040004C044DDFF0700738C0D00738BBF1F00E4
:10351400610304C071F1FFA200002810F000315EC5
:10352400FF064839304CE41330003154003475BF81
:103534002A714B4AB54642DF013F7AF77A447BB59C
:10354400667F66FE4148E1D14231F4CF4233337B9A
:1035540032337DCF012053FFC003A3025301D45063
:10356400FFF900E0508700F850F9140DF235B71256
:10357400424C1D648E8160AF43013B006DFF0E839E
:10358400FF020EFF09536D6172744241BF4E2D4E0E
:103594006F646586200BE0732273773C313C74883A
:1035A4000F052DB9004B00A373B0A02B300031A838
:1035B4000034FDB000345226CC014EEE1870325463
:1035C400958CA643CF00338DB0FFF00069C800008E
:1035D400670F0100A10E01000200000010000000AE
:1035E40002000000100000000200000010000000B3
:1035F40002000000100000000200000010000000A3
:10360400020000001000000002000000C02C0000B6
:103614000200000000800000E433010000000020EC
:10362400DC350100301A0020E43501003018002098
:10363400EC350100401A0020F43501004018002048
:10364400FC35010010180020043601002018002069
:103654000C360100509A002014360100501A002044
:020000025000AC
:107FA80000008001100080FFFDFF5800FFFFBBF3B9
:107FB800FFFFFFFFFFFFFFFFFFFFFFFFFFFFFFFFC9
:107FC800FFFFFFFFFFFFFFFFFFFFFFFFFFFFFFFFB9
:107FD800FFFFFF00FFFFFFFF00FFFFFF00C5C5FF1A
:107FE800000000FF00000000FFFFFFFFFFFFFFFF92
:087FF800FFFFFFFFFFFFFFFF89
:00000001FF
