:100000000038012005D1000021D9000021D90000CD
:1000100021D9000021D9000021D9000021D90000F8
:1000200021D9000021D9000021D9000021D90000E8
:0C00300021D9000021D90000B1770000A8
:100040002DE9F84F2DED088BADF5C66D05AC2046BA
:100050000EF0C4FB4FF4E13021460B900020ADF8C8
:10006000140006F017F8DFF87CBCCBF81C0008B1D0
:100070000CF0DCFEDFF8700CDFF870ACD047DFF876
:10008000704C2046D047DFF86C0CD047DFF8680C86
:10009000D0472046D047DBF81C00002801F0C88478
:1000A000DFF8580CF1ADD0470CF028FFDFF8504CCA
:1000B0002046D047DFF84C0CD04709F009FD204618
:1000C000D047DFF8440CD0470AF09EFE2046D047C8
:1000D000DFF8380CD0470AF075FA2046D047DFF831
:1000E000300CD04709F058FC2046D047DFF8240CEC
:1000F000D047DFF8240C0DF07DFEDFF8200C0DF06A
:1001000089FEDFF81C0C002100224FF000080DF0E2
:10011000CBFBDFF8100C002100220DF0C5FB2046C0
:10012000D047DFF8040CD047DFF8000C0DF062FD7B
:100130002046D047DFF8F86B3046D047DFF8F40BA5
:10014000D047DFF8F40BD047DFF8F04B0020A04792
:100150009FEDFC1AB0EEC00A2820DFF8E49B0EF0F9
:10016000F8FB48BF24205BF8001001F101014BF8B7
:100170000010DBF82000DFF8CC1B00F101000F4677
:10018000CBF82000084648BF4846D047DFF8B80BF8
:10019000D04745F23E10A0479FEDEB1AB7EE00AAFC
:1001A0000EF0DAFA0EF0D0FB48BF24205BF8001006
:1001B00001F101014BF80010DBF8200000F1010013
:1001C000CBF82000384648BF4846D047DFF87C0BC4
:1001D000D047DE48A0479FEDDE1A0EF0BDFA0EF0C4
:1001E000B3FB48BF24205BF8001001F101014BF87C
:1001F0000010DBF8200000F10100CBF820003846A9
:1002000048BF4846D047DFF8480BD047D148A04701
:100210009FEDD11AB2EE049A0EF09EFAB4EE490A9E
:10022000F1EE10FA48BF24205BF8001001F1010143
:100230004BF80010DBF8200000F10100CBF82000A3
:10024000384648BF4846D047DFF8080BD0470EF085
:100250005DF9DFF8040BD0470EF058F9DFF8FC0A1F
:10026000D0470EF053F9DFF8F80AD0470EF04EF9F8
:10027000DFF8F00AD047B9484FF04041B84A4FF094
:100280001443CDE91288CDE92688CDF8C4841093B3
:10029000B44B0E91CDE918100F90B34811921792FC
:1002A0004FF0004245F6D811CDE9148316920DF2B5
:1002B000C4431B904FF008401A90AC481D904FF07B
:1002C00070401C90AA481F904FF060401E90A948B3
:1002D000CDE92080A848CDE92280A848CDE9248036
:1002E0000EAC45F2E470224606F072FE9FEDA40AC1
:1002F00095ED401A00210022B4EE401A9FEDA10AAC
:10030000F1EE10FA98BF01210EF000FBA8BF012208
:10031000114008424FF0280018BF24205BF800105D
:1003200001F101014BF80010DBF8200000F10100A1
:10033000CBF82000384618BF4846D047DFF8280AD7
:10034000D0476FF0640045F6D8116FF06402CDF825
:10035000C483CDE90045831C45F2E47003F008F93D
:100360009FED890A95ED001A00210022B4EE401A93
:100370009FED860AF1EE10FA98BF01210EF0C6FA41
:10038000A8BF0122114008424FF0280018BF2420C6
:100390005BF8001001F101014BF80010DBF82000C0
:1003A00000F10100CBF82000384618BF4846D0477E
:1003B000DFF8B809D047DFF8B84944F223104021EC
:1003C000A0479FED731A0EF0C7F90EF0BDFA48BFB3
:1003D00024205BF8001001F101014BF80010DBF85C
:1003E000200000F10100CBF82000384648BF484605
:1003F000D047DFF88009D0474FF458400021A0478C
:100400009FED641AB1EE048A0EF0A6F9B4EE480A24
:10041000F1EE10FA48BF24205BF8001001F1010151
:100420004BF80010DBF8200000F10100CBF82000B1
:10043000384648BF4846D047DFF83C09D0474FF41C
:1004400068400021A0479FED541A0EF085F9B4EEE4
:10045000490AF1EE10FA48BF24205BF8001001F1C0
:1004600001014BF80010DBF8200000F10100CBF88F
:100470002000384648BF4846D047DFF80009D0473B
:100480004FF6FF70FF21A0479FED441A282030EE61
:10049000010AB3EE041AB0EEC00A0EF05AFA48BFD1
:1004A00024205BF8001001F101014BF80010DBF88B
:1004B000200000F10100CBF82000384648BF484634
:1004C000D047DFF8BC08D0470EF020F8DFF8B408BA
:1004D000D0470EF01BF8DFF8B008D0470EF016F842
:1004E000DFF8A808D047DFF8A85828460EF0C6FA6B
:1004F000044628460CF06AFD20434FF0280008BF50
:1005000024205BF8001001F101014BF80010DBF82A
:10051000200000F10100CBF82000384608BF484613
:10052000D047DFF87008D047DFF86C4820460EF05F
:10053000A5FA054620460CF049FD28434FF0280057
:1005400000F02EB817B7D13800007AC4C2AEFFFF52
:1005500000007A44FFFF7F00AAF0C4C84040D740A3
:10056000EB735440000039401A83AA3EE0A83DBF17
:10057000C20240BF00002340000025400000F03FC1
:10058000AE47E3413D0AE3418FC2D9411F85D941BE
:1005900052782EC4AF5A19CAAF5A99CAA65A99CBE3
:1005A00008BF24205BF8001001F101014BF8001096
:1005B000DBF8200000F10100CBF82000384608BF2E
:1005C0004846D047DFF8D407D04730200DF02EF84A
:1005D0003F284FF028004C4608BF24205BF800104D
:1005E00001F101014BF80010DBF8200000F10100DF
:1005F000CBF82000384608BF4846D047DFF8A007B0
:10060000D04745200DF012F879284FF0280008BF98
:1006100024205BF8001001F101014BF80010DBF819
:10062000200000F10100CBF82000384608BF484602
:10063000D047DFF87007D0473046D047DFF868076B
:10064000D047DFF8F406D047DFF8CC9648460DF0E7
:10065000D1FB0EF07BF848460DF0E0FD0EF0DAF924
:1006600018BF24205BF8001001F101014BF80010C5
:10067000384618BF2046D047DFF83007D0470EF085
:1006800065F848460DF08AFC2421002818BF28216F
:100690005BF8010000F101004BF80100384608BF8B
:1006A0002046D047DFF80807D0470EF04FF84846FD
:1006B0000DF0EFFE0EF0AEF908BF24205BF800103D
:1006C00001F101014BF80010384608BF2046D04721
:1006D000DFF8E006D0470EF039F848460DF050FC40
:1006E00080284FF0280008BF24205BF8001001F19B
:1006F00001014BF80010384608BF2046D047DFF80C
:10070000B806D047DFF8B4C6D4A90A469CE8F90079
:10071000F9C248464E4609F08FFF0EF07BF9DFF82C
:100720002446DFF81C9618BF24205BF8001001F166
:1007300001014BF80010DBF8200000F10100CBF8BC
:100740002000204618BF4846D047DFF87406D0473F
:100750000DF0FCFF30460DF09CFE0EF05FF908BF77
:1007600024205BF8001001F101014BF80010204635
:1007700008BF4846D047DFF84C06D0470DF28451F9
:1007800030460BF0E3F8DDF88415DDF88825A1F597
:100790007A71B1FA81F14909084045F23E11511AC6
:1007A000B1FA81F1490908424FF0280018BF24200E
:1007B0005BF8001001F101014BF80010DBF820009C
:1007C00000F10100CBF82000204618BF4846D04772
:1007D000DFF8F405D0470DF0B9FF30460DF01EFDEF
:1007E0002821002818BF24215BF8010000F1010036
:1007F0004BF80100204618BF4846D047DFF8CC052B
:10080000D047C02400250027802F0CD0CDE91284CA
:10081000CDE90E77CDE9105830460EA909F00CFF4E
:100820000137013DF0E7DBF82000DFF8EC440EF083
:1008300011F920460DF0B2FB0EF0ECF8DFF804855C
:10084000DFF8FC5418BF24205BF80010C14601F10A
:1008500001014BF80010404618BF2846D047DFF88A
:100860007005D047DBF82000A0460EF0F3F82046D4
:100870000DF086FB0EF0CEF808BF24205BF80010C8
:1008800001F101014BF80010484608BF2846D04747
:10089000DFF84005D047DFF840050DF5657C61467F
:1008A00090E8FC004046FCC14546614609F0C4FEA4
:1008B00024214C46DFF88884002818BF28215BF8E3
:1008C000010000F101004BF80100DBF8200000F10D
:1008D0000100CBF82000484608BF4046D047DFF86B
:1008E000FC04D047CEA928460DF0F3FAD0980EF0BC
:1008F00095F808BF24205BF8001001F101014BF8C6
:100900000010DBF8200000F10100CBF82000484681
:1009100008BF4046D047DFF8C804D047CE988128AA
:100920004FF0280008BF24205BF8001001F10101FE
:100930004BF80010DBF8200000F10100CBF820009C
:10094000484608BF4046D047DFF89804D0470EAF6E
:1009500028462022394609F0CDFC0E9980F020006F
:100960000843C89981F01F0108434FF0280008BFD1
:1009700024205BF8001001F101014BF80010DBF8B6
:10098000200000F10100CBF82000484608BF404697
:10099000D047DFF85404D047DBF82000A9460DF01B
:1009A000E2FF0DF076FD60284FF02800264608BFD4
:1009B00024205BF8001001F101014BF800102046E3
:1009C000444608BF4046D047DFF82004D047D34D07
:1009D00028460DF01FFA0DF0B9FE28460DF0ECFA8E
:1009E00040284FF02800B04608BF24205BF80010D4
:1009F00001F101014BF800103046264608BF2046A1
:100A0000D047DFF8EC03D047F1ACDFF8E813202241
:100A100020460EF09DF8284621460AF01FFC0DF5F1
:100A2000B66128460BF0AFF9BDF8B815DDF8B00592
:100A300089B280F4FA7081F47A7108434FF028008B
:100A400008BF24205BF8001001F101014BF80010F1
:100A5000DBF8200000F10100CBF820004046B04652
:100A600008BF3046D047E448D047484656460DF0C8
:100A7000C1F928460DF0CEF90DF2644400210022A0
:100A8000002520460CF010FF20460DF099FF20466F
:100A90000DF0A0FA0DF0BEFFC14608BF24205BF8A0
:100AA000001001F101014BF80010DBF8200000F10B
:100AB0000100CBF82000A34808BF4046D047CF48EC
:100AC000D04720460DF077FF0DF02FFF0DF2C44404
:100AD000CB4ACDE90001204660210BF02DFA2046DB
:100AE000D0479348D047C748D0479348D047DBF812
:100AF0002000DFF814A30DF0ADFF0020D0470DF06B
:100B000089FFDFF8408208BF24205BF8001001F164
:100B100001014BF80010404608BF4846B047BB48AB
:100B2000B0470DF013FE0120D0470DF077FF08BF4E
:100B300024205BF8001001F101014BF80010404641
:100B400008BF4846B047DFF88408B0470DF0FEFD07
:100B50006420D0470A284FF0280008BF24205BF803
:100B6000001001F101014BF80010404608BF484653
:100B7000B047DFF85C08B0470DF0E8FD9020D047A3
:100B80000C284FF0280008BF24205BF8001001F16A
:100B900001014BF80010404608BF4846B047DFF857
:100BA0009C0FB0470DF0D2FD9948D047B0F57A7F41
:100BB0004FF0280008BF24205BF8001001F101016C
:100BC0004BF80010404608BF4846B047DFF8700FAA
:100BD000B0470EA800210AF091FE9DF8500228218E
:100BE000802808BF24215BF8010000F101004BF8C8
:100BF0000100DBF8200000F10100CBF8200008BF65
:100C0000C8464046E5ACB047DFF8380FB047C82DBE
:100C100009D0384644F620612A460023009402F0A9
:100C2000E1FA0435F3E7EA992820002908BF2420D7
:100C30005BF8001001F101014BF80010DBF8200017
:100C4000DFF8EC1E00F10100CBF82000DFF8E40E25
:100C500008BF08460CF0F0FEDFF8EC0E0CF0ECFEDE
:100C60006C4A6D4900204FF0010C4FF0070E4FF019
:100C70000508032600239246684A9346002200296D
:100C800000F0DC80DDB2DFF8A44EB5FBFEF90C44C9
:100C90002031C9EBC907C4F8802CC4F88CACC4F867
:100CA000900CC4F8940CC4F898BC84F89CCC0A321C
:100CB000EF1B07F2D137A4F8867CB5FBF8F707EBFA
:100CC0008707EF1BB5FBF6F5023F05EB4505A4F8DA
:100CD000847C5D1B01336B3D05F09F05A4F8885CA7
:100CE000CDE700BFC80300209C25010039DA0000D1
:100CF000F10B0100B70B0100090B01003F040100DB
:100D00003A250100A40101000F0D0100D00E0100E1
:100D100065090100BD030100C8670020F47F0020C1
:100D2000F4950020109600207D0B010061E8000082
:100D3000920A0100F10D0100430B0100D5E1000012
:100D400081240100B3240100CF1C01009211010095
:100D50008410010091140100E41B01007A190100C4
:100D6000F314010064120100F5FF0000CBFE000047
:100D7000F1BE00009D0C0100F6070100C711010043
:100D8000290E0100CC1201001618010066130100A3
:100D9000C0940020FD13010094940020CB130100A7
:100DA00070180100B11D0100810D0100A91C010096
:100DB000F21A01004E1901001B1B01000C21010059
:100DC000BA170100D01601007A070100A01A01002D
:100DD00034080100C91A0100F4200100F6180100CE
:100DE000430601003E0001001A0A01009D1801009F
:100DF000941B01002C1F010060140100E315010089
:100E00002B0C0100DE0901008BD700001C20010023
:100E100040420F00A4707D3F80F3FFFF0000C841F7
:100E2000000075C49A99193E6F12833A00000000C1
:100E300000007A440000B4C2CDCCCC3DDFF8EC0C0D
:100E4000D4AA642103F06AFA1FED0B0A9DEDD51AAE
:100E5000DFF8D0BC2820DFF8DC9CDFF8CCACDFF872
:100E6000D08C31EE000AB0EEC00AB4EE480AF1EEC2
:100E700010FA48BF24205BF8001001F101014BF883
:100E80000010DBF8200000F10100CBF820004846FC
:100E900048BF4046D047DFF8B40CD0471FED1F0ACB
:100EA0009DEDE11A28200DF031FD48BF24205BF8AC
:100EB000001001F101014BF80010DBF8200000F1F7
:100EC0000100CBF82000484648BF4046D047DFF835
:100ED000800CD0471FED2C0A9DEDDC1A28200DF068
:100EE00015FD48BF24205BF8001001F101014BF80B
:100EF0000010DBF8200000F10100CBF8200048468C
:100F000048BF4046D047DFF84C0CD0471FED398A28
:100F10001FED399A0DF0ABFAB0EE482AF0EE492AEF
:100F200008F022FE1FED3D1A1FED3DBA0DF014FC36
:100F3000B4EE4B0AF1EE10FA48BF24205BF8001023
:100F400001F101014BF80010DBF8200000F1010075
:100F5000CBF82000484648BF4046D047DFF8F80BA2
:100F6000D0470DF084FAB0EE492AF0EE482A08F096
:100F7000FBFDB0EEC00A2820B4EE4B0AF1EE10FAE9
:100F800048BF24205BF8001001F101014BF800106C
:100F9000DBF8200000F10100CBF82000484648BFF4
:100FA0004046D047DFF8B40BD0470DF2644600212D
:100FB0000024304609F098FCFC48D394CDE9D14494
:100FC0000DF28457DFF8984B002100220097D09053
:100FD000F748CF9040F20110ADF84D034FF4FA609E
:100FE000ADF844034FF47A70CE90CEAD30462B4628
:100FF000A0479DF89D050DF01DFD18BF28205BF84A
:10100000001001F101014BF80010DBF8200000F1A5
:101010000100CBF82000484608BF4046D047DFF823
:10102000440BD0479DF89F050DF0F8FC08BF242025
:101030005BF8001001F101014BF80010DBF8200013
:1010400000F10100CBF82000484608BF4046D047D9
:10105000DFF8140BD047BDF8AC0510F0100F4FF0BF
:10106000280008BF24205BF8001001F101014BF8B3
:101070000010DBF8200000F10100CBF8200048460A
:1010800008BF4046D047DFF8E40AD047C9480021EE
:1010900000222B460097D0904FF4FA50ADF844034D
:1010A0003046A0473046002100222B460097A0473B
:1010B0009DF89D050DF0AEFC18BF24205BF80010D4
:1010C00001F101014BF80010DBF8200000F10100F4
:1010D000CBF82000484618BF4046D047DFF8900ABA
:1010E000D0479DF89F0503284FF0280008BF242013
:1010F0005BF8001001F101014BF80010DBF8200053
:1011000000F10100CBF82000484608BF4046D04718
:10111000DFF8600AD0470DF2C4413846C02208F01B
:1011200095FE054601389F284FF0280038BF24203F
:101130005BF8001001F101014BF80010DBF8200012
:1011400000F10100CBF82000484638BF4046D047A8
:10115000DFF8240AD0479620602100224FF47573EF
:1011600000900DF5B660CDE901014FF47A7045F2BB
:101170003E110BF0DDFE01384F284FF0280038BF3C
:1011800024205BF8001001F101014BF80010DBF89E
:10119000200000F10100CBF82000484638BF40464F
:1011A000D047DFF8D809D04700EE105A9FED821AD9
:1011B0002820B8EE400A80EE010A9FED801A30EE3A
:1011C0000A0A20EE010A9FED7E1A0DF0C2FBC8BF8D
:1011D00024205BF8001001F101014BF80010DBF84E
:1011E000200000F10100CBF820004846C8BF40466F
:1011F000D047DFF88C09D047DFF830090CF0FAFD52
:101200000DF093FBDFF83029CDE90001F1AC60214E
:1012100020460AF091FE2046D047DFF86809D04703
:10122000DBF82000DFF860490DF014FC3020A04707
:101230003F284FF0280008BF24205BF8001001F180
:1012400001014BF80010484608BF4046D047DFF880
:101250003C09D0470DF07AFA4D20A04737284FF0CF
:10126000280008BF24205BF8001001F101014BF8B1
:101270000010484608BF4046D047DFF81409D04761
:101280000DF064FA5720A0473E284FF0280008BF11
:1012900024205BF8001001F101014BF800104846D2
:1012A00008BF4046D047DFF8EC08D0470DF04EFAB3
:1012B0005320A0476D284FF0280008BF24205BF87A
:1012C000001001F101014BF80010484608BF4046EC
:1012D000D047DFF8C408D0470DF038FA4520A047C2
:1012E00079284FF0280008BF24205BF8001001F196
:1012F00001014BF80010484608BF4046D047DFF8D0
:101300009C08D0470DF022FA4120A04777284FF0E3
:10131000280008BF24205BF8001001F101014BF800
:101320000010484608BF4046D047DFF87408D04751
:10133000381D28210DF0C5F84FF4D2700DF2C445C8
:10134000C022CDF8A8051F482946CDF8A0050120E8
:101350008DF89D052A20ADF890051B48CDF88C0529
:1013600048208DF88A054FF42050CDF88405384682
:1013700008F0B2FD553844464C284FF0280038BFDD
:1013800024205BF8001001F101014BF80010DBF89C
:10139000200000F10100CBF82000484638BF40464D
:1013A000D047DFF80008D04700F014B80000B4417F
:1013B0000000B04166661242006020C50000C842CD
:1013C0000000B4429A991142410326000020010016
:1013D0006B1F0100DBF82000DFF8CC17DFF8CC77BB
:1013E0000DF0C1FAB8470DF025FB08BF28205BF8C7
:1013F000001001F101014BF80010484618BF4046AB
:10140000D047DFF8AC07D047DBF82000DFF8A4179F
:101410000DF0A9FAB8470DF00DFB08BF28205BF8C6
:10142000001001F101014BF80010484618BF40467A
:10143000D047DFF88407D04740F2E6306FF08D01E7
:101440000C22CDE90006602002906FF0640000F1EC
:1014500043084FF4205043460BF0D2FD32381A288F
:101460004FF0280038BF24205BF8001001F1010183
:101470004BF80010DBF8200000F10100CBF8200051
:10148000484638BF2046D047DFF83007D047DBF862
:101490002000DFF82C170DF0DDFA3046B8470DF0CC
:1014A000C9FA08BF28205BF8001001F101014BF8D0
:1014B0000010484618BF2046D047DFF80807D0473D
:1014C000DFF80407E5A90D4690E8DC00A020DCC5A4
:1014D00040F2E6370C2243460097F1ADCDE90150CA
:1014E0004FF420500AF08EF85038DFF8444629288F
:1014F0004FF0280038BF24205BF8001001F10101F3
:101500004BF80010DBF8200000F10100CBF82000C0
:10151000484638BF2046D047DFF8B006D047DBF852
:101520002000DFF8AC16DFF884260DF01CFA904797
:101530000DF080FA08BF28205BF8001001F10101CE
:101540004BF80010484618BF2046D047DFF8840605
:10155000D047DBF81C000BF0DFF9DBF82000DFF8E8
:1015600078660DF077FAB0470DF054FA08BF2420E2
:101570005BF8001001F101014BF80010484608BF6C
:101580002046D047DFF85406D0470DF0DFF80DF2C3
:10159000845009F093FE0DF03DFA18BF24205BF84B
:1015A000001001F101014BF80010484618BF204619
:1015B000D047DFF82C06D0470DF0C8F8B0470DF043
:1015C0002DFA08BF24205BF8001001F101014BF84F
:1015D0000010484608BF2046D047DFF80806D0472D
:1015E000DBF820006FF08D010C22434600970DF0D0
:1015F00031FA4FF4205009F031FB0DF00BFAA04600
:1016000018BF24205BF8001001F101014BF8001015
:10161000484618BF2046D047DFF8CC05D0470DF02C
:1016200095F8B04702284FF0280008BF24205BF847
:10163000001001F101014BF80010484608BF204698
:10164000D047DFF8A805D047D4AEDFF8A415DFF8FF
:10165000A4553046A847DBF82000DFF89C454FF43E
:1016600000720DF0F7F90EAF30463946A0470DF085
:10167000D1F9C8BF24205BF8001001F101014BF83B
:1016800000104846C8BF4046D047DFF87005D04735
:10169000DFF86C153046A8470DF0D8F90DF056F874
:1016A0000DF0E4F80DF0BAF908BF24205BF8001043
:1016B00001F101014BF80010484608BF4046D047F1
:1016C000DFF84005D047DFF840153046A8470DF059
:1016D000BDF90DF03BF80DF0C9F80DF09BF908BF0E
:1016E00024205BF8001001F101014BF8001048467E
:1016F00008BF4046D047DFF81405D047DFF8101583
:101700003046A8470DF0A2F90DF020F80DF09CF836
:101710008C284FF0280008BF24205BF8001001F14E
:1017200001014BF80010484608BF4046D047DFF89B
:10173000E404D047DFF8E0143046A8470DF086F9FE
:101740000DF004F80DF080F88C284FF0280008BF49
:1017500024205BF8001001F101014BF8001048460D
:1017600008BF4046D047DFF8B404D047DFF8B014D4
:101770003046A8470DF06AF90CF0E8FF0DF094F838
:101780002421002818BF28215BF8010000F1010086
:101790004BF80100484608BF4046D047DFF88404B4
:1017A000D047DFF884143046A8470DF04FF90CF00D
:1017B000CDFF0DF079F80DF02DF918BF24205BF85E
:1017C000001001F101014BF80010484618BF4046D7
:1017D000D047DFF85804D04700200DF2C3350DF292
:1017E000C2360DF2C137DFF848448DF8C3038DF8D7
:1017F000C2038DF8C1030120294632463B46A0476B
:101800009DF8C2030DF00AF908BF24205BF8001010
:1018100001F101014BF80010DBF8200000F101009C
:10182000CBF82000484608BF4046D047DFF8040404
:10183000D0479DF8C3030DF0F1F808BF24205BF8F2
:10184000001001F101014BF80010DBF8200000F15D
:101850000100CBF82000484608BF4046D047DFF8DB
:10186000D803D0470DF084F89DF8C3039DF8C21348
:1018700080F00100C9B208434FF0280008BF2420BF
:101880005BF8001001F101014BF80010DBF82000BB
:1018900000F10100CBF82000484608BF4046D04781
:1018A000E648D0470DF064F80DF062F89DF8C103EA
:1018B0009DF8C313C0B280F0010008434FF0280028
:1018C00008BF24205BF8001001F101014BF8001063
:1018D000DBF8200000F10100CBF82000484608BFEB
:1018E0004046D047D648D047CEAD002128460BF021
:1018F000D4FD0CF02BFF28460DF067F80DF08AF8A8
:1019000008BF24205BF8001001F101014BF8001022
:10191000484608BF4046D047CA48D047DBF82000B9
:10192000C94C0DF020F8A0470DF078F808BF24202E
:101930005BF8001001F101014BF80010484608BFA8
:101940004046D047C148D0470CF000FF2846A0478A
:1019500002284FF0280008BF24205BF8001001F196
:1019600001014BF80010484608BF4046D047B84830
:10197000D0470CF0EBFE2846A0470DF04BF808BF0F
:1019800024205BF8001001F101014BF800104846DB
:1019900008BF4046D047AF48D0470020CDE9EE0011
:1019A000CDE9EC0001208DF8BC03ECA9284603F03A
:1019B0009FFA9DF839032821012808BF24215BF8EC
:1019C000010000F101004BF80100DBF8200000F1FC
:1019D0000100CBF8200008BFC1464846D0479E48CA
:1019E000D0470CF0A2FF0DF5B664534ACDE90001D3
:1019F000204680210AF0A0FA2046D0479748D047D9
:101A00000EAD0DF059F80DF001F80CF084FF042034
:101A10000DF2C4410CF084FF914C924A29460023F8
:101A2000204607F089F858B18F480CF005F8FEE71A
:101A3000984C06200CF086FC20460BF065FEF8E77B
:101A40000EAD0DF03FF80DF037F80CF0DFFF0CF0A5
:101A500099FF03260DF2C4410CF08FFF834A201D2D
:101A60000CF0D0FF18B182480BF0E6FFFEE70EAD98
:101A70000DF028F80DF020F80CF0C8FF0CF04BFF2B
:101A80000DF2C4410CF079FF7A4A04F108000CF021
:101A9000B9FF18B178480BF0CFFFFEE70EAD0DF09F
:101AA00011F80DF009F82846012101260CF0EAFE94
:101AB0000CF068FF02200DF2C4410CF031FF6F4AB8
:101AC00004F10C000CF09EFF18B16D480BF0B4FF50
:101AD000FEE70EAD0CF0F6FF0CF0EEFF0CF096FFFB
:101AE0000CF050FF0DF2C4410CF047FF654A04F1C1
:101AF00010000CF087FF18B163480BF09DFFFEE764
:101B00000EA80DF01DF861480BF096FF60480BF031
:101B100093FF00200DF5C66DBDEC088B01B0BDE84C
:101B2000F08F00BFC803002039DA0000C86700202A
:101B300081240100B32401002B0C01004C1F010083
:101B40005C1C01005C110100EEFC0000FF160100AE
:101B500022190100640C01007B03010084050100CF
:101B600089400000C21401003C0701007108010017
:101B700004060100FE06010073020100AE08010028
:101B8000F0FB00001701010061DA0000E20F010024
:101B9000A5190100CF1901000C1C0100441B010014
:101BA000341C0100261101008C23010059D60000CD
:101BB000BA10010012220100CE0A01003E0F0100FE
:101BC000A6230100B90D01003C220100480D0100CF
:101BD00056230100D60C01000DE40000441E010054
:101BE00098120100F9190100431601004D1A010075
:101BF000A625010093E60000C9900000771A0100B5
:101C0000D9240100431801003A230100070F010005
:101C100064220100231A01008C22010083150100B7
:101C200008240100F51C0100B32301001B1D010065
:101C300021A70000E4FD0000F01001007FFE00007D
:101C400082060100411D0100CBE000005315010098
:101C5000331301001316010042FD0000B807010014
:101C600030030020F1AB0000D61D010039B10000A7
:101C7000671D0100097100006C1B01000D8500004B
:101C80008C170100D14C0000E81701005D1701001E
:101C900030120100A08601002DE9F04FADF5077D5F
:101CA000D0F8009006469B461546869148460CF0B3
:101CB000FEFC4FF0000A09EB00044FF0FF30002754
:101CC000CDF814A2A14580F0C580A04609F1010419
:101CD0008DF810A28390CDE981AA14F8010C002898
:101CE00000F0B880252805D029463460D847013453
:101CF0000137F2E73460859781AC3146204600F029
:101D0000AEF82046314686AA00F0CAF8306802785C
:101D1000411C7A2A2AD0682A44461CD06A2A09D053
:101D20006C2A0FD0742A09D04C2A2CD1819840F00B
:101D3000800025E0819840F4006021E0819840F423
:101D400000501DE00146819A11F8013F6C2B12D121
:101D500042F4807107E00146819A11F8013F682B37
:101D60000CD142F40071819102300BE0819844461D
:101D700040F4805004E042F0400001E042F02000D6
:101D800081900846027800F10109732A8DF810222B
:101D9000C6F800901FD06E2A2AD1819843F6607150
:101DA0000840411E80EA01028A420ED990FAA0F052
:101DB000B0FA80F0411F082907D8F817DFE801F0D2
:101DC00044050539400539050500869850F8041B7F
:101DD0000F60869026E09DF8040240061AD4CDF8E4
:101DE00000B081A886AA294685AB00F01CF919E04D
:101DF0000DF1060881A986AA404600F069F9909B7A
:101E00000246404629469847411C18BF38448590F1
:101E1000074608E0CDF800B081A886AA294685AB20
:101E200000F09CF8859F781C4FF0FF307FF44AAF9C
:101E30000EE0869951F8042BC2E900708691F1E713
:101E4000869802C80F70C4E7869802C80F80C0E762
:101E50004FF0FF3738460DF5077DBDE8F08F10B520
:101E60000A680124E30708BF10BD1378302B0CD09B
:101E7000232B0CD02B2B0CD02D2B04D00024202B6B
:101E8000F0D1042306E0012304E0102302E008233C
:101E900000E00223046801320A6023430360E0E7A4
:101EA000FEB50446086816460D4603782A2B11D164
:101EB0003068011D31600068B0F1FF3F606005DCF3
:101EC00040426060206840F0010020602868471CA4
:101ED0002F6017E000210DF10202303B4718092B5B
:101EE00006D87B1C2B60435C53547B780131F4E7AC
:101EF000002050549DF8020020B10DF102000AF0BC
:101F000009FA606038782E2827D1781C28607A7802
:101F10002A2A08D13068011D31600068A060286855
:101F200001302860FEBD00200DF10201303A092A7F
:101F300007D83A18931C2B60537892780B540130D1
:101F4000F4E700220A549DF8020028B10DF10200C6
:101F50000AF0E0F9A060FEBDA260FEBD2DE9FE4FD3
:101F6000054610680C46011D116007680C9AD7B32E
:101F7000AE6898469146002E04D438460CF056FBC5
:101F8000864203D338460CF051FB0646D5F804A030
:101F9000B3460195B245C8BFD346D8F80000CDF886
:101FA00008805844C8F800000FDD01980078C00789
:101FB0000BD1ABEB06054FF00008A84505DA202051
:101FC0002146C84708F10108F7E7DDF80880002539
:101FD000B5420EDA57F82500B0F5807F19D22146B8
:101FE000C8470135F4E70020214603B0BDE8F04FB3
:101FF0001047B24515DD01980078C00711D0ABEB52
:1020000006050026AE420CDA20202146C8470136DC
:10201000F8E74FF0FF30C8F800000CF023FD58211E
:102020000160BDE8FE8F2DE9F84F054610680C46AB
:10203000011D116006680A9AC6B3AF689B469046B8
:10204000002F04D430460CF032FB874203D33046D5
:102050000CF02DFB0746D5F804A0B9460095BA450B
:10206000C8BFD146DBF800004844CBF800000DDDC6
:1020700000980078C00709D1A9EB070B00255D4542
:1020800004DA20202146C0470135F8E70025BD428B
:1020900004DA705D2146C0470135F8E7BA4503DD33
:1020A00000980078C00706D1BDE8F88F00202146CF
:1020B000BDE8F84F1047A9EB07050026AE42F3DA5A
:1020C00020202146C0470136F8E700BF00BF00BF0F
:1020D0002DE9FE4F164600278B46D1F8048040F2CA
:1020E000FD112022044601970CF0E6F904F5FE707C
:1020F00084F8FD7102909BF80C00A0F16101172992
:1021000029D80122BA4B8A401A4209D001A902AA51
:102110005846334600F070F900274FF0000991E06F
:1021200012F0710F25D1022915D130680027011D49
:102130003160006884F8FC01C0B2DBF80010B0FA2E
:1021400080F04FEA501921F00201CBF8001004F2A0
:10215000FB11029176E0A0F14501032909D325285E
:1021600000F08A80412804D05828CFD04FF00009D1
:102170006AE03068073020F0070000F108013160A4
:1021800090ED000B9BF80C5056EC107BA5F17B09F1
:10219000384631463A4633460BF092F8002840F074
:1021A0000C8194499FED900B26F00040414053EC88
:1021B000102B394315D003F000414FF000090844BB
:1021C00040EC107BF70FA5F14100062829D9A5F1B5
:1021D0006100062836D8DFE800F02A353535DCD72F
:1021E000D2006E20314619F11A0F38BF4E2084F804
:1021F000FB014FF0660038BF462084F8FC014FF029
:10220000690038BF492084F8FA0104F5FC70029097
:10221000384607F03AFF78B12D204FF00009042727
:102220000EE0DFE800F0040F0F0FB6B1AC0002A91A
:10223000584601F0DDFD70E72B204FF00009032721
:1022400084F8F9019BF80C00A0F16F014FF0010A2E
:10225000092905D80AFA01F140F24322114221D19D
:1022600058281FD06FB1012F1CD101200190DBF83D
:10227000000000F002000CE0252020800120BDE8D5
:10228000FE8FDBF80010019A01F00200002A00F036
:10229000858002992D22B0FA80F04FEA501A01F899
:1022A000012902919BF8000004EB08072646C007AD
:1022B000029809D104F2FD11DBF804202646091A20
:1022C0009142DCBF791A4E1C411C304600224FF46B
:1022D000FF7300250BF01CFDB9F1000F02901CBF2D
:1022E00000F8015B0290B84207D8391A0138202261
:1022F00001310CF0E1F8002038709BF80000C006B6
:1023000005D4311B204620220CF0D6F831E0A6423D
:102310002FD0311B2046302230250CF0CDF801980B
:10232000B0FA80F0400900EA0A00012805D19BF8C4
:102330000000400701D4204605E03178204600F82F
:10234000011B06F8015B9BF80C1041290DD05829A0
:1023500005D0612909D0782901D0702909D19BF8CD
:102360000020120701D4612903D171784170302017
:10237000707020460CF09BF94844BDE8FE8F02A91E
:10238000584602F089FBC8E602A9584609F0E8F968
:10239000C3E602A9584604F01FFABEE628B948076A
:1023A0007FF580AF0298202103E002982B214FF0A7
:1023B000000A00F80119029074E7612019F11A0F60
:1023C00038BF412084F8FB014FF000094FF06E0048
:1023D00038BF4E2084F8FC0184F8FA01022704F289
:1023E000F91002902EE700BF00000000000000007E
:1023F00008C190000000F07FF8B5054680681446DB
:102400000F46B0F1FF3F04DD286820F0100028607F
:1024100001E00120A860287B1026582807D07828E2
:1024200005D0702803D06F2814BF0A260826284636
:10243000194600F053F8AA684AB950EA010206D1D9
:102440002878000749D52B7B0020002112E02B7B48
:10245000642B04D16423B1F1FF3F05DD0AE0692B51
:1024600008D1002906D5692301223A6000224042A2
:1024700062EB01013246009400F0ACF83021AA680A
:10248000904205DA22680130531E23601170F6E78E
:10249000287B582818BF782810D1297809070FD52C
:1024A00021684A1E2260702808BF782008702068C2
:1024B000411E216030210170287B01E07028ECD0A2
:1024C0006F280AD12878000707D52068417830297D
:1024D00003D0411E216030210170F8BD10B5027B90
:1024E000702A2BD0006843F660731840431E80EAC0
:1024F00003049C420DD990FAA0F0B0FA80F00538A0
:10250000082806D8DFE800F04D050520390520052C
:102510000500A2F1640014280ED8012303FA00F08C
:102520002B4B18420AD110F0210F05D00868021D6C
:102530000A600068C11710BD582A46D10868021DFC
:102540000A600068002110BDA2F16400142808D8B8
:10255000012303FA00F01E4B184204D110F0210FA2
:1025600001D1582A31D10868073020F0070000F166
:1025700008020A60D0E9000110BDA2F1640014282D
:1025800008D8012303FA00F0114B184204D110F0CF
:10259000210FCBD1582A18D10868021D0A60007893
:1025A000D0E7A2F16400142808D8012303FA00F050
:1025B000074B184204D110F0210FB7D1582A04D18B
:1025C0000868021D0A600088BCE70020BAE700BF67
:1025D00000081200F8B505461148124E582B069F08
:1025E000144608BF064655EA010011D13868421E5C
:1025F0003A60302202700BE02846224600F014F8C0
:102600003A68531E3B6000FB14530546F35C13709D
:1026100055EA0100F0D138680CF049F80138F8BDEE
:10262000D8220100E9220100102A06D0082A09D187
:10263000C00840EA4170C9087047000940EA0170CB
:102640000909704719B9B0FBF2F00021704780B555
:1026500000230BF0F9FE80BD2DE9F84F2DED028B24
:10266000ADF6984D0027002800F0F2810E460029B3
:1026700000F0EE819246002A00F0EA8196ED038A8E
:102680008146B5EE408AF1EE10FA1DD8B6F9061073
:10269000B6F90400B6F9082001EE101A00EE100A8F
:1026A000B8EEC11AB8EEC00A21EE011A00EE001A07
:1026B00000EE102AB8EEC00A00EE001AB1EEC10A10
:1026C0009FEDE71A80EE018AB9F8A40CD6F80080D5
:1026D0003146202209F6B44409EB401024300CF0B6
:1026E00037FAB9F8A4CC64200CF10103B3FBF0F184
:1026F00001FB103BB9F8A60C6328A9F8A4BC07D8C5
:10270000411CB0F16307A9F8A61C18BF012700E01F
:102710000027B9F8A80C451C99F8F20CA9F8A85C98
:1027200068B3A8B2002632284FF0000038BF01205D
:10273000384340F0588105946424CDE903084FF4F0
:102740004861C84F0DF11808A9F8A86CB3FBF4F064
:102750004843C0EB4C10484400F14405B6F5486FBF
:1027600054D0BBFBF4F0202200FB075108EB06001D
:102770000CF0EEF920360BF1010B2035EEE799F85D
:10278000F00C052800F29B80DFE810F00600D10075
:102790009D009900F300090199ED000AB4EE408A0A
:1027A000F1EE10FA40F1A18199F8F30C99F80410B8
:1027B000013089F8F30CC0B28842B2D30120C9F8C5
:1027C000F48C89F8F00C0020606489F8F30C99F817
:1027D000DD0C002800F08D829FEDA30A0146224601
:1027E000B0EE401AB0EE402A002900F0428212ED0D
:1027F000023A12ED014A92ED005A01390C3230EEE4
:10280000050A31EE041A32EE032AEDE7059C06A80C
:10281000642104F16C0201F081FD99F8DC1C99F847
:10282000DD0C94ED1B2A94ED1C1A94ED1D0AB6EEF6
:10283000083A4A1C01EB410109EB810102F0030255
:10284000042801F6AC4189F8DC2C81ED002A81EDE9
:10285000011A81ED020A3CBF013089F8DD0C94EDCC
:10286000284ADDF81080B4EE434AF1EE10FA80F207
:10287000B18099F8EC0C94ED273A022800F0FA8028
:10288000012800F09080002840F00F819FED775ADA
:102890000CF064F8C0F243819FED754AB4EE443AFF
:1028A000F1EE10FAC0F23B8199F8EF0C012840F0EC
:1028B00096810BF0D2FE022880F0F38093E1002095
:1028C00089F8F00C2DE7D9F8FC0CA8EB0000A0F17A
:1028D000C801B1F5967F00F2EC80B9F8140D94EDC3
:1028E000150AB6F9061094ED161AB6F9082094EDFB
:1028F000172A0130A9F8140DB6F9040003EE100AE6
:10290000B8EEC33A30EE030A03EE101AB8EEC33A3B
:1029100084ED150A31EE031A03EE102AB8EEC33A1D
:1029200084ED161A32EE032A84ED172AF9E694EDA7
:10293000110AD9F8F40CB4EE408AA8EB0000F1EECD
:1029400010FAC8BF84ED118A99ED020AB9F80C108B
:10295000B4EE408AF1EE10FA04DB642802D3884218
:1029600040F228816431884284BF0020A9F8F00C2D
:10297000D7E6B9F8140D002800F0D48003EE100A51
:1029800094ED151A94ED162A94ED170AB8EE433A11
:1029900080EE030A82EE032A81EE031AC8E00120CA
:1029A00089F8F20CBDE69FEDE95A0BF0D7FFC0F2B3
:1029B000A0809FEDE75AB4EE453AF1EE10FAC0F26E
:1029C000988099F8EF0C022840F004810BF045FE46
:1029D000022804D30CF036F8022089F8EC0C002011
:1029E00089F8ED0C039880F001070AF1080009F559
:1029F00052614422CAF800808AF804700CF0A8F8EA
:102A0000B9F8EC0C9FEDD81AAAF84C0099F8F00C24
:102A100099F8F11C99F8F22C8AF84E108AF8502097
:102A20008AF84F0051466022606CCAF85400B9F829
:102A3000040D00EE100AB8EE400A20EE010A8AEDFD
:102A4000170AE06CCAF8580009F618500CF080F824
:102A500038460DF6984DBDEC028B01B0BDE8F08F05
:102A600000007A4480F3FFFF00000000EC51383E84
:102A7000CDCC4C3D9FEDB30AB4EE404AF1EE10FAD6
:102A800006D49FEDB10AB4EE403AF1EE10FA43D508
:102A900099F8EF0C012840F08A800BF0DEFD032846
:102AA0009DD30BF0CFFF012097E7002089F8EC0CB5
:102AB00099E0B0F5FA7F7FF634AEB9F8140DCDE9A0
:102AC000013C002800F0E68003EE100A94ED150AA0
:102AD00094ED161A94ED172AB8EE433AC2EE032A83
:102AE00081EE032AC0EE031AE6E0002089F8F30C19
:102AF00017E69FED985A0BF031FF0DD59FED964AE2
:102B0000B4EE443AF1EE10FA06D599F8EF0C00282D
:102B100000F00A8101205FE00BF094FF5FE70BF00B
:102B200091FF60E09FED852A9FED830AB0EE421A87
:102B3000B6F90610B6F90400B6F9082003EE101A2B
:102B4000B8EEC33A33EE422A03EE100AB8EEC33AA7
:102B5000B0EEC22A33EE411AB0EEC11A31EE021ABB
:102B600002EE102AB8EEC22A32EE400AB0EEC00AD7
:102B700031EE000A9FED721AB4EE410AF1EE10FA3E
:102B800002DD4FF440700FE0B9F8040DB9F81810E9
:102B90000130A9F8040D80B28842FFF4C2AD0120D3
:102BA00089F8F20C40F20520A9F8F00CB9E540F2E2
:102BB000011011E000204FF48171C9F8FC8CA9F8D4
:102BC000F01CC9F8080DC9F80C0DC9F8100DA9F8CA
:102BD000140DA6E540F20120A9F8EE0CFFE640F244
:102BE0000110A9F8EE0C9FED5D3AB0EEC22AB4EEEA
:102BF000431AF1EE10FA0EDD9FED594AB4EE442A65
:102C0000F1EE10FA07D5B0EEC05AB4EE445AF1EE28
:102C100010FA3FF5E4AEB4EE430AB0EEC11AF1EE9D
:102C200010FA08DD9FED4E4AB4EE441AF1EE10FAA8
:102C300001D50120D4E69FED4B4AB4EE440AF1EEF3
:102C400010FA08D59FED460AB4EE401AF1EE10FADC
:102C500001D50220C4E6B4EE432AF1EE10FA61DD9C
:102C60009FED3F0AB4EE401AF1EE10FA5AD5032058
:102C7000B6E603EE100AB8EE433A80EE030A81EEA0
:102C8000031A82EE032A84ED0B2A84ED0C1A84EDDC
:102C90000D0A46E5B6F90820B6F90610B6F90400A3
:102CA00000EE102AF8EEC02A00EE101AB8EEC02A84
:102CB00000EE100AF8EEC01A04F12C0090EC030AA2
:102CC00006F052FF99ED041A84ED130AB4EE410A9E
:102CD000F1EE10FA04DA4FF48060A9F8F00C05E088
:102CE0000020A9F8040D042089F8F00CDDE9013C6E
:102CF00017E5B6F90400B6F90610B6F9082000EE9B
:102D0000100A01EE101A02EE102AB8EEC00AB8EE50
:102D1000C11AB8EEC22A84ED0B0A84ED0C1A84EDB8
:102D20000D2AFEE404205BE60BF097FC0428FFF478
:102D300056AE0BF087FEB9E600007A4400000000B2
:102D400000803B44CDCC0C3FAE47613E6666263FDB
:102D5000295C8F3E8FC2F53D295C0F3D0000164473
:102D60000000FA43000016C40AD7233C0A2070472B
:102D70002DE9F84F2DED160BDFF85C440E460746A3
:102D800017F8015B61194978C906F9D42D2D18BFD0
:102D90002B2D02D13A78114602E0013F2A462946FE
:102DA000A1F161031A2B38BF203A4E2A41D0492A9B
:102DB0005BD179780BF022FE38BF20394E294DD1F6
:102DC000B9780BF01BFE38BF2039462946D10EB129
:102DD000F91C3160F9780BF011FE38BF2039492910
:102DE0001FD139790BF00AFE38BF20394E2918D18E
:102DF00079790BF003FE38BF2039492911D1B9790F
:102E00000BF0FCFD38BF203954290AD1F9790BF0B9
:102E1000F5FD38BF203926B1592904BF07F1080054
:102E200030600FF294302D2D08BF083090ED009BDC
:102E3000B0E179780BF0E2FD38BF203941290DD19E
:102E4000B9780BF0DBFD38BF20394E2906D19FED54
:102E5000D89B002E00F09E81F81C04E09FEDD29BD1
:102E6000002E00F09781306094E19FEDD78B3029E0
:102E70001CD179780BF0C2FD38BF2039582915D103
:102E8000394611F8022FA3185B789B070AD42E2A23
:102E90000CD1FA78B0EE480AF0EE680A2244527873
:102EA000920707D59FEDCA0B0F4603E0B0EE480A24
:102EB000F0EE680A9FEDBCAB9FEDC59B099000202A
:102EC000069607F1010957EC106B00244FF0000A39
:102ED0000C900B970D9619F8018CB8F12E0F06D1B6
:102EE000BAF1000F45D10D9E4FF0010A3EE053ECC0
:102EF000182B3046394607F0BBF8A8F1300B10B15B
:102F0000BBF1090F0ED90D9853EC192B394607F078
:102F1000AFF870B3B04840444078800729D5BBF182
:102F2000090F03D8AD4800EBCB040AE0A8F161001B
:102F30001A28AA4838BFA8F1200800EBC800A0F55D
:102F4000DC740D9E0B9F51EC1A0B32463B460BF086
:102F5000EDFD94ED000B53EC102B02F096FC0C9A57
:102F600041EC1A0B0124A2EB0A020C9209F10109AF
:102F7000B1E78DED0EAB2D2D53EC192B9DF83F00D5
:102F80000E9E80F080008DF83F0050EC1A1B0491DB
:102F900018BF0E460F9D0590394618BF0546DDF84F
:102FA00034B045EC186BCDE90732584607F060F8AD
:102FB000DDF830A00028504618BF4FEA8A000A907A
:102FC000A4B39FED810B58463946CDE9015653EC29
:102FD000102B0992039307F04BF838B1A8F1610068
:102FE0001A28404638BF2038452812D00B99DDE911
:102FF00007325846A9F1010707F03AF800285CD0DB
:10300000A8F161001A2838BFA8F12008B8F1500FC4
:1030100011D199F80080B8F12D0F18BFB8F12B0F1E
:103020000CD119F8010F4FF0FF3109E0B0EE489ACA
:10303000069E099FAAE04FEA8A0A3EE00021404628
:10304000A0F13002DDF80CA0092A29D80B9F002539
:10305000A0F13004092C28D82846B8F12D0F53468A
:1030600008BF40420A9946185846394648BF76423A
:10307000099A06F0FDFF10B1B6F59A7F0DD8DDE98B
:1030800007325846394606F0F3FF10B1B6F5806FA7
:1030900003D805EB850004EB400519F8010FD7E7CD
:1030A00009EB01000025471E00E04F46B8F12D0F47
:1030B00008BF6D420A9805EB000A9FED3B9BDDE9D6
:1030C000040153EC192B06F0D3FF069E00285BD1B8
:1030D0000B99099A039B584606F0CAFFA8B1BAF5A6
:1030E0009A7F1EDD0BF0BEFC22219FED2F0B0160AD
:1030F000DDE9011053EC102B06F0C7FF2EA10028CC
:1031000018BF083191ED009B42E0B0EE480A5046EE
:10311000F0EE680A04F094FDB0EE409AF0EE609A8A
:1031200036E01AF59A7F04DC0BF09CFC222101604A
:103130002EE0BAF1000F14D4294CBAF1000F23D0BD
:103140005FEACA7009D094ED000B51EC180B53ECF8
:10315000102B0BF0EBFC41EC180B08344FEA5A0A29
:10316000EBE71F4DCAF1000474B1E00709D095EDFB
:10317000000B51EC180B53EC102B0BF0D5FC41EC71
:10318000180B08356408EFE7B0EE489AF0EE689A3D
:1031900006B13760B0EE490AF0EE690A10B0BDEC36
:1031A000068B01B0BDE8F08F0000000000000000B9
:1031B000000000000000F87F000000000000F07F29
:1031C000000000000000F0FF0000000000002440AC
:1031D000000000000000304030F5000028FA000038
:1031E000880001002DE9FC470027002800F0B98184
:1031F000DDF828A0BAF1000F00F0B3819146054632
:10320000D0E96C02471C013295F81802C5E96C72CE
:1032100093B100F0C000002751461C222030CAE9BB
:1032200005778AF800708AF8100085F8180205F50D
:1032300007700BF08DFC94E195F83C2000F0DF0066
:1032400045F8221040F2ED218F4288BF40F0100077
:10325000696B85F81802D5F8C4C0531CA9630D2109
:10326000B3FBF1F707FB113385F83C3002F10C0397
:10327000B3FBF1F707FB1133171DB7FBF1F655F858
:10328000233006FB117655F82660334402F10D0613
:10329000B6FBF1F707FB1166D71CB7FBF1F055F849
:1032A000266000FB117055F82000304400EB43000D
:1032B00002F10B03B3FBF1F606FB1133561DB6FB0F
:1032C000F1F755F8233007FB116655F826603344B3
:1032D00003EB4303184402F10A03B3FBF1F606FBC8
:1032E0001133961DB6FBF1F755F8233007FB116635
:1032F00055F82660334400EB830002F10903B3FB69
:10330000F1F606FB1133D61D0832B6FBF1F755F87E
:10331000233007FB116655F82660334403EB830323
:103320001844B2FBF1F303FB1121212355F82110BE
:1033300001EB410100EB410095F8C81068634A1C9D
:1033400001F11104B2FBF3F6B4FBF3F346EA4616BF
:1033500003EB4313921B05F14006E31A56F8227063
:1033600056F8233085F8C820C71B6744C5F8C470D9
:1033700046F8210005F1CC06D5F8C410D5F8D800E0
:1033800054CEC5E93546A3EB6113C5F8DC00911BAB
:103390000026181AC5E9333295F8882101EB400060
:1033A000C01080FB0001000B40EA015005EB8201D8
:1033B000D1F8E440C1F8E400001BD5E9604766F1AC
:1033C000000100197941541CB5F83A22CAF81430AA
:1033D0000023CAF804908AF80060C5E96001B4FBD4
:1033E000F2F707FB124485F88841B5F8FE41AAF8C8
:1033F000084095F826428AF80A4095F827428AF84C
:103400000B40B5F82842AAF80C40B5F82A42AAF8B1
:103410000E400BF019F895F8B841D5E9631395F80B
:10342000182205F50777CAF81800012C8AF8102031
:10343000C5E9630126D1D5F8AC01814284BFC5F846
:10344000AC110846D5F8B411B1F5FA7F16D30021B6
:1034500005F5CA7485F8B811C5F8B01102F07F01FE
:10346000400885F8181208BF4FF47A700A21B0FBA3
:10347000F1F1421A01EB920253080FC40BF03CFA2F
:1034800000276EE0994218D9814216D3D5F8B021B1
:10349000B5F83C02824239D2D5E9650202EBD1018E
:1034A000A1EBD201401A0A4688BF02EB9002C5E99F
:1034B000661250084FF4D0716850B5F8FC0100282E
:1034C0004BD0A62148436421B0FBF1F1D5F8B001FF
:1034D000884242D9D5E9682191423ED3E9B3D5F873
:1034E000A821D5F8B431A3EB0208A0EB0802B5F887
:1034F0003C02824206D30120A9EB88030BF01AFAA2
:10350000C5F8B0810020C5F8A40126E0D5F89C01DB
:1035100081421AD2D5E96502D5F8A43102EBD10473
:10352000A4EBD202801A144688BF04EB9004600812
:10353000C5E966249942C5F8A001BED9D5F8B40101
:10354000C5F8A4114FF4D471B6E700204B460BF038
:10355000F1F99AF800000028AFD00BF0CDF99AF8F5
:10356000007007F00100BDE8FC870021017570477D
:103570002DE9F84F2DED181B229D0C460146002029
:10358000002D00F04081239E002E00F03C81084673
:103590000792099309F098FF9FEDA10B53EC102BB4
:1035A000069208930BF0C0FA95ED120B02460B46FB
:1035B000CDE90A3251EC100B0BF0B8FA0546204663
:1035C0000E4609F081FF04460F4628463146224642
:1035D0003B4602F05AF99FED940B82468B4655EC20
:1035E000100B9FED930BEE0F0D90504658EC109B77
:1035F00066F3DF714A46434606F047FD002840F077
:10360000018122984A46434690ED080B51EC100B7D
:10361000059166F3DF71049006F037FD002840F055
:10362000F1802298DDE90A3290ED140B51EC100B79
:103630000BF07CFA22463B4602F027F90F4666F370
:10364000DF714A464346044606F01FFD002840F05D
:10365000D980DDE90A1052465B460C960BF064FAFD
:103660009FED750B5AEC10BB5A4653460BF05EFAB1
:10367000DDF88880039798ED0A0B98ED0CBB98ED68
:103680000E9B98ED108B53EC102B02F0F9F8DDE94E
:1036900004230BF049FA9FED6AAB53EC1A2B02F0AE
:1036A000F4F89FED690B0591814653EC102B02F065
:1036B000ECF802460B46274604460E460BF036FA57
:1036C0000BF050F80BF04EF8CDE90A100998079965
:1036D000084409F0F9FE9FED5E0B0BF0A7F9069A7E
:1036E000089B0BF021FA039B3A460BF01DFA5A4651
:1036F00053460BF01BFA98ED160BCDE9081051EC70
:103700001B0B0BF093F99FED540BCDE906100599B7
:10371000484653EC102BCDE9043202F0B6F89FED89
:10372000500B9FED51BB9FED52CBCDE9021051ECF8
:10373000180B4FF0030BCDE9001059EC108BBBF1C7
:10374000000F65D0DDE9043251EC1A0B02F09DF850
:1037500002460B46DDE900100BF0E8F942464B4605
:1037600002F093F8DDE9023204468A4651EC190B67
:103770000BF0DCF92246534602F087F802460B466E
:10378000DDE906100BF0D2F904460C980E4653EC16
:103790001B2B60F3DF71204606F09EFC0746DDE937
:1037A0000810224633460BF0BFF902460B46002FA5
:1037B00008BF2B460D9C08BF2246DDE90A1002F027
:1037C00064F822462B4641EC180B06F085FCB0B19C
:1037D000B0EE480AF0EE680A02F04AFF02F048FF35
:1037E00053EC1C2B51EC100B02F04FF8229A92ED87
:1037F000180B53EC102B02F043F841EC1A0BABF111
:10380000010B9CE70020BDEC181B01B0BDE8F08F58
:1038100051EC1A0B07F048F9239908600120F2E7F0
:103820000000000000002840000000000000000030
:103830008DEDB5A0F7C6B03E0000000000002041AD
:10384000000000000000394066666666661271403E
:10385000000000000000E03F00000000000039C050
:10386000000000000000F03F11EA2D819997713DA2
:1038700066666666661271C02DE9FE4F07460868E7
:103880000024B0B1D7E9018A0E460AF04DFF814607
:10389000D8F8E800082888BF0124B068204202D187
:1038A0007068204208D00320307448460BF0F5F8C9
:1038B00000242046BDE8FE8FD8F8C01069B198F802
:1038C000F8100029EFD006213174D8F8C410C8F8D8
:1038D000C4604E6198F8FC100DE000210522C8E993
:1038E0003066C8E93411C8E9361198F8FC1000298F
:1038F00008BF0122327400220129726109D102201D
:103900004FF4E02188F8FC0098F8FB0009F090FCE7
:10391000706889490138884205D8042009F0A0FC64
:10392000062009F09DFC022009F09AFC98F8F800A6
:1039300040B9DAF83C003168814203D298F8FC00C3
:1039400000286CD0D8E9361009B118B900E028B3C6
:103950000BF068F8DAF80000416941F001014161BB
:1039600048460BF09AF898F8F80008B10124A0E74F
:1039700008F16C05D8F8EC1028460BF012F8002876
:10398000F4D0D8F8C00003210174384606F016FAC6
:103990002846002100240BF004F88AE79AF8040076
:1039A00004F04CF9654CDAF810100222206991FA03
:1039B000A1F1B1FA81F14368D8F8CC004068006801
:1039C00098472069DAF8141002224368D8F8CC002E
:1039D00091FAA1F1B1FA81F14068006898479AF82C
:1039E00004000AF0A7F99AF804000BF089F80BF02C
:1039F00019F80020C8F8E000D8F8C0000068B0F559
:103A0000806F01D90BF00EF898F8FE000028A1D1C4
:103A1000DAF80000416841F0020141609AE798F845
:103A2000F90020B1D8F8EC0001307FF48BAF4846A4
:103A30000BF033F8B2683AB1D8F8E800022109284F
:103A400038BF0121009103E008F1F402002000904A
:103A5000746834B1D8F8E8000227092838BF012774
:103A600002E008F1F6040027DAF80000334D41685F
:103A700041F002014160D6F800B0D946BBF1000F19
:103A800040D0D8F8E800019209284FF0010011D287
:103A90002A68B9F1000F1FD0C0071DD02178DAF8CD
:103AA00000009268904700281EBF3C44A9F101091C
:103AB0000120EDE72A68B9F1000F16D0C00714D035
:103AC0002188DAF800009268904700281EBF3C4425
:103AD000A9F101090120EDE7DAF80000D26802A996
:103AE0009047DDE90120107007E0DAF80000D268A5
:103AF00002A99047DDE9012010800098ABF1010B8D
:103B00000244BBE7D8F8F000DAF80010CA680240B7
:103B1000102802D1002AF9D101E0002AF6D07068FD
:103B20000AF07AF8D8F8C0100020C8F8C400C8F825
:103B3000C00008741AE700BFFEFFFF0FC4010010A9
:103B40002DE9FE4F4FEA820B814602930C9A0D9CA1
:103B50005FEA0B4008BF4FF4487B09F202251FFAC9
:103B60008BF399F8120225F810B0013000F007002D
:103B700089F812020320002A18BF0220D9E965261D
:103B800022FA00F721FA00F01044C01BC9F8940192
:103B9000801B88BF06EB90067008C9E967604EF687
:103BA000602000EB5300B0FBF3F1C8B2FA2888BFE5
:103BB0006FF0050199F81362072E9CBF013689F852
:103BC00013623746002027B135F8022B013F10441D
:103BD000F9E7B0FBF6F009F5DD7A99F8FB71CDB2A3
:103BE0001FFA80FEA9F8FE014FEA9E00A9F8FC0129
:103BF00099F8FA012AF810B0013000F01F00202FC8
:103C0000019089F8FA013CBF013789F8FB71B9F8D6
:103C10003E02A84211D2002099F8432289F81602E8
:103C200099F81402013089F81402C0B2904215D3F9
:103C300099F8180240F001000EE099F816020130E0
:103C400089F81602C0B2032808D3002089F81402AC
:103C500099F8180200F0FE0089F81802080615D03D
:103C6000B9F84002A84211D9002099F8432289F8F6
:103C7000170299F81502013089F81502C0B2904276
:103C800015D399F8180240F002000EE099F81702D7
:103C9000013089F81702C0B2032808D3002089F840
:103CA000150299F8180200F0FD0089F818025FFA71
:103CB00087F8B8F1040F37D3B9F8FE01A0B31A1A88
:103CC00048BF524299F8426299F818C264254643A7
:103CD000B6FBF5F42CF00406A24288BF0436B9F80E
:103CE00000C20D9C89F81862BCF1000F1CD04B2259
:103CF0004243B2FBF5F49C420ED8A3EB400212EB18
:103D00000C0248BF5242644509D9C0EB001064233D
:103D1000B0FBF3F0824202D846F0080001E006F062
:103D2000F7000D9C89F818020298A1720C99A4F86A
:103D300008B06060012020704EF66020B0FBFEF0FD
:103D4000E07299F8180220F0500061F38610207498
:103D500089F818020020B8F1020F01D2A0813DE0DD
:103D60004146524621B132F8023B01391844F9E785
:103D7000B0FBF8F2002043465646002133B136F836
:103D8000025B013BAD1AC5FB0501F7E74246002384
:103D900000260AF059FB09F0F8FCA0810198A8F16F
:103DA000010200210025D3B2C01BEFB29F420ED208
:103DB0002F18013507F01F04013707F01F073AF8E5
:103DC00014403AF817703C1BC4FB0461EDE7304621
:103DD00000230AF039FB09F0D8FC0D9CE08100209B
:103DE000A9F800B2C9F8B001C9F8A401BDE8FE8F76
:103DF0002DE9F84F2DED028BA6B058EC104B9FED3E
:103E00009A0B074600208A460B902046414656EC06
:103E1000105B2A46334606F045F99FED950B0028C6
:103E20001CBFB0462C462046414648EC184B53EC8C
:103E3000102BCDE9053206F01BF948B9B0EE480A5F
:103E40000BA8F0EE680A07F013F80B9801380B90F6
:103E50008DED088B8B4A8A499DF8270080F0800001
:103E60008DF8270030208DF83000387B412808BFBE
:103E70000A46059E069D0792204641462A4633463D
:103E800006F003F9089900282A46334608BF214660
:103E9000099808BF404640EC181B4146204606F0F2
:103EA000E7F80DF1300BBD6804970BF1010698B9E6
:103EB000B0EE480A25A8F0EE680A06F0D9FF25986A
:103EC000B0EE480AF0EE680AC0F1010003F0B8FE57
:103ED000B0EE408AF0EE608A58EC189B48464146A6
:103EE00008F026F93146044607F0E4FB0746204671
:103EF00009F0EAFA02460B464846414601F0C0FC8A
:103F000041EC100B0135CDE902762DD39FED5A1B04
:103F100006EB070BCDF804A058EC114B59EC10AB95
:103F2000DDE905325046494606F0A2F8C8B95046C8
:103F30004946224643460AF0F9FD05460E4608F07A
:103F4000F7F8074609F0C0FA02460B462846314604
:103F500001F096FC41EC100B0798C05D0BF8010BCB
:103F6000DCE7DDF804A039E09FED431BBB4459ECCE
:103F7000118BD5B151EC100B42464B460AF0D6FDE1
:103F800006460F4608F0D4F8044609F09DFA0246AA
:103F90000B463046394601F073FC41EC100B079894
:103FA000013D005D0BF8010FE3E75C46079D14F847
:103FB000011928460AF01AFB401B08280EDB049E54
:103FC000DDF80880079F0025217838460AF00EFBAF
:103FD000C01B0E2806DD04F80159F5E7049EDDF844
:103FE000088003E007990844407820700020702181
:103FF00052468BF80000307B412808BF50210B98B7
:1040000007F01BFDB268039C501C04D120460AF047
:104010004EFB421EB26020464146534608F020FF48
:10402000B06808B1012202E03068C0F3C002204647
:104030004146534606F020FCDAF800007822411E83
:10404000CAF80010317B412908BF58220270DAF803
:104050000000411ECAF800103021017026B0BDECEE
:10406000028B01B0BDE8F08F000000000000F0FFFF
:1040700000000000000000000000000000003040D0
:10408000D8220100E92201002DE9F04F85B0044655
:104090008A46002B1846214618BF0120002C18BF65
:1040A000012108400E9900290D4618BF012528401E
:1040B000012840F02D81049098892588277FA84207
:1040C00005D26588A8423D4698BF002500E001253D
:1040D000BD4203D10025A777657711E0A67FB542E1
:1040E0000BD1667F94F804C001366677F6B2664558
:1040F00006D3002625772F4601E00126A5776677AF
:10410000012F12D16425B0FBF5F5EEB242F20F7526
:10411000A84288BF642693ED020A94ED021A039622
:104120000AF0EFFB16D501201AE001254FF0000E32
:10413000A4F81F50BAF1000F84F821E093ED020AB1
:104140002FD09AF82C024FF04009002660F07F0E25
:1041500000202AE094ED031A0AF0D3FB02DB0020D2
:1041600084F8200094ED041A0AF0CBFB01DD012055
:1041700005E094ED051A0AF0C4FB02D8002084F88B
:10418000210094F82050012D03D102204FF0020CA1
:1041900018E094F82100012809D105204FF0050C02
:1041A00010E0002001264FF0000903902BE094ED71
:1041B000061A0AF0A6FBD9BF03204FF0030C042017
:1041C0004FF0040CE077BAFA8AF04609BAF1000F12
:1041D0000BD09AF82CE25FEA8E600AD40EF003004E
:1041E0001EF00C0F18BF043006E04FF0000E002048
:1041F00002E06EF07F0E402040EA051094F8215056
:1042000040EA45196546A7F1010CDAB102F65450AF
:1042100090ED033A90ED022A90ED001ABDEEC33AFC
:10422000BDEEC22A13EE100A019012EE100A02909F
:1042300092F8680D01280ED1032049F008094FF0CB
:1042400001080CE000209FED341A4FF000080290A6
:10425000CDE9000004E092F8640D4FF000080090F2
:104260005A7DBCFA8CF0012A01D19A7D0AB909F174
:1042700080094FEA501C18680860608C013019F002
:104280003F026084888018BF012236B100274FF4B6
:1042900048764B204FF0000B07E0BAF828B2BAF886
:1042A0002A72BAF824629AF82602CD76039D81F824
:1042B0002A2081ED070A81F819C081F8188081ED64
:1042C000041A81F80EE0A1F80CB04F810E818871BC
:1042D000A1F828902C228D76019DCD82029D8D82A1
:1042E000009DCD735868086204F1280093ED040A1C
:1042F000BCEEC00A81ED090A0AF02AFC606D0130AB
:1043000060655FEA8960049802D0A16D0131A16502
:1043100005B0BDE8F08F00BF00000000002800F0ED
:10432000248170B52DED108B0D46002900F0198108
:104330001446002A00F015810646204644210AF062
:10434000C0F89FED941AB01D9FED930A29460246CE
:10435000B0EE412AB0EE413AB0EE414A71B3B2F943
:10436000023005EE103AB2F90030B8EEC55A06EE4A
:10437000103A32F9023CB8EEC66A07EE103A931DC5
:10438000D3ED000AB8EEC77AF5EE400AF1EE10FA66
:1043900009D866EE060A47EE070A45EE050AF1EE71
:1043A000E00AC0EE800A31EE201A32EE052A33EE22
:1043B000063A34EE074A01392032CFE705EE105AAB
:1043C000B8EE45EA82EE0EDA81EE0E1A83EE0E8A20
:1043D00084EE0E9A9FED6F2AB0EE423AB0EE424A5A
:1043E000B0EE42FAF0EE428AB0EE425A84ED009A04
:1043F00084ED018A84ED02DA84ED031A002D52D097
:10440000B0F9021006EE101AB0F90010B8EEC66A44
:1044100007EE101A30F9021CB8EEC77A00EE901AB7
:10442000811DD1ED001AF8EEE00AF5EE401AF1EE2A
:1044300010FA09D867EE071A40EEA01A46EE061ADF
:10444000F1EEE11AC1EE801A77EE482A70EEC94A01
:10445000B0EEC77AF0EEE00A71EEC11A013D2030ED
:10446000F0EEE23AF0EEE45A30EE877A01EEA14A3D
:1044700002EEA22A04EEA45A75EEA33A76EE4D5A45
:10448000B0EEC66AF0EEE56A37EE066A05EEA53ACA
:1044900086EE006A73EEA63AC3EE803A78EE868A1C
:1044A0003FEE23FAAAE784EE0E1A82EE0ECA85EEDC
:1044B0000E0A83EE0EBA9FED393A3CEE002A84EDE7
:1044C000071AB1EEC01A84ED040A84ED05CA84ED22
:1044D00006BA3BEE022A82EE03AAB4EE411AF1EECE
:1044E00010FA84ED08AA41D6B1EECC0A84ED091A7F
:1044F0000AF025FA3FD684ED0A0AB1EECB0A0AF09B
:104500001EFA3DD684ED0B0AB1EECA0A0AF017FA7C
:104510003BD62DEE0DAA84ED0C0A88EE8E1A8FEE96
:104520000E2AB0EE4A0A08EE080AF1EEC00AB0EE12
:10453000490A84ED0D2A84ED0E1A03F009FD09EEF7
:1045400009AA9FED17BA20EE0B0AF1EECA0A84ED14
:104550000F0AB0EE480A03F0FBFC20EE0B0A84EDD4
:10456000100ABDEC108BBDE87040704705F062FA90
:10457000B0EE401AB8E7B0EE4C0A05F05BFABAE7C5
:10458000B0EE4B0A05F056FABCE7B0EE4A0A05F069
:1045900051FABEE70000000000007A44002474498C
:1045A000E02E6542002800F01481002900F01181FE
:1045B0002DE9F84F2DED068BADF53A7DCDE92B01B8
:1045C00084480DF1D40990E81E000069B5AD1EC500
:1045D000B99009F17D0040F2831109F072FF7E4924
:1045E00048467D220AF0B4FA7C4E7D4F7C254FF080
:1045F000000A0DF5357B6FF002044FF00008B8F1AA
:10460000050F35D05BF8280018EA040F4FF4C0619D
:1046100008BF4FF40061B8F1000F04D0B8F1030FE8
:1046200003D2032205E0042203E04FF0010208BF99
:10463000022240B1C06830B12DA908F0AFFD2D9A1B
:104640002F99349800E000200B1A38BF5346CDE96B
:104650000203CDE9002109EB0500C5F500713A46DA
:1046600056F8283007F068FC054408F10108C6E751
:104670002DA809F0D5FE0AF0F9F85B4A594900283F
:1046800008BF0A462A920AF0CDF8594A574901282C
:1046900008BF0A4629920AF007F9DFF85CA1002852
:1046A000544E504618BF3046289009F0AFFEDFF850
:1046B0004CB12590DBF808002790DBF80C00269021
:1046C000DBF81000DBF81440DBF81850BBF80210E0
:1046D00024919BF80010C90718BFB24608F020FBD0
:1046E00007462046884608F01BFBBBF80420444CD4
:1046F00041EC190B284648EC187B23922289229220
:1047000062892192A289209208F00AFB41EC1A0BDF
:10471000E07B309901281F9101D13A4F05E0E07B01
:104720003A4F3949022808BF0F46207E1E9094F860
:1047300019B0268D94F80E800AF086F804460AF027
:1047400077F805460AF07AF810EE100A08F0E8FA51
:10475000304BCDE91945CDE917682D4ABBF1000F63
:1047600041EC100B18BF13461E9C16932A4A2B4B84
:10477000002C18BF1346249A1593CDE90E2A239ACC
:104780001092229A1192219A1292209ACDE913271F
:1047900008AA299B2C998DED1C0BA2EC068B00938B
:1047A000289B40220193259BCDE902321F9ADDE927
:1047B0002A30CDE90429279A0692269A0792184AA8
:1047C00007F0BAFB0DF53A7DBDEC068B01B0BDE8F4
:1047D000F04F704730030020A8FA000028220100A3
:1047E000CA180100BE200100B42101001C230100F1
:1047F0009C210100D82501002DF50000C8030020F0
:104800003C94002064250100722301006324010010
:104810008B240100C72401009F24010033250100DF
:1048200060EB000009F064BD2DE9FF47012009F0AD
:10483000B9FC06F0E9FADFF850823A2042F20B4167
:1048400008F1020207F0E8FA8146002800F0F38040
:1048500000240DF10E023A2043F20101ADF80E40A2
:1048600007F0DAFA78B1BDF80E10012060F34201CA
:104870004FF6FB7001EA0002ADF80E103A2043F249
:10488000010107F0EFFF44F6206008F03DFF0294BD
:10489000ADF8064002AD7D4C42F20C402946A047DF
:1048A0000AF013F99FED680B56EC107B0AF0A2F8A2
:1048B00041EC100BDFF8D8A142F20E4029468AEDF8
:1048C000000BA0470AF001F99FED610B0AF0AEF86A
:1048D00041EC100B42F2104029468AED020BA04732
:1048E0000AF0F3F89FED5C0B0AF0A0F841EC100B16
:1048F00042F2124029468AED040BA0470AF0E5F87F
:104900000AF078F841EC100B42F2244029468AED77
:10491000060BA0470AF0D9F89FED510B0AF086F874
:1049200041EC100B42F2264029468AED080BA047C5
:104930000AF0CBF80AF05EF841EC100B42F2284086
:1049400029468AED0A0BA0470AF0BFF89FED460BF7
:104950000AF06CF841EC100B42F22A4029468AED2D
:104960000C0BA0470AF0B1F89FED410B56EC107B01
:104970000AF040F841EC100B42F22C4029468AED37
:104980000E0BA0470AF0A1F80AF034F841EC100B26
:104990000DF106053F4C3A2042F22E412A468AED9F
:1049A000100BA0470AF04AF89FED330B56EC107B32
:1049B0000AF020F841EC100B3A2042F22F412A462F
:1049C0008AED120BA0470AF039F80AF013F841EC0F
:1049D000100B3A2042F281412A468AED140BA0477F
:1049E0000AF02CF89FED260B0AF020F841EC100B92
:1049F0003A2042F282412A468AED160BA0470AF07D
:104A00001DF809F0F7FF41EC100B0DF10E023A20F2
:104A100043F201018AED180BA04750B1BDF80E001A
:104A200043F2010140F006023A20ADF80E2007F0F3
:104A300019FF012000E0002088F80000484604B07B
:104A4000BDE8F08700BF00BF000000000000703F1D
:104A5000000000000000B03E000000000000303DFB
:104A6000000000000000F03E000000000000103DCB
:104A7000000000000000B03D000000000000503FBA
:104A8000000000000000103F58040020DDC80000B6
:104A90006092002019BE00002DE9F84F2DED028B29
:104AA000A2B08046806820B1B0F1FF3F04DC062050
:104AB00000E00120C8F80800029004918DED060B7B
:104AC0009FED7B1B55EC104B9DF81F00294653ECC6
:104AD000112B80F080008DF81F003020019205938B
:104AE0008DF82400204605F0D0FA9FED730B06994F
:104AF00000284FF0000A08BF2146079856EC109B8B
:104B00009FED710B08BF284640EC181B54EC10BBFE
:104B100055EC187B4A4633463846294605F0DCFA00
:104B200050B1384629465A46234609F0FDFF41EC6C
:104B3000180B0AF1010AEBE79FED610B019F254677
:104B4000CDF80C8056EC104B58EC189B059B3A4660
:104B50004846414605F08CFA88B948464146224607
:104B6000334605F092FA50B1484641465A462B4624
:104B700009F0DCFF41EC180BAAF1010AE4E7484612
:104B8000414607F0D5FA0DF1240808F10106314637
:104B900006F090FD0299884205DD013118F80120E8
:104BA00008EB010426E0C94308EB0004A946059080
:104BB00001EB000857EC185B2846394607F0B8FAB5
:104BC00008F082FC02460B462846394600F058FEA3
:104BD0005A464B4609F0AAFF41EC180B07F0A8FA19
:104BE00000F1300218F1010804F8012FE2D3059812
:104BF0000DF1240800EB0A05D0B2039F35280CD331
:104C0000601E3021027801320270D2B23A2A02D3F9
:104C100000F80119F6E7404544D000202070049CBC
:104C200015F1030F02DBB868854207DD397B681E8A
:104C300022460239C9B206F000FF0125304609F0CC
:104C400036FD013800220121A8421ADB002801D4D8
:104C5000325C00E03022B2F1300318BF012363EA76
:104C60000101C90705D13978090702D400220121C1
:104C700005E021684B1E23600A70012200210138E3
:104C8000E2E738682946234600F008000243304630
:104C900018BF012205F0F0FD22B0BDEC028B01B07F
:104CA000BDE8F08F0020013504F8010C09AEB6E72D
:104CB00000000000000000000000C0FFFFFFDF4117
:104CC000000000000000F03F000000000000244051
:104CD00092B0794808F0B0FEDFF8E081D8F81C0007
:104CE00007F01AFED8F81C0008F05EFC744800219A
:104CF000002700F11404204608F0CFFB7B4D64260A
:104D00004FF0FF394FF0010B01946E4808F0FCFCA6
:104D10000520BBFBF0F000EB800010EB090002D196
:104D2000072009F00FFB06F0D5F9FF208DF84700AA
:104D300009F066FD202000210DF1470207F00CFB71
:104D4000824609F063FDBAF1000F4DD09DF847008F
:104D50003F218DF808708DF834708DF846700DF194
:104D6000460321EA000002A90DAA05F0D9FC9DF82E
:104D70003400C1071CD0204609F0A7F90446524868
:104D80005249B2462E463D460F468847012C5148AF
:104D90004F4908BF0846002C019C4F4908BF0846F0
:104DA000B8474E48B8479DF834002F46354656461A
:104DB000810710D509F00CFB88F8010006F076FD9C
:104DC00098F8010046490028464808BF084608F000
:104DD00033FE9DF83400800606D5434808F02CFECB
:104DE000287E80F001002876B8F804008DF83400A1
:104DF000D8F814000E9009F039FD8DF83C008DF8BC
:104E0000417098F800008DF83D00288DADF83E0007
:104E1000287E8DF8400009F0F3FC20460DA900F033
:104E200067F809F0F3FC09F0D1FBA8BB09F03CFDE1
:104E300090B309F01BFD60B12148816AB0F94020B0
:104E4000B0F94230B0F944000090304605F006FF5A
:104E500020E00A2029462C22BBFBF0F000EB80006A
:104E600009EB400402A809F073FEB8F80600BDF88B
:104E70003010A8F8061024B19DF832204AB18142C2
:104E800007D00296B8F804008DF80E0002A806F0CC
:104E900015FA019C02F0D4F9D8F81C0030B109F0E1
:104EA000C1FC18B9D8F81C0007F0C0FF0BF1010BCA
:104EB000A9F10109643628E79AFC0000C803002024
:104EC00030030020A0860100E421010039DA00004F
:104ED000F0230100642301003824010025FB0000B9
:104EE00099130100B31501002E1701003C94002016
:104EF000002800F092802DE9FC470D46002900F0C3
:104F00008A800446C068E1790130E0602079013090
:104F10002071C0B2884205D300202071607980F0F2
:104F200001006071687B10B1A079A07000E0A078EA
:104F300018B101380226A07000E0FF26287B08B1D6
:104F400001211AE06889C1070ED181070ED44107FB
:104F50000ED481060ED4C0060ED4E078002800F0EE
:104F60009580617801380AE0022106E0032104E01F
:104F7000042102E0062100E00521207A6170E07042
:104F8000671C062920D85048DFE801F004231A1CCA
:104F9000182022002078022852D001283ED0002874
:104FA0004CD12B78002B49D00DF10308514A052133
:104FB000404606F0C1FF71B240460FE0454808E0A8
:104FC000464806E0444804E04B4802E03F4800E021
:104FD0003F486179012904D14FF0FF3104F03CFCD6
:104FE00009E0424E34200021B04735200021B0476F
:104FF00036200021B047287A697A0222002808BFAB
:10500000012242EA8100397811B1617940EAC10098
:10501000C0B209F0EBF8BDE8FC47704795ED010A16
:10502000B2EE041AB4EE410AF1EE10FA06D49FED86
:105030002E2AB4EE420AF1EE10FA07DD2C48CBE737
:10504000287A002814BF26482648C5E7B6EE002A6D
:105050000A2200EE012ABDEEC20A10EE101A88B232
:10506000B0FBF2F303EB8303A0EB43096423B0FB33
:10507000F3F000FB1311C9B2B1FBF2F6010609D03F
:105080003030C0B208F0D2FA804605E0671C00203C
:1050900060707FE74FF0000846F0300008F0C6FA75
:1050A000064649F03000C0B208F0C0FADFF83CA074
:1050B000814634204146D04746F080013520D04714
:1050C00036204946D04796E7E8250100E025010053
:1050D000E4250100F0250100BC250100CC250100DC
:1050E000D0250100C8250100000048426DD4000011
:1050F000DC250100EC250100D42501002DE9F0415B
:105100002DED0A8B98B00025002800F0E380DFF831
:10511000D081044698F80000002800F0DB800220CF
:1051200002F07EFC0025002800F0D4800DF13E073F
:105130002021B81C09F0C5F907AE2221304609F03C
:10514000C0F940F60B600695CDE90455CDE902762D
:10515000ADF83E000A20019001A809F02FF805469D
:10516000022007F09DFB002D00F0B380DDF81E301B
:105170005C48DDF822109FED5C2AB3EE093A9FED02
:105180005C9A1A461D05F0EE490A6FF3DF2248BF0C
:1051900043EA000200EE102A98ED021AB8F8025015
:1051A00009F062FA10EE102A521B1D0EC3F30743DA
:1051B00045EA0125A28043EA05232D071E466FF329
:1051C000DF2648BF43EA000600EE106AB8F8045034
:1051D000B8EEC00AC1F3074621EE000ABDEEC00AD0
:1051E00010EE103A5B1B0D0E46EA05262D07E380F4
:1051F00037466FF3DF2748BF46EA0007A7F5AF75CC
:105200000E0A00EE105A0D463607B8EEC00A6FF3CC
:10521000DF2500EE023A84ED063A48BF41EA000578
:1052200000EE105AB8F8061009F01EFA10EE100A37
:10523000401A19B200EE101A11B2208100B2B8EE75
:10524000C08A00EE101A03EE100AB8EEC00AB8EEDB
:10525000C33A28EE081A20EE00AA23EE03BA9FED07
:10526000233A3AEE012A31EE0B1A3BEE022AB1EE56
:10527000C11AB1EEC22AB4EE491A82EE032AF1EE47
:1052800010FA84ED032AC8BFF0EE410A02F060FE76
:105290009FED18CA20EE0C0A84ED040A3AEE0B0AC0
:1052A000B1EEC00AB4EE490AF1EE10FAC8BFB0EE92
:1052B000409AB0EE480AF0EE490A02F049FE20EEAC
:1052C0000C0A0B2084ED050A05F098FF01252077D4
:1052D00000E00025284618B0BDEC0A8BBDE8F0813F
:1052E0006404002000F0FFFFB81E853D00007A44F2
:1052F00017B7D138E02E65422DE9FC47D0E90058B8
:105300008246D8F80000D0F8409019F4F06FC0F849
:10531000449035D05FEA495117D5D5E91401411AB7
:10532000504608F0FFF8D8F800008169C90605D496
:1053300001688DF807109DF80710F6E7296801311C
:105340002960A97B09B90121A973696C40684FF0F4
:10535000004600F00F0404EA0100B0FA80F126FADA
:1053600001F1014005D02F6C1FB12A68AB6C50468B
:10537000B847B4FA84F026FA00F020404042A8630F
:10538000D5F85801D8F83C1009F04007406800688B
:10539000D0F804251140394347D0DAE9006450467B
:1053A00005F0FEFCD7B1F07C90B90BE0316F69B12C
:1053B0000068B16EB26F8854306FB16F013101383F
:1053C000B167306720688169C906EFD5F07C28B1E4
:1053D000D6E91401411A504608F0A4F896F8640082
:1053E000E0B13079022819D017B1B179012901D083
:1053F000316F99B90024B16E0128346786F8644092
:10540000B46607D1B36CB26FD6F8CC605046009446
:10541000B04703E006F17C0009F080FB504602F043
:1054200013FFD5F858014068006800F20450006886
:10543000D8F83810084228D0D5F8F80028B3DAE9AF
:105440000076504604F056FE504603F0DDFD7879B4
:10545000012812D1D7F8F40078B997F8E80060B1C4
:10546000002087F8E800BB6CD7F8EC10D7F8FC20D8
:10547000D7F8504100905046A047D7F8F80020B91F
:105480003068816B41F4006181635FEA095023D584
:10549000D8F8000081690907FCD4016B21F4807100
:1054A0000163297A91B10020287295F844008006A2
:1054B00006D52C6C24B1AB6C504620210022A047AD
:1054C0005046012108F04CF9D8F80000816B21F416
:1054D00000618163687908B1BDE8FC8705F58070DB
:1054E000BDE8FC4709F01ABB2DE9FE4FD0F800805B
:1054F000994614460E46824613B10020C9F80000B2
:1055000009F012F9834698F8070038B198F864005A
:1055100048B109F0D4FA6FF00805B4E009F0CFFA09
:105520006FF00E05AFE0002C4AD0504605F038FC75
:1055300000200121C8E91A64C8F87040C8F8780052
:10554000C8F8380088F80C0088F80A00504688F837
:10555000641007F059FB504602F076FE08F14C0447
:1055600002AD2046294608F0B1FBD8F87810D8F8EB
:1055700070707218B84238BF0746029910463A4612
:1055800009F0E6FA2046394607F042FFD8F87000E5
:10559000D8F87810C21B3944012FC8F87020C8F819
:1055A000781001DBB842DCD198F8041002290CD144
:1055B0000020C8F8680088F86400C8F870001CE093
:1055C00009F07DFA6FF009055DE0B84215D10020C1
:1055D000D8F86860012988F86400C8F868000CD120
:1055E0000124584688F8104009F057FA98F80F003F
:1055F00000284BD009F098F8834609F060FA98F833
:10560000040008B100252FE0D8F8701008F17C00E4
:1056100031B30C9909F0C5F910B1012088F80C00DC
:1056200009F082F80446504605F0BAFB0020C8F89D
:105630006800C8F8700088F86400504602F004FE64
:1056400098F80A6098F80C50204609F026FA002DC8
:1056500018BF6FF00C05002E18BF6FF00D0503E0AA
:105660000021002509F09DF909F05EF8B9F1000F5D
:1056700007D098F8041001291CBFD8F87810C9F891
:10568000001009F00AFA2846BDE8FE8F002598F8B8
:1056900010000028AED009F047F8A8F80F4009F034
:1056A000FCF9D8F84830D8F87820D8F8CC705046B3
:1056B00031460095B84788F80F50E8E72DE9FE4FCE
:1056C000D0E90198D8F80010CA690A62D20740F000
:1056D000AF80D8E904014FF0000A4FF0000B0843F7
:1056E000D9F8CC1049680968C1F8040509F13000FF
:1056F000029009F1C8000190BBF1010F00F2A180F6
:10570000D9F8C000002800F09C80D9F8E010DC2215
:10571000D9F8CC702023002908BFD82208BF18234D
:1057200058F803404FF0240308BF1C237F68D8F8C3
:10573000146058F803303F68D7F80455354211D04B
:10574000A46864070ED10468D9F8D050A54209D1E5
:1057500044693CB9D8F80040656A25F002056562E5
:10576000C7F804659B685B0702D00BF1010BC3E728
:1057700059F80230002BF8D049F802A0B1FA81F1B3
:10578000D9E934424909006849011A448442C9F8F8
:10579000D420C9F8E01028BF82420CD248464146C6
:1057A00000F0B0FE99F8FE000028DED008F0DEFD23
:1057B00018BF8862D9E708F0B7FFD9F8C820D9F830
:1057C000C010019B81F810A022B113465269002A33
:1057D000FBD114331960C9F8D4A04A69C1F814A0E8
:1057E000D9F8E01000294FF0DC01C9F8C02008BF4B
:1057F000D82159F80110C9F8D01009F04EF9D9F89C
:10580000C00058B14846414600F07CFE99F8FE00C1
:1058100050B108F0ABFD18BF886205E0D8F8000071
:10582000416A21F003014162029809F07BF99CE78B
:10583000D9F8C0203AB103211174BDE8FE4F04F03D
:10584000BDBABDE8FE8F486820F002004860486A93
:1058500020F003004862D8E904021043D9F8CC20B4
:1058600052681268D062C2F80405486920F001004D
:105870004861012008624046BDE8FE4F08F017B9B4
:105880002DE9FC4F83F0004301E02DE9FC4F1F039D
:10589000FF0847EAD2574FEA42284FEA43095FEA36
:1058A000595906D147EA080A1CBF00210020BDE86B
:1058B000FC8F57F000575FF4E06E1EF1FF0EF145CC
:1058C00005D14FF00000190D0905BDE8FC8F002B34
:1058D00005D55FF0000AD8F100086AEB07070C0352
:1058E000E40844EAD0544FEA40254FEA4106760DD9
:1058F00008D144EA050A19BF0021002019461046C4
:10590000BDE8FC8F44F00054764504D10020090D19
:105910000905BDE8FC8F002904D55FF0000A6D423F
:105920006AEB0404B6EB090E08D5A2463C4657467E
:10593000AA464546D046CEF1000E4E46BEF1360F81
:105940005CBF4FF0000B23E0BEF1000F04BF4FF02F
:10595000000B1AE0CEF1390ABAF120092EBF08FA7D
:1059600009FB07FA0AFB4BEA080BDEF1200A07FAEB
:105970000AFA38BFBA4647FA0EF72DBF28FA0EF8D2
:10598000AEF1200E4AFA0EF8D04415EB08057C4122
:1059900054EA050A02BF00210020BDE8FC8F002C5C
:1059A00058BF4FF0000A06D55FF0010A5FF0000E05
:1059B0006D426EEB0404A6F101066D006441FAD558
:1059C00015F4806E11D005F480794BEA090B15F5BA
:1059D000806554F1000428BF761C0BD205F40079D1
:1059E0005BEA090B08BF25F4006525F4E0656D004E
:1059F00044EB0404B61CDEBF00210020BDE8FC8F90
:105A00005FF4E06E1EF1FF0E76450AD34FF0000002
:105A100013F00043FF21C900C91D09051943BDE862
:105A2000FC8F270547EA1530210B41EA065141EA70
:105A3000CA71BDE8FC8F704780B52DED048B10EE68
:105A4000100A20F00041B1F17E5F07D30FD15FA1B2
:105A50000028C8BF043191ED000A95E00A0E3E2AE5
:105A60000CD8B1F14A5F41D89FED540A8CE008F0A0
:105A7000F9FF21219FED540A016085E0B0F1FF3F5D
:105A800055DDB7EE009AB6EE001A39EE400A20EE68
:105A9000018AB1EEC80AB4EE400AF1EE10FA76D6E9
:105AA0009FED401A9FED412A10EE100A40F6FF715B
:105AB000884308EE019A9FED3C1A08EE012A9FEDFB
:105AC0003C1A08EE021A02EE100A30EE023A28EEF4
:105AD000011A02EE428A81EE091A88EE033A01EEBB
:105AE000003A33EE020A30EE000A4DE09FED2D2A17
:105AF00020EE001AB7EE003A9FED2C4A01EE023A72
:105B00009FED292A01EE024A9FED292A01EE042A7F
:105B100021EE021A9FED2A2A81EE031A00EE412A95
:105B20009FED281A32EE400A30EE010A2CE0B7EE63
:105B3000008AB6EE001A9FED1D2A30EE080A20EE0C
:105B4000010A9FED191A00EE012A9FED191A00EEC5
:105B5000021A20EE019A9FED131A00EE018AB1EEAF
:105B6000C01AB4EE411AF1EE10FA15D689EE080A01
:105B70009FED102A00EE012A31EE020A9FED0E1A67
:105B800030EE000A31EE400ABDEC048B80BDB0EE71
:105B9000480A03F04FFF83E703F04CFFB0EE401AD2
:105BA000E4E700BFAEE534BF6BD30DBCBA132FBD25
:105BB00075AA2A3E6821A2B3DA0F4940DB0FC93F1C
:105BC0006821A233DA0FC93F0000C07FDB0F4940D4
:105BD0000000000008F085BF2DE9F84F2DED085BAF
:105BE00090463022009101909FED591B55EC104BCF
:105BF00002708DED040B29469DF8170053EC112B14
:105C000080F080008DF817002046CDE9023204F0C4
:105C10003CFA04999FED500B00284FF0000908BF93
:105C20002146059808BF284655EC10AB9FED4E0B5A
:105C300040EC181B5BEC104B56EC187B52462B4685
:105C40003846314604F048FA50B1384631462246CB
:105C50005B4608F069FF41EC180B09F10109EBE71D
:105C60009FED3F0B2646474658EC104B55EC18ABC2
:105C7000DDE902325046294604F0FAF988B9504667
:105C800029462246434604F000FA50B150462946C0
:105C900032465B4608F04AFF41EC180BA9F10109B6
:105CA000E4E75046294606F043FA019901F101085C
:105CB000414605F0FFFC00EB0901BA46396008EBEC
:105CC000000700984844451C012D1BDBB14656ECEB
:105CD000184B2046314606F02BFA07F0F5FB02463A
:105CE0000B4620463146FFF7CBFD4A465B4608F09F
:105CF0001DFF41EC180B06F01BFA303007F8010BC2
:105D0000013DE4D117F8010C35280DD3B81E302120
:105D1000027801320270D2B23A2A02D300F8011995
:105D2000F6E70199884208D0002007F8010C4046A8
:105D3000BDEC085B01B0BDE8F08F0020DDF8048009
:105D400007F8010CDAF800000130CAF80000EEE7AD
:105D500000000000000000000000C0FFFFFFDF4166
:105D6000000000000000F03F0000000000002440A0
:105D7000B0B560480021604C016094F83A010328F6
:105D800012D002282ED0012840F0AF8094F84001B4
:105D900004F0DEFB002084F840015948817B02209A
:105DA000002908BF06209EE054480168B1F5C06094
:105DB000C4F82C01B8BFC1F5C060D4F81011002997
:105DC00000D5494288422ADDD4F8140107F0B8FE14
:105DD000D4F8180107F0C6FED4F8280107F0E6FE53
:105DE00001201DE04548056808F0A8FBC4F814012F
:105DF00008F0ACFBC4F8180108F0B0FBB5F5C061C1
:105E0000C4F82801C4F8101109D094F830215AB10F
:105E1000D4F81401D4F82021D4F82C110AE0002081
:105E200084F8300106205EE0C4F82401D4E945027C
:105E3000C4F82C110223C4F81C01002901EB410114
:105E400048BF6FF001031944042391FBF3F111449F
:105E50000029C4F820110FDD1F2931D3D4F82421E3
:105E60002AB33E28A8BF3E2001302929A8BF2921F6
:105E7000C4F81C010B3909E0D4F82421032A09D104
:105E800011F1140FD8BF6FF013011531C4F82011B0
:105E9000002113E00128D8BF0120013811F10A0FB9
:105EA000D8BF6FF00901C4F81C010B3103E033299E
:105EB000A8BF33211539C4F820110321C4F82411D7
:105EC00007F03EFE012007F05FFED4F8200107F046
:105ED00049FED4F8240107F069FEA5F2FF51042021
:105EE000032938BF0620C4F83C01BDE8B04001F0EA
:105EF0001FBE00BF3C500C400000002008400C407A
:105F0000502201002DE9FF47D0E901590E46044611
:105F100008F00AFC95F8FD1021B97169102901D823
:105F2000032906D808F0B9FD0024204604B0BDE8D6
:105F3000F087012785F8FD7008F0AFFD00204E4A7C
:105F400085F8FC00C5E93000C5F8C80085F8FE00FA
:105F50003069C5F8E4007069C5F8E800307B85F861
:105F6000F9000028317885F8F8107168C5F8EC1050
:105F7000B9F80E10A5F8F610317E52F8211085F808
:105F8000FA1008BF1027C5F8F07099F80C0003F05C
:105F900063FA204605F060FE99F83B00374985F822
:105FA000FB008A46D4E901873A6B97F83A0003F080
:105FB000FBF97A6B98F8FB00514603F0F5F998F875
:105FC000F91097F83800012915D1FA6A514603F003
:105FD000EBF9BA6A97F8390046F2020103F0E4F9E6
:105FE00098F8FB00264907F0A1FF98F8FB0021462E
:105FF00008F09EF90AE0BA6A46F2020103F0D4F909
:10600000FA6A97F83900514603F0CEF9E84640465F
:1060100008F074FA99F805001A4A4346CDE90040A1
:10602000284699F8041006F0C3FB404608F0B6FA7B
:10603000D9F80800144942460094029005F1300056
:1060400006F08AFE05F014F8104AC5F8CC0005F1F8
:106050001C000421234607F0BBFD95F8F80008B1A9
:10606000B06805E005F16C00002107F0B3FE0848B8
:10607000C5F8BC0059E700BF5421010002600020B0
:1060800051800000BD5600003DBD00009DE80000AD
:106090006DEA0000FEB504465A480078A04213D9C4
:1060A00008780D46012801D1686868B16878012830
:1060B00001D1A86840B1544F57F8346008F034FB60
:1060C000F17921B108F0E9FC00242046FEBD07EB80
:1060D000C40401216768F17108F0DFFC002005F1BC
:1060E000040C7074F081B06030602988B180A98B95
:1060F000C6E93D00C6E90E0086F86400B186297D38
:106100002B69B1719CE80610C6F85021BCF1000F54
:10611000C6E910C34FF0FF32C6F8CC10A969C6E932
:106120003B203163A97F86F83610296AC6E91A0038
:10613000C6E91C00B16486F8E800C6F8580102D12F
:106140003249C6E9101097F8400003F085F9D7E905
:10615000031206F14C0008F019FAD7E9051206F10E
:10616000D00008F013FA2A4938680968C9688847D6
:106170007A6C97F8240046F2020103F015F9254DD8
:10618000BA6C97F82000294603F00EF9F869012847
:106190000CD1FA6C97F82800294603F005F93A6DFE
:1061A00097F82C0046F2020103F0FEF804F060FFBD
:1061B000C6F85801204601F0C9FD174A06F5AE7031
:1061C0000421234607F004FD6D46284608F096F9A1
:1061D000387A7968114A2B460094019006F1140030
:1061E00006F0E6FA06F17C00002107F0F3FD06F563
:1061F0008070002107F0EEFD3868D7E90C121060BE
:10620000486062E7FA220100FC240100979900002F
:10621000D00100100260002081E30000F95200006C
:106220002DE9F04F91B00190012007F0AFFF03F08E
:106230004FFC534C162000214FF0000BA04741F2B9
:10624000883007F061FA16200121A047012007F0ED
:106250003FFB18200121A04744F6206007F054FAC4
:1062600003A84FF0030A4FF000080026002100F1B8
:106270000C050DA8841C012954D8F00752D14148BF
:106280000291475C4049384608F004FC3846012139
:1062900008F02CF9322007F037FA384608F0BCFA3B
:1062A0000220B0F101094BF10006814537D21120DF
:1062B00006F00EF8642007F027FA012001F0B0FB89
:1062C000002120B32020A181A16061602160CDE97F
:1062D0000B11CDE90911C5E90011A960ADF8340031
:1062E00009A805900DA8CDE903A003A807F066FF53
:1062F00007469DF82680012006F0D2FA192007F003
:1063000003FA27B148F02000732808D001E04FF0CD
:10631000000842F2107007F0F7F94846C1E7029909
:106320000131A8E7F00722D018480121184C01706C
:10633000019980F801800120A0470A208321A0470D
:1063400006202C21A0470220A321A04704200521DC
:10635000A04705200521A0470E4807F0D5F91020D9
:1063600005F0B6FF42F2107007F0CEF902E00748E0
:106370000021017006F0010011B0BDE8F08F00BFF0
:10638000EDE400000205010001040020CC0400201F
:1063900089BA0000A08601002DE9F84FD0E900B7C6
:1063A000984616468946054613B10020C8F80000F5
:1063B0008EB107F092FF824608F0B6F904469BF8CA
:1063C000070060B19BF8E80078B108F072FB6FF04D
:1063D0000800BDE8F88F6FF00900BDE8F88F08F0FD
:1063E00068FB6FF00E00BDE8F88F00200121CBE9BB
:1063F0003B96CBF8F460CBF8FC008BF8E810CBF8B8
:106400003C008BF80D008BF80B000BF58070002121
:10641000009008F0C6FA384608F0DAF9BAF1000F31
:1064200002D19BF8050070B3284602F0EDFD08F09C
:1064300040FB9BF8050068B90A99009808F0B1FA8A
:1064400010B101208BF80D00284603F053FE002008
:106450008BF8E800B8F1000F1CBFDBF8FC00C8F8AF
:1064600000009BF80B0030B100208BF80B006FF0A0
:106470000D00BDE8F88F9BF80D00002818BF6FF0E5
:106480000C00BDE8F88F08F014FBD5E9007497F80C
:106490004400C00615D5D7F840C0BB6C2846102173
:1064A0000022E0470DE0D7F8FC00314609EB00027E
:1064B000204606F0A1FCD7F8FC10361A0144C7F8B4
:1064C000FC10002EEFD1204608F070F80028FAD01A
:1064D000204608F071F997F84400800605D53C6C19
:1064E000BB6C284620210022A0470020B8F1000FF5
:1064F00087F8E800C5D0D7F8FC00C8F800000020F5
:10650000BDE8F88F2DE9FC4FD0F8C080D0F8D0C09E
:10651000D0F8E820D8F80030C346E6469C4511D3B1
:10652000D8F814B0BBF1000F00F0898090F8FC306F
:1065300005244FF0000E002B08BF0124DBF80030CB
:106540008BF81040A3EB0E05A2F1080AB5F5806F99
:1065500028BF4FF48065D0F8D82032B101F1200374
:1065600001F12402C0F8DC5005E0C0F8D85001F178
:10657000180301F11C020026BAF1000FC8BF012662
:10658000DBF8044012681F68CDF800E07CB1354BA1
:1065900053F82630BB6005FA06F30126BAF1000F66
:1065A000C8BF02260EFB06332344013B05E02E4BF9
:1065B00053F82630BB6000F1F6033B6043F6F074FD
:1065C0000191D1F8009004EB0516264009F1080E60
:1065D000C7F804E0BC683443BC600024BAF1000F83
:1065E000C8BF0124DBF808709FB16146DFF87CC0AA
:1065F0005CF824308C46936005FA04F30124BAF168
:10660000000FC8BF0224009901FB043139444C1E1D
:1066100005E0154951F8241000F1F404916054602C
:10662000C2F800E0916831439160C34504BF05EBB7
:106630000C01C0F8D01090F8FE10019A09B1BDE825
:10664000FC8FD9F8241041F00301C9F82410D0F8C8
:10665000CC00D2E904124068114300688162BDE8B1
:10666000FC8F00BF3C210100442101004C210100AE
:106670002DE9F84354EC105B554AE04310420DD12C
:10668000284621462A46234608F050FA2A46234641
:10669000FFF7FBF841EC100BBDE8F883002C04DD9C
:1066A000201590B191462A4626E024F00040284368
:1066B00000F08680B4F1FF3FF2DC08F0D3F99FEDE3
:1066C000420B21210160BDE8F883002024B969054F
:1066D000EC0A15380D46F9E791460021E20202D492
:1066E00001316400FAE7C1F12003401A05FA01F212
:1066F00025FA03F301301C430121A0F2FF3C4FF0C7
:10670000000861F31F545FEACC701EBF600040EACE
:10671000D27452000025600040EAD2744FF4001099
:10672000520060B14119A142DCBF80440D18611ACA
:10673000B8BF21464008490041EAD274F0E74FF063
:10674000000E4FF000470020FFB1C119AC4212DD2E
:10675000641B00260023BE448A4238BF013C002946
:1067600048BF0126C819B0F1FF3FC8BF012333401D
:10677000521A1D4403E002D18A42E9D22546610043
:106780007F0841EAD2745200DEE752EA040009D0E1
:106790001EF1010019BF0EF00100864408F1010846
:1067A0004FF0000E09F100410A4A4FEAC87001EAB1
:1067B000CC4140EA5E0001EB6801114441EC100B52
:1067C000BDE8F88300BF00BF000000000000F87FB4
:1067D0000000F07F0000E03F2DE9F84F2DED028B27
:1067E0009CB054EC105B9FED4C0BD0F808B0884681
:1067F00081462846214657EC106BBBF1FF3FDCBFBA
:106800004FF0060BC9F808B032463B4603F04AFC8D
:106810009FED430B00281CBF3C46354628462146C9
:1068200044EC185B53EC102B03F022FCB8BB9FED3B
:106830003E0BCDE900B947464FF0000A5BEC106B08
:106840009FED3B0B55EC104B58EC189B32465B46CA
:106850004846414603F019FC50B14846414622469D
:106860002B4608F063F941EC180BAAF1010AEBE79B
:10687000DDE900B9B84656EC187B22462B4638466F
:10688000314603F01CFC60B13846314622462B46A7
:1068900008F04AF941EC180B0AF1010AEBE74FF056
:1068A000000AB0EE480A03A802AA5946F0EE680AA8
:1068B000FFF792F9029D0446022D09D1204607F008
:1068C000F6FE204400210AF1010A012500F8011C0E
:1068D00099F80C105046424605F0AFF8D9F8082058
:1068E00020462946434606F0BBFA204607F0DFFE65
:1068F000854206BFD9F80000C0F3C0020122294634
:106900004346204603F0B8FF1CB0BDEC028B01B03B
:10691000BDE8F08F00BF00BF000000000000F0FFE6
:106920000000000000000000000000000000F03F38
:1069300000000000000024402DE9F0412DED066B21
:106940001C461546012813D14C4E706906F0E8F933
:10695000F28841EC100BB3882846214600924D4A3C
:106960008DED020B05F0E8FABDEC066BBDE8F08199
:10697000032810DB4F680E463B49384605F094FA71
:1069800090B13A49384605F08FFAC8B138493846CF
:1069900005F08AFA38B3374A28462146BDEC066B23
:1069A000BDE8F04105F0C8BAB06805F0B3FC034695
:1069B00050388C288FBF354A30488380344A0AE0EB
:1069C000B06805F0A7FC03461E3828288FBF2D4A63
:1069D0002A48C3802C4A28462146BDEC066BBDE8F8
:1069E000F04105F0A9BAB0680021FCF7C1F957ECF5
:1069F000106B3046394604F057F89FED170B804670
:106A000008EE100A3046394653EC102B03F057FBC2
:106A100090B19FED130B3046394653EC102B03F029
:106A200041FB48B1154880ED058A404606F078F9EB
:106A300041EC100B124A05E0404606F071F941ECBA
:106A4000100B0D4A8DED000B2846214605F074FA17
:106A50008AE700BF00BF00BF000000F0FFFFF73F64
:106A60000000001000002040712501006B2501008E
:106A7000A1250100990E0100C1040100F4030020CA
:106A800018100100EB080100AC0F0100C006010066
:106A90004E10010031F600002DE9F047012816D113
:106AA000DFF830A1DAF83401012813D10220CAF846
:106AB000340106F021FD0120012406F031FC60B113
:106AC000CAF8344107F066F94FF0FF347FE06FF009
:106AD00001047CE06FF0040479E09AF85A419AF8D6
:106AE00059119AF85801002C18BF0124002918BF29
:106AF0000234002818BF0434012007F039FE0138A1
:106B000018BF01209AF83811B1FA81F1490910EA49
:106B1000010902D1002002F0E1F8DAF808002E4D58
:106B200010F0010807D12D4F286A81683846884740
:106B30000428F9D00646404607F029FFB8F1000FB7
:106B400008D1012E04D1286A0121426823489047C8
:106B500007F0ECFC28684169204688479AF8540100
:106B600018B14FF4806007F009FE9AF8530118B18C
:106B70004FF4816007F002FE1948012101600320F3
:106B80000021CAF8340117480160204605F07EFB59
:106B90000128FAD1144E3068042006F0C1FB0446E7
:106BA00012480125B9F1000F0560306802D10120BB
:106BB00002F094F807F01AFF082006F0B1FB044336
:106BC000CAF8345118BF4FF0FF3407F0E3F82046FD
:106BD000BDE8F08700000020B8010010004003402D
:106BE000282008600C2008402C2009400C40094057
:106BF000B0EEC01A10EE100A11EE101AB1F1994F52
:106C00000CD3B1F1FF4F84BF30EE000A70474CA1A6
:106C10000028C8BF043191ED000A70473F4A9142F5
:106C200010D29FED3F1AB7EE002A4FF0FF3330EE3F
:106C3000011AB4EE421AF1EE10FA38DDB1F1665FD6
:106C400035D2704702F5380399420DD202F5A00300
:106C500099421BD2B0EE000ABFEE002A002331EEAB
:106C6000000A31EE011A18E002F19E73994219D21E
:106C7000B7EE080AB7EE002A022301EE002ABFEEA3
:106C8000080A31EE000A80EE020A10E0B7EE000AB0
:106C9000BFEE002A012331EE000A31EE021A81EE26
:106CA000000A04E0BFEE000A032380EE010A20EE92
:106CB000002A9FED1C1A9FED1C4A9FED1D5A914220
:106CC00022EE023A03EE014A23EE041A9FED174A20
:106CD00003EE045A9FED174A03EE054A22EE042AFA
:106CE00031EE021A02D200EE410A70471249002822
:106CF00001EB830191ED002A104910EE012A01EB0E
:106D0000830191ED001A32EE400A31EE400AB1EEF5
:106D1000401A48BFB0EE410A704700BF0000E03E95
:106D2000CAF249714712DABD98CA4CBE25AC7C3D07
:106D30000DF5113EA9AAAA3E1C1F01000C1F01005F
:106D4000DB0FC9BFDB0FC93F2DE9FC4191EA030806
:106D50004CBF4FF000484FF000084FEA03354FEAB0
:106D6000153556006D4176006D414FEA43075FEAE5
:106D7000575711BF45F4800500210020BDE8FC8174
:106D800040F2007E1EF1FF0E774578D04FEA0133C6
:106D90004FEA133342005B4152005B414FEA41042A
:106DA000640D11BF43F4800300210020BDE8FC8185
:106DB000744564D0E41B002100205FF0370EAB4225
:106DC00000D1B24205D340414941921B63EB050318
:106DD00001E040414941BEF1010E05D053EA0207EE
:106DE00002D052005B41EAE7BEF1200F09D2BEF1AA
:106DF000170F0CD3CEF1200720FA07F100FA0EF09E
:106E00000FE0AEF1200E00FA0EF1002009E001FAC9
:106E10000EF1CEF1200720FA07F741EA070100FA48
:106E20000EF011F4800F06D1401C51F1000140001A
:106E30004941641E02E0801C51F1000111F4000F71
:106E40001ABF641C21F4000121F4800140F20037D4
:106E5000FF37E419DEBF00210020BDE8FC8107F503
:106E60008067BC420BD249084FEA300049084FEA1C
:106E7000300041EA045141EA0801BDE8FC810020EC
:106E8000FF214FEAC101C91D4FEA015141EA080142
:106E9000BDE8FC812DE9FF47044645480078A04243
:106EA0000AD9444F0D4657F8346007F03DFC96F878
:106EB000E01031B107F0F1FD0024204604B0BDE838
:106EC000F08707EBC4044FF00109D4F804A086F85A
:106ED000E09007F0E2FD9AF8100002F0BDFA364F9C
:106EE000002D18BF2F46354DF868411C002808BFFB
:106EF0000AF11301097808BF0AF11100007886F839
:106F00002511294686F824019AF8122002F04CFA3D
:106F10009AF8142096F82501294602F045FADAF885
:106F200000004FF000086D46C0F8108839783170C5
:106F300079687160397AC6F82011C0F81C98284623
:106F400007F0DCFADAF808001D4A2B46CDE90040CC
:106F500006F11400DAF8041005F02AFC284607F0C0
:106F60001DFBDAF80C0017492A460094029006F13E
:106F7000E40005F0F1FE06F13000012106F02AFFE1
:106F8000307830B906F18000002106F023FF0E486A
:106F900070602046C6F81080C6F80C8004F0B6FB7E
:106FA0000A4A06F596700421234606F011FE84E78E
:106FB00087000100F42401000C230100004000249C
:106FC000F5850000B9970000D5E9000059E30000FD
:106FD0002DE9F84F2DED086B0C4601460020002AE4
:106FE0007DD0002B7BD008461546039306F06CFA43
:106FF0009FED3D0B53EC102B07F096FD95ED120B1A
:1070000083468A465A46534651EC100B07F08EFDD4
:10701000064620460F4606F057FA02460B46304613
:107020003946FEF732FC9FED320B04460E4651EC1A
:10703000100B9FED310BCF0F3146204658EC109BC3
:1070400067F3DF714A46434603F01FF860B995EDD8
:10705000020B4A46434651EC100B029167F3DF7175
:10706000019003F012F808B1002038E0584651466C
:107070002246334607F058FD9FED210B53EC102BB1
:1070800007F054FD95ED000B95ED048B95ED069BF7
:1070900053EC102BFEF7F4FBDDE9012306460F4607
:1070A00007F042FD02460B4651EC190BFEF7EDFBD3
:1070B00004460D463046394632463B4607F036FD1B
:1070C00002460B4651EC180B07F030FD22462B46CA
:1070D000FEF7DBFB03F0E8FC039908600120BDEC40
:1070E000086B01B0BDE8F08F0000000000002840F0
:1070F00000000000000000008DEDB5A0F7C6B03E16
:107100000000000000002041C2B0434806F094FC9B
:107110004248002104F0F2FB4148002103F01CFC2E
:107120004048002103F0E0FB4248DFF8FC90DFF824
:1071300008B10DF1480A0DF1280800F1240103916E
:1071400000F114013C3001910290484607F09AFA90
:107150000028FAD1484606F03DFF0028FAD01AE090
:10716000DBF808000130CBF808005046039990E89E
:10717000FC00FCC19DF85D30DDE912213BA80090C8
:107180002648FCF72FF830B19DF8F600ABF8040064
:10719000019807F07BFC2548514604F0D7FB78B1F5
:1071A000DEE7DBF80C00414620220130CBF80C0072
:1071B000029807F0CDFC1A48414623AAFBF74CFA87
:1071C0001B48414604F0DFFD0028EAD104A807F07F
:1071D000F5F81849486A08B1486A05E0DBF8080084
:1071E0004FF47A7101EB8000049018A80B490C4A07
:1071F00000900C4804ABFCF747FF0028A5D00F48CF
:1072000018A92C2207F0A4FC9DF8660000289CD049
:10721000ABF8040099E700BF5E0101001888002068
:10722000505A00202893002010960020C8670020A4
:10723000F47F002030030020C80300203C9400208D
:107240002DE9F04FC1B046494868002800F0808021
:1072500008784FF0000AC00700F07E80DFF8048154
:10726000DFF8049105AD11AE0024072C73D8D8F8CF
:10727000000CD8F8047CB8426DD007F03F00BFF393
:107280005F8F302200EB400008EB0011284607F02A
:107290005FFC781CBFF35F8FC8F8040C9DF814B036
:1072A000BBF1020F1AD0BBF1010F08D0BBF1000FE8
:1072B000DBD1281D3146C02202F00EFE1DE0BDF9D3
:1072C0002470BDF92230BDF92020DDE90601CDE9A9
:1072D0000076C027029705F093FE0EE0BDF934104A
:1072E000BDF93230BDF930200698CDE90016C02135
:1072F000029105F1080104F085F907460028B4D091
:107300001748CDF810A031463A46406804AB07F064
:10731000B2F980B90498B8420DD1D9F80800BBF190
:10732000000F3844C9F808000BD0D9F80400013028
:10733000C9F804000AE0D9F810000130C9F81000BB
:1073400093E7D9F800000130C9F8000001348CE758
:107350004FF0000A00E0A246504641B0BDE8F08F71
:107360008C040020E87300202C9600202DE9F047C3
:1073700090460C4606464FF001096068D6E9007A4F
:1073800010B9E068002848D007F0CEF93978012913
:1073900001D1F968B9BBFC603C61C4F8149007F0F6
:1073A0007CFB07F130050021284607F0FAFA01308E
:1073B00008D138780128E0D02846414607F0F1FA94
:1073C000013030D0387820B907F18000002107F073
:1073D000E8FA07F068FBDAF8040000F02FFC30460A
:1073E000214603F011FA8146DAF8040007F088FB21
:1073F000B9F1000F02D007F053FB44E0387808B32E
:107400004FF000093FE0F96849690A3110D16FF087
:107410000A016161D4F8149011E06FF00A00606114
:10742000D4F8149032E06FF00209C4F814902DE003
:1074300001214FF00009616139693C61CC6107F0BD
:107440002CFB23E007F180094146484607F0A9FAE2
:10745000013016D107F068F98046F86870B13046FF
:1074600006F0D2F9404607F018FB48464FF0FF31CE
:1074700007F097FA6FF00200606102E0404607F003
:107480000CFBD4F81490284607F048FB4846BDE8AA
:10749000F08770472DE9F04F89B0DFF80CA1054661
:1074A0000C469AF80000002870D000200DF122024E
:1074B00043F6FF71ADF822003A2004F0ADFC064619
:1074C00000286CD0BDF82270F80756D027F00102D2
:1074D0003A2043F6FF7105F0C5F94FF00008DFF8D8
:1074E000CCB03A2044F20501ADF82080ADF81E8002
:1074F00008AAD8470DF11E023A2044F20801D847E5
:10750000BDF91E00ADF81C80ADF81A8044F20601EA
:10751000BDF92090804607F07C0044F2070704285C
:1075200008BF44F2040708BF44F2030107AA3A2047
:10753000D8470DF11A023A203946D847BDF91A004A
:10754000DFF870B0BDF91C704146039018485A46E8
:10755000CDE9040005AB4846FFF73AFD68B104A841
:10756000039B41463A46CDE900B04846FCF700F897
:1075700018B1DDE90410CAE9010115B1DAF8040017
:10758000286064B1DAF80800206008E015B1DAF884
:107590000400286014B1DAF80800206000263046A4
:1075A00009B0BDE8F08F00BF5804002019BE0000EC
:1075B0000000C841609200202DE9F04387B0DFF859
:1075C000F88081462025EFF3118085F31188D8F8E3
:1075D00038501DB180F31188002569E0C8F8389053
:1075E000364F80F311880020C9F80C104FF4803119
:1075F000C9F81C20C9E91200C9E90801002B18BF0D
:107600001F46D7E90116C9F81810397B012905D1A1
:10761000C9E91060C9F8146030460CE0284A3146C8
:107620000023002506F010FFC9E910012549C9F81B
:1076300014008E423CD897F800C0DFF88CE000219F
:10764000C9F85C10C9E91510BCF1020F08BF01466A
:10765000C9F8501001AB9EE8F5001946BCF1000FC7
:10766000F5C108F124001A4ACDF808900090174897
:1076700008BF0246142109F1280006F0DFFA05468A
:107680002020EFF3118180F3118881F3118899F89C
:10769000100010B9484604F073FC35B108F1300011
:1076A000494606F0B3FC4D4602E00025C8F83850C4
:1076B000284607B0BDE8F083F00100203820010023
:1076C00040420F003F420F00CC21010079CC000066
:1076D000FDE500001EF0040F14BFEFF309816946B9
:1076E0008869A1F1480214BF82F30988954621ED0B
:1076F000100BF1EE102A41F8082DEFF3118102B4BE
:1077000000B5DFF8D8E0F047374A1268116801EA9F
:10771000000010605DF804EB1EF0080F09D101BCF9
:1077200080F311885DF8080BE1EE100ABDEC100B38
:10773000704704BC1EF0040F14BFEFF309816946C3
:10774000A1F1200114BF81F309888D464A604FF0F2
:107750008070C86125488861234B1B6818680860E1
:1077600040F201101860704702B401B4EFF31481C5
:1077700000291CBF002282F3148802B402B4DFF88F
:1077800060E0F04701BC01BC00281CBF022181F36E
:10779000148801BCDFF84CE0F0470F484FF08051EF
:1077A000016001BC80F3118800BF00BFFFF7FEBF7E
:1077B0001EF0040F14BFEFF30981694601F12001A7
:1077C00051F8080BE1EE100AB1EC100B14BF81F375
:1077D00009888D46704700BF04ED00E0C9AC000089
:1077E000E9EA0000EFEA0000F425010068770000F4
:1077F0002DE9FF413B4E96F8420100286AD1012055
:1078000086F8420106F0C0FF374F86F87001374D09
:107810007868C6F86C01387B86F84101A86810F4D6
:10782000402F13D1386988B128686421C0F30660FD
:1078300000FB01F4FBF79AFAB4FBF0F22C4906F1D5
:107840009400002305F0DCFC06F068FE01AC204645
:1078500007F048F82749A846002506F10C00002249
:1078600006F0F4FE204607F03DF8234906F15000EB
:10787000082206F0EBFE214A06F1D800322100234F
:1078800004F096FF1E4C1F4A06F1F4002C21002341
:107890002560454604F08CFFD8F80800797BC0F3DA
:1078A000815021B1032804BF012186F83911032832
:1078B00003D040F00200022810D1206840F04000C0
:1078C0002060022005F0CCFC6868400702D400204C
:1078D00005F0C6FC002004B0BDE8F08105F05CF9BD
:1078E000F2E700BF0000002050220100AC4F005022
:1078F000D9E6000017AB000035C5000085AB0000DD
:1079000090220840715D00002DE9FE4FD0E900850E
:10791000994614460F46834613B10020C9F800006B
:1079200074B106F001FF064698F8070058B198F8C0
:10793000E80070B1304607F0B0F86FF008046CE072
:107940006FF0090469E0304607F0A7F86FF00E0405
:1079500063E000200121C8E93B74C8F8F440C8F88E
:10796000FC0088F8E810C8F83C0088F80D0088F89A
:107970000B002846019506F02BFF304607F08DF8E6
:1079800008F1D0060DF1080A06F0CEFE0446304696
:10799000514605F054FDD8F8F450D8F8FC10A84230
:1079A000394438BF054602982A4607F0D1F83046D8
:1079B000294605F00DF9D8F8F400D8F8FC10401B62
:1079C000C8F8F4004819C8F8FC00204607F065F82C
:1079D000012D03DBD8F8F4000028D5D106F0A4FE71
:1079E0000746D8F8FC0050B1019806F0F1FE584661
:1079F00001F00AFBD8F8FC0010B1002402E00020DE
:107A00006FF00F04B9F1000F18BFC9F80000002093
:107A100088F8E800384607F040F82046BDE8FE8FB9
:107A2000F0B589B03C4E0446307810B902F050F8F9
:107A300088B33A4807F022F8B078012106F056FDE5
:107A40000F20012106F052FD71787068A14201D12A
:107A5000002843D118B107F03BF80020706001A85E
:107A600006F0A4FE0021022C8DF8101015D0012C78
:107A700040D12E482B4D0A214FF4C04205900120E1
:107A80008DF81C0028680368092098472868264A52
:107A90000368082019E000243AE021480825214F16
:107AA0004FF4C0420590F07800284FF0090018BF4D
:107AB000092518BF08208DF81C1039680B680A21A9
:107AC00098473868184A036828460921984701A949
:107AD000002004F06FFD706060B17470022C0FD054
:107AE000012C11D10B20002106F000FDB0780B28ED
:107AF00007D109E009480024747005F067FA07E02F
:107B00000F20002106F0F2FC0F2005F0FDFD0124FE
:107B1000204609B0F0BD00BF84040020C0940020BE
:107B200040420F00B40100100060002090D003001C
:107B30002DE9F84F3C4C3D4E3D4D42F62A294FF081
:107B4000010A4FF0030B00274FF00508D4F83C0161
:107B5000062833D8DFE800F00433183B203D4B0003
:107B60000F20F060C6F8109004F05EFE45F804ACFB
:107B700055F8040C8007FBD5C6F81CA094F8390111
:107B800090B10120EF6210E02F60C4F83CB128688A
:107B90008007FCD40320DBE72F60C4F83C81286811
:107BA0008007FCD40520D3E70320C6F800B0C4F852
:107BB0003C012F6029688907FCD4C9E7FEE701264C
:107BC000022084F83A6104F0D5FC2E6009E002201E
:107BD00000E0032084F83A01002004F0CBFC0120EF
:107BE000286004F15000BDE8F84FFCF71BBE0020F0
:107BF00045F8040C286055F8040C8007FBD428686D
:107C00008007FCD40B480025012105600A4801606B
:107C10000D2001F029FD022005F0D4F8C4F83C51F4
:107C200084F83B51BDE8F88F0000002000400C4074
:107C300058600C403C500C4004800C4004F0D0BB19
:107C400010B52DED028B044651EC100B40F2FF7382
:107C5000C1F30A529A4216D0B0EE408AF0EE608A22
:107C6000D2B921F00042024353D09FED2D0B53ECCB
:107C7000102B06F05BFF344A41EC180B944207DCF2
:107C80009FED290B3FE002460B46FDF7FEFD3EE06F
:107C9000C1F30A50A0F13602101940F2FF7290426F
:107CA0000FDB06F0DFFE222101609FED250B53EC78
:107CB000182B51EC100BDA0F62F3DF7141EC100B53
:107CC0002BE0012808DB6FF31E5141EA005052EC13
:107CD000181B40EC181B1CE010F1360F0ADC06F0F4
:107CE000C1FE222101604CF251308442DDDA9FED69
:107CF000120BDCE736306FF31E519FED0D0B41EA9E
:107D0000005152EC180B53EC102B06F00FFF41EC16
:107D1000180BB0EE480AF0EE680ABDEC028B10BDFD
:107D2000000000000000504359F3F8C21F6EA50187
:107D3000000000000000903C000000000000000077
:107D4000000000000000F07FAF3CFFFFFEB5D0E96F
:107D5000005401A806F0BAFB95F834003649374ABA
:107D6000384E085C95F83510515C354A084395F853
:107D70003610515C2A6B40EA0103316820684F6875
:107D80000299B847206840F2F272E1692E4B2F4FFA
:107D9000426494F854209A5C94F85530FB5C1A4382
:107DA0000129426311D10146D4E90A2351F8307FF9
:107DB000FF2A27F4004718BF07F50047FF2B0F6085
:107DC00009D00A6842F4804208E0014651F8302F99
:107DD00022F400420A600A6822F480420A60C16A02
:107DE00041F01001C162016B41F001010163E16BDF
:107DF00009B3A16BF9B1012106F04CFAD5F858018D
:107E0000E16B40680068C162C0F8041591FAA1F105
:107E10007268B1FA81F15368022298477068A16BC9
:107E200002224368D5F8580191FAA1F1B1FA81F123
:107E3000406800689847FEBDB8250100CA1E0100D1
:107E400083250100D0010010AB2501008825010029
:107E50002DE9F047A4B006F067FC33490A78012AFF
:107E600004D124B0BDE8F04706F017BE4FF0010979
:107E700081F8009006F011FEFFF7BAFC082001F02F
:107E8000EBFA21AC204606F039FBDFF8A0A0294A26
:107E900010212346DAF80C002290254804F088FCD3
:107EA0002548002501AE0478244890F80080474614
:107EB000A74213D8DAF8000050F8271021F0FF008D
:107EC00046F82700880707D4F8B201F0010106F050
:107ED0000DFB09FA07F005430137E9E7184805608B
:107EE0001848C16801F44001B1F5800F07D100685E
:107EF000000E56F8201041F0070146F820101248F5
:107F0000A4EB0802042306EB880103EB820240EA9B
:107F1000880006F01DFE0D482022016862F30D2145
:107F2000016024B0BDE8F087CE040020FC220100EF
:107F3000BC95002005C2000045FC000027FA0000A7
:107F4000D0200240A84F00500010084000300940E7
:107F500010B510EE901A21F00042B2F1FF4F06D892
:107F600010EE100A20F00043B3F1FF4F02D930EEBB
:107F7000200A10BDB1F17E5F03D1BDE81040FEF7CD
:107F800037BE022404EA917444EAD07463B1B2F1BA
:107F9000FF4F12D012B1B3F1FF4F18D1274961F34F
:107FA0001E0000EE100A10BD022C0FD3032C14BFCC
:107FB0009FED250A9FED250A10BDB3F1FF4F14BFB9
:107FC0001C481D4800EB840090ED000A10BD9A1A71
:107FD000D2151A2A03DD9FED190AC40F0EE0B1F184
:107FE000FF3FD8BF12F11A0F06DB80EE200AB0EE79
:107FF000C00AFEF7FDFD01E09FED110A002CE5D05F
:10800000022C0DD0012C04BFB1EE400A10BD9FED33
:108010000D1A30EE010A9FED0D1A30EE010A10BD67
:108020009FED081A30EE010A9FED071A31EE400A63
:1080300010BD00BFFC1E0100EC1E0100DB0FC93F9C
:10804000000000002EBDBB33DB0F4940DB0F49C0F1
:10805000F8B5044606F042FA07464568204606F0A1
:108060005DF9B8B1D7E9014606F05EFB0546D4F8E4
:10807000C000B8B104210174384601F03DFCD4F8C9
:10808000C800B0B1014640690028FBD1D4F8C00057
:10809000486112E006F048FB0446D5F8C00078B30A
:1080A000103034E03068416821F002014160284618
:1080B00030E0D4F8C000C4F8C80041690027476127
:1080C000C4E93477C4E93677C4F8C01031B3204628
:1080D0003146FEF717FAD4F8C000C4F8E070006823
:1080E000B0F5806F03D920463146FEF70BFA94F8BD
:1080F000FE0010BB3068416841F0020141601CE0A5
:1081000095F8FB00002105F093F805F1FC00012132
:1081100001702046BDE8F84006F0BFBC94F8FB00B3
:108120000021C4F8C47005F083F8012084F8FC0035
:108130003068416A21F003014162284606F0ADFC37
:1081400004F13000BDE8F84006F0ECBC2DE9FC413C
:1081500091EA03084CBF4FF000484FF000084FEA87
:10816000C32545EA52554FEAC2264FEA43077F0D21
:1081700011BF45F0004500210020BDE8FC815FF4FF
:10818000E06E1EF1FF0E774555D04FEAC12343EA5A
:1081900050534FEAC0224FEA4104640D11BF43F02F
:1081A000004300210020BDE8FC81744543D0E41960
:1081B000A3FB0501A3FB06E7A2FB06631EEB030E70
:1081C00057F1000751F10001A2FB05631EEB060EFB
:1081D00057F1000751F10001FF1851F10001C019DA
:1081E00051F100014CBF40F2004E40F2002E10EB66
:1081F0000E0051F1000148BF641C01D44000494108
:108200005FF44077FF37E41BDEBF00210020BDE8AC
:10821000FC8117F58067BC420DD24FEAD02040EABE
:1082200041504FEA41014FEA113141EA045141EA1C
:108230000801BDE8FC810020FF21C900C91D090516
:1082400051EA0801BDE8FC812DE9FC4706680446B7
:10825000707A00286BD0D4F80490D6F85801D0F882
:108260000480D9F83470204602F09AFD706F20B374
:1082700006F14C05284606F04DFC316F884221D2AC
:10828000307902281ED0B06E002850D0204602F06F
:1082900087FD346F284606F03DFC201AD6F868A00A
:1082A000B46F7067284606F035FC0021F1740AEBC4
:1082B000040108440190706F0CE0B06E10B1306F93
:1082C0000028D5D106F14C0001A905F0B8F801212C
:1082D0007067F17458B30021B0F5806FB17384BF3B
:1082E0004FF480607067012301990144013979607E
:1082F0001049B96043F6F07101EB00100840B9680D
:108300000843B860D9F83C10D9F8000091FAA1F2FE
:10831000B2FA82F203FA02F2D8F800309A61D6F883
:108320005821526812689162012105F0BFFFBDE833
:10833000FC8700BF0180000CB0B5ADF5007D344D69
:10834000E97801290CD079B9082839D00A2818D041
:108350000D2816D07F2833D01B2843D101200EE0F2
:108360005B280BD102200AE0A0F141011A2905D3B4
:10837000A0F161011A2901D37E2830D10020E870D4
:108380002DE06878012802D1224805F023F92869F8
:1083900078B1214C69464FF40072204600F094FEFB
:1083A0009DF8000010B1684605F014F90020207017
:1083B00028616878012810D1287870B117480AE040
:1083C000286950B114490138002228610A5468789C
:1083D000012802D1124805F0FDF86420E8600DF58F
:1083E000007DB0BDA0F120015E29F8D829697E2961
:1083F000F3D8094A4B1C2B6150540021D1546A78A0
:10840000012AEAD18DF8000068468DF80110E2E7F4
:10841000F4030020F8250100E89000204324010027
:10842000C425010070B58CB00025002867D0044633
:1084300034480078002862D00120FFF7F1FA0025C7
:1084400000285CD08DF82C50CDE909558DF82050CE
:108450000795CDE90555CDE9035506A8029009A871
:10846000019009200090684605F0A8FE064601200C
:1084700004F016FA002E42D09DF8180000F0F0012A
:10848000C0293BD120759DF819009DF81C109DF85E
:108490001D209DF81F309FED1C1A10F00F0018BF13
:1084A000012060759DF91B00C5B2002842EA054213
:1084B00042EA012148BF01F17F419DF91E009DF86C
:1084C000205000EE101AB8EEC00AC2B2002820EE0A
:1084D000010A45EA024242EA032248BF02F17F4212
:1084E00002EE102A0125C4E9011284ED030AB8EE58
:1084F000C22A22EE011A84ED041A00E00025284663
:108500000CB070BDCC040020E1EF443D84B0314894
:10851000314CA0473148A047FCF786F93149304A31
:10852000002818BF11460846A047DFF8C0B04FF03A
:10853000FF3401254FF0000903AE0DF10B074FF09A
:10854000050A4FF00A08284805F0DEF80DF10E0084
:1085500031463A46ADF80E90ADF80C908DF80B9080
:1085600001F04EFB38B1BDF80E00ABF802009DF8EB
:108570000B008BF80000B5FBFAF000EB800000194F
:1085800008D1CDF8049001A802F086FF10B101983F
:10859000CBF81800B5FBF8F000EB800004EB4000CE
:1085A00010B105F0D1FC11E0CDE9009901A86946B0
:1085B000FEF770FF28B10198CBF810000098CBF8B7
:1085C000140005F0C1FC0A4806F0FAF90135013C37
:1085D000B9E700BF16FF000039DA0000D000010043
:1085E0002F02010028090100A0860100C803002015
:1085F0001096002070B5D0E90052044601211068A1
:10860000C0F81C18D0F80418C90718BF70BDD0F8FE
:108610000438A9684E690A3614D0D5F8D46013F02E
:10862000120F17D01EB903F01F060A2E21D05A07C9
:108630006FF0040258BF6FF00502DB0648BF6FF011
:1086400006024A61042106F052F92046BDE8704056
:1086500005F014BD6EB1721EC5F8D4202CD0D5F82B
:10866000D0104A1CC5F8D0200978C0F8081801219C
:1086700017E0D5F8DC10C1B10139C5F8DC10D5F828
:10868000D8104B1CC5F8D830D0F808080870012164
:10869000D5F8DC00002808BF0421012888BF092183
:1086A0001068BDE8704006F022B9042106F01FF9F9
:1086B000A86800214161C8E7D5F8DC2052B1098BD8
:1086C000012361F348030B21012AC0F8003808BFD9
:1086D0000321E6E70421E4E72DE9F84FB1EE001AA3
:1086E0000128B0EE000A81464FF0000A08BFB0EE44
:1086F000401A00282F48B7EE000A08BFB0EE401A13
:1087000080ED021A002006F0B5F901F0E1F92A4FD8
:10871000002500244FF0000BBBF1010F2CD8E0071F
:108720002AD1BBFA8BF0400905F048FF41F28830AE
:1087300004F0EAFF0220B0F101084AF1000480458C
:1087400017D21F20522103F0C6F948F6B80004F0F2
:10875000DBFF0020B84706460120B8470220B84793
:108760000546AD2E05D042F2107004F0CDFF404614
:10877000E1E70BF1010BCFE7E00713D00D49012032
:1087800008704FEA89104D701330C1B22C2003F0ED
:10879000A2F92D20222103F09EF942F2107004F07C
:1087A000B3FF02E003490020087004F00100BDE8B7
:1087B000F88F00BF64040020FDB100002DE9F041F6
:1087C0008EB004464A1E002009AE12F1030F09D8EC
:1087D000304A07960490029106928DF81400022206
:1087E000684600E003220C908DF834202020EFF33F
:1087F000118780F31188608A30B1608A0138608205
:10880000012087F3118841E000293CD02248012152
:1088100004F11408057A0172806946620B9004F035
:10882000D5F8A069CDF824800A900660A6619DF86D
:108830003400022808D119494A680C980160426046
:108840001060486001F026FA87F31188284603F08B
:1088500071FF2021EFF3118081F311880C9939B158
:108860000A684B681A604A6809684A6000210C91DE
:108870000B9900224A6280F311889DF83400002889
:1088800018BF012002E087F3118800200EB0BDE878
:10889000F08100BF6BD100008C030020C8020020D3
:1088A0002DE9F84315460C46804601F061FD2C4841
:1088B00000212D4F01602B4881460068386881698E
:1088C00027208847294E2A49306B08403063B06F13
:1088D00020F48070B0673868016B4FF4806088477F
:1088E0003868016B4FF4816088473868016B4FF43A
:1088F000C06088471F48012101601F48C6F88041B9
:1089000031600168890704D4691C08BF4FF04045F5
:10891000C560D9F80000F0698007FCD5072003F096
:1089200093FC0228FAD1B8F1000F13D1134C386A26
:108930008168204688470428F9D0012804D1386A84
:108940000321426820469047D6F8180220F0030021
:10895000C6F818023868806BBDE8F843004700BFCE
:108960000C4009402C200940B80100100C200840A0
:10897000FFFFFEFE28200860100009400040034071
:1089800070B52039062918D8DFE801F01A23042D24
:1089900038404800147800222321FF2CF1D0D0E980
:1089A000015695F8FB0003F0E5FE726B2B4920465B
:1089B00085F8FB4000F0F8FC49E06FF001044AE064
:1089C000406890F8F910012943D1012180F8FC108A
:1089D0003DE045680021002495F8FB0004F028FCE8
:1089E00085F8FC4037E0446894F8FB00FF282ED05F
:1089F00003F0C0FEFF2084F8FB0028E04068D0F8B8
:108A0000C01031BB012180F8FE1020E04068D0F892
:108A1000C010F1B9002480F8FE401CE04168D1F894
:108A2000C020B2B191F8FE209AB180680268D0E906
:108A30000430546A184344F003045462D1F8CC1053
:108A4000496809688862506840F00200506000245C
:108A500001E04FF0FF34204670BD00BF02600020EF
:108A6000F0B5314A046A516B137D0C61446A01F11F
:108A7000200C032B0B704C61846A8C61C46ACC613E
:108A800090E8F000ACE8F00000F1400400F11007BD
:108A90004C64F0CF01F1300CACE8F000046B0C64D6
:108AA000446B8C64846BC06BCC64086519D8DFE8B8
:108AB00003F002120A10156DC4B2106C936C55F8D5
:108AC00024404C600FE01A4880694860D0E90A30C1
:108AD00009E0002001E01548C06D4860106C936CFF
:108AE00001E000200023926BC1E9020332B12BB1F7
:108AF00010F8014B013B02F8014BF8E70D48026802
:108B00004A6590F824208A6590F82520CA65C28CB1
:108B10000A66826A4A66C26A8A66026BCA66426BE3
:108B20000A67806B4867F0BD60020020F0010020FA
:108B30008C03002004ED00E02DE9F0438FB00C46DB
:108B400000272F491546814624229846009703A8FE
:108B500005F0FEFF6B46002050210022C9F800708E
:108B600003F070FF002847D0074626484FF40071F5
:108B7000002C07F14806816008BF0446D4E90032A2
:108B80000021A0680792002A4FF0000208BFE268A7
:108B9000FE64F963C7E90D51F9627964BB60BE6494
:108BA00010442369002B18BF01233B6308900C91EC
:108BB000CDF82880CDE90457CDE90D114FF0FF33F2
:108BC00001208DF83000069307F110000CAA04F084
:108BD000CFFE0D4803A96A4603F068FCF86040B177
:108BE0004563C9F800702168F86800F083FB002035
:108BF00003E0384604F0C2FC0C200FB0BDE8F0835F
:108C0000201E01002404002081E4000070B52548E6
:108C1000066804F035FE24480025244C0560206CCD
:108C2000806C80472248006838B122480068B6F15D
:108C3000FF3018BF304600F067FC1F4840F2391281
:108C400005601E48016862F31B4101601C48016811
:108C500001F44051B1F5805F06D10168194A114015
:108C600001F5003202600160174D0126EE612068B7
:108C7000016A142088471548016841F4E021016029
:108C800013482E60006800F44000B0F5000F03D1D7
:108C9000206C416C0F4888470F4801680029FCD1BF
:108CA00070BD00BF1C13005084046042B00100106E
:108CB00080012843800520438C2108404820034040
:108CC00028000940EFFFFCFC00002443002009407D
:108CD000B44F0050BD3786000C00684270B5F8B143
:108CE000012858D1012005F043FD012853D02D4C17
:108CF00094F8380100284ED12848294E056930687B
:108D000010F4402F30D17DB305F034F8502005F039
:108D1000CDFE0120A84704F19400FBF783FD25E078
:108D200005F0F0FE1E48006810F4402F0AD11B48E1
:108D300004693CB11B489430FAF717FC05F00AF8B7
:108D40000020A047174C94F8380120B3164801685A
:108D500021F08001016080218160032004F032F85D
:108D6000002084F8380116E005F0D0FE012084F8D8
:108D70003801306810F4402F00D14DB9207A8006B8
:108D800006D4094880218160016841F080010160BA
:108D9000032004F065FA002070BD00BF50220100DE
:108DA000B44F005000000020902208407CB51C46C3
:108DB0001546012811D105F059FD2C4A00282A49F1
:108DC00020482B4B08BF0A46009208BF034628469E
:108DD0002146284A03F0B0F87CBD4E681949304658
:108DE00003F062F870B11849304603F05DF870B1D5
:108DF0001649304603F058F8A0B1154A28462146D6
:108E0000334619E0002005F037FD164A03E0012043
:108E100005F032FD124A2846214602B0BDE87040F6
:108E200003F08AB805F0D4FA0C4A0A490A4B002824
:108E3000284608BF0B46214602B0BDE8704003F04B
:108E40007BB800BFE2240100C025010041250100DC
:108E5000C40501005420010084210100FB21010010
:108E6000EA010100ABFF0000A91E0100C61F0100BE
:108E70004E240100D82001002DE9F8432020EFF313
:108E8000118980F311882C480068006B80472B4EB5
:108E90004FF000082A4F012286F85D8086F85C209A
:108EA000D7E9104522462B4605F0CEFAA0FB042355
:108EB00000FB053301FB0431746DC7E91221B16871
:108EC000B268611A821A914205D986F85C8089F3EA
:108ED0001188BDE8F883051B89F3118800208542BD
:108EE00006D304442D1A0120214602F017FAF6E7B2
:108EF0002021EFF3118781F3118896F85D10012985
:108F000003D10020214602F009FA411C05D0411B83
:108F1000B06D814238BF084600E0B06D011905F020
:108F200089F9002086F85C00012086F85E00B460B4
:108F300087F31188BDE8F8838C010010C802002077
:108F4000C89200202DE9F04F95B028481D461446E0
:108F500048B120462946FBF725FB204615B0BDE861
:108F6000F04F05F09DBB10A805F05AFA05F04EFA37
:108F70000E9005F07BFC0F901D4890F800A0D0F8F3
:108F80000CB0B0F80480B0F80690406903F0C8FE59
:108F900041EC100B149ADDE910C3DDE912671649A4
:108FA0008DED0C0B08A8CDE90636CDE9047C144BF9
:108FB00080E804034020134A03900E9802900A2090
:108FC000BBFBF0F0BAF1000F01900A4818BF014650
:108FD00000910F990948002908BF034620462946F9
:108FE00002F0AAFF15B0BDE8F08F00BFA545000054
:108FF000F40300202B230100482301008A200100F4
:109000004E240100ECF20000F8B505680446D5F8DE
:10901000F80000B1F8BD68796668022807D105F14B
:10902000D000694604F052FEC5F8F80009E0D5F812
:10903000EC10D5F8FC20D5F8F4001144C5F8F80080
:1090400000910028E6D031688A6B22F400628A63BE
:1090500095F84410C9060AD52F6C47B1297A31B961
:10906000AB6C204610210022B847D5F8F800B0F5C7
:10907000806F84BF4FF48060C5F8F8000099336BAF
:1090800001444A1E3168B66B1A600E4A9A6043F674
:10909000F07202EB001010409A6810439860D5F807
:1090A00058014068006886620846022105F0FEF813
:1090B000287A0028AED120460121012604F0E4FCE4
:1090C0002E72F8BD018000C090B32DE9F04387B047
:1090D000894641B3904632B304782A4F002101AA51
:1090E000012300263CB3052E25D8A4F10905172D30
:1090F00007D803FA05F53D4203D0017010F8014F7F
:10910000F3E7002CEED042F8260001360478A4F1F3
:109110000905172D03D803FA05F53D42E2D1002CCD
:10912000E0D00130F2E74FF0FF3007B0BDE8F08348
:109130004FF0FF3070470020AEB1019F0F4C00F19F
:109140001005802D12D02158384602F0ADFE0028BF
:109150002846F4D160194A46434650F8044C01A908
:109160003046A047E1E789F80000DEE7044A4846B8
:1091700041463B4602F0E0FED7E700BF28FB000077
:10918000390301001300800070B5012953D0044653
:10919000002942D128480121057A01722021EFF3EC
:1091A000118681F3118894F8201003292AD002290E
:1091B00014D0012922D12168E26C636819606168CA
:1091C000236859601168914204D1A169C26822EAFA
:1091D0000101C160606A88B1C06808E0616A69B174
:1091E0000A68C8684B681A604A6809684A6028B10A
:1091F000016842681160416800684160204603F0E0
:1092000003FC05E0206861680860606821684860C8
:1092100086F31188284603F08DFA216B481C0AD08A
:1092200006480029806818BF08464368D4E90A2127
:10923000BDE87040184770BD8C030020F00100208D
:1092400070B505F0CFFB05F0A5FA05F0A9FA0446C4
:10925000C04310F00C0F03D100BF00BF30BF3BE094
:1092600060071ED403F026FA054600EB80000121BA
:109270004600012004F076FE864212D91C4CA5F16E
:109280001800606104F10C0005F032F800BF00BF67
:109290000120FDF701FC00BF00BF002084F8200082
:1092A0001CE000BF00BF200715D40E4E0E4D3068E5
:1092B0008168284688470428F9D0B0FA80F004F085
:1092C0001001400940EA111005F01EFC0748012179
:1092D0000160006800E030BF00BF00BFBDE8704023
:1092E00005F084BBD8010010004003402C20094049
:1092F000000000202DE9F0412A4B012702462024DE
:10930000187A1F72EFF3118C84F3118854698C4220
:1093100002D18CF3118840E01D6A8F40002905EBD3
:10932000C10648BF03F12C0648BF002792F8205021
:10933000012D26D1D2F800E0D2F84C805568C5F84E
:1093400000E0D2F804E01568C5F804E0D8F8005051
:10935000454505D1D2F818E0DD6825EA0E05DD6047
:109360009D699542354601D1DE613568D5F804E046
:109370001560C2F804E0CEF800206A60DD683D4365
:10938000DD60D66497615161B1F1FF3FDCBF002120
:10939000D961012119748CF3118803F0CBF92046AF
:1093A000BDE8F0818C0300202DE9F84FFF2831D073
:1093B000264B0C4605464FF4BE21AF0004F00208D0
:1093C00043EA80004158C9B2914227D121489A46C8
:1093D0004FEA142947EA0006834605F0A5F90BF188
:1093E0000101220C86F8009039430A7046F0020110
:1093F000220E0A7005F051FBB8F1000F02BF45EADA
:109400000A0004F0010101701148012181EA5801AC
:10941000384316E04FF0FF30BDE8F88F00F5BE206E
:1094200024F0FF0162B9B8F1000F02BF2B4304F032
:1094300001041C70064B012484EA58043B431C6061
:10944000114301600020BDE8F88F00BF00200240FA
:10945000001A4442011008402DE9F041254E05460E
:10946000371805F061F9044697F84A01411C87F85E
:109470004A1128B1204605F010FB0020BDE8F0811C
:10948000DFF8748018F8257007F03F00142898BFA3
:10949000FFF7E2FF08EB8500458878B2B0F1FF3FA7
:1094A0000CDD78061FD415480068416928468847B6
:1094B000284602F0EBFE0128FAD1DBE70F4E3068B8
:1094C000C169284688473068416A2846884730681D
:1094D000C16A284688470A48012101600948016895
:1094E0008907FCD5C6E706EB8500D0F8601101209E
:1094F0008847BFE70000002046FC0000B8010010CC
:109500002820086028200840F8B505462248234E48
:109510004168890705D40168F02242EA114186F8C2
:109520004D101F494FF001221F4F0A601D49098845
:1095300039680968846820468847A00105D4E0019D
:1095400003D5307840F00200307038682146426818
:109550002846904704F080F91448154A0068C0F383
:1095600005311170C1054FF0130158BF232140236D
:109570007354382101EA901000F56050A2F85C00A5
:109580003868816820468847022003F095FA094828
:1095900001210160F8BD00BFAC4F005009620840D6
:1095A00004A40C4000A00C40F00100100C1400506A
:1095B0000EB00C40940460428B4208BF824207D92F
:1095C000009A002A01D010605160002100207047ED
:1095D000002B08BF002A10D1009A002A01D0106089
:1095E000516002000B0000210020002B08BF002A60
:1095F0001CBFC943C04300F07CBDF0B51C461546F6
:109600000B46024600200021B4FA84F6202E04BF47
:10961000B5FA85F62036B3FA83F7202F04BFB2FAE5
:1096200082F72037F61BB6F1200727BF05FA07F4AB
:1096300000257F42B4403EBF25FA07F73C43B540C2
:10964000A34208BFAA4201D3521BA3414041494152
:109650006D0845EAC4756408761EF1D5059F002F94
:1096600001D03A607B60F0BDF8B5254F05463E1845
:1096700005F05AF8044696F84A01013886F84A017E
:10968000000637D11F4810F9251000EB85004588EA
:10969000CEB2B1F1FF3F0CDD70061FD41A4800684E
:1096A000816928468847284602F0CEFD0228FAD173
:1096B0001AE0154F3868016A284688473868816A79
:1096C000284688473868016B284688470F4801219B
:1096D00001600F4801688907FCD505E007EB8500AC
:1096E000D0F860110020884706F03F00142898BF8A
:1096F000FFF7BAFF204605F0D0F90020F8BD00BF03
:109700000000002046FC0000B8010010282008607E
:1097100028200840F8B5044610681546D2E90372BF
:109720000E466969206167612148AF690068002FB2
:1097300018BF38462063002908BF4FF4007162B19A
:10974000D31D11444FF0FF3023F007032063C91AE3
:1097500021F00701C4E90A1308E00731082221F0CB
:109760000701A16203F06EF9E062F8B1D5E90101E9
:1097700004F13803EA69666307C395F820000128FD
:1097800084F8480003D10B48416901314161002050
:109790006065204600F0A0FE08B10320F8BD054832
:1097A00004F1080104F032FC0020F8BD0120F8BDEE
:1097B000489600208C03002070B505680446A9680F
:1097C00048690A301BD16B68204600229847A86878
:1097D0006FF009064661022003F0F4FAE86829698F
:1097E000884213D06B68E8680022C069E860E868C6
:1097F00046612046E9689847E8684661EEE74869AF
:10980000033008D100202861E86020E00020E860F3
:10981000A860286170BDE8682A69904211D06B6821
:10982000E868C069E86004F08BFFE968204600F052
:10983000EBFF0028EED005F1E400BDE8704005F034
:1098400071B90020E86028616B6804F079FF02209C
:10985000BDE8704003F0B6BA002845D02DE9FC41C0
:10986000064600200C468DF80600ADF80400304690
:1098700004F02BFF032809D3374617F8010B04F037
:10988000EFF880468DF80400022507E04FF000084D
:1098900001282AD002282AD101253746387804F039
:1098A000DFF807462E448DF80500307804F0D8F82C
:1098B00006468DF80600022C0AD801A8015D41F089
:1098C000800101559DF804809DF805709DF80660A3
:1098D000084C34204146A04735203946A047362061
:1098E0003146A047BDE8FC4170470027DDE7002670
:1098F0000027E0E76DD40000F8B5D0E90165044623
:109900002879FEF79BF9D6F8CC2069692868526857
:109910001268D16296F8F93013B9C368DB06FCD43B
:10992000436823F0020343602B69D3621943476AFB
:1099300027F003074762C2F80415416921F00101CD
:10994000416101210162D6E93512D6F8C0000160FB
:109950004AB1EB699B68C3F309139A4203D91144D6
:10996000DA4311440160D6F8DC204AB16B6A9B6887
:10997000C3F309139A4203D9DB431A44114401602B
:10998000204602F069F9287904F0D4F92879BDE875
:10999000F84005F0B5B870477CB5012004F002FC32
:1099A00001F032FA00260DF10602442011210123B4
:1099B000ADF8066001F0CCFD044630B144200A2128
:1099C00043F23822012302F093FD174DADF80460F5
:1099D00060200C2100232C7001AA01F0B9FDBDF814
:1099E0000410124A12FA81F1B1FA81F1490900EA30
:1099F0000104012C11D10E4E602000210022002311
:109A0000B0476020032140F60E020023B0476020DB
:109A100004214FF4E0620023B04728786C702043A3
:109A200000F001007CBD00BF700400207AFEFFFF43
:109A3000F1C4000010EE100AC14311F0FF4F02D133
:109A400000EE000A7047B0B500282ADDC10D2ED007
:109A500001227F39002462F3DF5001F0010200FA95
:109A600002F34FF08072002062B11519B5EB430F7D
:109A7000DCBF1044AC18C5EB4305C8BF5D005208FD
:109A80002B46F1E700F00102002B18BF10440E4AEC
:109A900002EA815101EB600000F17C5000EE100AF7
:109AA000B0BDB5EE400AF1EE10FA06D1B0BD01210D
:109AB0000202CDD401394000FAE704F0D3FF9FED54
:109AC000030A21210160B0BD000080FF0000C07FBB
:109AD00070B58CB01F4D2878012803D1686808B193
:109AE000012034E009AC204604F086FC2046012128
:109AF000012604F0CDFE2046012105F025F8164888
:109B0000214603F049FA204605F01CF8134C0B20BF
:109B10000121A0471249142004F0BCFF14200121A8
:109B2000A0470F200121A04701AC204604F03EFED3
:109B30000C4900208DF81C008DF81000059121467D
:109B400002F038FD686000281CBF01202E800CB098
:109B500070BD00BF84040020C0940020EDE400002C
:109B60000104002040420F0020EEA03A9FED226A3F
:109B700000EE003A01EE013AB1EEC34A9FED1D3A04
:109B8000B4EE464AF1EE10FA31D422EE025A01EE5A
:109B9000A15A02EEA25AB1EEC55AB4EE465AF1EEFF
:109BA00010FA24D480B520EE822A00EE212A01EE9C
:109BB000222AB7EE001A24EE050A82EE000AB4EE5D
:109BC000410AF1EE10FAC8BFB0EE410ABFEE001A2A
:109BD000B4EE410AF1EE10FA48BFB0EE410AFBF7CD
:109BE0002BFF9FED061A20EE013ABDE88040B0EE53
:109BF000430A70470000000017B7D138E02E6542D5
:109C00002DE9FC41DFF888800646144698F80100EB
:109C100040B300200F460DF1060208210023ADF8E5
:109C20000600ADF80400602001F092FC054647B143
:109C300001AA60200921002301F08AFCBDF804007C
:109C40003880CDB1BDF80610002041F26F7291420C
:109C5000A8F8041088BF012088F8020006B13180FE
:109C60008CB911E016B1B8F80400308014B198F83E
:109C700002002070002507E016B1B8F8040030801B
:109C800014B198F8020020702846BDE8FC8100BF9E
:109C9000700400202DE9F041044680681F4F2062C7
:109CA00097F85E0001281DD197F85C00D0B91C48D8
:109CB0000068006B8047DFF86C80D8E910562A46B0
:109CC000334604F0C1FBA0FB052300FB063301FB78
:109CD0000531C8E91221B9687B6DBA689A1A411A30
:109CE00091420ED903F0E4FC01212175A2681044D1
:109CF000E06097F85C00012808BF87F85D10BDE8B8
:109D0000F08101212175A2681118181A8242E160C0
:109D1000F5D21046BDE8F04104F08CBAC80200202C
:109D20008C010010C8920020002840D02DE9F0419D
:109D30008EB01F490AAE002503904FF02008089608
:109D4000059507918DF8185001A801210D9019482B
:109D5000EFF3118788F31188047A017280690C90FF
:109D600002F034FE14494A680D98016042601060A8
:109D70004860FFF78FFF0C9846620B960A962046C4
:109D800087F3118802F0D6FCEFF3118088F3118875
:109D90000D990A684B681A604A6809684A600D950F
:109DA00080F311880C9845620EB0BDE8F041704711
:109DB000B1E000008C030020C8020020F8B5D0E913
:109DC0000167054604F0B0FC0446D6F8C00098B31D
:109DD00096F8F81019B9007C0338012831D82846C4
:109DE000FFF78AFDD6F8C00000220223016805466D
:109DF0003DB12F7C033F022F28BF2B742A606D6971
:109E0000F6E73246016052F8C81F21B10A46496997
:109E10000029FBD1143210600020C6E93000C6E9E9
:109E20003400C6E93600204604F037FE06F1300063
:109E3000BDE8F84004F076BE3868416821F00201C0
:109E400041602046BDE8F84004F027BE2DE9F04F00
:109E50008BB006460020AEB30D4699B314468AB3C4
:109E6000F07B0138C0B202289ABF194951F820800E
:109E7000DFF85880F06902F053FFB27941EC100B23
:109E800033683789B6F80AC0B6F80CE096F80E9039
:109E900096F818A096F819B0766A284621468DE8FB
:109EA00084500C4A0A968DED080BCDE90498CDE953
:109EB00006AB02F041F8002803D4A04228BF601E80
:109EC00000E000200BB0BDE8F08F00BF952401003A
:109ED000C02301001BF90000E0B32DE9F04F8BB067
:109EE0000D4699B314468AB30646C07B0138C0B20A
:109EF00002289ABF194951F82080DFF85C80F06988
:109F000002F00EFFB27941EC100B33683789B6F8D6
:109F10000AC0B6F80CE096F80E9096F818A096F8DD
:109F200019B0766A284621468DE884500C4A0A9674
:109F30008DED080BCDE90498CDE906AB01F0FCFFEF
:109F4000002803D4A04228BF601E00E000200BB010
:109F5000BDE8F08F00207047A9240100CC23010048
:109F600095F80000E0B3B0B50446E430982104F061
:109F7000A8FA00203D21C4E9600084F88801204649
:109F800004F09FFA04F14000892104F09AFA04F1E8
:109F9000CC00152104F095FA04F5C6702C2104F0CC
:109FA00090FA0120422184F8B80104F5DD7004F034
:109FB00088FA0C481821C4F8FC0104F5007004F07C
:109FC00080FA802504F507701C2184F8185204F0EB
:109FD00078FA054884F82C52C4F82402BDE8B04051
:109FE000704700BFC800200320034B4B70B50446E8
:109FF000B0F90E00217A82B2890702D5217B1F2990
:10A000000CD817496368C96C51F820509D4218BF9D
:10A0100041F820305142E181217B0BE0104BD3E924
:10A02000133545F8204053F820600E4DAE4218BF5E
:10A0300043F820500F2A03D90B4B6FF00F0204E0B6
:10A04000042A04D3094B6FF0030203449954217A84
:10A05000C90718BF02F0E6F90020A06070BD00BF7C
:10A0600060020020D576000000E400E018ED00E07A
:10A0700010B541EC100B43EC112B01F08FF80028C8
:10A0800001D0002010BD012010BD10B541EC100B17
:10A0900043EC112B01F082F8002801DB002010BDF9
:10A0A000012010BD10B541EC100B43EC112B01F059
:10A0B00075F8002801DD002010BD012010BD10B58D
:10A0C00041EC100B43EC112B01F0B8F9002801DA38
:10A0D000002010BD012010BD10B541EC100B43EC69
:10A0E000112B01F0ABF9002801DC002010BD01208C
:10A0F00010BD704770B50568D5F8F81031B3D5F8C4
:10A10000582144685668A16B20683268D1620221E8
:10A1100004F0C0F8D5F85801A16B154A40680068F2
:10A12000C0F8041591FAA1F112683068B1FA81F112
:10A13000926990470446D5F8F800011B6879022817
:10A1400006D105F1D00003F063F90BE000240CE028
:10A15000D5F8F400D5F8FC200A44401AC5F8FC20D4
:10A16000C5F8F4000020C5F8F800204670BD00BF17
:10A17000D401001070B51C46154601280DD104F01D
:10A1800093FB1B4A1849194B0028284618BF0B4659
:10A190002146BDE8704001F0CFBE4E680D49304603
:10A1A00001F082FE30B10C49304601F07DFE30B145
:10A1B0000A4A08E0012004F07DFB0A4A03E000207F
:10A1C00004F078FB064A28462146BDE8704001F0BD
:10A1D000B3BE00BF7D25010097250100831C01004F
:10A1E000231501002F140100142501002C25010066
:10A1F0007216010070B5184B2021EFF3118081F326
:10A200001188174C1548DA6C02609C64154C1A666C
:10A210001C64154B04689C4210D14268144B22F414
:10A220007F421A44426081764FF40071C160D0F8D9
:10A230002C1221F04041C0F82C1270BD0B4D0024AF
:10A24000362CEAD00E2C8EBF42F8245053F82460EE
:10A2500042F824600134F3E76002002008ED00E0DA
:10A2600000080000003801200000000021D9000093
:10A270000000FA052DE9F04186B0DFF8688098F813
:10A28000650060BB012088F86500C8F80480C8F844
:10A29000008003F081FB144801AA114690E8F80001
:10A2A0000520F8C108F1100404901049204601F07F
:10A2B0001FFDC8F84C4002F06BFB0D48D0E910239D
:10A2C00047F69160101A73F1000031BF4FF0FF3074
:10A2D000002047F6906104F0B7F8C8F8580006B0BF
:10A2E000BDE8F081C8020020A0220100798E0000A4
:10A2F000C89200200023C0B3B9B3B2B32DE9F04F28
:10A30000D0F804CCD0F8004C644501D100232AE0F9
:10A31000A4EB0C04E046944238BF2246BFF35F8FA3
:10A320009646BEF1000F12D0D0F80C6C0F46AEF17D
:10A33000010E183106EA080608F1010806EB460688
:10A3400000EBC60999E8780C87E8780CE9E702EB9E
:10A350000C01BFF35F8F1346C0F8041CD0F8141C27
:10A360001144C0F8141CBDE8F04F18467047704700
:10A3700010B517480168890726D417480468A00259
:10A3800021D41648006800688047C0F13E000722CB
:10A39000C1100729B8BFC210012000EB24718A4206
:10A3A000D8BF0A460E490968C1F30321891A0F294B
:10A3B000A8BF0F210129D8BF014641F0F00009498B
:10A3C00081F84D00087810BD0249C16010BD00BF82
:10A3D00010000940FD000040B44F0050EC01001097
:10A3E0000C1300500D6208402DE9F041D0E90148FE
:10A3F0000546D8F80000416821F00201416020467E
:10A40000FBF7E8FBD4F8CC0002F01AFC04F13000B2
:10A4100004F086FB94F8F80018B904F16C0004F01D
:10A420007BFBD5E901750D4E95F83800B04795F8DE
:10A430003900B04795F83A00B04797F8FB00B047AD
:10A4400098F80C00FFF710F904F11C0003F0B2FCBF
:10A45000002084F8FD00BDE8F08100BF75C7000052
:10A46000F8B51A4901220446087A0A7254F8485F7E
:10A4700002F060F9A54208BFF8BD15484FF0FF3162
:10A48000FEF79CF92068134EA0421AD00768816835
:10A490000569026843681A60426803685A602A685E
:10A4A0006B681A606A682B685A60096811B1C068E5
:10A4B00000B18847B06829461C224368984738464F
:10A4C000E2E70348BDE8F84000F058BF8C030020E5
:10A4D000D8950020F001002070B51A491A4A0446A8
:10A4E00001F0BAFD0146E061012051B3002184F87A
:10A4F000200061626069B0F1FF3F1ADD60690121EF
:10A50000124A01FA00F0A0616069157A1172116AAD
:10A5100001EBC000E0642020EFF3118680F3118886
:10A52000204603F0ABFE86F31188284602F002F9BC
:10A5300006E00648A16121462C30E06403F066FD88
:10A54000002070BD85DC0000F5C600008C030020F3
:10A55000F8B5054616484BF2F521174E006800FB8A
:10A5600001F714483C0A006800F44020B0F5802F41
:10A5700010D11248006880030CD4F068006880474E
:10A5800002F034F93168C9688847C010390B484374
:10A5900004EBE0342DB90A48006820F07F402044E5
:10A5A00044083069416C2046BDE8F840084700BFC8
:10A5B00008400C40B44F0050E00100108C130050D4
:10A5C00010200940B0B5012003F0ECFD00F01CFCA8
:10A5D00020200321FF2202F0AFFD044680B1144D7C
:10A5E000202042213F22A847202043213F22A84784
:10A5F000202044213F22A84720204521C022A847EF
:10A600000C4D242071212C7002F030FF28B1012064
:10A61000687002F0A7FC687801E0002068700021F3
:10A62000C5F802102978084300F00100B0BD00BF52
:10A6300039D10000B40400200022A8B3A1B32DE951
:10A64000F041D0F800ECD0F8084CD0F804CCAEEBD8
:10A650000C05A54220D2D0F80C4C91E8EC010EF18B
:10A66000010104EA0E0404EB440400EBC40484E892
:10A67000EC01BFF35F8FC0F8001CA1EB0C01D0F818
:10A68000102CD0F81C3C01329942C0F8102C88BF25
:10A69000C0F81C1C012205E0D0F8181C0022013172
:10A6A000C0F8181CBDE8F0411046704700B1704773
:10A6B000B0B51A4C606D58B340F2000CEFF3118046
:10A6C0008CF311882020EFF3118180F31188D4E9F5
:10A6D0001850616DB1FA81F1C1F11F0100EBC101A8
:10A6E000A94215D9086802680A6051600A688A425E
:10A6F00004D1416A626D22EA0101616500F020FC2B
:10A70000616D29B1606EB1FA81F1C1F11F01E5E718
:10A71000002084F85000BDE8B0407047F0010020F0
:10A720002DE9F041DFF8688000264FF0010E4FF070
:10A73000020C98F80040062E17D008EB0607BD78EB
:10A7400015B1013DBD700EE00EFA06F5054205D0CB
:10A75000254208D187F802C02C4302E085F0FF05AE
:10A760002C4088F800400136E5E798F8010088F8A9
:10A77000014001B10C701AB180F0FF01214011704D
:10A780001BB184F0FF01084018700120BDE8F08182
:10A7900094040020F0B540F6FF7C10F8013B002443
:10A7A000082CFAD00646DF0716F8015B0DD1477872
:10A7B00007F00F060336122E0DD190F90220D6B203
:10A7C000B2F1FF3F09DD03300DE001F8015B3046D7
:10A7D00001345B08E4E7023006E0C27806F07F0649
:10A7E000043046EAC21612363F0947EA05126245AE
:10A7F00008BFF0BD2A013A44D543002EE8D04A5D97
:10A80000013E0A700131F8E770B56FF007024A6146
:10A81000D0E90020CC6891E8680002F1D00C006813
:10A820009160C2F8DC40ACE86800D0F804687606B5
:10A8300042BF6FF00800486170BD0126C0F8106883
:10A840004FF4FF76098B06EA410145B1C0F80018C4
:10A85000591CC2F8D0101978C0F8081805E041F06A
:10A860000101012CC0F8001801D1032100E00B21E7
:10A8700004F03DF8002070BD2DE9F0411C4617465C
:10A880008846054603F013FFB8F1010F01DB804550
:10A8900001DD002102E005EB0801013927B1226842
:10A8A000531E23602E23137030224346834205DD5E
:10A8B0002768013B7E1E26603A70F7E74045B8BF27
:10A8C0008046B8F1010F08DBA9420BD3226811F8CA
:10A8D0000109531E23601070F6E72068411E2160B5
:10A8E00030210170BDE8F08130B3B0B50D465C2178
:10A8F000044603F0E6FD2DB1204629461C2204F053
:10A9000027F90DE00D480E490E4A0F4B0F4DA0617F
:10A910000220C4E90253C4E9042120710C482060DC
:10A920004FF080703C21E06104F1200003F0C9FD8C
:10A9300008486064BDE8B040704700BF00001642A0
:10A94000333317420000184233330D4200000C42EB
:10A9500070177C150000C84178B170B50D4640F6FF
:10A960007851044600F54E6603F0ABFD20462DB14C
:10A970002946242204F0ECF802E0704701F03AFE88
:10A98000002504F1240040F68641356003F099FD6E
:10A9900004F6AC40322103F094FD0A481E21706099
:10A9A00004F6E84003F08DFD04F618506021A4F889
:10A9B000145DC4F8085DC4F80C5DC4F8105D03F0C4
:10A9C00080FD70BD000075447CB5044606983629AC
:10A9D00003DB00220092174A0CE01646124A1D467D
:10A9E000124BE181126E52F821209A4207D00022C8
:10A9F00000920F4A0B4603F033FB01207CBD084652
:10AA000001F0EEFC287A29696A68A0602173C4E924
:10AA10000026297D012904BF0230A0602046FFF7EF
:10AA2000E5FA00207CBD00BF6002002021D90000B3
:10AA300083F70000A1F9000010B596B0184C202053
:10AA4000EFF3118180F31188E06810B902F0B2FED3
:10AA5000FAE7E068216A134A0223B0FA80F0C0F1F5
:10AA60001F00137501EBC002E26151F830000021B4
:10AA70002174A06140F2000CEFF311808CF3118877
:10AA80002020EFF3118180F3118803F0D3FCA1693A
:10AA900068461C301C3102F093FF16B010BD00BF99
:10AAA0008C030020600200200CB44FF07F4343F47D
:10AAB00060034FEA4102D21A1BD24FEA105040EA1B
:10AAC000013010F5807024BF400801F580114FEA75
:10AAD0005020002948BF40F000404FEA4101490D95
:10AAE000B1F560710CD4FF290DD240EAC1500CBC05
:10AAF0007047DB431A40024305D0D8430CBC704773
:10AB000000200CBC704701F00041FF204FEAC0500C
:10AB100008430CBC704770472DE9F041184F0446BC
:10AB20000D46B869C66B2068B04214D004F10C0819
:10AB300000214046FDF742FE28B9BDB140462946F6
:10AB4000FDF73CFEC0B10121C4E90061387A3972D9
:10AB500001F0F0FD07E0A06802280AD00128E5D145
:10AB60006068013060600020BDE8F0811020BDE821
:10AB7000F0812D20BDE8F0819120BDE8F08100BF7B
:10AB80008C030020B0B5174C6068216801EA00050D
:10AB900021EA0002680622601DD51348006800F40F
:10ABA0004000B0F5000F03D11048006802F0F0F843
:10ABB000042003F0DDFD811E022905D201F0ECFF27
:10ABC000022002F0FFF803E0012808BF01F0E4FFD3
:10ABD000202002F0A5FB280648BF01F063F8A5601D
:10ABE000B0BD00BF90220840B44F0050BC0400200C
:10ABF00086B01248124CA0471248A0470120FBF72C
:10AC00000FFB1249104A002818BF11460846A047FA
:10AC10000F4C104E104F6D46204603F033FD0028B8
:10AC2000FAD12846FDF7FEFB0028F5D0304629462C
:10AC3000FFF702FD384603F0C3FEEDE7F70201001F
:10AC400039DA00008004010044050100FC11010014
:10AC5000F4950020C8670020109600202DE9F041EF
:10AC6000174DD5F8006CD5F8044C341B402C18D285
:10AC700006F03F07DDF818C007EB470801274FEA49
:10AC8000081E05F80E7005EB0817C7E90101A7F8C3
:10AC900010C0FB81BA81701CBFF35F8FC5F8000C38
:10ACA00008E0D5F8080C0130C5F8080C0548C16863
:10ACB0000131C1600020402C38BF0120BDE8F08187
:10ACC000E87300202C9600202DE9F0414FF0200879
:10ACD000EFF3118188F311880122144F11490D7A85
:10ACE0000A72114991F8506081F850200021104AF1
:10ACF0003C7D3975396D1268D2B251F822108860E6
:10AD000040F2000CEFF311808CF31188D1E90001BF
:10AD10008847EFF3118088F311883C7546EA0520D7
:10AD2000BDE8F0818C030020F001002060020020CB
:10AD300004ED00E0F0B5846A631E13EA010518BF54
:10AD4000651B1342294408BF1446A94201D20020C2
:10AD5000F0BDA4F1010C00F1200213461268002A94
:10AD6000F5D01CEA020618BFA61B57687518AF423B
:10AD7000F3D37C1BB01846B1AF4256600ED01368B7
:10AD8000435001444C601160F0BDAF4201D11168E5
:10AD900003E01268425001444C601960F0BDFEE7C8
:10ADA00070B50468616F59B3D4F858214568566886
:10ADB000E96B28683268D162012103F06BFAD4F89C
:10ADC0005801E96B0F4A40680068C0F8041591FA11
:10ADD000A1F112683068B1FA81F192699047616F10
:10ADE000091AE07C20B104F14C0001F0F1FE05E00D
:10ADF000206FA26F401A20675018A067002060677C
:10AE000070BD00BFD401001070B588B0164E01248B
:10AE10003078012801D1706818BB05AD284603F0D1
:10AE2000EBFA2846012103F033FD2846012103F007
:10AE30008BFE0E48294602F0AFF8284603F082FE4A
:10AE400001AD284603F076FC002029468DF80C4021
:10AE5000FCF720F80446706000281EBF0124012082
:10AE60003070204608B070BD7C040020949400200F
:10AE7000B0B504460020164D206051EC100B21F0B7
:10AE80000042AA421ED852EA00031BD00023B3EBB3
:10AE9000125F0BD151EC100B9FED0B0B53EC102BF1
:10AEA00003F044FE21F000426FF0350303EB125231
:10AEB000A2F2FE32226005F500121140054A11434C
:10AEC00041EC100BB0BD00BF00000000000050437B
:10AED000FFFFEF7F0000E03F1248417901BBB0B5B2
:10AEE0008AB0012510492422457101AC204603F0A7
:10AEF0002FFE4FF400708DF824500E4D0E4922465F
:10AF0000002306900948059000200490084801900D
:10AF1000284602F069FD094845630AB0BDE8B04023
:10AF2000704700BFF0010020201E0100608A002051
:10AF3000A91F010084930020F5EA00008C03002083
:10AF40002DE9F047164C002100F12C03154D4FF070
:10AF5000010A80F8281084F850100ECBD4E9168925
:10AF6000276E2E7DC4E91703A26585F814A001633E
:10AF700040F2000CEFF311818CF31188D0E9053217
:10AF8000C169104698472020EFF3118180F31188A2
:10AF90002E7584F850A0C4E916892766BDE8F087AD
:10AFA000F001002060020020B0B5134D0124E86BD1
:10AFB00001680120884701281BD028683C21012214
:10AFC00000230024C5680D48A84790B101F0C8FDD2
:10AFD0000B480C490068D1E900238860C01A0A4B6D
:10AFE000A2EB92025843B2EB104F98BF020C01241F
:10AFF0000A602046B0BD00BFA401001000A00C40B4
:10B00000302009403804002040420F00B0B51448F9
:10B01000144D807B95F83911084306D003F084FB6A
:10B0200095F83B1121B103F038FD00242046B0BD56
:10B03000012485F83B4103F030FD022002F010F9B5
:10B040000D20FEF709FA084801680029EED10749EA
:10B0500040220A604A60002185F83A11C461E4E7A1
:10B06000502201000000002004800C4038500C40A9
:10B070002DE9FF41144DD5E900673879FEF7ECF969
:10B0800003F052FB04463078B0B90DF10408404695
:10B0900003F034FAB87979790C4A43460195029065
:10B0A000301D01F085FB38684FF0FF31C16208495F
:10B0B0008160012131704160204603F0EEFC0248BE
:10B0C00004B0BDE8F08100BF04250100ADE9000037
:10B0D000001800207CB5164EB078C00718BF00F0ED
:10B0E000E5FB307801281BD1B068A0B100210DF13B
:10B0F00007046D468DF807100091214601222B466A
:10B1000002F0F5FD38B9009828B19DF80700FDF769
:10B1100013F9B068F1E7F06810B10138F06000D0C1
:10B120007CBD044802F056FA00F09AFE7CBD00BFD8
:10B13000F4030020610E010088B01148114CA047B3
:10B140001148A0470220FDF7C7FA11490F4A00280D
:10B1500018BF11460846A0470E4D0F4E6C4642F2EE
:10B16000107002F0D1FA2046F9F7C8FF0028F6D097
:10B170002846214600F072F8304603F021FCEEE745
:10B18000FE03010039DA0000750F0100B50201006D
:10B1900000130100F47F002010960020F0B550EC61
:10B1A000101B154D20F000444A4275EB040206D3F3
:10B1B00052EC113B22F000465F42B54101D2012022
:10B1C000F0BD43EA010534432C4304BF0020F0BD29
:10B1D00012EA000406D4CC1A70EB020406DA4FF02F
:10B1E000FF30F0BD5C1A72EB0004F8DB59405040B0
:10B1F000084318BF0120F0BD0000F07F10B588B0F3
:10B2000004460220FCF70CFC20B300200B218DF833
:10B210001E408DF81F008DF81C00ADF81A00059037
:10B22000CDE903000DF11A008DF81D1002900DF10B
:10B230001D00019003200090684602F0BFFF044605
:10B24000022001F02DFB9DF81C00002C08BF4FF0E0
:10B25000FF3000E0FF20C0B208B010BD70B504465A
:10B2600000201CB311B3D4F80068D4F80808D4F84F
:10B270000458721B82421AD2D4F80C0820223040A3
:10B2800004EB401003F064FC701CBFF35F8FC4F844
:10B290000008401BD4F81018D4F81C280131904243
:10B2A000C4F8101888BFC4F81C08012070BDD4F879
:10B2B00018080130C4F81808002070BDE0B1B0B51E
:10B2C000144C0146D4F8005CD4F8040C281A402829
:10B2D00014D205F03F00002200EB400004EB001008
:10B2E00000F8042B2C2203F033FC681CBFF35F8FA3
:10B2F000C4F8000C0120B0BD00207047D4F8080C41
:10B300000130C4F8080C0448C1680131C160002054
:10B31000B0BD00BFE87300202C9600202DE9F04757
:10B32000054615488A464FF0FF394FF0000804687B
:10B330006768BC421DD026462468307D0128F8D1BC
:10B340006DB1F06850450AD1306918B1306250448F
:10B35000F06001E086F81480D6E906108847307D59
:10B360000128E6D1F068A0EB0A00484538BF8146C5
:10B37000DFE74846BDE8F087C8020020B0B5164AAE
:10B380000121147A11722022EFF3118582F31188C2
:10B39000024652F8143F93420FD0106803681360BE
:10B3A00001745A60C16809B100220A758068294693
:10B3B00001F08EFE85F3118808E0017CC90706BF05
:10B3C000418A01310121418285F311882046BDE87F
:10B3D000B04001F0AFB900BF8C03002070B5144E2F
:10B3E0002021306EEFF3118581F31188716D726E3B
:10B3F000B1FA81F1C1F11F0102EBC101814210D903
:10B400000C480121047A01720B4802F071FD002002
:10B4100086F85000204685F31188BDE8704001F0A1
:10B4200089B9002086F8500085F3118870BD00BFEF
:10B43000F00100208C0300209DB90000F0B550EC15
:10B44000101B144D20F000444A4275EB040214D343
:10B4500052EC113B22F000465F42B5410DD343EA66
:10B46000010534432C4304BF0020F0BD12EA000460
:10B4700006D4CC1A70EB020406DA4FF0FF30F0BDB0
:10B480005C1A72EB0004F8DB59405040084318BFC7
:10B490000120F0BD0000F07F40B3BCB5144D044660
:10B4A0002878F8B100200DF1060200210123ADF843
:10B4B00006008DF80500442000F04AF890B10DF127
:10B4C00005024420012100F047FF58B19DF8051006
:10B4D000BDF8060000F00CFD84ED000A85ED020ABF
:10B4E0000120BCBDA86820600020BCBD00207047C2
:10B4F00070040020B0B5144DA969CC6B2064012004
:10B50000A063616C31B1D1E9002388680969516495
:10B510009847F6E72046FEF7A3FF206B48B10121CC
:10B52000287A29720949CA69CC61226001F002F9BE
:10B5300003E004F11000FFF721FFE0684FF0FF3156
:10B54000BDE8B040FDF7D6BE8C030020F00100201E
:10B55000B0B58AB014460246002024B3ADF82400EA
:10B56000CDE90700CDE9050002208DF827101D4622
:10B57000049009A8ADF81C200390012002900DF161
:10B580002700019001A801F09FFC60B19DF82520E3
:10B590009DF82410002D13461CBF0B461146C9B25E
:10B5A00041EA032121800AB0B0BD000082B01446F8
:10B5B000104A1946204600F0BFFC012809DB02466C
:10B5C0000D48806828B10021019101AB214603F0AC
:10B5D00052F80A48002100910099814203D200BF2D
:10B5E00000990131F7E703F0FDF9054801210160F9
:10B5F000FEE700BF61FF0000F403002000530700D6
:10B600007C0520432DE9F04188B005460F98F8B13C
:10B61000F1B1DDF84080B8F1000F19D0D1E9007622
:10B62000D1E9024E0969DDF838C0CDE90076CDE9EF
:10B63000024E04AC84E80E10074A41462B4600F047
:10B640007BFC002804D4404528BFA8F1010000E09D
:10B65000002008B0BDE8F08195FD000000B5EFF3D3
:10B66000038212F0FF0F0DD06A46A2F1200282F38E
:10B6700009886FF0020E10604FF08071D1610B49A4
:10B68000916170475DF804EB694681F3098880F3A6
:10B6900008884FF00200EFF3148180F31488044807
:10B6A000016821F040410160704700BF84B600008E
:10B6B00034EF00E0F0B585B00B4600216A460A245D
:10B6C00005468DF8131002F1120195FBF4F606EB16
:10B6D0008607A5EB4707002F48BF7F423037093563
:10B6E000122D01F801793546EFD8B0F1FF3FDABFEE
:10B6F0002D2008700131541A184604F1140203F089
:10B7000027FA04F1130005B0F0BD00007CB5D0E9C4
:10B710000056002101243068C0F81018C0F81C48F9
:10B72000684602F0D3FE0C49D5F82021306809683C
:10B73000002A0B68019918BF012298473068074A10
:10B7400000F5026102EA411301F07041194411440D
:10B750000C63C0F804487CBDAC010010E0FFFF01A1
:10B760002DE9F041ADF5027D0C46816805460DF1ED
:10B770000A00B1F1FF3FDCBF0621A960D4F80080C8
:10B7800001AAFAF729FA019FAA6823460646394614
:10B7900001F066FB206839462346804506BF2868CD
:10B7A000C0F3C00201223046FFF766F80DF5027DB6
:10B7B000BDE8F08110B588B002F084FDFCF748FBCD
:10B7C00002AC204602F01EFD2046012103F05AF88B
:10B7D00020464FF4406103F081F90520019001A952
:10B7E000204602F0FFFD074A07A821460023FDF787
:10B7F000A3F9204603F0A4F902F090FF002008B05E
:10B8000010BD00BF410000002022EFF3118182F340
:10B81000118890F82820012A02D181F311887047FD
:10B82000F0B50D4A012492F8503082F85040466B32
:10B83000456A776806604760386080F82840546D34
:10B840002C435465706081F31188BDE8F04003B16A
:10B850007047FFF7C3BD00BFF0010020B0B501F095
:10B86000B7FC0E4C0E4D1420611CA8470A2021463F
:10B87000A84709202146A8470A490820A847B92017
:10B8800000F0B4F8084C1420A0470A20A047092073
:10B89000A04708202146BDE8B040084700640020CA
:10B8A00095EA00000220002075C7000010B50220B4
:10B8B00002F030FC0C480D4A0F210068036802209A
:10B8C00098470B4CA06808B101F09EF900200121B7
:10B8D000A07021706421C4E903100649087006486D
:10B8E000BDE8104001F076BEB401001000600020F9
:10B8F000F4030020E8900020A1160100B0B5044632
:10B90000C8B10D4620464FF4127102F0DAFD35B190
:10B9100004F50E7029460C2203F01AF908E00848D5
:10B92000C4F840020748C4F83C020748C4F838028B
:10B930002046FEF717FB002C18BF01242046B0BD9F
:10B940003200190532006400FA002600002218B304
:10B9500011B3D0F804CCD0F8003C63451CD0F0B54E
:10B96000BFF35F8FD0F80C3C03EA0C0303EB4303F7
:10B9700000EBC30393E8F44081E8F4400CF10101CB
:10B980000122BFF35F8FC0F8041CD0F8141C0131F2
:10B99000C0F8141CBDE8F04010467047B0B5124C1A
:10B9A000D4E91851606DB0FA80F0C0F11F0001EBCE
:10B9B000C001086802680A6051600A688A4204D1BE
:10B9C000416A626D22EA01016165FFF7B9FA606DB3
:10B9D00040B1616EB0FA80F0C0F11F0001EBC00110
:10B9E000A942E6D8B0BD00BFF0010020B0B50446C2
:10B9F0001420002102F07AFD07250A20002102F020
:10BA000075FD681C0FD024FA05F000F00101092033
:10BA100002F06CFD0A20012102F068FD082003F00D
:10BA200045F8013DE9E71420012102F05FFD4FF4E4
:10BA30002F70BDE8B04003F039B87CB5002815463A
:10BA40000C460646009248BF404200210A22642369
:10BA5000F6F7C0FD06F10900122808D804F0DF004F
:10BA6000502804D02868411E2960302101702868C0
:10BA7000411E29602B21002E48BF2D21017028680E
:10BA8000411E296004707CBDB0B588B00446012019
:10BA90000D46FBF7C5FFE0B1002044F040018DF8F2
:10BAA0001F508DF81E000590CDE903000DF11A001E
:10BAB0008DF81D1002900DF11D00019003200090E3
:10BAC000684602F07BFB012000F0EAFE192001F03D
:10BAD0001BFE08B0B0BDB0B588B0044602200D46CC
:10BAE000FBF79EFFE0B10A208DF81F508DF81E4035
:10BAF0008DF81D0000208DF81C00ADF81A0005908F
:10BB0000CDE903000DF11A0002900DF11D00019026
:10BB100003200090684602F051FB022000F0C0FEB6
:10BB200008B0B0BD70B500F12003856A1C46204600
:10BB300024680CB18C42FAD36E1E0C600160164072
:10BB4000A5EB060518BF2A444A603CB15518A5422A
:10BB500004D1D4E900452A44C1E90042984207D003
:10BB600043681C188C4203D109681A444260016082
:10BB700070BD00000D4890F82810C90714D1F8B521
:10BB8000012180F8281002F09BFE00200949019055
:10BB900007480290081A0390074801A900F0DAFE4E
:10BBA00006498860BDE88F40704700BF60020020F2
:10BBB000501A0020505A002068940020F001002004
:10BBC00010B50E480078B0B10D4801F0F1FB0D4CF6
:10BBD000204601F0B9FE0C48046101F001FE40F27C
:10BBE000000CEFF311808CF3118802F086FFBDE8A2
:10BBF0001040FEF721BF02F08BFD00BFF0010020D6
:10BC0000C1C10000EC940020600200200E480F4AE1
:10BC10000F4B0168825800680340D0B20D4A7F285C
:10BC200088BF0020934207D1090F022906D307D00D
:10BC3000032901D1153004E0FF2002E00A2000E0D2
:10BC40000B3040B2704700BF1813005088FDFFFF53
:10BC500000F0FF0F0010B40B7FB5D0E9015420466F
:10BC600001F025FF2068416821F00201416041692F
:10BC700021F00F0141610321016202A802F026FCBC
:10BC8000074995F8F93095F8FA202068D5E9396523
:10BC900009680C680399CDE90065A0477FBD00BF26
:10BCA000C4010010B0B502F03FFD044602F0D6FE1C
:10BCB0000028FBD0032001F085F80B48002180F814
:10BCC0003811204602F0E9FE0848816802200D463E
:10BCD00088470446102001F023FB24B103202946A5
:10BCE000BDE8B0400847B0BD000000205022010070
:10BCF000B0B54161002180F8281092E83A00C0E90F
:10BD0000063401611169C0E90B11691C08BF0525E2
:10BD100005620121A940416207494A6E02EBC50252
:10BD2000426301F148024060006000F108011046E2
:10BD300002F06CF90020B0BDF00100202DE9F041C7
:10BD40004768044602F0F0FC05464FF00008D7F8BB
:10BD5000C8609EB171697068C6F81480C7F8C810D1
:10BD600001F05AFF284602F098FED7F8BC20204682
:10BD70003146904702F0D8FC0546E8E72846BDE882
:10BD8000F04102F08ABEB0B504460020FCB1F1B12A
:10BD9000D4F80458D4F80008A84204BF0020B0BD6D
:10BDA000BFF35F8FD4F80C08284004EB401208461C
:10BDB0001146202202F0CCFE681CBFF35F8FC4F84E
:10BDC0000408D4F814080130C4F814080120B0BDE8
:10BDD0002DE9FC479846AAB115460E4607460024B1
:10BDE0004FF0FF3A0DF1040931192A1B38464B4632
:10BDF000CDF800A0F9F778FB01990C4428B96D1A29
:10BE0000F2D102E000246FF00900B8F1000F18BF72
:10BE1000C8F80040BDE8FC8710B58AB01446024659
:10BE20000020DCB149BAADF82400CDE90700CDE926
:10BE300005000220ADF82610049009A9ADF81C20D9
:10BE4000CDE902010DF12600019001A801F03CF8B6
:10BE500020B1BDF8241009BA090C21800AB010BD28
:10BE600010B50D4CA06808B100F0E0FF0B490220AE
:10BE700002F010FE0A49022002F058F8022002F0F7
:10BE800043FA022002F052F906490020C4E90300F7
:10BE90002070087010BD00BFF40300200240012094
:10BEA00055E80000E890002010B503780A788BB1BF
:10BEB00082B1A2F141041A2CA3F1410438BF42F02F
:10BEC00020021A2C38BF43F0200301310130934285
:10BED000EBD00BE0A2F141001A28A3F1410038BFDA
:10BEE00042F020021A2838BF43F02003981A10BDF0
:10BEF00070B560F313210446084601F0CBFF0546F8
:10BF00000E46200B012101FA00F0002101F012FC85
:10BF10002A46334602F00AFE9FED050B53EC102B28
:10BF200002F004FEFEF7C0FD00EE100A70BD00BF77
:10BF3000000000E0552B433F81B0B0B587B000252D
:10BF40000B930C4605920D4B0495002918BF012157
:10BF5000611ACDE9020108480BA90691009005A8D5
:10BF600002AAF5F799FE0CB102990D7007B0BDE871
:10BF7000B04001B0704700BFF1D2000075E1000091
:10BF8000B0B52021EFF3118481F3118801250B490D
:10BF9000CA6A0D604069B0F5802F98BF4FF48020C9
:10BFA00002EB104048610648232100680268002027
:10BFB00090470448056084F31188B0BD042009400F
:10BFC000840100108002244310B50446D1E9000228
:10BFD00089680828E26198BF0820A062431E1340C8
:10BFE00003D0C31A1A44C91AE261B1FBF0F1484305
:10BFF00004F110016062054802F008F8E069616A26
:10C00000002202602062416010BD00BFA404002035
:10C010002DE9F843DFF838900546984617460E4656
:10C02000484601F02FFB0446284631463A46FEF7C3
:10C0300081FE07464846214602F055FB2FB9054AC6
:10C0400040462B46009602F00BF83846BDE8F883D0
:10C0500014950020F6F6000070B5D0E90A43BE251D
:10C060001CB103F8015B013CFAE7D0E90A34D0E9DE
:10C070000D56C06B043B23F003032344074C43E9F4
:10C08000022143E904056021FF2243E90646A3F1AA
:10C090007804204602F010FA204670BD65E20000E8
:10C0A000B0B5104C00252574E06810B901F082FB92
:10C0B000FAE7E068216AB0FA80F0C0F11F0001EBF6
:10C0C000C000E169884209D9E061A169026801F113
:10C0D0001C0002F11C01A26101F072FC207C00280E
:10C0E000E1D1B0BD8C03002010B5FEF783F801F05C
:10C0F000A1FEFFF73FFD0B480B490C4C016094F883
:10C10000440010B9012084F84400FEF7B3F801F0B0
:10C1100043FC01F07DFCFEF7DFFE00F0A5FF0120EF
:10C12000207010BD44960020C8920020F00100202D
:10C130000CB54FEA41034FEA5353B3F54073FF3B4D
:10C1400044BF00200CBDD3F11F030FD94FEAC12219
:10C1500042F0004222FA03F20B2B3EBF1533D840C7
:10C16000024300294CBF504210460CBD00294FF03D
:10C17000004058BF401E0CBD70B50D46044602F08D
:10C18000D3FAD4E901128A4204D102F086FC4FF0BE
:10C19000FF3070BDE36822680133B3FBF1F606FBA4
:10C1A00011315554E160A168626901319142A16089
:10C1B00088BF0A46626102F070FCA06870BD000092
:10C1C0000C48032290F85010012180F850100A48C2
:10C1D00002750A4A137A1172006948B110B5084C09
:10C1E000204602F001FB2046BDE8104002F002BBF1
:10C1F000704700BFF0010020600200208C03002087
:10C200006FA30000F8B50D480D4D0E4F01260468D0
:10C2100004608CB1B4FA84F0696880F01F0006FAFB
:10C2200000F251F8201094430029F2D057F8202052
:10C230005203EED58847ECE7F8BD00BFE02002408E
:10C24000FC220100001008400F49C3070A68496D2D
:10C2500001D1002106E001F0040102F00103C91838
:10C2600018BF0121830744BF02F0020341EA5301D2
:10C27000400744BF02F0040041EA90010220002977
:10C2800018BF0120704700BF402108400F49C30775
:10C290000A68496D01D1012106E001F0040102F0B4
:10C2A0000103C91818BF0121830744BF02F002032C
:10C2B00001EA5301400744BF02F0040001EA900183
:10C2C0000220002918BF0120704700BF402108400C
:10C2D000B0B588B0044601200125FBF7A1FBB8B139
:10C2E00000208DF81F408DF81E000690CDE9040057
:10C2F0000DF11E0003900DF11F00CDE9015001A8C2
:10C3000001F05CFF012000F0CBFA192001F0FCF9EC
:10C3100008B0B0BD0F4A10F8011B53185B78DB065C
:10C32000F9D42D2918BF2B2901D1027801E0013859
:10C330000A46431C0020303A092A06D800EB800048
:10C3400002EB400013F8012BF5E72D2908BF40420E
:10C35000704700BF30F5000010B58AB014460246A1
:10C360000020CCB18DF82710CDE907008DF826000C
:10C37000CDE9050001200DF12601ADF81C20049047
:10C38000CDE902010DF12700019001A800F09CFD0C
:10C3900010B19DF8261021700AB010BDF8B50D4EF1
:10C3A00004460D4F306E50F82100B84201D00020F5
:10C3B000F8BD0A480D4624300090204601F03EFCAE
:10C3C0000028F4D0306E50F82500C01B18BF20465E
:10C3D000F8BD00BF6002002021D90000F00100205C
:10C3E00010280FD310380E4A0123410900F01F0016
:10C3F00002EB810103FA00F0D1F8F020C1F87001DE
:10C40000104070470F281CBF002070470448016887
:10C41000026822F00202026001F00200704700BFD1
:10C4200010E000E010280FD310380E4A0123410914
:10C4300000F01F0002EB810103FA00F0D1F8F020B8
:10C44000C1F8F000104070470F281CBF0020704753
:10C4500004480168026842F00202026001F0020032
:10C46000704700BF10E000E000B170472021EFF3FB
:10C47000118081F311880B494A6D3AB180B580F380
:10C480001188FEF7ABFFBDE8804004E0002281F890
:10C49000502080F3118804490122087A0A7200F0C2
:10C4A00049B900BFF00100208C0300202DE9F041C4
:10C4B00015468846074600205821002200262B46B4
:10C4C00000F0C0FA78B1394642462B46044601F0E6
:10C4D0008BFA08B1264606E00448214658228068B7
:10C4E0004368984700263046BDE8F081F0010020FF
:10C4F00080B58AB08DF825101146002B08BF090AB7
:10C500008DF8271018BF120A8DF826200021CDE9DA
:10C510000711CDE90511CDE903110321ADF81C0088
:10C5200002910DF12501019101A800F0CDFC0AB0A6
:10C5300080BD00000B4801688907FCD50A4801212D
:10C540000A4AD0F83C0101284FF0010008BF202022
:10C55000082390610020106005480360436011606B
:10C56000704700BF58600C400000002000400C40A5
:10C5700038500C4040F00201022918BF70477CB5CA
:10C580000A4D0B4C80B27022042329684E6800903B
:10C5900020460021B0472868002170227023D0F87F
:10C5A0000CC0204602B0BDE870406047A4010010F6
:10C5B00000A00C400C4A1278012A11D1094A1278C5
:10C5C00082420DD9094A0029094B18BF0A4600EBDF
:10C5D000400103EB810053F82110CB681146184746
:10C5E00000207047FB1D0100CF040020CC1E01007D
:10C5F000D823010098B10A490A4AC0E90721C82195
:10C600000A4A01830849C0E904214FF4AF718181CE
:10C6100007498160062101714FF07C51016070472C
:10C620009A99193F9A99193ECDCCCC3D00003442DD
:10C6300000004040012917D010B5B0F90E40002C81
:10C6400048BF64422046FFF7CBFE0848084AC16C49
:10C6500051F82430934218BF41F82420006D002186
:10C6600040F82410BDE81040704700BF6002002071
:10C6700021D90000B0B50C46002100F12005C4E925
:10C680000111416A0A48216000F0FCFF01462D6853
:10C6900045B16868D4E9012302448342626038BF2F
:10C6A000A060F4E70248BDE8B04002F01CB800BF4B
:10C6B0001495002070B52020EFF3118480F31188C9
:10C6C00009480068006B8047084AD2E91556084AB5
:10C6D000D2E9102384F3118801F0B6FE281AB04283
:10C6E00088BF002070BD00BF8C010010C802002070
:10C6F000C892002070B50E480121047A0172856944
:10C700002020EFF3118680F31188284600F05EF9AF
:10C71000032085F82000284600F076F986F311887A
:10C720006D602D602046BDE8704000F003B800BF8A
:10C730008C03002000B1704710B50C4C2020EFF3A3
:10C74000118180F31188207C012805D1084890F8D8
:10C75000500008B9FFF7A4FC0020207240F2000C42
:10C76000EFF311808CF3118810BD00BF8C03002003
:10C77000F0010020FF2817D0B0B5044601F0CAFC34
:10C780000A4D286850F82410204602F083F96868A2
:10C7900050F8241011B1002140F82410A86800219D
:10C7A00040F82410BDE8B040704700BFFC220100F3
:10C7B000BBB12DE9F04786B0DFF82CE0EC466646C9
:10C7C0009EE8B00786E8B007D3E900451B7A8DF8EC
:10C7D0000830634601940495FFF7E0FD06B0BDE81C
:10C7E000F0870023FFF7DABDCC21010070B50D4BB7
:10C7F0001B3800FB00F193E87000DB6801FB00F2DE
:10C8000083FB0223C6FB0123C5FB00231009190982
:10C8100040EA0370001941EBE471000C40EA01406A
:10C8200070BD00BF480400207CB50C4D0C4C0021AD
:10C830004FF4C07207232868466802200090204603
:10C84000B047286800214FF4C0720723D0F80CC00D
:10C85000204602B0BDE87040604700BFA401001050
:10C8600000A00C4080B58AB08DF82510090A8DF81B
:10C870002720120A8DF8241000218DF82620CDE9FA
:10C880000711CDE90511CDE903110421029109A990
:10C89000ADF81C00019101A800F016FB0AB080BDA4
:10C8A00080B502280AD001280CD10B20012101F00B
:10C8B0001DFE084880780B2801D103E00F200121DC
:10C8C00001F014FE0F2000F01FFF0348BDE8804078
:10C8D00000F07CBB84040020C0940020BCB5054659
:10C8E00000200C460DF10602ADF80600ADF804007C
:10C8F0003A202946FFF790FA68B1681C01AA81B274
:10C900003A20FFF789FA30B1BDF80400BDF80610EF
:10C9100041EA00402060BCBDB0B5044678B10A4889
:10C920000A4D0021C0F8001CC0F8041C6C60C0F85F
:10C93000081C0748142101F0C4FD01202870002CB8
:10C9400018BF01242046B0BDE87300208C040020ED
:10C950002C96002010B504460848002908BF01465F
:10C960002046FFF731FB06480649074A074BC4E952
:10C9700002102046C4E9003210BD00BF142401009B
:10C9800075C600004DEB000081D3000011C000000F
:10C9900010B588B001AC0A491C22204602F0D8F834
:10C9A0000020094A002123468DF810000A20039038
:10C9B00002208DF804000348FAF7FEFD08B010BD10
:10C9C00038200100C8920020D9E80000B0B50D4918
:10C9D000CA68036844682360436804686360C46C81
:10C9E00083692568A54204BF9A43CA608A69824266
:10C9F00004BF0022CA6101220A74022180F82010BB
:10CA0000B0BD00BF8C03002090F84800012818BF7B
:10CA1000704710B52020EFF3118480F31188074888
:10CA200041690139416105D1054884F31188016AE2
:10CA30000020884784F3118810BD00BF8C030020BC
:10CA400060020020F8B50E460B4900281C468D6890
:10CA5000314618BF05462F682846002A08BF08221D
:10CA6000B847074628B9054A20462B46009601F0EC
:10CA7000F7FA3846F8BD00BFF00100200CF80000BE
:10CA800010F1240FD8BF6FF023001B28A8BF1B2074
:10CA900003210F222430A1EB101122EA000022FA18
:10CAA00001F14FF6FF7222FA00F040EA014001491D
:10CAB0000860704718A00C40B0B50A490A4A0B4BF1
:10CAC0000C684D68AC42FCD1844208BFB0BD155C17
:10CAD000145DAC424FF0FF3538BF01252C441C5D7E
:10CAE0000C60EDE700600C400C25010010250100F2
:10CAF00010B50A4C00212068426801209047206848
:10CB000001680120884708B100F02AF8044800684D
:10CB1000E068006880470349C86010BDE00100106C
:10CB2000302009403804002010B50A490A4C08603A
:10CB3000D1F8980040F00300C1F89800206881699E
:10CB400020208847054800682068806BBDE81040B9
:10CB5000004700BF8C210840B80100102C2009407C
:10CB600010B50A480B4C0188C907094907D14FF095
:10CB70000122226000880868BDE81040004708686C
:10CB800080474FF08070206010BD00BF00A00C40B7
:10CB90008000001004A40C407CB50B4D0B4C002110
:10CBA0004FF040521C23286846680320009020461E
:10CBB000B047286800214FF400720923456801201E
:10CBC00000902046A8477CBDA401001000A00C40A6
:10CBD000F8B50C46054601F0A7FD2B1D6E690ECB7E
:10CBE0008F1AA74238BF3C4622442344B24288BF32
:10CBF00016466E61B3FBF1F606FB1131C5E9022161
:10CC000001F04BFF2046F8BD70B50668054601F0FF
:10CC10008BFD0446707A70B901207072284600F0CE
:10CC200097FC686801F0CEFD2846FBF70DFB28460F
:10CC3000002100F029FF2046BDE8704001F02DBF23
:10CC4000F8B5D0E9006501F06FFD0446307870B1A9
:10CC5000287901F093FC012806D128680027476055
:10CC6000301DF8F7B7FF37702879FCF7FDFC204638
:10CC7000BDE8F84001F011BF70B504460B48012132
:10CC80000160D4E91001D4E91623851841EB0306AD
:10CC9000280C40EA064100F00BF8D4E91623D4E949
:10CCA000060150346CC4BDE87040084704200940B8
:10CCB00010B50C4601F096FE0A498A69A31A06329D
:10CCC000B3F1004F07D89442134688BF2346121B86
:10CCD00048BF23461A460A6000B110BDBDE81040A7
:10CCE00001F084BE1820094070B50948094C8442FF
:10CCF0000BD0094D094EB54207D0F5E8020110F8F6
:10CD0000012B54F822209047F5E701F011FF70BD88
:10CD100008270100FC260100482701009027010098
:10CD200004B54200120E0DD0FF2A0ED002F560723B
:10CD3000C10F42EAC122014648074902090B41EAF4
:10CD4000025104BD0021002004BD01464002C90D6E
:10CD5000C900C91D090504BDB2B110B586B09368FC
:10CD6000062B03D35C1C01D000200BE000240493AD
:10CD70000194D2E90034D268CDE90234059201AAC7
:10CD800001F064FA06B010BD002201F05FBA0000A5
:10CD900008490A4B421808499A42096808D801F420
:10CDA0004001B1F5000F03D105490968496C0847F6
:10CDB000704700BF5C8F82FFB44F0050B71E050064
:10CDC000F001001070B50B4D04462E1801F0ACFCBC
:10CDD00096F84311013986F84311090605D101215E
:10CDE000AA68A14022EA0101A96001F056FE0020D4
:10CDF00070BD00BF000000202DE9F04106460A4842
:10CE000015460C4600278046BC4209D0D8F80020C1
:10CE1000E95D30689269904708B10137F4E73C4614
:10CE20002046BDE8F08100BFD0010010F8B5D0E980
:10CE30000076054601F078FC0446787A58B1284619
:10CE4000FDF7AEFF304601F026F928460021002606
:10CE500000F086FC7E722046BDE8F84001F01DBE61
:10CE6000F8B51C4615460E46471801F020FC012D6A
:10CE7000B8BFF8BD7119012901DB814201DD302104
:10CE800002E0791911F8011C2268013D531E23604C
:10CE90001170ECE710B50A490122087A0A720949B3
:10CEA000CC6944B12268CA61FFF744FC2046BDE862
:10CEB000104000F063BBBDE81040FFF73BBC00BF73
:10CEC0008C030020F001002070B588B1094E0446A3
:10CED000706868B1084D284601F0D0FD70682146A1
:10CEE00001F0BCFA0446284600F070F8204670BDF8
:10CEF000002070BD7C0400209494002070B50A4C82
:10CF000012200021A047152001210125A047074E2E
:10CF10001E2001213570A0474CF25030757000F092
:10CF2000F3FB012070BD00BFEDE40000BA04002057
:10CF30007FB50546099878B10A9C6CB1089E8DE8CA
:10CF40004E00074A21462B46FEF7F6FF002803D481
:10CF5000A04228BF601E00E0002004B070BD00BFEA
:10CF6000A20901000A484078012818BF704710B58F
:10CF7000084C34200021A04735200021A04736204E
:10CF80000021A047372000212246BDE8104010476D
:10CF9000B40400206DD40000F8B500220A4BC0E9AB
:10CFA00000228262002918BF0B461968CDE90122D0
:10CFB0000392816001210C308DF8041001AA00F069
:10CFC000D7FC002004B080BDE4230100B0B50B49BC
:10CFD00001250C7A0D7289690268C96B8A4208D1F1
:10CFE000416800250139416003D140F80C5BFEF730
:10CFF000C5F92046FFF79EFB2846B0BD8C030020F4
:10D000007FB50546099878B10A9C6CB1089E8DE8F9
:10D010004E00074A21462B46FEF78EFF002803D418
:10D02000A04228BF601E00E0002004B070BD00BF19
:10D03000560A0100B0B50B4A0023156C946CC0E988
:10D0400001452A7841B1BE2A06D1691C631C11F83A
:10D05000014B013BBE2CFAD00360B2F1BE0018BFF9
:10D060000120B0BD600200200B4890F8641089B91F
:10D07000012180F864102021EFF3118281F31188DF
:10D080004FF0FF31C162016C826C21F00701114445
:10D090000839C163704700BF60020020B0B5044684
:10D0A0008260816100201D462075D3E90101206165
:10D0B0000648E161214600F0A9FF2878012818BF41
:10D0C000B0BD2046BDE8B04001F012B9C802002052
:10D0D00070B50B4AD368C56C84696E6823430560DC
:10D0E000466030606860D360012380F8203013749C
:10D0F000202081F31188EFF3118180F3118870BD36
:10D100008C0300200A48083880F308880948016821
:10D1100041F47001016000BF00BF01F00BFD08B1D8
:10D12000FFF7E2FD01F036F9002001F0ABFC00BF93
:10D130000040012088ED00E080B58AB08DF826100F
:10D1400000218DF82720CDE90711CDE90511CDE9A2
:10D1500003110221ADF81C0002910DF1260101918D
:10D1600001A8FFF7B1FE0AB080BD10B52021EFF392
:10D17000118481F31188017C02290CD10268816835
:10D1800043681A60002202744268006842600846E0
:10D190002146FFF79DFF84F3118810BDB0B5054609
:10D1A00040690C4605F128030ECBC4E90002286C47
:10D1B00020612846C4E9021300F076FD2075EA6973
:10D1C000D5E90A10A26101F029FAE061B0BD0000C2
:10D1D00080B50A49142001F05DFC1420002101F003
:10D1E00085F9012001F062FC1420012101F07EF993
:10D1F0004FF40C70BDE8804001F058BC0164002081
:10D20000BFB5044653B100200190D3E9015003900B
:10D21000187802958DF8040001AB00E0034B20461E
:10D22000FFF73CFF204604B0B0BD00BF2024010042
:10D23000FF2808BF7047B0B50D46044601F074FAE8
:10D240000649C5F3024311F8242002F0F8021A44FB
:10D2500001F82420BDE8B04001F01FBC02100840D6
:10D26000B0B50446012000FA04F501F05DFA074963
:10D270008A682A438A60214491F84321013281F867
:10D28000432101F00AFC0020B0BD00BF00000020D7
:10D2900007480068C00608D40648074900680840E7
:10D2A0000649884204BF012070470020704700BF34
:10D2B000B04F00505013005000C4FF3F00C0071C87
:10D2C000B0B50024094D21F00041404275EB01004A
:10D2D00023F000414FF0000038BF0120524275EBAF
:10D2E000010138BF01242043B0BD00BF0000F07F22
:10D2F00070B50D4614460146D5E9012082420BD98E
:10D30000161AB44238BF26462868324601F020FC7F
:10D310002968A868314429602044A860204670BD6F
:10D32000B0B504460948056855B1A868204205D043
:10D33000D5E9033220460021984718B92D68F3E754
:10D340000020B0BD4FF0FF30B0BD00BF0000002096
:10D350009EB0094C012184F83010616B09B969460F
:10D360006163FBF77DFB0320207504480068C0B2B1
:10D370000F2800D2FEE7FEE76002002004ED00E087
:10D380002DE9F041DFF82480064614460D4640465C
:10D3900000F078F90746304629462246FEF7C2FBE0
:10D3A00040463946BDE8F04101F09DB91495002092
:10D3B00010B50A4B2022EFF3118182F311881A6C09
:10D3C000072A04DCDC6B44F82200501C186400209F
:10D3D00081F31188082AB8BF012010BDF001002098
:10D3E00070B50A4D04462020EFF3118180F31188B7
:10D3F000286C461E701C0128B8BF70BDE86B50F841
:10D40000261020468847013EF4E700BFF0010020C7
:10D41000B0B50C46054601F087F9D5E901122B6934
:10D42000A24238BF1446121BAA601A19B2FBF1F3CC
:10D4300003FB1121296101F030FB2046B0BDF8B596
:10D440000C46054601F070F9EA6895E8C200013221
:10D45000B2FBF6F303FB16252944216001F01DFB06
:10D46000701BF11B814238BF0846F8BD80B58AB0F9
:10D470008DF827100021CDE90711CDE90511CDE97F
:10D4800003110121ADF81C0002910DF1270101915A
:10D4900001A8FFF719FD0AB080BDA0B10022C0E9C4
:10D4A0000022C0E9022229B18B78821D937009887D
:10D4B000118004E01E21017240F20231C18001217D
:10D4C0004171002101807047002804BF002170478E
:10D4D0004CBF404200464FF01F014CBF41F4406139
:10D4E00041F48061491E4000FCD34FEA015141EAFA
:10D4F000103100057047000006480122017A0272CF
:10D5000005480160054890F8501080F85020044804
:10D51000016070478C03002040960020F00100203D
:10D5200014880020F8B50C46D0E90016002701F158
:10D530004C053068013C47F100018269D20606D4EF
:10D5400029B10068C1B22846FEF716FEF1E7F8BD22
:10D55000D0E900100A6C5AB191F84410090707D5B8
:10D5600001684FF480624A648A6B42F480628A6385
:10D570000068816B41F040018163704710B504463B
:10D58000103000F06DFB204650F80C1F09B100F080
:10D5900061FC04482146502280684368BDE8104081
:10D5A000184700BFF001002080B5084900224FF461
:10D5B00080738A70C1E9020205480B800A61CA7053
:10D5C0000270FEF74DFC012080BD00BFF403002077
:10D5D000E8900020BCB504460848856865B15CB198
:10D5E000204601F05DF838B1024600202146019046
:10D5F00001AB284601F03FF8BCBD00BFF40300209A
:10D6000010B5094C6275E181002141F26F72A3757A
:10D6100084ED041AA08184ED010AC4ED020A90424F
:10D6200088BF0121217510BD0C040020A0F130013C
:10D63000C9B2092904D80749084410F8300C7047CA
:10D640002D38C0B24C288EBF00200149085C7047BD
:10D6500032FE0000592401000246087870B110B56E
:10D660001046127862B10022845C8B5C14B10132E6
:10D670009C42F9D0421C002BF2D110BD10467047DD
:10D68000002010BDB0B5094D0446A168A8698142CB
:10D6900004BF0120B0BD04F10C004FF0FF31FBF7D7
:10D6A0008DF8A869A0600020B0BD00BF8C030020E9
:10D6B00010B52020EFF3118480F31188054800682D
:10D6C000006B8047044AD2E9102384F3118800F0EC
:10D6D000BBFE10BD8C010010C892002000B1704745
:10D6E00010B5074C207C012805D1064890F8500061
:10D6F00008B9FEF7D5FC00202072BDE81040704745
:10D700008C030020F001002080B50949884206D32F
:10D7100001F0A8F9162101604FF0FF3080BD0930FB
:10D720000A21B0FBF1F00130FCF7FEFA002080BDC9
:10D7300040420F00002804BF0029704704B53F2273
:10D7400012F58062521E490041EAD0714FEA400052
:10D75000F8D3000B40EA0150090B41EA025104BD25
:10D76000B0B5056802200C46FFF72CFB64B1D5F874
:10D77000EC000021B1EB107F06D10420FFF722FB63
:10D780004FF0FF30C5F8EC00B0BD4FF080410A46C5
:10D7900089088242FBD810B500214AB1541802EB27
:10D7A0005103A04234BF4B08001B19469208F4E70E
:10D7B000084610BD81B040F2000CEFF311808CF3ED
:10D7C000118800200090009810B900980130F9E706
:10D7D0002020EFF3118180F3118801B07047000021
:10D7E0000648006940B180B5054800F0FDFF0548D6
:10D7F000BDE8804000F0FEBF704700BF600200201F
:10D8000011DF0000FDE0000070B5D0E9006500F018
:10D810008BFF0446F06830B1284601F0DFF8B068AD
:10D820006FF0090141612046BDE8704001F035B953
:10D83000B0B50D46044600F077FFD5E9001211B1EE
:10D840004A606A6800E06260002A18BF14462160DE
:10D85000BDE8B04001F021B980B5FFF719FD60B116
:10D860000648006881034FEA00414FF0000058BFAE
:10D870000816BDE88040FFF703B980BDB44F0050E3
:10D8800080B506480649006808400649884204D128
:10D89000FEF7BCF91328C8BF80BDFEE7181300507F
:10D8A00000F0FF0F0010B40B80B5B2F5803F06D337
:10D8B00001F0D8F8162101604FF0FF3080BD034B16
:10D8C00011461A4600F054F8002080BD2C240100B7
:10D8D00010B54AF2C571441A054938BF002400FB4F
:10D8E00001F1044838BF481CFCF71EFA204610BD61
:10D8F000A086010021F9FEFF70B50446006C04F11A
:10D9000044052CCDA0FB010602FB0161C6184D4168
:10D91000300C40EA0541FFF7CBF9C4E9146570BD4E
:10D920001EF0040F14BFEFF30980684685462DE909
:10D93000F00F684671467446024A90476846214691
:10D94000FEE700BF0DE6000010B5074A04460C30A4
:10D95000012100F00DF800202146A0600348BDE839
:10D96000104000F053BB00BF2C2401009C04002099
:10D9700010B5418203461430012100249861C3E9A7
:10D98000024111781974586102481946BDE81040E7
:10D9900000F03CBBAC040020084890F86C1001B1CA
:10D9A0007047012180F86C10406E00213029F7D0BB
:10D9B0004218526042500831F8E700BFF0010020E1
:10D9C0002DE9F04F2DED108BC0F800D0D1F800D02C
:10D9D000BDEC108BBDE8F08F00BF00BF00BF00BFE3
:10D9E00000BF00BF00BF00BF10B504460748002AB3
:10D9F00008BF02462046FBF78DFE20B101462046B7
:10DA0000FBF7C2FB0024204610BD00BF201E010012
:10DA1000084890F8381001B17047012180F838109B
:10DA2000006A00213029F7D0421852604250083174
:10DA3000F8E700BF8C03002078B1BCB50446074866
:10DA4000C56945B1204600F039FE024601AB2846C3
:10DA5000214600F010FEBDE8BC407047C80300201E
:10DA600080B501463038092803D80846FFF7DEFDA7
:10DA700080BD37204D29FBD0772903D06D29F7D001
:10DA80005729F2D13E2080BDB0B5056802200C4672
:10DA9000FFF7E6FB54B1D5F8EC000021B1EB107FA5
:10DAA00004D10420BDE8B040FFF7DABBB0BD006888
:10DAB000C168490701D58168FAE70221C0F88010E2
:10DAC000C168C90702D1D0F88C10F9E70021C0F86D
:10DAD000801070470648006948B110B5054C2046D3
:10DAE00000F082FE2046BDE8104000F083BE704783
:10DAF00060020020375A0000B0B50C46054600F021
:10DB000013FE0021216069680029616008BF294671
:10DB10000C606C60BDE8B04000F0BFBF80B5054848
:10DB200001210068426801209047034803490068CA
:10DB3000486080BDE001001030200940380400201A
:10DB40001CB5064980B24FF47F42082309684C682F
:10DB5000009003483021A0471CBD00BFA401001065
:10DB600000A00C401CB5064980B24FF4F802122305
:10DB700009684C68009003480421A0471CBD00BF01
:10DB8000A401001000A00C401CB5064980B24FF45F
:10DB90000032112309684C68009003480421A04713
:10DBA0001CBD00BFA401001000A00C401CB506491C
:10DBB00080B24FF440620A2309684C680090034821
:10DBC0002021A0471CBD00BFA401001000A00C40F4
:10DBD00050B14AB110B5044608300EC02146044881
:10DBE000FFF78AFF002010BD6FF00200704700BFF2
:10DBF0000000002010B507490446172000F04AFF36
:10DC00001720214600F092F9172000F08FFA01202A
:10DC100010BD00BF0240012080B50749013888428D
:10DC200005D80620FFF7CEF80420FFF7CBF8022036
:10DC3000BDE88040FFF7C6B8FEFFFF0F1CB50446E5
:10DC40000498002B0090054808BF03462046FCF7C7
:10DC5000BBFE002818BF002420461CBDCC210100BB
:10DC600000F11401816141612021EFF3118281F300
:10DC7000118801684368196041680068416082F357
:10DC80001188704710B5074C207C012808BFFEF7AB
:10DC900007FA0020207240F2000CEFF311808CF3A1
:10DCA000118810BD8C030020014690F82000012847
:10DCB00005D1054A9269914204BF00207047496925
:10DCC000013108BF042070478C030020F8B50C46D2
:10DCD000054600F029FD95E8C2002D692944216020
:10DCE00000F0DBFE701B874238BF3846F8BDBCB57C
:10DCF000046825790DB9A4792CB14FF0FF34009454
:10DD0000F7F7F2FBBCBD02B0BDE8B040FEF760B86B
:10DD10006BB110B50130D2B20C78944200F8014CCE
:10DD200004D001300131013BF6D1002010BD0020AC
:10DD300070470000102809D31038012200F01F019D
:10DD4000400902FA01F1024A42F82010704700BF70
:10DD500080E200E005484FF4825100680028044842
:10DD600048BF4FF441510160704700BFAC4F0050B5
:10DD700028A10C4005484FF4805100680028044851
:10DD800048BF4FF440510160704700BFAC4F005096
:10DD9000A8A00C4080B505480068FEF765FB044864
:10DDA0000068BDE88040FEF7C5BC00BF14880020B5
:10DDB00040960020B0B5044600F0B6FC0546044885
:10DDC0002146FFF735FD2846BDE8B04000F065BEAE
:10DDD000000000201FB5044600200390CDE901009B
:10DDE00001208DF8040001AA2046FFF7C1FD20465E
:10DDF00004B010BD68B110B54FF44261044600F0A4
:10DE000060FB7F208021C4F8081CC4F80C0CBDE81E
:10DE10001040704768B110B54FF40261044600F03D
:10DE200050FB3F204021C4F80818C4F80C08BDE896
:10DE300010407047F8B501A80021FFF7FBF8039ADE
:10DE40006846BE218242009228BF8FBD1170009AA1
:10DE50000132F7E710B50446006800F00BF80448FB
:10DE6000216858228068436898470020206010BDD0
:10DE7000F00100202021EFF3118281F311888168E5
:10DE8000C3681960C16883685960002182F31188F2
:10DE9000FBF77AB9002804BF0021704701001F2159
:10DEA00011F58061491E4000FCD3090541EA10319B
:10DEB000000570471CB504686479022C02D1F9F79B
:10DEC00023FD1CBD049C049402B0BDE81040F8F78B
:10DED00063BA60B159B1D0F8102C0A60D0F8142C94
:10DEE0004A60D0F8182C8A60D0F81C0CC8607047C3
:10DEF00010B5EFF31484002C1CBF002181F31488AB
:10DF00008047002C1CBF022181F3148810BD000043
:10DF100010B5054C2069FFF7B5FBA16801B9E060B9
:10DF2000481CA06010BD00BF60020020FF2807D081
:10DF3000044A526852F820308B4218BF42F8201031
:10DF4000704700BFFC2201009BED040ADBED050ACF
:10DF5000BBF802009BED061ABDF80C10012201234C
:10DF6000FFF74EBB002201284FF0000004BF40F233
:10DF7000EE204FF47A72022908BF0246104670471D
:10DF800050B1D0F8001CD0F8082CD0F8040C081AB6
:10DF9000101A38BF0020704700207047014600204B
:10DFA00049B1D1F8002CD1F8083CD1F8041C511A21
:10DFB000994228BF0120704750B1D0F80018D0F81E
:10DFC0000828D0F80408081A101A38BF0020704733
:10DFD0000020704710B500210024FAF7EFFB28B9A4
:10DFE00000F040FD0B214FF0FF340160204610BDD2
:10DFF000B0B5054D0024022C08BFB0BD55F8240073
:10E0000080470134F7E700BF1C2501002022EFF311
:10E01000118382F31188086042684A604268116087
:10E02000416083F31188704710B504460448002A04
:10E0300008BF02462046FDF75BFE204610BD00BF2C
:10E04000A02201002021EFF3118281F31188816861
:10E05000C3681960C1688068416082F311887047A5
:10E0600005492431884208BF704718B10099C0E9BA
:10E0700000238160FEE700BFF0010020D0E900101E
:10E0800000220068C0F810280122C0F81C2801F105
:10E09000E40000F047BD0068816B21F4FA61816300
:10E0A0004FF4FA614164016B21F400710163704720
:10E0B00010B52021EFF3118481F311888068214687
:10E0C000FFF706F884F3118810BD0146002041B126
:10E0D0000A78C870012A08BF0220002A08BF012060
:10E0E000087070470446FFF7F5FC034803210175EB
:10E0F000204600F0C7FC00BF600200200448816891
:10E100000139816018BF7047D0E9031000F0EBBA05
:10E1100060020020FF2806D0034911F8202002F0F9
:10E12000FB0201F82020704702100840FF2806D0AB
:10E13000034911F8202042F0040201F82020704722
:10E1400002100840022807D0032804D180B5F9F74F
:10E15000EFFC002080BDFEE7FCF758BF044890F8B4
:10E16000411119B1D0F86C0100B10047704700BFF0
:10E1700000000020D1E901329A4204D20A68531CFF
:10E180000B6010708A6801328A60704710B50446CF
:10E190001520214600F0AAF90148047010BD00BF07
:10E1A000BA04002010B504461E20214600F09EF956
:10E1B0000148447010BD00BFBA04002028B10146D8
:10E1C0000348406808B100F086BC0020704700BFDB
:10E1D0008404002000EE100A9FED031AB8EEC00A76
:10E1E00020EE010A704700BFE1EF443D0449497841
:10E1F000012918BF704700F00F013720FFF736B92B
:10E20000B404002070B504494FF400728A6091E8AC
:10E210007C007CC0002070BD2404002040B1D0F8F8
:10E22000001CD0F8040C081AB0FA80F040097047BE
:10E2300001207047B0B50C46054600F047FB024888
:10E2400044650565B0BD00BFC802002080B5044B21
:10E250002433FFF7E9FE4169002908BF084680BD65
:10E26000F001002000BF00BF00BF00BF049880473E
:10E2700000980199029ADDF80CE0104710B52021B2
:10E28000EFF3118481F311882146FEF721FF84F317
:10E29000118810BDB0B50C46054600F045FAA96CD2
:10E2A000A143A964BDE8B04000F0F7BBB0B50C468F
:10E2B000054600F039FAA96C2143A964BDE8B040D5
:10E2C00000F0EBBB80B5F9F793FAF9F7C1FDFDF764
:10E2D000C5FABDE88040F9F7DCB82020EFF31181E2
:10E2E00080F31188B1FA81F081F3118840097047F9
:10E2F00010B52021EFF3118481F31188FBF7CAFCDC
:10E3000084F3118810BD0000FF2804D0012101FA18
:10E3100000F0014908607047E020024003490968A5
:10E3200021FA00F000F00100704700BFC020024059
:10E33000FF2803D0024A926842F82010704700BFBD
:10E34000FC220100FF2804D0012101FA00F001495C
:10E3500008607047B0200240042805D180B51046FF
:10E36000FDF7D4F9BDE8804000207047D9F8CC1003
:10E37000D8F8140049680968D1F8042502427047AA
:10E38000042805D180B51046F9F7E0FCBDE88040CF
:10E39000002070470349002912BF01C90020002155
:10E3A000FDF708BA54EB000038B131B100F507723F
:10E3B000084611461C2200F0CBBB704728B1F0B5CF
:10E3C000024991E8FC00FCC0F0BD70470C0400203D
:10E3D00003480178B1FA81F149090170007870476A
:10E3E000D00400200968052904DC0129A2BF0160CE
:10E3F000002070471620704710B5034991E81C00B3
:10E400001CC0002010BD00BFE42301000348D0F869
:10E41000001CD0F8040C081A704700BFE8730020F5
:10E4200028B170B5024991E87C007CC070BD70478E
:10E430002C96002010B5034CE06BFDF70FF900207F
:10E44000E06210BD6002002040B584B002AE0096CC
:10E45000FBF7B2F8029A039B04B040BD80B54FF0C1
:10E46000FF32F8F783FFB0FA80F0400980BDB0EECC
:10E47000480AF0EE490AB0EE481AF0EE481A704722
:10E4800080B5C868496B006C8847BDE88040FDF7DF
:10E4900031B828B1D0F8001CD0F8040C081A704725
:10E4A0000020704710B500239A4208BF10BDCC5C15
:10E4B000C4540133F8E700000B4611461A4600F039
:10E4C00019B90A46002100F015B900000249D1E946
:10E4D0000012C0E9001270476002002002498968FA
:10E4E00051F82000704700BFFC220100FF281CBF2C
:10E4F000014A8154704700BF0020024001210022E0
:10E5000001724FF0FF31C0E900217047DBE90801DB
:10E5100001300131CBE908014846504702484FF02D
:10E5200000410160704700BF00A10C400248016833
:10E5300041F003010160704724220840024800684E
:10E54000C0F30720704700BF30A00C4002480068AD
:10E55000C0F38440704700BF04A00C40024800682C
:10E56000C0F38120704700BF20A00C40024840212A
:10E570000160FFF7D3BA00BFA8A00C4002490844CD
:10E5800090F84A01704700BF0000002010B500233A
:10E59000541E80E81E00C0E9043310BD00214FF076
:10E5A000FF32C0E90011C0E9022170470068012173
:10E5B000806900F0080081EAD0007047024900221B
:10E5C0004A70C870704700BF840400200248006988
:10E5D000002818BF01207047F40300201046024AAB
:10E5E0001946FDF7A9BC00BF3CF00000027891423B
:10E5F00003D00AB10130F9E7002070470249012237
:10E600000A60D0E9060108470420094002490122B6
:10E6100081F83020FEF79CFE600200200246481C74
:10E6200012F8011B0138BE29FAD070470021425868
:10E630000431002AFBD1081F8010704780B50A46BC
:10E64000D0F803101046FFF73CFF80BD234603952A
:10E650008DF804500295FEF7D3BD99F8EE0C013009
:10E6600089F8EE0CC0B27047B8EEC00A21EE000A7D
:10E67000BDEEC00A70471CB54FF0FF340094FFF7A1
:10E6800019FC1CBD80B54FF0FF31FAF797F8002058
:10E6900080BD00228B5C83540132002BFAD170477D
:10E6A0000021425C0131002AFBD1481E7047002145
:10E6B000425C0131002AFBD1481E70470021425CB8
:10E6C0000131002AFBD1481E70470021425C013114
:10E6D000002AFBD1481E704780B5FFF747FFBDE811
:10E6E0008040FDF7DFBA01B17047002181600C3036
:10E6F000FCF744BE00239A4208BF7047C15401335F
:10E70000F9E70B46D0F80320C11D184600F020BAE7
:10E7100001480178FDE700BFF00100200148C06911
:10E72000004700BF600200202021EFF3118081F339
:10E73000118870470021C0E90011C0E9021170473B
:10E740004869B0FA80F0420920461847DBF82000FB
:10E750000130CBF820007047282030EE010AB0EEDF
:10E76000C00A704702460B462046314600F0DEB92B
:10E770000149096809680847E00100100149096872
:10E78000C96A0847B80100100148006800680047DE
:10E79000E80100100148006840680047E8010010E7
:10E7A00001488068704700BF000000200149202216
:10E7B00000F0CEB9CC1E01000068016B21F480711D
:10E7C000016370470068016B41F400710163704799
:10E7D0000068016B41F48071016370470149242294
:10E7E00000F0B6B9FC1D010001490860704700BF88
:10E7F000C404002001490860704700BFC80400201D
:10E80000014800F03BB900BF949400200148FEF796
:10E81000DDBB00BF9494002001498870704700BFA1
:10E820008404002001480078704700BFF4030020F2
:10E830000148C088704700BFF4030020014890EDF4
:10E84000050A7047F403002001488088704700BF24
:10E85000F40300200148012181707047F403002077
:10E86000014800F0ADB800BFF495002001480078E1
:10E87000704700BFD004002001490870704700BFF6
:10E88000D004002001298EBF1620016100207047AE
:10E8900002298EBF162001600020704780B5104607
:10E8A000FDF7DAF9002080BD01480078704700BF0D
:10E8B0008C04002001490870704700BF8C040020C0
:10E8C0000148FFF741B800BF1495002001460148F8
:10E8D000FFF712B8C89200200148C06CFCF794BF43
:10E8E000C802002000210170C0E901117047C0F882
:10E8F0000418022000F0DAB8384651461C2200F015
:10E9000027B9B4EE410AF1EE10FA7047B4EE401A9E
:10E91000F1EE10FA704728464FF4006100F0DEB8BF
:10E92000CDF8C4042846FFF75DBDDBE90830DBF80D
:10E9300028107047CDE9000A2846F5F701B9B4EE72
:10E94000400AF1EE10FA7047B4EE4A0AF1EE10FAFE
:10E950007047B4EE410AF1EE10FA7047B4EE454A42
:10E96000F1EE10FA70470130CBF8200028467047CE
:10E970000020294632463B4620472846CDF8C4644D
:10E98000FFF730BD28464FF4C06100F0A7B8002162
:10E990004FF0FF32F9F784BF4068002180F8FD1086
:10E9A000704780B5F9F70AFF013880BD4068012142
:10E9B0000068C164704780B5FFF752F9002080BD40
:10E9C00080B5FCF7DBFC002080BD08B10078704703
:10E9D000002070470068803000F0A0B80068042173
:10E9E000FFF785BFEFF3108072B67047EFF310802A
:10E9F00062B670473A46334600F098B8A1F161021A
:10EA00001A2A704729460023FAF796B828460121AA
:10EA1000FFF738BF00284FF02800704701284FF05B
:10EA20002800704740465146F7F76CBD53EC102B59
:10EA300000F07CB800284FF024007047BDF90600B4
:10EA4000FEF742BD002089F8EE0C704739464FF4BE
:10EA5000007220470130CBF82000704780B5FCF7EA
:10EA6000A3FA80BD00487047C004002040686C30A5
:10EA700000F054B801461220FFF738BD4FF0FF31C7
:10EA8000FCF74AB8FEF7ACFCFCF789F908B18179CC
:10EA9000817070470022FAF787BC80F311887047B5
:10EAA0000220FEF78FB90220FEF7DABB0138FDD154
:10EAB00070472046FFF7F1BF2846FFF7A3BB584633
:10EAC000FFF7EBBF284600F03BB80298FEF7FCBC0E
:10EAD00001680968084702681269104781600020D0
:10EAE00070470021FDF7A6BDC0B2FBF7DFBD000AED
:10EAF000FEF7F4BDFFF77CFAFCE70020FDF7B4BC9D
:10EB0000FDF790BCFDF7F4BFFEF70EB8FFF706B8AF
:10EB1000FEF7F8BA80687047FFF7A2B8FCF72EBC82
:10EB2000FFF790BAFCF770BEF8F70EB9F9F70EBB15
:10EB3000FDF7DABAFAF76AB800207047002070478C
:10EB4000002070470020704759207047012070470F
:04EB5000FFF7A8BC67
:08EB54000000000000000000B9
:10EB60003D3D3D3D3D3D3D3D3D3D3D3D3D3D3D3DD5
:10EB70003D3D3D3D3D3D3D3D3D3D3D3D3D3D3D3DC5
:10EB80003D3D3D3D3D3D3D3D3D3D3D3D3D3D3D3DB5
:10EB90003D3D3D3D3D3D3D3D3D3D3D3D3D3D3D0DD5
:10EBA0000A20536D61727442414E20434332363520
:10EBB0003252312053797374656D20446961676EF8
:10EBC0006F73746963732026204865616C746820D4
:10EBD0005374617475730D0A3D3D3D3D3D3D3D3DB2
:10EBE0003D3D3D3D3D3D3D3D3D3D3D3D3D3D3D3D55
:10EBF0003D3D3D3D3D3D3D3D3D3D3D3D3D3D3D3D45
:10EC00003D3D3D3D3D3D3D3D3D3D3D3D3D3D3D3D34
:10EC10003D3D3D3D3D3D3D0D0A205B4F70657261C0
:10EC200074696E672053746174655D0D0A20205409
:10EC3000656C656D657472792053747265616D20C1
:10EC40004D6F6465203A2025730D0A2020434C49FE
:10EC500020436F6E736F6C6520506F776572202054
:10EC60002020203A2025730D0A20205374726561FC
:10EC70006D696E6720456E61626C6564202020209E
:10EC8000203A2025730D0A20205175657565204FA7
:10EC900063637570616E6379202020202020203A04
:10ECA00020256C75202F202575207265636F726496
:10ECB00073202844726F70733A20256C75290D0AF1
:10ECC0000D0A205B5461736B20537461636B205792
:10ECD000617465726D61726B73202854492D5254B2
:10ECE0004F533720504F534958295D0D0A25730D56
:10ECF0000A205B53756273797374656D2026205307
:10ED0000656E736F72204861726477617265204826
:10ED100065616C74685D0D0A2020414453313239BD
:10ED20003252204543472028535049204D6F646597
:10ED300020312C2032353020487A29203A204F4E7D
:10ED40004C494E45202853616D706C65733A2025FF
:10ED50006C75290D0A20204144584C333632204925
:10ED60004D55202028535049204D6F646520302C8C
:10ED70002031303020487A29203A204F4E4C494EDD
:10ED800045202853616D706C65733A20256C752998
:10ED90000D0A20204D4C5839303633322046495226
:10EDA0002054656D70202849324320307833412942
:10EDB0002020202020203A204F4E4C494E4520282C
:10EDC000416D623A20252E316620432C204F626A25
:10EDD0003A20252E31662043290D0A20204F505419
:10EDE0003430343120414C53202020202020202852
:10EDF0004932432030783434292020202020203A02
:10EE0000204F4E4C494E4520284C75783A20252EEF
:10EE10003166290D0A202056434E4C3430343020C0
:10EE200050726F782F414C5320284932432030785C
:10EE30003630292020202020203A204F4E4C494EA9
:10EE400045202850726F783A2025752C20546F7514
:10EE500063683A202573290D0A20205043414C361F
:10EE60003430384120457870616E646572284932CB
:10EE7000432030783230292020202020203A204F93
:10EE80004E4C494E452028427574746F6E73206451
:10EE900065626F756E636564290D0A2020434834EE
:10EEA00035354820372D5365672F4C4544202028A1
:10EEB00049324320307832342F3078333729203AA2
:10EEC000204F4E4C494E4520284D6F6465204C45DF
:10EED000447320616374697665290D0A0D0A205B0D
:10EEE0004C61746573742042696F6D6574726963F7
:10EEF0002053746174655D0D0A2020486561727449
:10EF00002052617465203A2025752062706D20289A
:10EF100052523A202575206D732C20524D53534484
:10EF20003A202575206D732C2053444E4E3A2025EF
:10EF300075206D73290D0A2020506F7374757265EA
:10EF4000202020203A202573202846616C6C3A202E
:10EF500025732C20536B696E20436F6E746163744C
:10EF60003A202573290D0A2020416C657274204DCA
:10EF700061736B203A203078253034582028466C55
:10EF80006167733A20307825303258290D0A0D0A0E
:10EF9000205B436F6E6669677572656420416E6FB2
:10EFA0006D616C79205468726573686F6C64735D11
:10EFB0000D0A20205461636879636172646961207D
:10EFC0003A2025752062706D0D0A2020427261641E
:10EFD00079636172646961203A2025752062706DE1
:10EFE0000D0A202046616C6C20496D7061637420AD
:10EFF0003A20252E326620670D0A3D3D3D3D3D3DC0
:10F000003D3D3D3D3D3D3D3D3D3D3D3D3D3D3D3D30
:10F010003D3D3D3D3D3D3D3D3D3D3D3D3D3D3D3D20
:10F020003D3D3D3D3D3D3D3D3D3D3D3D3D3D3D3D10
:10F030003D3D3D3D3D3D3D3D3D0D0A003D3D3D3DA0
:10F040003D3D3D3D3D3D3D3D3D3D3D3D3D3D3D3DF0
:10F050003D3D3D3D3D3D3D3D3D3D3D3D3D3D3D3DE0
:10F060003D3D3D3D3D3D3D3D3D3D3D3D3D3D3D3DD0
:10F070003D3D3D3D3D3D3D3D3D3D3D0D0A20536DFA
:10F0800061727442414E2053657269616C20434C39
:10F090004920436F6E736F6C65202D204176616946
:10F0A0006C61626C6520436F6D6D616E64733A0DC7
:10F0B0000A3D3D3D3D3D3D3D3D3D3D3D3D3D3D3DB3
:10F0C0003D3D3D3D3D3D3D3D3D3D3D3D3D3D3D3D70
:10F0D0003D3D3D3D3D3D3D3D3D3D3D3D3D3D3D3D60
:10F0E0003D3D3D3D3D3D3D3D3D3D3D3D3D3D3D3D50
:10F0F0000D0A202048454C50202020202020202090
:10F100002020202020202020202020202020202DF2
:10F1100020446973706C6179207468697320636F2F
:10F120006D6D616E64207265666572656E63650DF6
:10F130000A20204D4F4445205B53454D414E5449D4
:10F14000437C5241577C544F47474C455D202D200E
:10F150005175657279206F722073776974636820C6
:10F1600074656C656D657472792073747265616D18
:10F17000696E67206D6F64650D0A202053544154F9
:10F180005553202020202020202020202020202017
:10F19000202020202020202D20446973706C61796C
:10F1A0002064657461696C65642073797374656D3E
:10F1B00020646961676E6F737469637320262073BE
:10F1C0007461636B730D0A20205448524553484FB5
:10F1D0004C44205B74616368797C62726164797C01
:10F1E00066616C6C5D205B76616C5D202D20436FE9
:10F1F0006E6669677572652064796E616D696320FA
:10F20000616E6F6D616C79207468726573686F6C84
:10F2100064730D0A202053545245414D205B5354D2
:10F220004152547C53544F505D20202020202020F8
:10F23000202D20456E61626C65206F7220706175B3
:10F2400073652073657269616C2074656C656D65AA
:10F25000747279206F75747075740D0A2020524590
:10F260005345542020202020202020202020202012
:10F270002020202020202020202D20506572666F25
:10F28000726D20636C65616E204D4355207265730D
:10F290006574207669612053797343746C53797374
:10F2A00074656D52657365740D0A3D3D3D3D3D3D90
:10F2B0003D3D3D3D3D3D3D3D3D3D3D3D3D3D3D3D7E
:10F2C0003D3D3D3D3D3D3D3D3D3D3D3D3D3D3D3D6E
:10F2D0003D3D3D3D3D3D3D3D3D3D3D3D3D3D3D3D5E
:10F2E0003D3D3D3D3D3D3D3D3D0D0A002D2D2D2D2E
:10F2F0002D2D2D2D2D2D2D2D2D2D2D2D2D2D2D2D3E
:10F300002D2D2D2D2D2D2D2D2D2D2D2D2D2D2D2D2D
:10F310002D2D2D2D2D2D2D2D2D2D2D2D2D2D2D2D1D
:10F320002D2D2D2D2D2D2D2D2D2D2D0D0A20536DF7
:10F3300061727442414E204343323635325231209D
:10F3400053797374656D20446961676E6F73746976
:10F3500063732026204865616C746820537461745F
:10F3600075733A0D0A2D2D2D2D2D2D2D2D2D2D2D75
:10F370002D2D2D2D2D2D2D2D2D2D2D2D2D2D2D2DBD
:10F380002D2D2D2D2D2D2D2D2D2D2D2D2D2D2D2DAD
:10F390002D2D2D2D2D2D2D2D2D2D2D2D2D2D2D2D9D
:10F3A0002D2D2D2D0D0A20204F7065726174696E10
:10F3B00067204D6F6465203A2025730D0A20204395
:10F3C0004C4920506F7765722053746174653A2000
:10F3D000257320285761746368646F673A20256C31
:10F3E000752073290D0A202054656C656D65747253
:10F3F000792051756575653A20256C75202F20257B
:10F4000075207265636F726473202844726F707325
:10F410003A20256C75290D0A202054656C656D65B0
:10F420007472792053746174733A2053656E74203A
:10F4300053656D3A20256C752C205261773A202552
:10F440006C752C2042797465733A20256C752C20DC
:10F450004572723A20256C750D0A20205468726539
:10F4600073686F6C647320202020203A20546163FD
:10F4700068793A2025752062706D2C204272616493
:10F48000793A2025752062706D2C2046616C6C3AAB
:10F4900020252E326620670D0A202053656E736F7B
:10F4A000727320537461747573203A204144533150
:10F4B000323932284F4B29204144584C33363228B8
:10F4C0004F4B29204D4C583930363332284F4B2979
:10F4D000204F505434303431284F4B292056434E5E
:10F4E0004C34303430284F4B290D0A2D2D2D2D2D25
:10F4F0002D2D2D2D2D2D2D2D2D2D2D2D2D2D2D2D3C
:10F500002D2D2D2D2D2D2D2D2D2D2D2D2D2D2D2D2B
:10F510002D2D2D2D2D2D2D2D2D2D2D2D2D2D2D2D1B
:10F520002D2D2D2D2D2D2D2D2D2D0D0A004E4F0065
:10F5300000808080808080808080909090909080FB
:10F5400080808080808080808080808080808080BB
:10F5500080180404040404040404040404040404DB
:10F56000040202020202020202020204040404046F
:10F5700004044343434343434141414141414141E9
:10F58000414141414141414141414141040404045F
:10F590000404232323232323212121212121212189
:10F5A00021212121212121212121212104040404BF
:10F5B00080000000000000000000000000000000CB
:10F5C000000000000000000000000000000000003B
:10F5D000000000000000000000000000000000002B
:10F5E000000000000000000000000000000000001B
:10F5F000000000000000000000000000000000000B
:10F6000000000000000000000000000000000000FA
:10F6100000000000000000000000000000000000EA
:10F6200000000000000000000000000000000000DA
:10F63000005B5448524553484F4C445D204375721B
:10F6400072656E7420416E6F6D616C7920436F6ED0
:10F6500066696775726174696F6E733A0D0A20206E
:10F660005461636879636172646961203A20257529
:10F670002062706D2020285065726D697474656415
:10F680003A2038302E2E3232302062706D290D0A29
:10F6900020204272616479636172646961203A205A
:10F6A00025752062706D2020285065726D69747414
:10F6B00065643A2033302E2E37302062706D290D6C
:10F6C0000A202046616C6C20496D70616374203A99
:10F6D00020252E32662067202020285065726D6913
:10F6E000747465643A20312E35302E2E382E303029
:10F6F0002067290D0A006F7574206F66206D656D97
:10F700006F72793A2068616E646C65203D203078B4
:10F7100025782C2073697A653D25752028433A2F7A
:10F7200074692F73696D706C656C696E6B5F636370
:10F73000313378785F6363323678785F73646B5FF8
:10F74000385F33335F30305F31362F6B65726E65F3
:10F750006C2F746972746F73372F7061636B61679C
:10F7600065735C74692F73797362696F732F686551
:10F770006170732F486561704D656D2E633A313548
:10F7800034290048776920616C726561647920646E
:10F790006566696E65643A20696E7472232025641B
:10F7A0002028433A2F74692F73696D706C656C69FA
:10F7B0006E6B5F6363313378785F6363323678787A
:10F7C0005F73646B5F385F33335F30305F31362F88
:10F7D0006B65726E656C2F746972746F73372F70FE
:10F7E00061636B616765735C74692F7379736269B8
:10F7F0006F732F66616D696C792F61726D2F6D3338
:10F800002F4877692E633A33393729006F75742092
:10F810006F66206D656D6F72793A20686561703D25
:10F82000307825782C2073697A653D25752028432A
:10F830003A2F74692F73696D706C656C696E6B5FBC
:10F840006363313378785F6363323678785F7364EB
:10F850006B5F385F33335F30305F31362F6B6572EB
:10F860006E656C2F746972746F73372F7061636B80
:10F87000616765735C74692F73797362696F732F45
:10F8800072756E74696D652F4D656D6F72792E633B
:10F890003A373829007B2274797065223A22534521
:10F8A0004D222C227473223A256C752C2268722208
:10F8B0003A25752C227272223A25752C22726D73AC
:10F8C0007364223A25752C2273646E6E223A257574
:10F8D0002C22666C616773223A25752C22706F7337
:10F8E00074757265223A222573222C2266616C6C33
:10F8F000223A25642C22636F6E74616374223A2568
:10F90000642C2274656D70223A252E31662C226C8F
:10F910007578223A256C757D0D0A007B227479700A
:10F9200065223A2253454D222C227473223A256CCB
:10F93000752C226872223A25752C227272223A2581
:10F94000752C22726D737364223A25752C227364B0
:10F950006E6E223A25752C22666C616773223A25F9
:10F96000752C22706F7374757265223A222573228A
:10F970002C2266616C6C223A25642C22636F6E74B3
:10F98000616374223A25642C2274656D70223A25D5
:10F990002E31662C226C7578223A256C757D0D0A05
:10F9A00000696E746E756D3A202564206973206F4E
:10F9B0007574206F662072616E67652028433A2F48
:10F9C00074692F73696D706C656C696E6B5F6363CE
:10F9D000313378785F6363323678785F73646B5F56
:10F9E000385F33335F30305F31362F6B65726E6551
:10F9F0006C2F746972746F73372F7061636B6167FA
:10FA000065735C74692F73797362696F732F6661B4
:10FA10006D696C792F61726D2F6D332F4877692E68
:10FA2000633A33383929000000000000000000006C
:10FA3000000000000000F03F000000000000004057
:10FA4000000000000000084000000000000010401E
:10FA500000000000000014400000000000001840FA
:10FA60000000000000001C400000000000002040DA
:10FA700000000000000022400000000000002440C0
:10FA800000000000000026400000000000002840A8
:10FA90000000000000002A400000000000002C4090
:10FAA0000000000000002E4020205461736B204EA7
:10FAB000616D6520202020202020202020507269A8
:10FAC000202020537461636B2020202055736564CF
:10FAD0002020202048656164726F6F6D2020537470
:10FAE000617475730D0A20202D2D2D2D2D2D2D2D9A
:10FAF0002D2D2D2D2D2D2D2D2D2D2D2D2D2D2D2D36
:10FB00002D2D2D2D2D2D2D2D2D2D2D2D2D2D2D2D25
:10FB10002D2D2D2D2D2D2D2D2D2D2D2D2D2D2D2D15
:10FB20002D2D0D0A000D0A008D2501008D250100E7
:10FB3000A4200100DDE50000F2200100F220010018
:10FB4000A4200100DDE50000922501006F200100E6
:10FB50008A1F0100AD8D00005D2501005D250100BB
:10FB6000BC1B0100458F000077240100671E0100C7
:10FB7000E31F0100396900005625010078220100C9
:10FB8000881E010075A1000077250100772501007E
:10FB90008C1D0100ADB500000010004015000000F4
:10FBA000FF0000003C950020200000005C95002034
:10FBB0002000000000000000020000000300000020
:10FBC000FF000000FF000000201800201018002097
:10FBD000040000000200000005000000100000000A
:10FBE0000F000000110000001200000000020000E1
:10FBF0004564676541492054656C656D657472792B
:10FC00003A205665726966696564203E3930252060
:10FC10006461746120726564756374696F6E206FCE
:10FC2000766572207261772073747265616D202829
:10FC300074686573697320746172676574206D659B
:10FC400074290D0A001E8E0000008E0001008E0037
:10FC500002008E0003008F0000018F0000028F0061
:10FC600000038E0001048E0000058E0008048E0043
:10FC7000000489000006500000007F0001003F00E2
:10FC800004003F0002003F0001007F0002008E00E0
:10FC900002048E0001028E0001015B5441534B5F50
:10FCA00054454C454D455452595F55495D20537458
:10FCB000617274656420285072696F72697479206A
:10FCC000312C20537461636B203135333620422C44
:10FCD00020313020487A2055492C20434C49202699
:10FCE0002054656C656D65747279290D0A00456450
:10FCF00067654149204543473A2048504620796985
:10FD0000656C6473207A65726F206F75747075749A
:10FD1000206F6E20636F6E7374616E742044432095
:10FD2000696E7075742028696E66696E69746520E5
:10FD3000444320617474656E756174696F6E290D3A
:10FD40000A00554920416C61726D3A2046616C6C25
:10FD500020696D7061637420636F6E6669726D6592
:10FD60006420696D6D6564696174656C79206F7676
:10FD70006572726964657320646973706C6179205F
:10FD8000776974682055495F414C41524D5F464147
:10FD90004C4C0D0A007B2274797065223A22524144
:10FDA0005742222C227473223A256C752C226563EB
:10FDB00067223A5B256C642C256C642C256C642CC2
:10FDC000256C642C256C645D2C226178223A2564B4
:10FDD0002C226179223A25642C22617A223A256408
:10FDE0007D0D0A00427574746F6E204465626F75F4
:10FDF0006E63653A204C6174636865642070726557
:10FE0000737320747269676765727320696D6D65BD
:10FE100064696174652070726573732065646765D9
:10FE2000202830206D73206C6174656E6379290D14
:10FE30000A00400000000000000000000000000078
:10FE4000000000000000777C395E79713D76061E67
:10FE5000003800545C7300506D783E0000006E0066
:10FE6000000000000800777C585E79713D74061E22
:10FE7000003800545C7300506D781C0000006E4226
:10FE80007574746F6E204465626F756E63653A2099
:10FE9000526566726163746F7279206C6F636B6F09
:10FEA0007574207072657365727665732073746102
:10FEB000746520616E64207375707072657373650C
:10FEC0007320626F756E63650D0A004649523A20D1
:10FED000546172676574206F626A6563742074652B
:10FEE0006D70206D617463686573204D656C657815
:10FEF00069732067726F756E642074727574682000
:10FF00005B32372E31392C2032372E32325D20646D
:10FF10006567430D0A005B5441534B5F53454E5395
:10FF20004F52535F534C4F575D2053746172746549
:10FF30006420285072696F7269747920322C2053C2
:10FF40007461636B203135333620422C20313020F0
:10FF5000487A204D756C74692D52617465290D0ABB
:10FF6000005B53595354454D5D20496E6974696176
:10FF700074696E6720636C65616E204D435520681F
:10FF80006172647761726520726573657420766949
:10FF9000612053797343746C53797374656D526542
:10FFA00073657428292E2E2E0D0A005B4D4F444593
:10FFB0005D20537769746368656420746F205345CE
:10FFC0004D414E54494320283120487A202F20416A
:10FFD0006C657274204275727374732C203E3935CF
:10FFE0002525204461746120526564756374696FCE
:10FFF0006E290D0A004649523A20416D6269656ECC
:020000021000EC
:1000000074206469652074656D70206D6174636827
:100010006573204D656C657869732067726F756EC6
:1000200064207472757468205B32382E33382C204B
:1000300032382E34315D20646567430D0A00526901
:100040006E67427566204543473A20546F74616C71
:100050002070757368656420636F756E74207265B7
:10006000636F7264656420697320313239202831EE
:1000700020696E697469616C202B203132382066EA
:10008000696C6C290D0A000100000000000024408A
:100090000000000000005940000000000088C3403C
:1000A0000000000084D797410080E03779C34143C6
:1000B000176E05B5B5B89346F5F93FE9034F384DCE
:1000C000321D30F94877825A3CBF737FDD4F15757A
:1000D0005B5441534B5F53454E534F52535F534C08
:1000E0004F575D20496E697469616C697A696E6702
:1000F000204D4C583930363332204D656469636188
:100100006C2046495220546865726D6F6D65746548
:10011000722E2E2E0D0A000D0A2D2D2D205B5465FA
:1001200073742047726F757020345D204D343A200F
:1001300053657269616C2054656C656D6574727984
:100140002C20434C4920262056697375616C20553C
:1001500049205465737473202D2D2D0D0A005B54B6
:1001600041534B5F4544474541495D20537461729B
:1001700074656420285072696F7269747920332C19
:1001800020537461636B203230343820422C20437A
:100190006F6E73756D657220506970656C696E6500
:1001A000290D0A005B494E49545D20496E69746906
:1001B000616C697A696E6720536861726564205367
:1001C000504920427573204D616E616765722077DA
:1001D0006974682044796E616D696320494F4320DA
:1001E00052656D61702E2E2E20005B4D4F44455D93
:1001F00020537769746368656420746F2052415797
:100200002053545245414D2028353020487A204310
:100210006F6E74696E756F7573204576616C75616C
:1002200074696F6E2053747265616D290D0A005BED
:100230005441534B5F53454E534F52535F534C4FB2
:10024000575D204D4C583930363332204F6E6C6933
:100250006E652028313420454550524F4D20436F64
:10026000656666732043616C6962726174656429B6
:100270000D0A004564676541492054656C656D65EC
:100280007472793A2053656D616E746963204A53C4
:100290004F4E20746F6B656E20666F726D61747463
:1002A000656420287E38352D3133302062797465BD
:1002B00073290D0A005B5441534B5F494D555D2036
:1002C0004144584C333632204F6E6C696E6520289D
:1002D0002B2F2D38672052616E67652C203130300E
:1002E00020487A204F44522C204D6F6465203020E6
:1002F000535049290D0A005B5441534B5F45434716
:100300005D205374617274656420285072696F7245
:1003100069747920342C20537461636B203230343B
:100320003820422C2032353020487A20445244591B
:100330002053796E63290D0A005B4552524F525D7E
:1003400020556E6B6E6F776E20636F6D6D616E649E
:1003500020272573272E20547970652048454C505E
:1003600020666F7220617661696C61626C652063E2
:100370006F6D6D616E64732E0D0A00456467654193
:100380004920494D553A20334420616E676C652001
:100390006265747765656E206F7274686F676F6EE3
:1003A000616C20766563746F727320657175616C22
:1003B000732039302E30206465670D0A005B494E8A
:1003C00049545D20496E697469616C697A696E6728
:1003D000204C6F636B2D467265652053505343204C
:1003E00052696E67204275666665727320262053D7
:1003F000656D6170686F7265732E2E2E20005B54E0
:1004000041534B5F494D555D20537461727465646F
:1004100020285072696F7269747920332C205374CC
:1004200061636B203135333620422C20313030204F
:10043000487A20506572696F646963290D0A005B10
:10044000494E49545D2053657175656E63696E67E9
:1004500020506F776572205261696C732028312EAD
:10046000385620454E2C2049324320536869667423
:1004700065722C20494D55205357292E2E2E2000D1
:100480005B5441534B5F4543475D20496E69746936
:10049000616C697A696E6720414453313239325256
:1004A00020414645202831303030206D7320504F98
:1004B000522073657175656E6365292E2E2E0D0AA7
:1004C000005B4552524F525D2046616C6C20696D55
:1004D00070616374207468726573686F6C64202542
:1004E0002E3266206F7574206F662072616E6765AC
:1004F000205B312E35302E2E382E30305D20670DAA
:100500000A000B140000004017FF0000000000006C
:100510000400FFFF08000000100000004018002049
:1005200030180020401A0020301A00200A00000075
:10053000090000000C0000000B00000009080AFF81
:100540000A0000005B5441534B5F4543475D204127
:1005500044533132393252204F6E6C696E65202817
:10056000323530205350532C2052444154414320C3
:1005700053747265616D696E672041637469766555
:10058000290D0A0045646765414920494D553A20C7
:10059000334420616E676C65206265747765656EB3
:1005A000206964656E746963616C20766563746F3D
:1005B000727320657175616C7320302E3020646514
:1005C000670D0A005B4552524F525D20496E7661BD
:1005D0006C6964206D6F646520272573272E205376
:1005E000796E7461783A204D4F4445205B53454DF8
:1005F000414E5449437C5241577C544F47474C45E8
:100600005D0D0A0045646765414920467573696F51
:100610006E3A204F6E2D626F647920636F6E66694B
:10062000726D6564202870726F78203E3D203630F0
:10063000303020666F722032206379636C657329D5
:100640000D0A0052696E67427566204543473A209D
:1006500044726F7070656420636F756E746572208C
:10066000747261636B732065786163746C79203197
:100670002064726F707065642073616D706C650DBD
:100680000A00427574746F6E204465626F756E6304
:10069000653A2052656C6561736520656467652005
:1006A0006465746563746564206166746572206C4A
:1006B0006F636B6F7574206578706972790D0A00CD
:1006C0005B4552524F525D20546163687963617299
:1006D000646961207468726573686F6C6420256456
:1006E000206F7574206F662072616E6765205B38BD
:1006F000302E2E3232305D2062706D0D0A0045645E
:100700006765414920467573696F6E3A2033362E0E
:1007100036206465674320636C617373696669653D
:100720006420617320544845524D414C5F434C4115
:1007300053535F4E4F524D414C0D0A00456467655F
:10074000414920467573696F6E3A204F66662D6287
:100750006F647920746865726D616C207374617464
:100760006520636C617373696669656420617320D9
:10077000414D4249454E540D0A0052696E6742751B
:1007800066204543473A2053696E676C6520736164
:100790006D706C6520646571756575652072657432
:1007A00075726E73206D61746368696E6720706125
:1007B000796C6F61640D0A005B424F4F545D2053AA
:1007C0007061776E696E6720352D5461736B2041BF
:1007D0007263686974656374757265202850342C7F
:1007E0002050332C2050332C2050322C20503129D3
:1007F0002E2E2E0D0A004F5054343034313A2045FD
:1008000078706F6E656E7420313320726F6C6C6F10
:1008100076657220626F756E64617279207665729A
:1008200069666965642028322E35314D204C757813
:10083000290D0A0052696E67427566204543473AA2
:100840002042756666657220636F72726563746CB0
:1008500079207265706F7274732066756C6C20619C
:10086000742031323820656C656D656E74730D0AC5
:100870000045646765414920467573696F6E3A208B
:100880004F66662D626F6479207375707072657340
:100890007365732066616C7365206879706F746826
:1008A00065726D696120616C6572740D0A00456442
:1008B000676541492054656C656D657472793A20AD
:1008C000526177204A534F4E2073616D706C6520E2
:1008D000666F726D617474656420287E35302D37C3
:1008E00030206279746573290D0A005B4552524FBE
:1008F000525D20427261647963617264696120743F
:1009000068726573686F6C64202564206F7574204D
:100910006F662072616E6765205B33302E2E373034
:100920005D2062706D0D0A005B5441534B5F53456F
:100930004E534F52535F534C4F575D204552524FC9
:10094000523A204D4C58393036333220696E697432
:1009500069616C697A6174696F6E206661696C6542
:1009600064210D0A005B494E49545D20496E69744B
:1009700069616C697A696E67204F70746963616C34
:100980002053656E736F727320284F505434303487
:100990003120262056434E4C34303430292E2E2E12
:1009A00020007B2274797065223A22524157222C12
:1009B000227473223A256C752C22656367223A25CE
:1009C0006C642C226178223A25642C226179223AC7
:1009D00025642C22617A223A25647D0D0A00205379
:1009E0006D61727442414E204D696C6573746F6E17
:1009F00065204D333A20456467652D414920262006
:100A000053656D616E74696320506970656C696EC1
:100A1000652054657374730D0A0052696E674275E0
:100A200066204543473A20706F705F626174636867
:100A3000283332292070726573657276657320736E
:100A40007472696374204649464F206F7264657200
:100A5000696E670D0A007B2274797065223A225212
:100A60004157222C227473223A256C752C2265631F
:100A700067223A256C642C226178223A25642C2264
:100A80006179223A25642C22617A223A25647D0D0F
:100A90000A000D0A3D3D3D3D3D3D3D3D3D3D3D3D59
:100AA0003D3D3D3D3D3D3D3D3D3D3D3D3D3D3D3D76
:100AB0003D3D3D3D3D3D3D3D3D3D3D3D3D3D3D3D66
:100AC0003D3D3D3D3D3D3D3D3D3D3D0D0A005465B7
:100AD0006C656D657472793A2053656D616E7469E9
:100AE00063204A534F4E20636F6E7461696E7320AA
:100AF000636F727265637420706F737475726520B2
:100B0000737472696E670D0A002020204D696C6550
:100B100073746F6E65204D343A2053657269616C51
:100B2000205465737462656420496E7465726661F1
:100B3000636520262056697375616C205549202015
:100B40000D0A003D3D3D3D3D3D3D3D3D3D3D3D3D75
:100B50003D3D3D3D3D3D3D3D3D3D3D3D3D3D3D3DC5
:100B60003D3D3D3D3D3D3D3D3D3D3D3D3D3D3D3DB5
:100B70003D3D3D3D3D3D3D3D3D3D0D0A005B494E0A
:100B800049545D205265676973746572696E6720A8
:100B90004144533132393220445244592048776914
:100BA0002043616C6C6261636B202844494F2032A2
:100BB00033292E2E2E2000202020536D6172744286
:100BC000414E2054492D52544F53372053656E7374
:100BD0006F72204E6F6465204669726D7761726531
:100BE00020284343323635325231292020200D0A45
:100BF00000232323232323232323232323232323E8
:100C000023232323232323232323232323232323B4
:100C100023232323232323232323232323232323A4
:100C200023232323232323230D0A000D0A53656C5A
:100C3000662D546573742053756D6D6172793A2019
:100C4000256C752052756E2C20256C7520506173B3
:100C50007365642C20256C75204661696C65640D94
:100C60000A0D0A0045646765414920494D553A20FF
:100C700053746174696320706F736974696F6E2057
:100C8000746F74616C2076617269616E6365203C7B
:100C900020302E30303120675E320D0A004F505424
:100CA000343034313A204E6F6D696E616C206C7552
:100CB000782063616C63756C6174696F6E20616329
:100CC00063757261746520283639372E3838204CA8
:100CD0007578290D0A0054656C656D657472793AF2
:100CE000204261746368656420526177204A534FE3
:100CF0004E20636F6E7461696E732076616C6964F7
:100D00002074797065206865616465720D0A005B06
:100D1000494E49545D20496E697469616C697A690C
:100D20006E672053686172656420493243204275C2
:100D300073204D616E616765722028343030206BFE
:100D4000487A292E2E2E200054656C656D657472CC
:100D5000793A204261746368656420526177204A61
:100D6000534F4E206672616D652077697468696EB5
:100D7000207E38302D3132302062797465730D0A4F
:100D80000020536D61727442414E204D696C657351
:100D9000746F6E65204D323A205350534320526990
:100DA0006E672042756666657220262052544F5346
:100DB0002054657374730D0A0054656C656D657419
:100DC00072793A2053696E676C6520526177204AC8
:100DD000534F4E20636F6E7461696E732076616C41
:100DE00069642074797065206865616465720D0AB4
:100DF0000020536D61727442414E204D696C6573E1
:100E0000746F6E65204D313A2048414C2026204DAC
:100E1000617468656D61746963616C2053656C66AB
:100E20002D54657374730D0A004F505434303431AF
:100E30003A204578706F6E656E7420313520667586
:100E40006C6C207363616C65207665726966696598
:100E500064202832302E31304D204C7578290D0A0F
:100E6000000D0A5B434C492054696D656F75743AF7
:100E70002052657475726E696E6720746F205374AA
:100E8000616E64627920536C65657020287E312E16
:100E900030207541295D0D0A005B4552524F525D6D
:100EA0002053796E7461783A205448524553484F24
:100EB0004C44205B74616368797C62726164797C04
:100EC00066616C6C5D203C76616C75653E0D0A0058
:100ED0005B494E49545D20496E697469616C697A59
:100EE000696E6720554920447269766572202850E2
:100EF00043414C3634303841202620434834353580
:100F000048292E2E2E2000434C493A204D4F44456F
:100F10002053454D414E5449432073657473206DF1
:100F20006F646520746F2053545245414D5F4D4F9F
:100F300044455F53454D414E5449430D0A005465A5
:100F40006C656D657472793A2053696E676C6520C3
:100F5000526177204A534F4E206672616D6520774B
:100F6000697468696E207E35302D3735206279745A
:100F700065730D0A005B5441534B5F494D555D202D
:100F8000496E697469616C697A696E672041445879
:100F90004C33363220494D5520282B2F2D386720D1
:100FA00052616E6765292E2E2E0D0A005B54485241
:100FB0004553484F4C445D204272616479636172CD
:100FC000646961207468726573686F6C6420757001
:100FD000646174656420746F2025752062706D0DE6
:100FE0000A00554920466F6E743A20446967697457
:100FF00020273027206D617070656420746F207326
:1010000074616E6461726420414243444546202805
:1010100030783346290D0A005B5448524553484FF7
:101020004C445D2046616C6C20696D706163742076
:101030007468726573686F6C642075706461746540
:101040006420746F20252E326620670D0A005B54E1
:1010500048524553484F4C445D205461636879635E
:101060006172646961207468726573686F6C642072
:101070007570646174656420746F202575206270DA
:101080006D0D0A004543473A202D32302C37393850
:1010900020636F756E747320636F6E766572747300
:1010A00020746F207E2D313030302E302075562048
:1010B000282D31206D56290D0A0054656C656D652B
:1010C0007472793A2053656D616E746963204A5376
:1010D0004F4E20636F6E7461696E732076616C6928
:1010E000642074797065206865616465720D0A001A
:1010F000427574746F6E204465626F756E63653AF5
:10110000204465626F756E636564206D61736B204A
:10111000686F6C64732061637469766520627574AE
:10112000746F6E0D0A0054656C656D657472793A62
:101130002053656D616E746963204A534F4E20667B
:1011400072616D652077697468696E207E38352D0F
:101150003136302062797465730D0A004564676525
:101160004149204543473A20496E697469616C20C2
:10117000737461746520686173204341524449412E
:10118000435F464C41475F4C4541524E494E470DE7
:101190000A004543473A202B32302C373938206338
:1011A0006F756E747320636F6E76657274732074DE
:1011B0006F207E313030302E3020755620282B3174
:1011C000206D56290D0A004F5054343034313A20E6
:1011D0004578706F6E656E7420313420626F756E65
:1011E0006461727920766572696669656420283564
:1011F0002E30324D204C7578290D0A005B54415336
:101200004B5F4543475D204552524F523A2041447F
:1012100053313239325220696E697469616C697A6E
:101220006174696F6E206661696C6564210D0A00E6
:101230005B424F4F545D2054492D52544F53372039
:101240004B65726E656C206973204C6976652E2043
:1012500053797374656D2052756E6E696E672E0DCD
:101260000A0D0A00494D553A2028302C20302C20F8
:1012700031303030206D672920766563746F7220BD
:101280006D61676E697475646520657175616C73F5
:1012900020312E30670D0A0054656C656D657472DF
:1012A000792051756575653A20456E71756575656E
:1012B0002073656D616E746963207265636F72641B
:1012C0002073756363656564730D0A0056434E4C65
:1012D000343034303A20436F756E742035393939E3
:1012E0002062656C6F7720736B696E20636F6E741C
:1012F000616374207468726573686F6C640D0A00B2
:101300005B5441534B5F494D555D204552524F52FE
:101310003A204144584C33363220696E6974696111
:101320006C697A6174696F6E206661696C656421AD
:101330000D0A00554920566965773A205365636F59
:101340006E64206379636C65207377697463686584
:101350007320746F2055495F564945575F53544178
:101360005455530D0A0056434E4C343034303A2015
:10137000436F756E74203132353030207665726976
:1013800066696573206669726D20736B696E206390
:101390006F6E746163740D0A005B55495D204D6F7B
:1013A0006465205377697463686564202D3E20531B
:1013B000454D414E54494320283E3935252052653C
:1013C00064756374696F6E290D0A0052544F533A65
:1013D000206932635F6275735F6D75746578206C28
:1013E0006F636B20616E6420756E6C6F636B20633E
:1013F00079636C652076616C69640D0A0052544F04
:10140000533A207370695F6275735F6D75746578A8
:10141000206C6F636B20616E6420756E6C6F636B04
:10142000206379636C652076616C69640D0A005BEA
:1014300053545245414D5D204175746F6D61746523
:10144000642054656C656D6574727920537472659F
:10145000616D696E6720454E41424C45440D0A005E
:1014600052696E6742756620494D553A2050757332
:10147000682F506F70207072657365727665732087
:1014800073616D706C65207061796C6F61640D0AB9
:10149000004543473A2046756C6C2D7363616C655B
:1014A00020706F73697469766520636F6E766572FC
:1014B000747320746F207E3430332E33206D560DBC
:1014C0000A0045646765414920467573696F6E3A45
:1014D000204F66662D626F6479206465746563745D
:1014E0006564202870726F78203C203535303029B3
:1014F0000D0A00494D553A20333530204C534220D7
:101500006E6F6D696E616C20636F756E7420636FB2
:101510006E766572747320746F2032352E302043DE
:101520000D0A005B53545245414D5D204175746F67
:101530006D617465642054656C656D6574727920A5
:1015400053747265616D696E67205041555345440F
:101550000D0A00554920566965773A20466972732D
:1015600074206379636C652073776974636865734D
:1015700020746F2055495F564945575F54454D507B
:101580000D0A00434C493A204F75742D6F662D6249
:101590006F756E6473207468726573686F6C642015
:1015A0003330302062706D2072656A6563746564E3
:1015B0000D0A005B55495D204D6F646520537769C6
:1015C0007463686564202D3E205241572053545265
:1015D00045414D20284576616C756174696F6E29AF
:1015E0000D0A0052544F533A2073656D5F706F734C
:1015F0007420616E642073656D5F747279776169C0
:1016000074206379636C65207665726966696564C8
:101610000D0A00554920566965773A205468697269
:1016200064206379636C65207772617073206261F6
:10163000636B20746F2055495F564945575F485288
:101640000D0A0054656C656D65747279205175657D
:1016500075653A20456E71756575652072617720F4
:1016600073616D706C652073756363656564730D7C
:101670000A005B53545245414D5D204175746F6DB6
:10168000617465642054656C656D6574727920536E
:10169000747265616D696E672069732025730D0A28
:1016A000000D0A5B536D61727442414E20417761B7
:1016B0006B656E65642066726F6D205374616E6435
:1016C00062795D0D0A536D61727442414E3E200095
:1016D00052696E67427566204543473A20417661FC
:1016E000696C61626C6520636F756E74206973202C
:1016F0003120616674657220707573680D0A00454B
:10170000646765414920494D553A204D65616E2019
:10171000592D6178697320616363656C65726174CA
:10172000696F6E207E393830206D670D0A005B5579
:10173000495D20446961676E6F737469633A20493B
:101740006E6A656374656420546573742046616CC9
:101750006C20416E6F6D616C79210D0A005B424F08
:101760004F545D20416C6C2035205461736B7320A5
:10177000496E697469616C697A6564205375636345
:1017800065737366756C6C792E0D0A005B46415467
:10179000414C5D204661696C656420746F20637202
:1017A00065617465205461736B5F53656E736F720E
:1017B000735F536C6F77210D0A0052696E67427533
:1017C00066204543473A2053696E676C6520736114
:1017D0006D706C6520656E717565756520737563D8
:1017E00063656564730D0A005B464154414C5D209E
:1017F0004661696C656420746F206372656174650D
:10180000205461736B5F54656C656D657472795FAC
:101810005549210D0A0056434E4C343034303A209D
:10182000436F756E7420363030302076657269668D
:1018300069657320736B696E20636F6E7461637486
:101840000D0A00434C493A204D4F44452052415720
:101850002073657473206D6F646520746F2053541A
:101860005245414D5F4D4F44455F5241570D0A006F
:1018700055493A20446967697420273027207365E9
:10188000676D656E747320657175616C2030783397
:10189000462028414243444546290D0A0052696EBC
:1018A00067427566204543473A20393620756E6396
:1018B0006F6E73756D656420656C656D656E7473B0
:1018C0002072656D61696E0D0A002020252D31386A
:1018D00073202532642020202535752042202025C4
:1018E00035752042202020253575204220202020DB
:1018F000204F4B0D0A0052696E67427566204543C2
:10190000473A205075736820746F2066756C6C20A0
:101910006275666665722072656A65637465640DDA
:101920000A0045646765414920494D553A20536591
:1019300064656E746172792064796E616D6963208B
:10194000534D41203C20302E3135670D0A0052693D
:101950006E67427566204543473A20496E6974694F
:10196000616C20617661696C61626C6520636F7582
:101970006E7420697320300D0A00494D553A2031AC
:10198000322D6269742030783038303020736967C6
:101990006E2D657874656E647320746F202D3230FF
:1019A00034380D0A00554920466F6E743A20537939
:1019B0006E74686573697A656420274D27206D61B0
:1019C0007070656420746F20307833370D0A0055CD
:1019D0004920466F6E743A2053796E746865736956
:1019E0007A656420275727206D61707065642074C4
:1019F0006F20307833450D0A0054656C656D657451
:101A000072792051756575653A20436F756E742043
:101A1000696E6372656D656E74656420746F2031E4
:101A20000D0A00434C493A205448524553484F4C04
:101A300044207461636879207570646174657320F3
:101A4000746F203134302062706D0D0A0054656C63
:101A5000656D657472792051756575653A20436FBF
:101A6000756E7420696E6372656D656E7465642051
:101A7000746F20320D0A00434C493A2048454C50BF
:101A800020636F6D6D616E642072657475726E7324
:101A900020636F6D6D616E64206C6973740D0A0054
:101AA00052696E67427566204543473A2042756623
:101AB00066657220697320656D7074792061667443
:101AC000657220706F700D0A0052696E674275660C
:101AD000204543473A20467265652073706163650F
:101AE0002069732030207768656E2066756C6C0DF8
:101AF0000A0052696E67427566204543473A20499D
:101B00006E697469616C20737461746520697320F7
:101B10006E6F742066756C6C0D0A0052696E6742B8
:101B20007566204543473A20496E697469616C20A7
:101B30006672656520737061636520697320313258
:101B4000380D0A00554920466F6E743A204368618B
:101B500072616374657220274527206D617070651E
:101B60006420746F20307837390D0A005B46415489
:101B7000414C5D204661696C656420746F2063721E
:101B800065617465205461736B5F456467654149A5
:101B9000210D0A0052696E6742756620494D553A1B
:101BA00020496E697469616C206672656520737086
:101BB0006163652069732036340D0A0044697370CF
:101BC0006C61792073797374656D20646961676EE7
:101BD0006F7374696373202620737461636B20696B
:101BE0006E666F00494D553A2031322D626974207E
:101BF000307830464646207369676E2D6578746587
:101C00006E647320746F202D310D0A0055492046F3
:101C10006F6E743A20436861726163746572202745
:101C20005327206D617070656420746F20307836A2
:101C3000440D0A00554920466F6E743A204368618E
:101C400072616374657220274127206D6170706531
:101C50006420746F20307837370D0A00456467655B
:101C600041493A206563675F697371727428312C4A
:101C70003030302C30303029203D3D203130303074
:101C80000D0A005B4552524F525D2053796E7461CC
:101C9000783A2053545245414D205B53544152549D
:101CA0007C53544F505D0D0A0052696E6742756651
:101CB000204543473A20496E697469616C2073740A
:101CC00061746520697320656D7074790D0A004533
:101CD00043473A205A65726F20636F756E747320A4
:101CE000636F6E766572747320746F20302E3020AF
:101CF00075560D0A00434C493A2053545245414D04
:101D00002053544F502064697361626C6573207373
:101D1000747265616D696E670D0A00434C493A2023
:101D200053545245414D20535441525420656E61E5
:101D3000626C65732073747265616D696E670D0AFC
:101D400000554920566965773A20496E6974696182
:101D50006C20766965772069732055495F5649453F
:101D6000575F48520D0A005B464154414C5D204686
:101D700061696C656420746F2063726561746520AD
:101D80005461736B5F494D55210D0A00536F6674A2
:101D9000776172652072657365742076696120537E
:101DA000797343746C53797374656D52657365749C
:101DB0000055493A204C65747465722027452720E8
:101DC0007365676D656E747320657175616C203025
:101DD0007837390D0A005B464154414C5D2046611D
:101DE000696C656420746F2063726561746520544A
:101DF00061736B5F454347210D0A0001000000003D
:101E000000000000000000000000000000000000D2
:101E10000100000000C201000300000000000000FB
:101E200000000000000000000000000001000000B1
:101E300000000000000200000000000000000000A0
:101E40000100000054656C656D65747279205175F0
:101E50006575653A20496E697469616C6C792065B5
:101E60006D7074790D0A005448524553484F4C44E4
:101E7000205B74616368797C62726164797C6661FD
:101E80006C6C5D205B765D00456E61626C65206FF9
:101E9000722070617573652074656C656D65747210
:101EA000792073747265616D003E393525252044B3
:101EB00061746120526564756374696F6E2C2031A2
:101EC00020487A2F416C6572740000080000000001
:101ED000FFFFFFFF000000000000000040420F0075
:101EE000080000000000000000000000DB0F493F78
:101EF000DB0F49BFE4CB1640E4CB16C00000000066
:101F000000000080DB0F4940DB0F49C03863ED3E25
:101F1000DA0F493F5E987B3FDA0FC93F6937AC3132
:101F200068212233B40F14336821A233F401000076
:101F300000000000E80300000000803F00000000F7
:101F4000000000000000C841010000004564676512
:101F500041493A206563675F69737172742831344F
:101F60003429203D3D2031320D0A0045646765412A
:101F7000493A206563675F69737172742831303044
:101F800029203D3D2031300D0A00517565727920C0
:101F90006F72207377697463682073747265616D02
:101FA000696E67206D6F64650074692E7379736262
:101FB000696F732E6B6E6C2E5461736B2E49646C5B
:101FC000655461736B00436F6E74696E756F7573E2
:101FD000204576616C756174696F6E20537472650B
:101FE000616D00436F6E66696775726520616E6F23
:101FF0006D616C79207468726573686F6C647300CE
:102000004564676541493A206563675F697371722A
:1020100074283129203D3D20310D0A004564676553
:1020200041493A206563675F69737172742830298A
:10203000203D3D20300D0A0000000000000000009F
:10204000E8030000000000000000000000000000A5
:102050000000000053454D414E54494320283E396D
:1020600035252520526564756374696F6E29004DAE
:102070004F4445205B53454D414E5449437C5241AA
:10208000577C544F47474C455D0053454D414E5496
:10209000494320283E3935252052656475637469AB
:1020A0006F6E2900446973706C617920636F6D6D88
:1020B000616E64207265666572656E636500534586
:1020C0004D414E54494320283E3935252052656400
:1020D000756374696F6E29005B4D4F44455D204305
:1020E000757272656E743A20257320282573290D48
:1020F0000A003F000F270000000000000000000061
:10210000000000000000000000000000E8030000E4
:102110003E510000C2AEFFFF00007A4400007AC4C6
:10212000C0000000E9A300008189000099E90000D7
:10213000055F000079380000BD9D0000038000C0ED
:10214000038000D5038000CC038000DD0380000CF9
:102150000380005D0000000002000000010000009C
:1021600003000000100000002000000000200040DC
:1021700011000000FFFFFFFF0000000006050D0436
:102180000E0000005241572053545245414D202823
:102190004576616C756174696F6E29005354414EC8
:1021A0004442595F41524D454420287E312E302013
:1021B000754129005241572053545245414D202822
:1021C0004576616C756174696F6E290000000000CE
:1021D000000000000100000000000000E00000001E
:1021E000010000005B55495D2056696577205377F3
:1021F000697463686564202D3E20005B4D4F444543
:102200005D20546F67676C656420746F2025730DC3
:102210000A0022706F7374757265223A2253454426
:10222000454E544152592200EB240100D0240100B4
:10223000FC230100B4220100C622010072FFFFFF4F
:1022400076FFFFFF7EFFFFFF83FFFFFF88FFFFFF9B
:10225000000000004192000045E100000101010082
:10226000000000005448524553484F4C44207461CC
:10227000636879203134300053545245414D205B1E
:1022800053544152547C53544F505D00544852456E
:1022900053484F4C442074616368792033303000D8
:1022A0000000000000000000000000000500000029
:1022B000000000005461736B5F53656E736F72733F
:1022C0005F536C6F77005461736B5F54656C656D21
:1022D000657472795F5549003031323334353637A1
:1022E0003839414243444546003031323334353683
:1022F000373839616263646566000100740100204B
:1023000068910020E4910020FFFFFFFF0000000023
:10231000000000000000000000000000414354499C
:1023200056455F53455353494F4E00414354495618
:10233000455F53455353494F4E004D4F444520533D
:10234000454D414E544943005354414E4442595F18
:1023500041524D4544002274797065223A2252411F
:102360005742220053595354454D2053544154551C
:102370005300484947485F44594E414D494300483E
:102380004947485F44594E414D4943002274797092
:1023900065223A2253454D2200484947485F445937
:1023A0004E414D4943002274797065223A225241D0
:1023B00057220053545245414D205354415254002A
:1023C00048250100992301006D2401004F250100DB
:1023D0007F230100BD24010024210100108F002073
:1023E00004050100000000000000000001000000E2
:1023F00054454D5045524154555245005461736BFC
:102400005F4564676541490053545245414D20532F
:10241000544F5000000000000000000000000000C9
:1024200000000000000000000000000000000000AC
:102430000000000000000000484541525420524175
:10244000544500536D61727442414E3E200052412A
:10245000572053545245414D003F065B4F666D7DFA
:10246000077F6F534544454E544152590046414CF5
:102470004C5F52455354005448524553484F4C44C6
:102480000020205B504153535D2000434F4E46498E
:10249000524D454400534544454E54415259004421
:1024A000455445435445442100534544454E544109
:1024B00052590020205B4641494C5D200046414C6A
:1024C0004C5F52455354004F46462D424F445900ED
:1024D0005461736B5F494D55004D4F444520524147
:1024E000570053454D414E544943005461736B5F4F
:1024F00045434700D08D00206C210100608C0020F6
:1025000098FB00009C950020242501000102000397
:1025100002000103454E41424C45440095CE000067
:102520005DE10000000002400929FF0050415553C1
:102530004544004E4F524D414C00444F4E450D0A0C
:1025400000544F47474C45004143544956450041CC
:1025500043544956450053545245414D005354414C
:102560005455530041435449564500425241445941
:102570000054414348590052455345540053544177
:102580005254000006028682000810182048454C6C
:1025900050004D4F44450053544F50000D0A0D0A52
:1025A0000046414C4C0048454C50000001020304D9
:1025B00022000100440001000020406062724100DE
:1025C000524157000820080053454D007441430014
:1025D00052415700414C7200594553002D2D2D009A
:1025E000434C6400486F740046414C00253375002D
:0B25F00041727200A40200200D0A00DE
:1025FC0000E500000FA1020100BF0514BF0239EB7A
:10260C00003F00DD8C00003D007016B5FB02600041
:10261C003420002001042F0020024000330000B0C1
:10262C0000310001F000B601F6033402F203F402AB
:10263C00B40176E004B5053903B601741EFF1E2003
:10264C0002005920003122717C9503F7380170EC9F
:10265C0000310FFF02DC93067C6CDC02FA26790356
:10266C002744C1BB0000E5E5E000F12716FF0C177D
:10267C00050500206310900C3F201E3F261E78019C
:10268C000A328F51CF8C0300200031253F060C9469
:10269C00270020B002300031B800343BF9DD482C63
:1026AC000F196400323FAC4040FE40B3C8410000FB
:1026BC0012424C3B1D6441A0AF430117C02E3F0E8C
:1026CC00B0443F0804B104F14655803F46FF040B6B
:1026DC00A4352234BD9C31B00031A40034AC1800B8
:1026EC003404F84BE26FA300334CB2FFF00000004F
:1026FC0095A7000003E700003DE600000200000083
:10270C001000000002000000100000000200000099
:10271C001000000002000000100000000200000089
:10272C001000000002000000100000000200000079
:10273C00FC3B00000200000000400000FC250100F2
:10274C000000002008270100301A0020102701008B
:10275C003018002018270100401A00202027010003
:10276C0040180020282701001018002030270100F5
:10277C002018002038270100505A00204027010063
:04278C00501A0020BF
:020000025000AC
:107FA80000008001100080FFFDFF5800FFFFBBF3B9
:107FB800FFFFFFFFFFFFFFFFFFFFFFFFFFFFFFFFC9
:107FC800FFFFFFFFFFFFFFFFFFFFFFFFFFFFFFFFB9
:107FD800FFFFFF00FFFFFFFF00FFFFFF00C5C5FF1A
:107FE800000000FF00000000FFFFFFFFFFFFFFFF92
:087FF800FFFFFFFFFFFFFFFF89
:00000001FF
